conversation_id_str,created_at,favorite_count,full_text,id_str,image_url,in_reply_to_screen_name,lang,location,quote_count,reply_count,retweet_count,tweet_url,user_id_str,username,word_count_lang_source,detected_lang,language_filter_reason,is_language_noise,clean_text,identified_spam_words,is_spam,is_reply,text_length,word_count,is_short_noise,engagement_score,low_engagement_flag,content_dup_score,lexical_similarity_score,posting_freq_per_hour,temporal_burst_score,account_age_hours,unique_users_in_window,sna_out_deg,sna_in_deg,sna_betweenness,sna_clustering,cluster_id,is_coordinated,semantic_dup_score,semantic_similarity_score,pca_x,pca_y,annotation_id,manual_label
2040698222512148716,2026-04-05 23:59:59+00:00,0,"@madeltangapung Kiranya bakal didukung kali ya, ngasih rating sembarangan. Taunya ngerempongin komunitas gamer yang fine2 aja selama ini tanpa IGRS",2040942556931101159,,madeltangapung,in,,0,0,0,https://x.com/Excyde_/status/2040942556931101159,1428145974392721411,Excyde_,20,id,keep_id_anchor,False,kiranya bakal didukung kali ya ngasih rating sembarangan taunya ngerempongin komunitas gamer yang fine aja selama ini tanpa igrs,[],0,1,128,19,0,0,1,0.3316,0.008,2,1.0,10.878333333333334,86,2.0,0.0,0.0,0.0,8,1,0.8092543,0.38563088,-0.3808866,-1.41331,1,-1
2040939642082713697,2026-04-05 23:48:24+00:00,0,sumpah GAJEEE BGT APASIH IGRS?????,2040939642082713697,,,in,,0,0,0,https://x.com/melonacake/status/2040939642082713697,1367654750431289344,melonacake,5,id,keep_id_anchor,False,sumpah gajeee banget apasih igrs,[],0,0,32,5,0,0,1,0.6679,0.0017,1,1.0,11.421111111111111,86,0.0,0.0,0.0,0.0,0,0,0.84865034,0.29539093,1.6230278,0.82999015,21,-1
2040645711650509022,2026-04-05 23:43:00+00:00,0,"@rayrestufauzi Rating IGRS di Steam sekarang banyak yang masih data awal/selfdeclare dan itu  belum final, itu mengingatkan kita untuk melindungi pemain muda agar tidak terjerumus hal hal yang tidak baik. Tolong diperbaiki lagi IGRS sistemnya agar lebih stabil.",2040938286655627302,,rayrestufauzi,in,,0,3,0,https://x.com/andybalala19/status/2040938286655627302,1399951844000997378,andybalala19,39,id,keep_id_anchor,False,rating igrs di steam sekarang banyak yang masih data awal self declare dan itu belum final itu mengingatkan kita untuk melindungi pemain muda agar tidak terjerumus hal hal yang tidak baik tolong diperbaiki lagi igrs sistemnya agar lebih stabil,[],0,1,243,39,0,3,0,0.6437,0.0373,4,0.6666666666666666,3.713611111111111,86,5.0,0.0,0.0,0.0,1,1,0.94714737,0.4517325,-1.245884,-0.30552554,28,-1
2040937799072014594,2026-04-05 23:41:04+00:00,2,"Padahal steam jg udah ngasih rating sendiri dan itu udah sangat bagus, tinggal ngikut doang kan enak ga usah repot cape2 kerja 2x tuh si igrs",2040937799072014594,,,in,,0,0,0,https://x.com/p0litrick/status/2040937799072014594,606000080,p0litrick,26,id,keep_id_anchor,False,padahal steam jg sudah ngasih rating sendiri dan itu sudah sangat bagus tinggal ngikut doang kan enak tidak usah repot cape kerja x itu si igrs,[],0,0,143,26,0,2,0,0.24,0.0169,3,1.0,10.738333333333333,86,2.0,0.0,0.0,0.0,1,1,0.80308115,0.41196796,0.26434338,-0.48740923,31,-1
2040757110951322044,2026-04-05 23:38:21+00:00,1,"@kurawa Yakin steam yg ksh rating palsu? Ini ngomong stam stim tp jgn2 ga pernah menggunakan steam. Tolong lah klo mau regulasi suatu hal, mbok ya dimengerti dulu. Lama2 IGRS ga relevan dan cuman buat habis2in anggaran aja.",2040937116113547284,,kurawa,in,,0,0,0,https://x.com/PaulERS89/status/2040937116113547284,1603730063413096449,PaulERS89,38,id,keep_id_anchor,False,yakin steam yang ksh rating palsu ini ngomong stam stim tp jgn tidak pernah menggunakan steam tolong lah kalau mau regulasi suatu hal mbok ya dimengerti dulu lama igrs tidak relevan dan cuman buat habis in anggaran aja,[],0,1,218,38,0,1,1,0.2616,0.0192,1,1.0,11.25361111111111,86,1.0,0.0,0.0,0.0,1,0,0.8034821,0.39871532,-0.069945246,-0.46002558,35,-1
2040936913104970110,2026-04-05 23:37:33+00:00,0,"Terkait dinamika IGRS dan kebijakan rating gim di platform Steam, rilis pers resmi berikut ini dapat menjadi referensi informasi yang valid untuk kita semua. https://t.co/vkZGKkmOiN",2040936913104970110,,,in,,0,0,0,https://x.com/Alfiatunisah/status/2040936913104970110,1753385506531160064,Alfiatunisah,28,id,keep_id_anchor,False,terkait dinamika igrs dan kebijakan rating game di platform steam rilis pers resmi berikut ini dapat menjadi referensi informasi yang valid untuk kita semua,[],0,0,156,24,0,0,1,0.3762,0.0157,1,1.0,11.240277777777777,86,0.0,0.0,0.0,0.0,1,0,0.8984697,0.411539,-1.1718043,-0.19357206,36,-1
2040593488350515441,2026-04-05 23:36:36+00:00,0,@kemkomdigi Gimana sih pak kok IGRS malah ngaco parah,2040936675770257508,,kemkomdigi,in,,0,0,0,https://x.com/FahrezaMahendr/status/2040936675770257508,1702015317122351104,FahrezaMahendr,9,id,keep_id_anchor,False,bagaimana sih pak kok igrs malah ngaco parah,[],0,1,44,8,0,0,1,0.6335,0.0055,1,1.0,11.224444444444444,86,1.0,0.0,0.0,0.0,0,0,0.8830627,0.2827675,1.8709769,0.25928596,39,-1
2040935924423594429,2026-04-05 23:33:37+00:00,0,"""STEAM MELAKUKAN RATING PALSU""???

IGRS lu noh game hentai rating +3",2040935924423594429,,,in,,0,0,0,https://x.com/WitheredShulker/status/2040935924423594429,1244209604218642432,WitheredShulker,11,id,keep_id_anchor,False,steam melakukan rating palsu igrs kamu noh game hentai rating,[],0,0,61,10,0,0,1,0.4754,0.0044,1,1.0,11.174722222222222,86,0.0,0.0,0.0,0.0,1,0,0.9043406,0.43616968,-0.010217685,-0.5880757,43,-1
2040757110951322044,2026-04-05 23:30:22+00:00,4,"@kurawa @Steam @Steam_Support this special advisor of KOMDIGI claimed:
1. that steam created *fake rating* affecting the IGRS system therefore resulting in many games categorized as not fit for distribution
2. that steam violated indonesian regulation
can you confirm?",2040935107297743256,,kurawa,en,,0,0,0,https://x.com/purityringgu/status/2040935107297743256,1053165568818200576,purityringgu,39,en,keep_id_anchor,False,this special advisor of komdigi claimed that steam created fake rating affecting the igrs system therefore resulting in many games categorized as not fit for distribution that steam violated indonesian regulation can you confirm,[],0,1,228,34,0,4,0,0.5988,0.02,1,1.0,11.120555555555555,86,1.0,0.0,0.0,0.0,1,0,0.81963897,0.41196927,-1.3778061,-0.38151267,45,-1
2040934839306833973,2026-04-05 23:29:19+00:00,0,"Sedang ramai soal IGRS dan rating game di Steam? Ini siaran pers resmi dari Kemkomdigi, boleh dibaca biar paham duduk perkaranya :

https://t.co/TKpyJwC560",2040934839306833973,,,in,,0,0,0,https://x.com/anggtakhsturia/status/2040934839306833973,1826219760583106560,anggtakhsturia,25,id,keep_id_anchor,False,sedang ramai soal igrs dan rating game di steam ini siaran pers resmi dari kemkomdigi boleh dibaca biar paham duduk perkaranya,[],0,0,126,21,0,0,1,0.5799,0.015,1,1.0,11.103055555555555,86,0.0,0.0,0.0,0.0,1,0,0.8657713,0.4527899,-0.26366562,0.06933696,47,-1
2040934681055801850,2026-04-05 23:28:41+00:00,0,"Ini ga berita ngibul soal IGRS &amp; rating gim di Steam, bisa jadi acuan buat jangan kemakan berita ga jelas biar info yang beredar lebih lengkapnya https://t.co/uVNcSljg1g",2040934681055801850,,,in,,0,0,0,https://x.com/dude_bukan/status/2040934681055801850,1515416675038154754,dude_bukan,30,id,keep_id_anchor,False,ini tidak berita ngibul soal igrs rating game di steam bisa jadi acuan buat jangan kemakan berita tidak jelas biar info yang beredar lebih lengkapnya,[],0,0,149,25,0,0,1,0.3596,0.019,1,1.0,11.0925,86,0.0,0.0,0.0,0.0,1,0,0.8623805,0.47497293,-0.71490514,-0.4155508,48,-1
2040579524979732744,2026-04-05 23:26:43+00:00,1,"@cloplerr Indonesian Game Rating System, intinya kalau ada game mau masuk indo kudu lolos sensor dan rating dari IGRS ini, tapi ya gitu deh, rate nya ngaco",2040934187541434513,,cloplerr,in,,0,1,0,https://x.com/chaaphrodite/status/2040934187541434513,1782611727399677953,chaaphrodite,27,id,keep_id_anchor,False,indonesian game rating system intinya kalau ada game mau masuk indo kudu lolos sensor dan rating dari igrs ini tapi ya gitu deh rate nya ngaco,[],0,1,142,26,0,2,0,0.3896,0.0132,2,0.6666666666666666,11.059722222222222,86,1.0,1.0,0.0,0.0,1,0,0.8336412,0.3709685,-0.94090986,-0.28624472,50,-1
2040933307626725499,2026-04-05 23:23:13+00:00,0,steam rating PALSU?????? lu bandingin sendiri rating steam sama IGRS pantek lebih akurat mana,2040933307626725499,,,in,,0,0,0,https://x.com/istrinyanaga/status/2040933307626725499,1348706073893425152,istrinyanaga,14,id,keep_id_anchor,False,steam rating palsu kamu bandingin sendiri rating steam sama igrs pantek lebih akurat mana,[],0,0,89,14,0,0,1,0.467,0.0038,1,1.0,11.001388888888888,86,0.0,0.0,0.0,0.0,1,0,0.9043406,0.38674426,0.18981828,-0.5206959,54,-1
2040757110951322044,2026-04-05 23:22:55+00:00,19,"@kurawa enak juga ye jadi buzzer ga berakal tetep digaji. steam bukan barang baru ya tolol, dari dulu rating steam ga ada masalah cuman gara-gara igrs muncul barulah kacau begini coba logika nya dipake sekali-kali",2040933231877587260,,kurawa,in,,0,0,1,https://x.com/marcenalius/status/2040933231877587260,2854258734,marcenalius,37,id,keep_id_anchor,False,enak juga ye jadi buzzer tidak berakal tetep digaji steam bukan barang baru ya tolol dari dulu rating steam tidak ada masalah cuman gara gara igrs muncul barulah kacau begini coba logika nya dipake sekali kali,[],0,1,209,36,0,20,0,0.4775,0.0235,1,1.0,10.99638888888889,86,1.0,0.0,0.0,0.0,1,0,0.8437987,0.38812068,0.73759705,-0.6163844,55,-1
2040933157017698679,2026-04-05 23:22:37+00:00,0,"Untuk yang mengikuti isu IGRS &amp; sistem rating di Steam, penjelasan resminya sudah dirilis di sini. Mungkin bisa jadi referensi awal sebelum diskusi lebih lanjut:
https://t.co/5L3JruWt2h",2040933157017698679,,,in,,0,0,0,https://x.com/Extra7399/status/2040933157017698679,1943906190968467456,Extra7399,29,id,keep_id_anchor,False,untuk yang mengikuti isu igrs sistem rating di steam penjelasan resminya sudah dirilis di sini mungkin bisa jadi referensi awal sebelum diskusi lebih lanjut,[],0,0,156,24,0,0,1,0.604,0.0135,1,1.0,10.991388888888888,86,0.0,0.0,0.0,0.0,1,0,0.9237424,0.39334497,-0.9874892,0.1519341,57,-1
2040933055498764387,2026-04-05 23:22:13+00:00,0,"Ada siaran pers resmi tentang IGRS &amp; rating gim di Steam,
Mari sahabat semua kita baca &amp; cek dulu sebelum kita berpendapat lebih jauh.

https://t.co/JhIz9ebfAt",2040933055498764387,,,in,,0,0,0,https://x.com/SPayanadi/status/2040933055498764387,1944372493642555392,SPayanadi,28,id,keep_id_anchor,False,ada siaran pers resmi tentang igrs rating game di steam mari sahabat semua kita baca cek dulu sebelum kita berpendapat lebih jauh,[],0,0,129,22,0,0,1,0.5693,0.0163,1,1.0,10.984722222222222,86,0.0,0.0,0.0,0.0,1,0,0.9236231,0.48303893,-0.91412,0.0017359179,58,-1
2040932381247652056,2026-04-05 23:19:33+00:00,0,igrs malu2in banget wei 😭,2040932381247652056,,,in,,0,0,0,https://x.com/feliscxtus/status/2040932381247652056,1053847817033138177,feliscxtus,4,af,keep_id_anchor,False,igrs malu in banget wei,[],0,0,23,5,0,0,1,0.7725,0.0059,1,1.0,10.940277777777778,86,0.0,0.0,0.0,0.0,0,0,0.9216746,0.2589751,1.8403356,0.51715404,61,-1
2040932228344295700,2026-04-05 23:18:56+00:00,0,buat yang ngikutin IGRS &amp; rating gim di Steam ada link referensi supaya infonya lebih lengkap https://t.co/AJsvX6cioJ,2040932228344295700,,,in,,0,0,0,https://x.com/erwinhbr9us/status/2040932228344295700,1911257338373414912,erwinhbr9us,20,id,keep_id_anchor,False,buat yang ngikutin igrs rating game di steam ada link referensi supaya infonya lebih lengkap,[],0,0,92,15,0,0,1,0.3866,0.0062,1,1.0,10.93,86,0.0,0.0,0.0,0.0,1,0,0.9195069,0.39548904,-1.4728813,0.20100382,63,-1
2040819277759217682,2026-04-05 23:18:44+00:00,0,@AkbarFahroby igrs ketar ketir,2040932179333820599,,AkbarFahroby,in,,0,0,0,https://x.com/SetiawanGab/status/2040932179333820599,1750871739209592832,SetiawanGab,4,da,keep_id_anchor,False,igrs ketar ketir,[],0,1,16,3,0,0,1,0.0,0.0,1,1.0,10.926666666666666,86,1.0,0.0,0.0,0.0,0,0,0.8688333,0.27479902,1.3110707,0.9294644,64,-1
2040930435023437899,2026-04-05 23:11:49+00:00,2,"Puluhan tahun make steam, baru kali ini dituduh palsu. Ayolah men, kalo bego jangan nanggung. Player lebih percaya rating steam dibanding igrs kali 🤣

Hebat lah orang tolol kek gini jadi stafsus kementerian",2040930435023437899,,,in,,0,2,0,https://x.com/HaYoYo86/status/2040930435023437899,1116738427485999104,HaYoYo86,32,id,keep_id_anchor,False,puluhan tahun make steam baru kali ini dituduh palsu ayolah men kalau bego jangan nanggung player lebih percaya rating steam dibanding igrs kali hebat lah orang tolol kek gini jadi stafsus kementerian,[],0,0,200,32,0,4,0,0.2681,0.0138,1,1.0,10.811388888888889,86,0.0,0.0,0.0,0.0,1,0,0.83311796,0.3751835,0.45435265,-0.789042,77,-1
2040757110951322044,2026-04-05 23:11:26+00:00,68,"@kurawa Malah nyalahin steam. Sebelum lu pada bikin recok. Steam sudah punya rating dan tags mereka sendiri. Lagian IGRS buat apa sih? Kalo bukan buat alat meras?

Rating international kan sudah ada pake itu juga gak masalah. Eh sok asik tapi ngaco.

Dah balik sana gooning game nukitashi https://t.co/KZy0oGxBjN",2040930341108724059,https://pbs.twimg.com/media/HFLXU9Ea0AAJXAC.jpg,kurawa,in,,0,1,20,https://x.com/Official_Yanuar/status/2040930341108724059,154439076,Official_Yanuar,52,id,keep_id_anchor,False,malah nyalahin steam sebelum kamu pada bikin recok steam sudah punya rating dan tags mereka sendiri lagian igrs buat apa sih kalau bukan buat alat meras rating international kan sudah ada pake itu juga tidak masalah eh sok asik tapi ngaco dah balik sana gooning game nukitashi,[],0,1,276,47,0,89,0,0.4928,0.021,1,1.0,10.805,86,1.0,0.0,0.0,0.0,1,0,0.8047563,0.45731732,-0.058963325,-0.51098037,78,-1
2040929840363438503,2026-04-05 23:09:27+00:00,2,"Argumen para buzzer IGRS ""Melindungi pemain"" ini bullshit. Karna Steam sendiri age rating nya udah sangat akurat menurut gue. 

By default game game yang 18+ gak akan muncul kecual pengguna nya gak secara sadar lepasin filter.",2040929840363438503,,,in,,0,1,0,https://x.com/Howie3D/status/2040929840363438503,1849799907730960384,Howie3D,36,id,keep_id_anchor,False,argumen para buzzer igrs melindungi pemain ini bullshit karna steam sendiri age rating nya sudah sangat akurat menurut saya by default game game yang tidak akan muncul kecual pengguna nya tidak secara sadar lepasin filter,[],0,0,221,35,0,3,0,0.255,0.0223,1,0.5,10.771944444444445,86,0.0,0.0,0.0,0.0,1,0,0.8153194,0.42616478,-0.96388894,-1.1465088,83,-1
2040757110951322044,2026-04-05 23:01:51+00:00,8,@kurawa IGRS yg ngaco dan amburadul beserta komdigi yg inkompeten dan dongo lah yg seharusnya dievaluasi dan diperbaiki bukannya sewa buzzer macam anda yg kolot dan bodoh yg malah menyebarkan hoax dan menyalahkan steam 🤦🤦🤦🤦🤦,2040927927077138836,,kurawa,in,,0,0,0,https://x.com/scr3t1y/status/2040927927077138836,1168878743214903301,scr3t1y,34,id,keep_id_anchor,False,igrs yang ngaco dan amburadul beserta komdigi yang inkompeten dan dongo lah yang seharusnya dievaluasi dan diperbaiki bukannya sewa buzzer macam anda yang kolot dan bodoh yang malah menyebarkan hoax dan menyalahkan steam,[],0,1,220,33,0,8,0,0.3891,0.0119,1,1.0,10.645277777777778,86,1.0,0.0,0.0,0.0,1,0,0.8130597,0.39432317,0.4524603,-0.59635997,93,-1
2040927759313285500,2026-04-05 23:01:11+00:00,0,"Guys kalian kalo mau debat soal IGRS ke mana‑mana, sebaiknya baca dulu siaran pers resminya di sini : https://t.co/GpPA5N09Ev",2040927759313285500,,,in,,0,0,0,https://x.com/ilikeAK_47/status/2040927759313285500,1733448474425966592,ilikeAK_47,22,id,keep_id_anchor,False,guys kalian kalau mau debat soal igrs ke mana mana sebaiknya baca dulu siaran pers resminya di sini,[],0,0,99,18,0,0,1,0.9376,0.0158,1,1.0,10.634166666666667,86,0.0,0.0,0.0,0.0,2,1,0.9581189,0.2901494,0.5181893,0.25115848,94,-1
2040927513896194459,2026-04-05 23:00:12+00:00,0,"rating palsu apaan? lebih percaya rating steam lah dari pada igrs, lagian juga bisa-bisanya mau blokir game dengan cara ngasih rating ngasal, aneh",2040927513896194459,,,in,,0,0,0,https://x.com/naufalfauzan/status/2040927513896194459,368750452,naufalfauzan,24,id,keep_id_anchor,False,rating palsu apaan lebih percaya rating steam lah dari pada igrs lagian juga bisa bisanya mau blokir game dengan cara ngasih rating ngasal aneh,[],0,0,143,24,0,0,1,0.5159,0.0088,1,1.0,10.617777777777778,86,0.0,0.0,0.0,0.0,1,0,0.8645649,0.42008618,-0.6127772,-1.3199061,96,-1
2040757110951322044,2026-04-05 22:53:31+00:00,0,@kurawa Dari dulu steam udah punya label klasifikasi rating game juga. Kenapa perlu ada IGRS kalau begitu?,2040925833091784823,,kurawa,in,,0,0,0,https://x.com/TouriHaganashi/status/2040925833091784823,2615684046,TouriHaganashi,17,id,keep_id_anchor,False,dari dulu steam sudah punya label klasifikasi rating game juga mengapa perlu ada igrs kalau begitu,[],0,1,98,16,0,0,1,0.3704,0.0038,1,1.0,10.506388888888889,49,1.0,0.0,0.0,0.0,1,0,0.85421777,0.43148053,-1.8133771,-0.39331698,101,-1
2040925017886888289,2026-04-05 22:50:17+00:00,1,"Yang tolol IGRS yang disalahin steam, logikanya udah kebalik ini komdongo",2040925017886888289,,,in,,0,0,0,https://x.com/FKRSM_/status/2040925017886888289,844486463844564992,FKRSM_,11,id,keep_id_anchor,False,yang tolol igrs yang disalahin steam logikanya sudah kebalik ini komdongo,[],0,0,73,11,0,1,1,0.4762,0.0074,1,1.0,10.4525,49,0.0,0.0,0.0,0.0,0,0,0.8133566,0.33842024,1.6532844,-0.27683783,104,-1
2040922534414295491,2026-04-05 22:40:25+00:00,0,Siaran pers resmi mengenai sistem rating game dan IGRS di Steam. Silakan cek informasinya terlebih dahulu sebelum berpendapat lebih lanjut https://t.co/avHZxWMiga,2040922534414295491,,,in,,0,2,0,https://x.com/yolaisabella/status/2040922534414295491,2010156786146521091,yolaisabella,24,id,keep_id_anchor,False,siaran pers resmi mengenai sistem rating game dan igrs di steam silakan cek informasinya terlebih dahulu sebelum berpendapat lebih lanjut,[],0,0,137,20,0,2,0,0.5668,0.0177,1,1.0,10.288055555555555,49,0.0,0.0,0.0,0.0,1,0,0.9282067,0.41844037,-1.1364472,-0.059827283,111,-1
2040922107765567490,2026-04-05 22:38:43+00:00,0,Referensi resmi soal penerapan IGRS di Steam. Bisa dibaca dulu supaya pandangannya makin jelas dan lengkap https://t.co/bdUys0hJMi,2040922107765567490,,,in,,0,0,0,https://x.com/AndiniPutr79305/status/2040922107765567490,2019936823842414592,AndiniPutr79305,20,id,keep_id_anchor,False,referensi resmi soal penerapan igrs di steam bisa dibaca dulu supaya pandangannya makin jelas dan lengkap,[],0,0,105,16,0,0,1,0.3866,0.0104,1,1.0,10.259722222222223,49,0.0,0.0,0.0,0.0,1,0,0.8311374,0.28823525,-0.9813049,0.6784572,114,-1
2040921986978009169,2026-04-05 22:38:14+00:00,1,"Sistem rating yg ada di steam ini bukan cuma IGRS doang ya! Juga ada sistem lain kyk PEGI atau ESRB tapi ga ada yg salah rating!

Udah akui aja klo yg salah itu emang IGRS https://t.co/fpn441mbhQ",2040921986978009169,https://pbs.twimg.com/media/HFLPuwna8AAnn5C.jpg,,in,,0,0,0,https://x.com/ShoNakanoVtuber/status/2040921986978009169,1307704762050068481,ShoNakanoVtuber,39,id,keep_id_anchor,False,sistem rating yang ada di steam ini bukan cuma igrs doang ya juga ada sistem lain seperti pegi atau esrb tapi tidak ada yang salah rating sudah akui aja kalau yang salah itu emang igrs,[],0,0,184,35,0,1,1,0.4556,0.0295,2,0.6666666666666666,3.651666666666667,49,1.0,0.0,0.0,0.0,1,0,0.8322818,0.43873268,-0.7994066,-0.0639956,115,-1
2040921002411217379,2026-04-05 22:34:20+00:00,0,"Agar pembahasan soal IGRS &amp; rating gim di Steam tetap berdasarkan informasi yang jelas, berikut siaran pers resminya. Bisa dibaca dulu sebagai referensi: https://t.co/paK6ZEowsP",2040921002411217379,,,in,,0,0,0,https://x.com/sunshin53314704/status/2040921002411217379,1321816076515119106,sunshin53314704,27,id,keep_id_anchor,False,agar pembahasan soal igrs rating game di steam tetap berdasarkan informasi yang jelas berikut siaran pers resminya bisa dibaca dulu sebagai referensi,[],0,0,149,22,0,0,1,0.48,0.0154,1,1.0,10.186666666666667,49,0.0,0.0,0.0,0.0,1,0,0.9180511,0.42054412,-1.5499786,-0.05832023,117,-1
2040920805895491812,2026-04-05 22:33:33+00:00,0,"Jangan sampai salah informasi ini link resmisoal IGRS &amp; rating gim di Steam, https://t.co/Tmr6tL02hh",2040920805895491812,,,in,,0,0,0,https://x.com/etisulastr17672/status/2040920805895491812,1890397706763591680,etisulastr17672,17,id,keep_id_anchor,False,jangan sampai salah informasi ini link resmisoal igrs rating game di steam,[],0,0,74,12,0,0,1,0.4181,0.0121,1,1.0,10.17361111111111,49,0.0,0.0,0.0,0.0,1,0,0.8919585,0.42776796,-1.2203505,0.19489129,119,-1
2040920371709526261,2026-04-05 22:31:49+00:00,0,"Terlihat lagi ramai bahas game ""steam"" mengenai IGRS. Sempat cek webstenya, dan agak aneh game kayak beres-beres, seperti a little to the left dan unpacking kok malah diberi 3+? Beneran, kah, itu? Masa rating usianya itu untuk 3+? Ngaco banget.",2040920371709526261,,,in,,0,0,0,https://x.com/adi_wahyu35/status/2040920371709526261,748496282382045185,adi_wahyu35,41,id,keep_id_anchor,False,terlihat lagi ramai bahas game steam mengenai igrs sempat cek webstenya dan agak aneh game seperti beres beres seperti a little to the left dan unpacking kok malah diberi beneran kah itu masa rating usianya itu untuk ngaco banget,[],0,0,229,39,0,0,1,0.2547,0.0124,1,1.0,10.144722222222223,49,0.0,0.0,0.0,0.0,1,0,0.815886,0.46897665,-0.59076893,-0.80232316,121,-1
2040770347692081624,2026-04-05 22:29:32+00:00,1,"@alsjournall Iya, kemarin aku juga mikir gini karena kelihatannya IGRS ga punya sistem rating buat game yg harusnya ga ada rating semacam Rating Pending di sistem lain.

Jadi game yg belum isi bisa dapet 3+ biarpun isinya bermasalah",2040919794199974348,,alsjournall,in,,0,0,0,https://x.com/ShoNakanoVtuber/status/2040919794199974348,1307704762050068481,ShoNakanoVtuber,38,id,keep_id_anchor,False,iya kemarin aku juga mikir gini karena kelihatannya igrs tidak punya sistem rating buat game yang harusnya tidak ada rating semacam rating pending di sistem lain jadi game yang belum isi bisa dapet biarpun isinya bermasalah,[],0,1,223,36,0,1,1,0.3408,0.0256,2,0.6666666666666666,3.651666666666667,49,1.0,0.0,0.0,0.0,1,0,0.8183727,0.42263216,-1.1396314,-0.2876544,125,-1
2040918773444890964,2026-04-05 22:25:28+00:00,0,"‘Informasi ini betul resmi masalah IGRS &amp; rating gim di Steam, bisa jadi referensi biar info yang beredar lebih lengkap dan valid serta akurat kebenarannya  maka silahkan dicek di [link]’https://t.co/lpaabY1u8P",2040918773444890964,,,in,,0,0,0,https://x.com/Bambang65635601/status/2040918773444890964,1642534328155635713,Bambang65635601,34,id,keep_id_anchor,False,informasi ini betul resmi masalah igrs rating game di steam bisa jadi referensi biar info yang beredar lebih lengkap dan valid serta akurat kebenarannya maka silahkan dicek di link,[],0,0,180,29,0,0,1,0.5986,0.0113,1,1.0,10.03888888888889,49,0.0,0.0,0.0,0.0,1,0,0.8942218,0.43844733,-1.4505141,-0.058996882,128,-1
2040918356145078558,2026-04-05 22:24:04+00:00,1,"Jadi, antara pihak game ga jujur atau rating IGRS belum mengakomodasi kerumitan rating ini. Jadi jangan langsung nyalahin Steam kali.",2040918420473155946,,AHROOMEE,in,,0,0,0,https://x.com/AHROOMEE/status/2040918420473155946,26507363,AHROOMEE,20,id,keep_id_anchor,False,jadi antara pihak game tidak jujur atau rating igrs belum mengakomodasi kerumitan rating ini jadi jangan langsung nyalahin steam kali,[],0,1,133,20,0,1,1,0.3317,0.0238,3,1.0,9.781944444444445,49,0.0,0.0,0.0,0.0,1,0,0.8101078,0.40773717,-0.48368883,-0.8645092,130,-1
2040918356145078558,2026-04-05 22:23:49+00:00,1,"poin statement ini kalo dari logika gue kayak sistem cocoklogi—pihak game submit disclaimers secara mandiri di Steam, Steam implemented the IGRS rollout, rating IGRS secara otomatis dikenakan berdasarkan disclaimer apa masuknya ke rating apa. https://t.co/1wPEEX5Ry8",2040918356145078558,https://pbs.twimg.com/media/HFLMbSxbsAAl9TH.jpg,,in,,0,1,0,https://x.com/AHROOMEE/status/2040918356145078558,26507363,AHROOMEE,39,id,keep_id_anchor,False,poin statement ini kalau dari logika saya seperti sistem cocoklogi pihak game submit disclaimers secara mandiri di steam steam implemented the igrs rollout rating igrs secara otomatis dikenakan berdasarkan disclaimer apa masuknya ke rating apa,[],0,0,243,35,0,2,0,0.2801,0.0099,3,1.0,9.781944444444445,49,0.0,0.0,0.0,0.0,1,0,0.84774315,0.41543576,-1.4294106,-0.18076208,131,-1
2040645711650509022,2026-04-05 22:21:33+00:00,0,"@rayrestufauzi Rating IGRS yang muncul di Steam sekarang banyak yang masih tahap awal(self-declare dari developer) jadi belum final,masih bisa berubah setelah proses verifikasi lebih lanjut.Tujuannya buat melindungi pemain muda dan menata ekosistem game di Indonesia supaya lebih jelas dan sehat",2040917787506561414,,rayrestufauzi,in,,0,2,0,https://x.com/NganjukSun23590/status/2040917787506561414,1949393136725442560,NganjukSun23590,44,id,keep_id_anchor,False,rating igrs yang muncul di steam sekarang banyak yang masih tahap awal self declare dari developer jadi belum final masih bisa berubah setelah proses verifikasi lebih lanjut tujuannya buat melindungi pemain muda dan menata ekosistem game di indonesia supaya lebih jelas dan sehat,[],0,1,279,43,0,2,0,0.6153,0.0312,4,0.8,3.8466666666666667,49,4.0,0.0,0.0,0.0,1,1,0.9064754,0.4334221,-1.5122688,-0.14595258,136,-1
2040917770452476031,2026-04-05 22:21:29+00:00,0,"Ya Allah, IGRS ada buzzernya",2040917770452476031,,,in,,0,0,0,https://x.com/Raaaxer/status/2040917770452476031,1250412350777069570,Raaaxer,5,id,keep_id_anchor,False,ya allah igrs ada buzzernya,[],0,0,27,5,0,0,1,0.5888,0.0021,1,1.0,9.9725,49,0.0,0.0,0.0,0.0,0,0,0.9011446,0.3548218,1.3789186,0.7544923,137,-1
2040917346865520978,2026-04-05 22:19:48+00:00,0,"Buat kalian Sebelum debat soal IGRS ke mana‑mana, mungkin oke baca dulu siaran pers resminya di sini ya guys https://t.co/yhg91A43dY",2040917346865520978,,,in,,0,0,0,https://x.com/kerjosurvey/status/2040917346865520978,1778567152892850177,kerjosurvey,24,id,keep_id_anchor,False,buat kalian sebelum debat soal igrs ke mana mana mungkin oke baca dulu siaran pers resminya di sini ya guys,[],0,0,107,20,0,0,1,0.9539,0.0141,1,1.0,9.944444444444445,49,0.0,0.0,0.0,0.0,2,1,0.9581189,0.30673525,0.632169,0.23829822,139,-1
2040915601267531776,2026-04-05 22:12:52+00:00,0,"Ini yang ditunggu tunggu beritanya, rilis resmi soal IGRS &amp; rating gim di Steam, 👇👇👇
https://t.co/mZ77I23ZQv",2040915601267531776,,,in,,0,0,0,https://x.com/triedhi888/status/2040915601267531776,3197788399,triedhi888,18,id,keep_id_anchor,False,ini yang ditunggu tunggu beritanya rilis resmi soal igrs rating game di steam,[],0,0,77,13,0,0,1,0.4519,0.0068,1,1.0,9.828888888888889,49,0.0,0.0,0.0,0.0,1,0,0.91005963,0.43871617,-1.2685479,0.44042858,141,-1
2040605432008593453,2026-04-05 22:12:01+00:00,0,@rich8606 @SPGMedia101 Mind you I am Indonesian too and THIS IS A PROBLEM FOR US. The IGRS rating team admit that the system isn’t yet ready but they’re forcing steam to show IGRS rating for us Indonesian. They’re keep mistakingly rate a game and not just one-two but A LOT OF GAMES.,2040915387710406769,,rich8606,en,,0,1,0,https://x.com/MasJawaNinja/status/2040915387710406769,1012551947314819072,MasJawaNinja,56,en,keep_id_anchor,False,mind you i am indonesian too and this is a problem for us the igrs rating team admit that the system isn t yet ready but they re forcing steam to show igrs rating for us indonesian they re keep mistakingly rate a game and not just one two but a lot of games,[],0,1,257,54,0,1,1,0.368,0.0173,1,1.0,9.814722222222223,49,1.0,0.0,0.0,0.0,1,0,0.84990513,0.40473077,-1.413766,0.053836364,142,-1
2040869891876790651,2026-04-05 22:07:44+00:00,189,"@ezash ""Justru itu rating IGRS perlu dibikin makin jelas dan rapi"" ya kalau tau belum jelas dan belum rapi jangan main kasih rating. Artinya IGRS gak ngerti game isinya apa tapi main kasih rate. Negara Republik Buzzer.",2040914311116435653,,ezash,in,,0,0,2,https://x.com/yousuffer_why/status/2040914311116435653,1863738210440073216,yousuffer_why,37,id,keep_id_anchor,False,justru itu rating igrs perlu dibikin makin jelas dan rapi ya kalau tau belum jelas dan belum rapi jangan main kasih rating artinya igrs tidak ngerti game isinya apa tapi main kasih rate negara republik buzzer,[],0,1,208,36,0,191,0,0.4943,0.0252,1,1.0,9.743333333333334,49,1.0,0.0,0.0,0.0,1,0,0.86684763,0.4567092,-0.66834664,-0.45218283,144,-1
2040913994664546715,2026-04-05 22:06:29+00:00,1,IGRS G nya Gooner,2040913994664546715,,,in,,0,0,0,https://x.com/Qilogram2420/status/2040913994664546715,1751137428365312000,Qilogram2420,4,tl,keep_id_anchor,False,igrs g nya gooner,[],0,0,17,4,0,1,1,1.0,0.0035,1,1.0,9.7225,49,0.0,0.0,0.0,0.0,0,1,0.93901145,0.3736698,0.05356324,1.5863562,146,-1
2040911360482243019,2026-04-05 21:56:01+00:00,0,"Buat yang penasaran soal status rating IGRS di Steam, ini penjelasan resmi dari Kemkomdigi. Lebih baik simak dulu informasinya supaya lebih jelas Kemkomdigi: Rating Gim di Steam Bukan Rating Resmi, Berpotensi Langgar Ketentuan di Indonesia https://t.co/LdbXZOYxwF https://t.co/a5Isa8UjMT",2040911360482243019,https://pbs.twimg.com/media/HFLGD0HaUAA3M7q.jpg,,in,,0,0,0,https://x.com/EvyNurlaili/status/2040911360482243019,778966932594667522,EvyNurlaili,43,id,keep_id_anchor,False,buat yang penasaran soal status rating igrs di steam ini penjelasan resmi dari kemkomdigi lebih baik simak dulu informasinya supaya lebih jelas kemkomdigi rating game di steam bukan rating resmi berpotensi langgar ketentuan di indonesia,[],0,0,236,35,0,0,1,1.0,0.0137,1,1.0,9.548055555555555,29,0.0,0.0,0.0,0.0,1,1,1.0000001,0.4404381,-0.8784458,-0.032382887,152,-1
2040911112456253689,2026-04-05 21:55:02+00:00,0,"Buat yang mengikuti isu IGRS dan sistem rating di Steam, penjelasan resmi sudah dirilis. Silakan cek dulu sebagai referensi awal: https://t.co/0RPAcEQ8zO",2040911112456253689,,,in,,0,0,0,https://x.com/odeng9222/status/2040911112456253689,1715201476203851776,odeng9222,24,id,keep_id_anchor,False,buat yang mengikuti isu igrs dan sistem rating di steam penjelasan resmi sudah dirilis silakan cek dulu sebagai referensi awal,[],0,0,126,20,0,0,1,0.604,0.0153,1,1.0,9.531666666666666,29,0.0,0.0,0.0,0.0,1,0,0.91560125,0.37513924,-0.9743233,0.37917697,154,-1
2040910974975365198,2026-04-05 21:54:29+00:00,0,"W Gaben🥰
L IGRS🤬",2040910974975365198,,,ht,,0,0,0,https://x.com/Xhareza/status/2040910974975365198,1663331457929216001,Xhareza,4,de,keep_id_anchor,False,w gaben l igrs,[],0,0,14,4,0,0,1,0.5603,0.0026,1,1.0,9.5225,29,0.0,0.0,0.0,0.0,0,0,0.9024346,0.33033288,0.25674227,1.5420169,155,-1
2040910631831064879,2026-04-05 21:53:07+00:00,0,"buzzer2 kntol

lagian igrs tinggal akui kesalahannya kenapa gamau sih? malah sekarang nyudutin steam itu sendiri, 

emg our gov itu isinya orang2 tua bangka yg bisanya nyusahin rakyat sendiri mulu",2040910631831064879,,,in,,0,0,0,https://x.com/MuchBsyrry/status/2040910631831064879,1581689802176356355,MuchBsyrry,30,id,keep_id_anchor,False,buzzer kontol lagian igrs tinggal akui kesalahannya mengapa gamau sih malah sekarang nyudutin steam itu sendiri emg our gov itu isinya orang tua bangka yang bisanya nyusahin rakyat sendiri mulu,[],0,0,193,30,0,0,1,0.2659,0.0129,1,0.5,9.499722222222223,29,0.0,0.0,0.0,0.0,0,0,0.8217305,0.38193294,1.0066091,-0.23891243,156,-1
2040909997157257424,2026-04-05 21:50:36+00:00,1,3+ IGRS Rating Be Like: https://t.co/sROvrB3Qr0,2040909997157257424,https://pbs.twimg.com/media/HFLEzQWaUAAI663.jpg,,en,,0,0,0,https://x.com/Rafi09210/status/2040909997157257424,1907800778435440640,Rafi09210,9,de,keep_id_anchor,False,igrs rating be like,[],0,0,19,4,0,1,1,0.4164,0.005,1,0.3333333333333333,5.846111111111111,29,1.0,0.0,0.0,0.0,1,0,0.8789669,0.3245734,-2.867276,1.6326041,157,-1
2040908908563476776,2026-04-05 21:46:16+00:00,0,Apalah IGRS ini ganggu banget orang mau main. Biar apeeee?,2040908908563476776,,,in,,0,0,0,https://x.com/sssssidiq/status/2040908908563476776,1974657803437670400,sssssidiq,10,id,keep_id_anchor,False,apalah igrs ini ganggu banget orang mau main biar apeeee,[],0,0,56,10,0,0,1,0.3968,0.0203,1,1.0,9.385555555555555,29,0.0,0.0,0.0,0.0,0,0,0.81471574,0.3640052,1.4985002,0.1973065,159,-1
2040906403485987243,2026-04-05 21:36:19+00:00,0,Informasi resmi terkait sistem IGRS dan rating gim di Steam sudah dirilis. Yuk baca dulu isinya supaya pandangannya jadi lebih jelas https://t.co/073fR083UQ,2040906403485987243,,,in,,0,0,0,https://x.com/arsiamalia/status/2040906403485987243,2026965292442898432,arsiamalia,25,id,keep_id_anchor,False,informasi resmi terkait sistem igrs dan rating game di steam sudah dirilis yuk baca dulu isinya supaya pandangannya jadi lebih jelas,[],0,0,132,21,0,0,1,0.4566,0.0147,1,1.0,9.219722222222222,29,0.0,0.0,0.0,0.0,1,0,0.92528725,0.43459797,-1.281297,0.15330677,165,-1
2040905844490186859,2026-04-05 21:34:06+00:00,0,"Buat yang ngikutin rame IGRS &amp; rating gim di Steam, penjelasan resminya ada di sini, boleh jadi bahan baca dulu: https://t.co/YHh9eqmPS2",2040905844490186859,,,in,,0,0,0,https://x.com/MohQym68316/status/2040905844490186859,2027985007986544640,MohQym68316,24,id,keep_id_anchor,False,buat yang ngikutin rame igrs rating game di steam penjelasan resminya ada di sini boleh jadi bahan baca dulu,[],0,0,108,19,0,0,1,0.8088,0.0111,1,1.0,9.182777777777778,29,0.0,0.0,0.0,0.0,1,1,0.9335116,0.48532686,-1.0558133,-0.02851533,167,-1
2040757110951322044,2026-04-05 21:22:37+00:00,1,"@kurawa Steam melakukan rating palsu trus uang pajak kita yg masuk buat IGRS buat apa dong???????????????????
Bubarin aja ga sih alias ga guna????

Punya kompetensi apa di bidang game stafsus komdigi ini?",2040902954480496745,,kurawa,in,,0,0,0,https://x.com/neitee/status/2040902954480496745,55167470,neitee,32,id,keep_id_anchor,False,steam melakukan rating palsu trus uang pajak kita yang masuk buat igrs buat apa dong bubarin aja tidak sih alias tidak guna punya kompetensi apa di bidang game stafsus komdigi ini,[],0,1,179,31,0,1,1,0.3735,0.0211,1,0.5,4.382777777777778,29,1.0,0.0,0.0,0.0,1,0,0.8036758,0.44772014,-0.114380926,-0.4092729,171,-1
2040902768106557834,2026-04-05 21:21:52+00:00,2,"""Steam telah melakukan rating palsu"".

😂😂😂😂😂

Dari dulu steam ngasih keterangan game dengan jelas, lebih percaya steam lah daripada IGRS ngawur..",2040902768106557834,,,in,,0,0,0,https://x.com/YusrilEka411/status/2040902768106557834,1314936178097885185,YusrilEka411,20,id,keep_id_anchor,False,steam telah melakukan rating palsu dari dulu steam ngasih keterangan game dengan jelas lebih percaya steam lah daripada igrs ngawur,[],0,0,131,20,0,2,0,0.5419,0.0077,1,1.0,8.97888888888889,29,0.0,0.0,0.0,0.0,1,0,0.851835,0.34025902,-0.08307981,-1.108572,173,-1
2040900644274634982,2026-04-05 21:13:26+00:00,0,"SIARAN PERS
​Menanggapi diskusi publik terkait IGRS &amp; sistem rating gim di Steam, Pnjlsan resmi mengenai kesesuaian regulasi trsbt dg ktntun hkm di Indonesia. Sgt disarankan tuk menyimak informasi lengkap lebih dl guna mndapatkn perspektif yg menyeluruh:
​https://t.co/wm3rHweS6F",2040900644274634982,,,in,,0,0,0,https://x.com/rosyidsmile_net/status/2040900644274634982,229233321,rosyidsmile_net,41,id,keep_id_anchor,False,siaran pers menanggapi diskusi publik terkait igrs sistem rating game di steam pnjlsan resmi mengenai kesesuaian regulasi trsbt dg ktntun hkm di indonesia sgt disarankan tuk menyimak informasi lengkap lebih dl guna mndapatkn perspektif yang menyeluruh,[],0,0,251,36,0,0,1,0.3969,0.0232,1,1.0,8.838333333333333,29,0.0,0.0,0.0,0.0,1,0,0.82882077,0.37234017,-0.6743594,-0.11353978,177,-1
2040891958961594422,2026-04-05 20:38:55+00:00,0,"wkwkwkwk lucu bgt si bro, ketauan bgt gk pernah liat steam. bisa-bisanya bilang ngasih rating palsu dan bilang meresahkan publik, gua rasa yg meresahkan publik malah rating amburadul IGRS kali wkwkwk. rating steam gua yakin udh ngikut pegi ato esrb",2040891958961594422,,,in,,0,0,0,https://x.com/futuretecnokrat/status/2040891958961594422,1247819541964451840,futuretecnokrat,41,id,keep_id_anchor,False,wkwkwkwk lucu banget si bro ketauan banget gk pernah liat steam bisa bisanya bilang ngasih rating palsu dan bilang meresahkan publik saya rasa yang meresahkan publik malah rating amburadul igrs kali wkwkwk rating steam saya yakin sudah ngikut pegi ato esrb,[],0,0,256,41,0,0,1,0.2637,0.0133,1,1.0,8.263055555555555,16,0.0,0.0,0.0,0.0,1,0,0.8228543,0.3815567,0.5822716,-0.40207386,187,-1
2040757110951322044,2026-04-05 19:56:48+00:00,0,@kurawa Steam salah? SISTEM RATING IGRS MU DLU YG KUDU DIBENERIN!!,2040881360588730616,,kurawa,in,,0,0,0,https://x.com/shimoneta1601/status/2040881360588730616,1259196185614532608,shimoneta1601,11,id,keep_id_anchor,False,steam salah sistem rating igrs mu dlu yang kudu dibenerin,[],0,1,57,10,0,0,1,0.3283,0.0101,1,1.0,7.561111111111111,25,1.0,0.0,0.0,0.0,1,0,0.84979534,0.44123536,0.016984342,0.06234647,196,-1
2040875697804280019,2026-04-05 19:34:18+00:00,0,IGRS tolol anjing,2040875697804280019,,,in,,0,0,0,https://x.com/pathethickidd/status/2040875697804280019,769719858321686528,pathethickidd,3,hr,keep_id_anchor,False,igrs tolol anjing,[],0,0,17,3,0,0,1,0.6794,0.0106,2,1.0,7.186111111111111,25,0.0,0.0,0.0,0.0,6,0,0.8338208,0.3012249,1.0461832,1.5285594,204,-1
2040730989740339579,2026-04-05 19:26:31+00:00,1,"@kerissakti berarti yg udah isi secara mandiri di Steam harusnya udh otomatis dapet rating yg sesuai IGRS kan bang?
tapi kenapa yg katanya game2 yg kategorinya ""salah"" kok bisa di nilai duluan?
udah gitu nyalahin Steam lagi.
Prioritas mereka dimana? ABS kah?",2040873740213645455,,kerissakti,in,,0,0,0,https://x.com/nonmicin_/status/2040873740213645455,1909862789822459904,nonmicin_,42,id,keep_id_anchor,False,berarti yang sudah isi secara mandiri di steam harusnya sudah otomatis dapet rating yang sesuai igrs kan bang tapi mengapa yang katanya game yang kategorinya salah kok bisa di nilai duluan sudah gitu nyalahin steam lagi prioritas mereka dimana abs kah,[],0,1,251,41,0,1,1,0.2801,0.0128,1,1.0,7.056388888888889,25,1.0,0.0,0.0,0.0,1,0,0.85538673,0.42627785,-0.47440368,-1.1907282,205,-1
2040873434775965871,2026-04-05 19:25:19+00:00,0,"Buat yang ngikutin ramenya IGRS &amp; rating gim di Steam, sebelum berdebat baiknya baca penjelasan resminya dulu ya..
https://t.co/NPrgHwDRAw",2040873434775965871,,,in,,0,0,0,https://x.com/delik_store/status/2040873434775965871,732576888619556864,delik_store,22,id,keep_id_anchor,False,buat yang ngikutin ramenya igrs rating game di steam sebelum berdebat baiknya baca penjelasan resminya dulu ya,[],0,0,110,17,0,0,1,0.4159,0.0109,1,1.0,7.036388888888889,25,0.0,0.0,0.0,0.0,1,0,0.90917313,0.51997256,-0.21784736,-0.21780287,206,-1
2040869715892224106,2026-04-05 19:10:32+00:00,0,"Indonesia Game Rating System (IGRS) di sejumlah game platform Steam bukan hasil klasifikasi resmi yang diverifikasi oleh pemerintah Indonesia?

Penjelasan/siaran pers resmi tentang IGRS &amp; rating gim di Steam, berikut info lebih lanjut, simak baik baik!
https://t.co/8XTuYCZJTK",2040869715892224106,,,in,,0,0,0,https://x.com/dapa442/status/2040869715892224106,1635908833636646912,dapa442,41,id,keep_id_anchor,False,indonesia game rating system igrs di sejumlah game platform steam bukan hasil klasifikasi resmi yang diverifikasi oleh pemerintah indonesia penjelasan siaran pers resmi tentang igrs rating game di steam berikut info lebih lanjut simak baik baik,[],0,0,244,36,0,0,1,0.5715,0.0295,1,1.0,6.79,25,0.0,0.0,0.0,0.0,1,0,0.9086136,0.40997842,-1.8659286,0.21035649,214,-1
2040685239228653915,2026-04-05 19:09:43+00:00,0,"@Diana0911097595 sudah ada ratingnya di steam
nggak perlu pakai igrs yang malah bikin kacau
nggak usah sok keminter kau buzzer https://t.co/36tX0NTjl0",2040869510165705162,https://pbs.twimg.com/tweet_video_thumb/HFKf_4MbQAEkk-Q.jpg,Diana0911097595,in,,0,0,0,https://x.com/black_k00k33/status/2040869510165705162,2032221811849773056,black_k00k33,24,id,keep_id_anchor,False,sudah ada ratingnya di steam tidak perlu pakai igrs yang malah bikin kacau tidak usah sok keminter kau buzzer,[],0,1,109,19,0,0,1,0.3652,0.0255,1,1.0,6.776388888888889,25,1.0,0.0,0.0,0.0,1,0,0.8437987,0.37291616,0.02265836,-0.42389148,215,-1
2040867765255610418,2026-04-05 19:02:47+00:00,1,"Penjelasan resmi terkait IGRS dan tampilan rating gim di Steam sudah dirilis. Bisa dibaca dulu untuk menambah konteks sebelum menarik kesimpulan: 

https://t.co/VTRC9YAJsA https://t.co/sJfNCeqEye",2040867765255610418,https://pbs.twimg.com/media/HFKeS_Ca4AAEuEx.jpg,,in,,0,1,0,https://x.com/refiandryy/status/2040867765255610418,482012192,refiandryy,29,id,keep_id_anchor,False,penjelasan resmi terkait igrs dan tampilan rating game di steam sudah dirilis bisa dibaca dulu untuk menambah konteks sebelum menarik kesimpulan,[],0,0,144,21,0,2,0,0.7847,0.0138,1,1.0,6.660833333333334,25,0.0,0.0,0.0,0.0,1,0,0.93953824,0.4061089,-1.4222547,-0.1448306,221,-1
2040865995540353494,2026-04-05 18:55:45+00:00,0,Bran bran benerin noh igrs,2040865995540353494,,,in,,0,0,0,https://x.com/Albert2844/status/2040865995540353494,1983754592061157377,Albert2844,5,nl,keep_id_anchor,False,bran bran benerin noh igrs,[],0,0,26,5,0,0,1,1.0,0.0032,2,1.0,6.5377777777777775,34,1.0,0.0,0.0,0.0,0,1,0.9680432,0.26929334,1.4499269,0.9382354,227,-1
1747603121126420824,2026-04-05 18:55:24+00:00,0,@gibran_tweet Bran benerin noh igrs,2040865905656344948,,gibran_tweet,in,,0,0,0,https://x.com/Albert2844/status/2040865905656344948,1983754592061157377,Albert2844,5,nl,keep_id_anchor,False,bran benerin noh igrs,[],0,1,21,4,0,0,1,1.0,0.0032,2,1.0,6.5377777777777775,34,1.0,0.0,0.0,0.0,0,1,0.9680432,0.29869455,1.5674865,0.8293152,228,-1
2040865861842649221,2026-04-05 18:55:13+00:00,0,igrs g nya gooner gila,2040865861842649221,,,in,,0,0,0,https://x.com/hrenyue/status/2040865861842649221,1604350645800095744,hrenyue,5,tl,keep_id_anchor,False,igrs g nya gooner gila,[],0,0,22,5,0,0,1,0.6665,0.0032,1,1.0,6.534722222222222,34,0.0,0.0,0.0,0.0,0,0,0.8335643,0.3836547,0.86226046,1.2176614,229,-1
2040862580013756782,2026-04-05 18:42:11+00:00,0,"Intinya, IGRS ada ini buat orang tua yg gagal parenting tentang game. Udah gagal + di missleading pula, anjir keren kata gua dan sekarang intinya lepas tanggung jawab. ""Bukan urusan kami, intinya ada RC yg berarti gk tampil"" ya elu dongok jembut lurus.",2040862580013756782,,,in,,0,1,0,https://x.com/OxygenSunshinee/status/2040862580013756782,1081400287133294593,OxygenSunshinee,42,id,keep_id_anchor,False,intinya igrs ada ini buat orang tua yang gagal parenting tentang game sudah gagal di missleading pula anjir keren kata saya dan sekarang intinya lepas tanggung jawab bukan urusan kami intinya ada rc yang berarti gk tampil ya elu dongok jembut lurus,[],0,0,248,42,0,1,1,0.5877,0.0095,2,1.0,6.3175,34,0.0,0.0,0.0,0.0,9,0,0.80943596,0.40185034,0.48253664,-0.8271806,237,-1
2040862120179577320,2026-04-05 18:40:21+00:00,0,"Buat yang penasaran soal status rating IGRS di Steam, ini penjelasan resmi dari Kemkomdigi. Lebih baik simak dulu informasinya supaya lebih jelas Kemkomdigi: Rating Gim di Steam Bukan Rating Resmi, Berpotensi Langgar Ketentuan di Indonesia https://t.co/rSNQn71m1K… https://t.co/vnIHRbnbQl",2040862120179577320,https://pbs.twimg.com/media/HFKZR2ha4AAEUTB.jpg,,in,,0,0,0,https://x.com/Inara234/status/2040862120179577320,1912703815100649472,Inara234,43,id,keep_id_anchor,False,buat yang penasaran soal status rating igrs di steam ini penjelasan resmi dari kemkomdigi lebih baik simak dulu informasinya supaya lebih jelas kemkomdigi rating game di steam bukan rating resmi berpotensi langgar ketentuan di indonesia,[],0,0,236,35,0,0,1,1.0,0.0137,1,1.0,6.286944444444444,34,0.0,0.0,0.0,0.0,1,1,1.0000001,0.4404381,-0.8784458,-0.032382887,241,-1
2040860843769049292,2026-04-05 18:35:17+00:00,0,Seru banget liat semua pada ngata²in IGRS wkwkw,2040860843769049292,,,in,,0,0,0,https://x.com/AlFD_Fajarid/status/2040860843769049292,303012287,AlFD_Fajarid,8,id,keep_id_anchor,False,seru banget liat semua pada ngata in igrs wkwkw,[],0,0,47,9,0,0,1,0.4819,0.0075,1,1.0,6.2025,34,0.0,0.0,0.0,0.0,0,0,0.88723457,0.2848042,1.5656563,0.514789,243,-1
2040632418840031503,2026-04-05 18:35:09+00:00,0,@MangAgus_10 Ah pantek igrs,2040860810952708471,,MangAgus_10,sl,,0,0,0,https://x.com/WahyuAr19799578/status/2040860810952708471,1875962359887601664,WahyuAr19799578,4,id,keep_id_anchor,False,ah pantek igrs,[],0,1,14,3,0,0,1,0.467,0.001,1,1.0,6.200277777777778,34,1.0,0.0,0.0,0.0,0,0,0.8755331,0.28974235,1.70464,0.9889651,244,-1
2040857520655482926,2026-04-05 18:22:04+00:00,1,"IGRS

Idiotic
Gaming
Rating
System",2040857520655482926,,,en,,0,0,1,https://x.com/z___vyi/status/2040857520655482926,1479048668,z___vyi,5,en,keep_id_anchor,False,igrs idiotic gaming rating system,[],0,0,33,5,0,2,0,0.6021,0.0089,1,1.0,5.982222222222222,34,0.0,0.0,0.0,0.0,1,0,0.8115562,0.39473218,-2.1283214,0.41631845,248,-1
2040856239446585369,2026-04-05 18:16:59+00:00,0,"halaaah, kaya yg punya dan pernah pake steam aja lu buzzer. coba main2 dulu aja ke steam-nya. IGRS-nya yg ngablu, malah nyalahin steam. di steam gamenya udah ditag sexual content, sama IGRS dikasih rating 3+. meanwhile upin ipin dikasih rating 18+, lawak.",2040856239446585369,,,in,,0,0,1,https://x.com/goldensunfyre/status/2040856239446585369,593667495,goldensunfyre,44,id,keep_id_anchor,False,halaaah seperti yang punya dan pernah pake steam aja kamu buzzer coba main dulu aja ke steam nya igrs nya yang ngablu malah nyalahin steam di steam gamenya sudah ditag sexual content sama igrs dikasih rating meanwhile upin ipin dikasih rating lawak,[],0,0,248,42,0,1,1,0.4052,0.0122,1,1.0,5.8975,34,0.0,0.0,0.0,0.0,1,0,0.8021517,0.38706762,0.482618,-0.4233101,254,-1
2040718966868611290,2026-04-05 18:16:30+00:00,0,"@WisnuKumoro Kemungkinan besar susunan tim IGRS tidak ada satu pun yang benar-benar kompeten di bidang rating game. 

Hasilnya ya sesuai ekspektasi sistem prematur, implementasi berantakan, dan malah jadi bahan olok-olok publik.",2040856117258146222,,WisnuKumoro,in,,0,0,0,https://x.com/bmawjy/status/2040856117258146222,1976142049222197250,bmawjy,33,id,keep_id_anchor,False,kemungkinan besar susunan tim igrs tidak ada satu pun yang benar benar kompeten di bidang rating game hasilnya ya sesuai ekspektasi sistem prematur implementasi berantakan dan malah jadi bahan olok olok publik,[],0,1,209,32,0,0,1,0.2747,0.015,2,1.0,5.6325,34,2.0,0.0,0.0,0.0,1,1,0.83077323,0.43715978,-0.9255907,-0.87607086,255,-1
2040855556639126008,2026-04-05 18:14:16+00:00,0,"Serius lu nyalahin steam? Steam yang sudah berdiri sejak 2003?? Steam yang punyanya bapak gaben??? Dibandingkan dengan igrs yang baru diinisiasi beberapa tahun belakangan?????????????
Ngacooo",2040855556639126008,,,in,,0,0,1,https://x.com/saxophonistkawe/status/2040855556639126008,1860843452977799168,saxophonistkawe,25,id,keep_id_anchor,False,serius kamu nyalahin steam steam yang sudah berdiri sejak steam yang punyanya bapak gaben dibandingkan dengan igrs yang baru diinisiasi beberapa tahun belakangan ngacooo,[],0,0,169,24,0,1,1,0.5603,0.0042,1,1.0,5.852222222222222,34,0.0,0.0,0.0,0.0,5,0,0.83218634,0.2688173,0.7227401,-0.4295707,256,-1
2040854842370126216,2026-04-05 18:11:26+00:00,0,"Perlu diketahui bahwa IGRS telah bekerja sama dengan Steam untuk memberikan rating pada gim yang tersedia di platform tersebut, silakan cek rating IGRS sebelum membeli atau memainkan gim di Steam. Klik link di bawah ini👇 
https://t.co/JRnlI9EdFb",2040854842370126216,,,in,,0,0,0,https://x.com/ONarsen/status/2040854842370126216,1296241505384796160,ONarsen,39,id,keep_id_anchor,False,perlu diketahui bahwa igrs telah bekerja sama dengan steam untuk memberikan rating pada game yang tersedia di platform tersebut silakan cek rating igrs sebelum membeli atau memainkan game di steam klik link di bawah ini,[],0,0,219,35,0,0,1,0.3469,0.0065,1,1.0,5.805,34,0.0,0.0,0.0,0.0,1,0,0.85010886,0.40429145,-1.6438601,0.19657898,259,-1
2040852722501759358,2026-04-05 18:03:00+00:00,0,"""IGRS dan rating gim di Steam sedang jadi topik hangat! 🌟 Cek dulu penjelasan resmi di sini sebelum kita bahas lebih lanjut: 
https://t.co/8CV667dBth",2040852722501759358,,,in,,0,0,0,https://x.com/Nisarahman2327/status/2040852722501759358,1861372663010336774,Nisarahman2327,25,id,keep_id_anchor,False,igrs dan rating game di steam sedang jadi topik hangat cek dulu penjelasan resmi di sini sebelum kita bahas lebih lanjut,[],0,0,120,21,0,0,1,0.6626,0.017,2,0.6666666666666666,5.5313888888888885,34,1.0,0.0,0.0,0.0,1,0,0.9646963,0.47582042,-1.1668717,-0.3345894,260,-1
2040851505843216537,2026-04-05 17:58:10+00:00,0,"Daripada debat panjang soal IGRS tanpa arah, yuk luangkan waktu sebentar untuk baca siaran pers resminya dulu. Supaya obrolan kita lebih jelas dan berisi https://t.co/aG5tpTFsr0",2040851505843216537,,,in,,0,0,0,https://x.com/AdhietyaTh33187/status/2040851505843216537,2018322737417306112,AdhietyaTh33187,28,id,keep_id_anchor,False,daripada debat panjang soal igrs tanpa arah yuk luangkan waktu sebentar untuk baca siaran pers resminya dulu supaya obrolan kita lebih jelas dan berisi,[],0,0,151,24,0,0,1,0.7368,0.0154,2,1.0,5.583888888888889,74,0.0,0.0,0.0,0.0,2,0,0.8739115,0.28139997,0.8856604,-0.16474119,263,-1
2040851478240460941,2026-04-05 17:58:04+00:00,0,"yang kemarin kepo banget sama IGRS &amp; rating gim di Steam, bisa dibaca  penjelasan resminya ada di sini yaa https://t.co/T39r0VCLN9",2040851478240460941,,,in,,0,0,0,https://x.com/nrlfadila_/status/2040851478240460941,1004042648607383557,nrlfadila_,23,id,keep_id_anchor,False,yang kemarin kepo banget sama igrs rating game di steam bisa dibaca penjelasan resminya ada di sini yaa,[],0,0,103,18,0,0,1,0.4796,0.0114,1,1.0,5.582222222222223,74,0.0,0.0,0.0,0.0,1,0,0.8937913,0.48572338,-0.5393751,-0.05547359,264,-1
2040619090038194329,2026-04-05 17:56:05+00:00,0,"@kerissakti ""IGRS di Steam emang lagi bingungin ya, guys 😅. Tapi kayaknya sistemnya masih dalam penyesuaian, perlu waktu buat lebih stabil. Yang penting, semoga Valve bisa jelasin lebih rinci dan transparan tentang kriteria ratingnya, biar kita semua ngerti 🤑. Keep improving, Steam!",2040850979596460447,,kerissakti,in,,0,0,0,https://x.com/Nisarahman2327/status/2040850979596460447,1861372663010336774,Nisarahman2327,40,id,keep_id_anchor,False,igrs di steam emang lagi bingungin ya guys tapi kayaknya sistemnya masih dalam penyesuaian perlu waktu buat lebih stabil yang penting semoga valve bisa jelasin lebih rinci dan transparan tentang kriteria ratingnya biar kita semua ngerti keep improving steam,[],0,1,257,39,0,0,1,1.0,0.0156,2,0.6666666666666666,5.5313888888888885,74,1.0,0.0,0.0,0.0,1,1,1.0000001,0.3721,-0.6044833,-0.3656226,267,-1
2040850933521998280,2026-04-05 17:55:54+00:00,1,I'm buying a game rated 3+ by IGRS,2040850933521998280,,,en,,1,0,0,https://x.com/stelleturu/status/2040850933521998280,1690190530762653696,stelleturu,9,en,keep_id_anchor,False,i m buying a game rated by igrs,[],0,0,31,8,0,2,0,0.7087,0.0036,1,1.0,5.546111111111111,74,0.0,0.0,0.0,0.0,1,0,0.822137,0.3281753,-1.7824064,0.3558258,268,-1
2040619090038194329,2026-04-05 17:55:01+00:00,0,"@kerissakti ""IGRS di Steam emang lagi bingungin ya, guys 😅. Tapi kayaknya sistemnya masih dalam penyesuaian, perlu waktu buat lebih stabil. Yang penting, semoga Valve bisa jelasin lebih rinci dan transparan tentang kriteria ratingnya, biar kita semua ngerti 🤑. Keep improving, Steam! 💪",2040850712935170319,,kerissakti,in,,0,1,0,https://x.com/Nisarahman2327/status/2040850712935170319,1861372663010336774,Nisarahman2327,40,id,keep_id_anchor,False,igrs di steam emang lagi bingungin ya guys tapi kayaknya sistemnya masih dalam penyesuaian perlu waktu buat lebih stabil yang penting semoga valve bisa jelasin lebih rinci dan transparan tentang kriteria ratingnya biar kita semua ngerti keep improving steam,[],0,1,257,39,0,1,1,1.0,0.0156,2,0.6666666666666666,5.5313888888888885,74,1.0,0.0,0.0,0.0,1,1,1.0000001,0.3721,-0.6044833,-0.3656226,269,-1
2040718966868611290,2026-04-05 17:54:37+00:00,0,"@WisnuKumoro komdigi kalo mau cuman biar terlihat kerja mah harusnya contek rating yg udah ada aja. orang2 juga bakal liatnya lebih positif.

responnya mungkin jadi, ""wah keren igrs ratingnya sesuai ama esrb/pegi, keliatan nih yg di igrs isinya orang2 ngerti gaming""",2040850609700741450,,WisnuKumoro,in,,0,0,0,https://x.com/1RONiC_/status/2040850609700741450,1240627667860197376,1RONiC_,42,id,keep_id_anchor,False,komdigi kalau mau cuman biar terlihat kerja mah harusnya contek rating yang sudah ada aja orang juga bakal liatnya lebih positif responnya mungkin jadi wah keren igrs ratingnya sesuai sama esrb pegi keliatan ini yang di igrs isinya orang ngerti gaming,[],0,1,251,41,0,0,1,0.2817,0.0225,1,1.0,5.5247222222222225,74,1.0,0.0,0.0,0.0,1,0,0.8058332,0.4305216,-0.10561325,-0.8437079,270,-1
2040850568676257919,2026-04-05 17:54:27+00:00,0,"Buat yang mengikuti rame IGRS &amp; rating gim di Steam, berikut ini penjelasan resminya di sini, silakan dibaca-baca dulu: https://t.co/0B133jbQ9N",2040850568676257919,,,in,,0,0,0,https://x.com/mrplent21/status/2040850568676257919,233180657,mrplent21,24,id,keep_id_anchor,False,buat yang mengikuti rame igrs rating game di steam berikut ini penjelasan resminya di sini silakan dibaca baca dulu,[],0,0,115,19,0,0,1,0.5709,0.0137,1,1.0,5.521944444444444,74,0.0,0.0,0.0,0.0,1,0,0.93017316,0.47330043,-0.9750193,0.09830035,271,-1
2040850524912972138,2026-04-05 17:54:16+00:00,1,Indonesia Gooner Rating System (IGRS),2040850524912972138,,,in,,0,1,1,https://x.com/0p_py/status/2040850524912972138,1487885105888915456,0p_py,5,en,keep_id_anchor,False,indonesia gooner rating system igrs,[],0,0,35,5,0,3,0,1.0,0.0127,1,0.5,0.08277777777777778,74,0.0,0.0,0.0,0.0,1,1,0.98954946,0.3280844,-2.13542,1.3926262,272,-1
2040850238089666860,2026-04-05 17:53:08+00:00,0,"Buat yang lagi mengikuti diskusi soal IGRS dan rating gim di Steam, ada penjelasan resminya di sini, mungkin bisa dibaca dulu biar konteksnya lebih jelas: 
https://t.co/gDHcVJ2ufu",2040850238089666860,,,in,,0,0,0,https://x.com/EndiD21883/status/2040850238089666860,1899432576496091136,EndiD21883,29,id,keep_id_anchor,False,buat yang lagi mengikuti diskusi soal igrs dan rating game di steam ada penjelasan resminya di sini mungkin bisa dibaca dulu biar konteksnya lebih jelas,[],0,0,152,25,0,0,1,0.5045,0.0143,2,1.0,5.468055555555556,74,1.0,0.0,0.0,0.0,1,0,0.9462447,0.4642595,-1.0353571,-0.26328424,273,-1
2040479018034630743,2026-04-05 17:51:13+00:00,0,"@cryofantasia Jujur saja tampilan rating IGRS di Steam sekarang memang bikin banyak orang bingung, tapi karena ini masih fase penyesuaian, mungkin yang paling penting sekarang adalah penjelasan rutin, transparansi kriteria, dan perbaikan bertahap supaya publik bisa ikut memahami prosesnya.",2040849755249824118,,cryofantasia,in,,0,8,0,https://x.com/EndiD21883/status/2040849755249824118,1899432576496091136,EndiD21883,39,id,keep_id_anchor,False,jujur saja tampilan rating igrs di steam sekarang memang bikin banyak orang bingung tapi karena ini masih fase penyesuaian mungkin yang paling penting sekarang adalah penjelasan rutin transparansi kriteria dan perbaikan bertahap supaya publik bisa ikut memahami prosesnya,[],0,1,271,38,0,8,0,0.7017,0.0164,2,1.0,5.468055555555556,74,1.0,0.0,0.0,0.0,1,0,0.9485592,0.4118979,-1.0178845,-0.45929596,274,-1
2040849073255911744,2026-04-05 17:48:30+00:00,0,"Sebelum debat soal IGRS ke mana‑mana, baca dulu siaran pers resminya di sini: https://t.co/ttpo9m78KN https://t.co/Ves7SqPIRI",2040849073255911744,https://pbs.twimg.com/media/HFKNaqjasAAdCo7.jpg,,in,,0,0,0,https://x.com/KomariahKo26005/status/2040849073255911744,1958367524581732352,KomariahKo26005,22,id,keep_id_anchor,False,sebelum debat soal igrs ke mana mana baca dulu siaran pers resminya di sini,[],0,0,75,14,0,0,1,1.0,0.0157,1,1.0,5.422777777777778,74,0.0,0.0,0.0,0.0,2,1,0.9137209,0.2749321,0.538154,0.20972832,276,-1
2040849011431862762,2026-04-05 17:48:16+00:00,1,IGRS dongo banget anjir wkwkwk https://t.co/dmIRytCnpE,2040849011431862762,https://pbs.twimg.com/ext_tw_video_thumb/2040848993199276032/pu/img/tKSL_pnmgkNvtOQB.jpg,,in,,0,1,1,https://x.com/R4ZESKY/status/2040849011431862762,1399683003467460611,R4ZESKY,9,id,keep_id_anchor,False,igrs dongo banget anjir wkwkwk,[],0,0,30,5,0,3,0,0.5641,0.004,1,1.0,5.418888888888889,74,0.0,0.0,0.0,0.0,0,0,0.8465426,0.3191785,1.3449144,0.782384,277,-1
2040593488350515441,2026-04-05 17:47:02+00:00,2,"@kemkomdigi IGRS nya woy dibenerin, game yang ada unsur dewasa masa dikasih rating 3+ logikanya dimana. 
Kalo sistem ratingnya aja ngelawak kek gitu, ngapain di kasih rating aneh",2040848701825118256,,kemkomdigi,in,,0,0,0,https://x.com/jamal8204/status/2040848701825118256,1749677609070563328,jamal8204,28,id,keep_id_anchor,False,igrs nya woy dibenerin game yang ada unsur dewasa masa dikasih rating logikanya dimana kalau sistem ratingnya aja ngelawak kek gitu ngapain di kasih rating aneh,[],0,1,160,26,0,2,0,0.3141,0.0139,1,1.0,5.398333333333333,74,1.0,0.0,0.0,0.0,1,0,0.8421556,0.45572433,-0.6356869,-0.5074603,278,-1
2040848244755017986,2026-04-05 17:45:13+00:00,0,Ealah anj lah IGRS aja ada buzzernya,2040848244755017986,,,in,,0,0,0,https://x.com/DViolett_/status/2040848244755017986,1491596371647877126,DViolett_,7,id,keep_id_anchor,False,ealah anj lah igrs aja ada buzzernya,[],0,0,36,7,0,0,1,0.5888,0.0022,2,1.0,5.332777777777777,74,0.0,0.0,0.0,0.0,0,0,0.9011446,0.30895,1.5665641,0.34010422,281,-1
2040848036734411145,2026-04-05 17:44:23+00:00,0,"Ini penjelasan resmi terkait IGRS dan sistem rating gim di Steam, bisa dicek dulu sebagai referensi sebelum menilai lebih jauh
https://t.co/E1dL49ojo1",2040848036734411145,,,in,,0,0,0,https://x.com/RizkyArdia29527/status/2040848036734411145,1710042400415236096,RizkyArdia29527,24,id,keep_id_anchor,False,ini penjelasan resmi terkait igrs dan sistem rating game di steam bisa dicek dulu sebagai referensi sebelum menilai lebih jauh,[],0,0,126,20,0,0,1,0.5896,0.0155,1,1.0,5.354166666666667,74,0.0,0.0,0.0,0.0,1,0,0.9510437,0.4245659,-1.56585,-0.34029263,282,-1
2040847713999389013,2026-04-05 17:43:06+00:00,0,"Stop nyimeng deh komdigi, itu IGRS lu dikerjain sambil ngefly apa kek gimana blokk",2040847713999389013,,,in,,0,0,0,https://x.com/DViolett_/status/2040847713999389013,1491596371647877126,DViolett_,14,id,keep_id_anchor,False,stop nyimeng deh komdigi itu igrs kamu dikerjain sambil ngefly apa kek bagaimana blokk,[],0,0,86,14,0,0,1,0.3615,0.0121,2,1.0,5.332777777777777,74,0.0,0.0,0.0,0.0,0,0,0.81333745,0.28447947,1.7576602,0.1351093,283,-1
2040846441816686839,2026-04-05 17:38:03+00:00,0,IGRS aja pake buzzer segala lu goblok @kemkomdigi,2040846441816686839,,,in,,0,0,0,https://x.com/Serenz0_/status/2040846441816686839,282494974,Serenz0_,8,sl,keep_id_anchor,False,igrs aja pake buzzer segala kamu goblok,[],0,0,39,7,0,0,1,0.4706,0.0124,1,1.0,5.248611111111111,74,0.0,0.0,0.0,0.0,0,0,0.87695783,0.3468687,1.4446236,0.40989706,290,-1
2040845384252313651,2026-04-05 17:33:51+00:00,1,"Penjelasan resmi terkait IGRS dan sistem rating gim di Steam sudah dirilis dan bisa jadi rujukan yang lebih jelas. Sebaiknya dibaca dulu sebelum menarik kesimpulan lebih jauh: 
https://t.co/j5XWVDwm3u",2040845384252313651,,,in,,0,0,0,https://x.com/Reejanuari/status/2040845384252313651,1282300795342303232,Reejanuari,31,id,keep_id_anchor,False,penjelasan resmi terkait igrs dan sistem rating game di steam sudah dirilis dan bisa jadi rujukan yang lebih jelas sebaiknya dibaca dulu sebelum menarik kesimpulan lebih jauh,[],0,0,174,27,0,1,1,0.7847,0.0164,1,1.0,5.1786111111111115,74,0.0,0.0,0.0,0.0,1,0,0.9485138,0.43242103,-1.4313923,-0.2169644,293,-1
2040579308373332239,2026-04-05 17:25:48+00:00,0,@ezash Justru karena itu rating kayak IGRS perlu dibikin makin jelas dan rapi.,2040843359422673320,,ezash,in,,0,1,0,https://x.com/zai25452114159/status/2040843359422673320,1715253038930378752,zai25452114159,13,id,keep_id_anchor,False,justru karena itu rating seperti igrs perlu dibikin makin jelas dan rapi,[],0,1,72,12,0,1,1,0.6052,0.0029,1,1.0,5.044444444444444,74,1.0,0.0,0.0,0.0,1,0,0.86684763,0.41892105,-0.80524623,-0.18765517,296,-1
2040491792295186826,2026-04-05 17:23:33+00:00,0,"@badakmeledak_ Info yang beredar, rating IGRS di Steam sekarang sebagian masih tahap awal/selfdeclare dan belum final. Harapannya nanti setelah dikurasi bisa lebih akurat sesuai kelompok usia pemain.",2040842791769772093,,badakmeledak_,in,,0,0,0,https://x.com/DazzZulia/status/2040842791769772093,1706181116791795712,DazzZulia,28,id,keep_id_anchor,False,info yang beredar rating igrs di steam sekarang sebagian masih tahap awal self declare dan belum final harapannya nanti setelah dikurasi bisa lebih akurat sesuai kelompok usia pemain,[],0,1,182,28,0,0,1,0.5375,0.0254,2,0.5,3.4133333333333336,74,3.0,0.0,0.0,0.0,1,1,0.8647488,0.4080048,-1.4447997,0.031634603,297,-1
2040645711650509022,2026-04-05 17:21:54+00:00,0,"@rayrestufauzi Sejauh ini yang terlihat di Steam katanya masih banyak yang berupa input awal (selfdeclare), jadi belum hasil kurasi final dari IGRS. Semoga nanti saat sudah final bisa lebih objektif dan sesuai dengan target usia pemain.",2040842375799730570,,rayrestufauzi,in,,0,1,0,https://x.com/DazzZulia/status/2040842375799730570,1706181116791795712,DazzZulia,36,id,keep_id_anchor,False,sejauh ini yang terlihat di steam katanya masih banyak yang berupa input awal self declare jadi belum hasil kurasi final dari igrs semoga nanti saat sudah final bisa lebih objektif dan sesuai dengan target usia pemain,[],0,1,217,36,0,1,1,0.4927,0.0213,2,0.5,3.4133333333333336,74,3.0,0.0,0.0,0.0,1,1,0.8387089,0.37761837,-0.529791,-0.4685808,298,-1
2040841990728995043,2026-04-05 17:20:22+00:00,0,ni emang kontol apa ya igrs memek,2040841990728995043,,,in,,0,0,0,https://x.com/__byyyyyy/status/2040841990728995043,1489643975648870401,__byyyyyy,7,id,keep_id_anchor,False,ini emang kontol apa ya igrs memek,[],0,0,34,7,0,0,1,0.8302,0.0088,1,1.0,4.953888888888889,74,0.0,0.0,0.0,0.0,0,1,0.9124925,0.32120454,1.6780746,0.42012042,299,-1
2040841528244109547,2026-04-05 17:18:31+00:00,0,"Buat yang lagi bahas IGRS &amp; rating gim di Steam, ini ada siaran pers resminya, coba cek dulu ya
https://t.co/H5I1r4UepX",2040841528244109547,,,in,,0,0,0,https://x.com/AbcDef38782297/status/2040841528244109547,1580001297410846720,AbcDef38782297,23,id,keep_id_anchor,False,buat yang lagi bahas igrs rating game di steam ini ada siaran pers resminya coba cek dulu ya,[],0,0,92,18,0,0,1,0.5746,0.0155,1,1.0,4.923055555555556,74,0.0,0.0,0.0,0.0,1,0,0.9236231,0.4571276,-0.8158436,0.0995639,304,-1
2040841309402087498,2026-04-05 17:17:39+00:00,0,"Buat yang butuh referensi soal isu IGRS dan rating di Steam, ini penjelasan resminya sudah dirilis. Mungkin baik dibaca dulu biar informasinya lebih lengkap: https://t.co/4T2jvsG71A…",2040841309402087498,,,in,,0,0,0,https://x.com/lina_fajri737/status/2040841309402087498,1693505473830678529,lina_fajri737,28,id,keep_id_anchor,False,buat yang butuh referensi soal isu igrs dan rating di steam ini penjelasan resminya sudah dirilis mungkin baik dibaca dulu biar informasinya lebih lengkap,[],0,0,154,24,0,0,1,1.0,0.0131,1,1.0,4.908611111111111,74,0.0,0.0,0.0,0.0,1,1,0.9999999,0.40412664,-0.6990093,0.4528689,309,-1
2040823276428300710,2026-04-05 17:15:46+00:00,0,"@kukuhya 2 kata lucu, Buzzer IGRS",2040840832237068488,,kukuhya,sl,,0,0,0,https://x.com/debugwithcare/status/2040840832237068488,1076357639854936064,debugwithcare,6,sw,keep_id_anchor,False,kata lucu buzzer igrs,[],0,1,21,4,0,0,1,0.5378,0.01,1,1.0,4.877222222222223,74,1.0,0.0,0.0,0.0,0,0,0.8856393,0.33198407,1.5534798,0.40004742,312,-1
2040840429856559105,2026-04-05 17:15:27+00:00,0,Intinya IGRS taik.,2040840752763429084,,hanadee_20,in,,0,0,0,https://x.com/hanadee_20/status/2040840752763429084,536247521,hanadee_20,3,id,keep_id_anchor,False,intinya igrs taik,[],0,1,17,3,0,0,1,0.5877,0.0017,1,1.0,4.871944444444445,74,0.0,0.0,0.0,0.0,0,0,0.89582217,0.34852323,1.1746485,0.57494843,313,-1
2040839995393769482,2026-04-05 17:15:06+00:00,0,"btw gak usah ditanggepin buzzer-nya guys

blokir sama report aja udah

gak usah buang waktu dan energi kalian untuk buzzer igrs dongo ini",2040840665442222144,,badakmeledak_,in,,0,1,0,https://x.com/badakmeledak_/status/2040840665442222144,1683034008282857472,badakmeledak_,24,id,keep_id_anchor,False,btw tidak usah ditanggepin buzzer nya guys blokir sama report aja sudah tidak usah buang waktu dan energi kalian untuk buzzer igrs dongo ini,[],0,1,140,24,0,1,1,0.4941,0.0257,2,1.0,4.821666666666666,74,0.0,8.0,0.0,0.07142857142857142,0,0,0.8055407,0.3575329,1.4119121,-0.14740027,315,-1
2040837477565595660,2026-04-05 17:14:35+00:00,17,"@madeltangapung buzzer2 pukimay, mereka menyamakan rating steam yang dari dulu berjalan dengan lancar, dengan IGRS yang sistemnya sampah🤣🤣🤣

orang dari awal yang dipermasalhin sistemnya, bukan censorshipnya",2040840538384203864,,madeltangapung,in,,0,1,3,https://x.com/ChouSenka/status/2040840538384203864,1674041203657166849,ChouSenka,26,id,keep_id_anchor,False,buzzer pukimay mereka menyamakan rating steam yang dari dulu berjalan dengan lancar dengan igrs yang sistemnya sampah orang dari awal yang dipermasalhin sistemnya bukan censorshipnya,[],0,1,182,25,0,21,0,0.4437,0.0172,1,1.0,4.8575,74,1.0,3.0,0.0,0.0,1,0,0.80639386,0.4084664,-0.5161379,-0.35656604,316,-1
2040840246364131780,2026-04-05 17:13:26+00:00,0,"Ini bukan sekadar kabar yg dipelintir, tapi penjelasan resmi melalui siaran pers terkait IGRS dan rating gim di Steam. Ada regulasi yg melatarbelakanginya dan itu penting utk dipahami secara utuh lebih baik kita baca dulu isi siaran persnya. Link berita 👇
https://t.co/ZqxYukqDuP",2040840246364131780,,,in,,0,0,0,https://x.com/uchihagaming321/status/2040840246364131780,1895346672915587072,uchihagaming321,44,id,keep_id_anchor,False,ini bukan sekadar kabar yang dipelintir tapi penjelasan resmi melalui siaran pers terkait igrs dan rating game di steam ada regulasi yang melatarbelakanginya dan itu penting untuk dipahami secara utuh lebih baik kita baca dulu isi siaran persnya link berita,[],0,0,257,40,0,0,1,0.4132,0.022,1,1.0,4.838333333333333,74,0.0,0.0,0.0,0.0,1,0,0.8583647,0.40686557,-0.36916164,-0.6486875,319,-1
2040839708218138827,2026-04-05 17:11:18+00:00,1,temenku bilang igrs ntu indonesian gooner rating system 😭,2040839708218138827,,,in,,0,0,0,https://x.com/yeojinwibu/status/2040839708218138827,1763175669830397953,yeojinwibu,8,id,keep_id_anchor,False,temenku bilang igrs ntu indonesian gooner rating system,[],0,0,55,8,0,1,1,0.629,0.0099,1,1.0,4.802777777777778,74,0.0,0.0,0.0,0.0,1,0,0.9066695,0.33370003,-1.1185668,0.89661753,321,-1
2040685239228653915,2026-04-05 17:11:04+00:00,0,"@iPoopBased Niatnya mungkin bagus, tapi implementasi rating IGRS di Steam saat ini masih belum mudah dipahami. Perlu penjelasan yang lebih terbuka biar publik nggak salah tafsir",2040839653230809323,,iPoopBased,in,,0,0,0,https://x.com/Deewwiiiii/status/2040839653230809323,1171267827736571904,Deewwiiiii,26,id,keep_id_anchor,False,niatnya mungkin bagus tapi implementasi rating igrs di steam saat ini masih belum mudah dipahami perlu penjelasan yang lebih terbuka biar publik tidak salah tafsir,[],0,1,163,25,0,0,1,0.2477,0.0267,7,0.7,3.183611111111111,74,9.0,0.0,0.0,0.027777777777777776,1,1,0.8852247,0.42878246,-1.1414976,-0.3201409,323,-1
2040579308373332239,2026-04-05 17:08:09+00:00,0,"@ezash ""Bener banget, politik dan regulasi emang ngaruh ke hidup kita, jadi wajar kalo banyak yang penasaran. Mungkin IGRS bisa lebih transparan dan rapi lagi, biar kita semua lebih paham. Sistem baru emang butuh waktu, tapi perbaikan dan penjelasan yang jelas pasti lebih membantu🔥""",2040838918489456697,,ezash,in,,0,0,0,https://x.com/Ginanadia67421/status/2040838918489456697,1715676531035635712,Ginanadia67421,44,id,keep_id_anchor,False,benar banget politik dan regulasi emang ngaruh ke hidup kita jadi wajar kalau banyak yang penasaran mungkin igrs bisa lebih transparan dan rapi lagi biar kita semua lebih paham sistem baru emang butuh waktu tapi perbaikan dan penjelasan yang jelas pasti lebih membantu,[],0,1,268,43,0,0,1,0.4029,0.0177,3,0.75,4.029166666666667,74,3.0,0.0,0.0,0.0,3,1,0.84752953,0.24911106,0.50099266,-1.088876,326,-1
2040838728525152609,2026-04-05 17:07:24+00:00,0,"https://t.co/RLj0QqxCZf

IGRS",2040838728525152609,,,sl,,0,0,0,https://x.com/textcbnkuningan/status/2040838728525152609,1837521622540210180,textcbnkuningan,5,id,keep_id_anchor,False,igrs,[],0,0,4,1,1,0,1,0.0,0.0,1,1.0,4.737777777777778,74,0.0,0.0,0.0,0.0,0,0,1.0000001,0.28146854,-0.78018814,2.30597,328,-1
2040579308373332239,2026-04-05 17:07:06+00:00,0,"@ezash Wajar kalau isu politik dan regulasi bikin resah, tapi justru karena itu sistem kayak IGRS perlu dibenahi secara teknis dan dijelasin lebih transparan, karena namanya juga sistem baru pasti masih butuh waktu buat rapi.",2040838653099073725,,ezash,in,,0,1,0,https://x.com/PutriRahma32820/status/2040838653099073725,1908370125050568704,PutriRahma32820,35,id,keep_id_anchor,False,wajar kalau isu politik dan regulasi bikin resah tapi justru karena itu sistem seperti igrs perlu dibenahi secara teknis dan dijelasin lebih transparan karena namanya juga sistem baru pasti masih butuh waktu buat rapi,[],0,1,217,34,0,1,1,0.4825,0.0191,5,0.8333333333333334,3.6463888888888887,74,5.0,0.0,0.0,0.0,3,1,0.88185763,0.3078156,-0.011342275,-0.6809939,329,-1
2040684902866411853,2026-04-05 17:04:39+00:00,0,"@RRDelusi Kalau tidak salah yang muncul di Steam itu banyak yang masih data awal dari sistem self-declare developer, jadi belum tentu rating final dari IGRS. Memang di tahap awal biasanya masih ada penyesuaian, tujuan utamanya sebenarnya supaya ada panduan umur dan melindungi pemain muda",2040838036456640839,,RRDelusi,in,,0,5,0,https://x.com/yani09842577669/status/2040838036456640839,1930164158227722241,yani09842577669,45,id,keep_id_anchor,False,kalau tidak salah yang muncul di steam itu banyak yang masih data awal dari sistem self declare developer jadi belum tentu rating final dari igrs memang di tahap awal biasanya masih ada penyesuaian tujuan utamanya sebenarnya supaya ada panduan umur dan melindungi pemain muda,[],0,1,275,44,0,5,0,0.54,0.039,2,1.0,4.6627777777777775,74,1.0,0.0,0.0,0.0,1,0,0.9114841,0.39489785,-1.2207271,-0.5976157,334,-1
2040837893791617226,2026-04-05 17:04:05+00:00,0,"Buat yang mengikuti isu rating gim di Steam dan IGRS, penjelasan resmi sudah dirilis. Sebaiknya dibaca dulu biar dapat gambaran utuh https://t.co/dHJl301M73",2040837893791617226,,,in,,0,0,0,https://x.com/Florestone16736/status/2040837893791617226,2009593598195666944,Florestone16736,25,id,keep_id_anchor,False,buat yang mengikuti isu rating game di steam dan igrs penjelasan resmi sudah dirilis sebaiknya dibaca dulu biar dapat gambaran utuh,[],0,0,131,21,0,0,1,0.628,0.0127,2,1.0,4.645,74,1.0,0.0,0.0,0.0,1,0,0.9202864,0.4790414,-0.42229915,-0.2022514,337,-1
2040837596113473569,2026-04-05 17:02:54+00:00,0,"Biar diskusi soal IGRS &amp; rating gim di Steam lebih lengkap, ada siaran pers resmi yang menjelaskan konteksnya. Silakan dibaca dulu di sini: 
https://t.co/ktb0fsIdZv",2040837596113473569,,,in,,0,1,0,https://x.com/yani09842577669/status/2040837596113473569,1930164158227722241,yani09842577669,27,id,keep_id_anchor,False,biar diskusi soal igrs rating game di steam lebih lengkap ada siaran pers resmi yang menjelaskan konteksnya silakan dibaca dulu di sini,[],0,0,135,22,0,1,1,0.7017,0.0186,2,1.0,4.6627777777777775,74,1.0,0.0,0.0,0.0,1,0,0.9406271,0.45113084,-1.3495046,0.09650336,339,-1
2040837372775178540,2026-04-05 17:02:01+00:00,0,"Agar diskursus mengenai klasifikasi gim lebih berimbang, silakan simak siaran pers resmi terkait IGRS dan kebijakan rating di Steam melalui tautan ini. Yuk, baca dulu detailnya: 
https://t.co/0JRqz9XkXf…
#IGRS #SteamRating #IndustriGim #AkuSukaDiHumilateCeweYangLebihTua",2040837372775178540,,,in,,0,1,1,https://x.com/mniirtjak/status/2040837372775178540,1617165458440081408,mniirtjak,34,id,keep_id_anchor,False,agar diskursus mengenai klasifikasi game lebih berimbang silakan simak siaran pers resmi terkait igrs dan kebijakan rating di steam melalui tautan ini yuk baca dulu detailnya igrs steamrating industrigim akusukadihumilateceweyanglebihtua,[],0,0,237,30,0,2,0,1.0,0.0154,1,1.0,4.648055555555556,74,0.0,0.0,0.0,0.0,1,1,0.9868238,0.41540876,-0.69102955,-0.46406874,342,-1
2040579308373332239,2026-04-05 17:01:54+00:00,0,"@ezash Keresahannya valid, tapi justru karena ini ngaruh ke publik, sistem seperti IGRS perlu terus dibenahi dengan penjelasan yang lebih terbuka dan teknis yang lebih rapi.",2040837344992039033,,ezash,in,,0,0,0,https://x.com/ratihzatil1993/status/2040837344992039033,1869415215227650048,ratihzatil1993,26,id,keep_id_anchor,False,keresahannya valid tapi justru karena ini ngaruh ke publik sistem seperti igrs perlu terus dibenahi dengan penjelasan yang lebih terbuka dan teknis yang lebih rapi,[],0,1,163,25,0,0,1,0.4237,0.0118,1,1.0,4.646111111111111,74,1.0,0.0,0.0,0.0,3,0,0.81482804,0.32558367,-0.09191205,-0.52346134,343,-1
2040579308373332239,2026-04-05 17:01:52+00:00,0,"@ezash Gue paham kok keresahan soal politik dan regulasi itu valid, justru karena itu sistem kayak IGRS perlu terus dibenahi dan dijelasin lebih terbuka, karena wajar kalau di fase awal masih banyak yang belum rapi dan butuh waktu buat disempurnakan.",2040837334762156529,,ezash,in,,0,0,0,https://x.com/rpramestaa12/status/2040837334762156529,227248005,rpramestaa12,40,id,keep_id_anchor,False,saya paham kok keresahan soal politik dan regulasi itu valid justru karena itu sistem seperti igrs perlu terus dibenahi dan dijelasin lebih terbuka karena wajar kalau di fase awal masih banyak yang belum rapi dan butuh waktu buat disempurnakan,[],0,1,243,39,0,0,1,0.4825,0.0179,4,0.6666666666666666,3.430277777777778,74,5.0,0.0,0.0,0.0,3,1,0.88185763,0.30034003,-0.0626052,-0.5629459,344,-1
2040579308373332239,2026-04-05 17:01:50+00:00,0,"@ezash Dari sisi pengguna, sistem rating IGRS di Steam sekarang masih terasa kurang jelas. Tapi kalau ini bagian dari proses, semoga ada evaluasi dan penyempurnaan yang konsisten",2040837326860153122,,ezash,in,,0,0,0,https://x.com/Florestone16736/status/2040837326860153122,2009593598195666944,Florestone16736,27,id,keep_id_anchor,False,dari sisi pengguna sistem rating igrs di steam sekarang masih terasa kurang jelas tapi kalau ini bagian dari proses semoga ada evaluasi dan penyempurnaan yang konsisten,[],0,1,168,26,0,0,1,1.0,0.0109,2,1.0,4.645,74,1.0,0.0,0.0,0.0,1,1,0.99999976,0.42299807,-1.5749254,-0.08311799,345,-1
2040579308373332239,2026-04-05 17:00:47+00:00,0,"@ezash Dari sisi pengguna, sistem rating IGRS di Steam sekarang masih terasa kurang jelas. Tapi kalau ini bagian dari proses, semoga ada evaluasi dan penyempurnaan yang konsisten",2040837061977210995,,ezash,in,,0,0,0,https://x.com/Deewwiiiii/status/2040837061977210995,1171267827736571904,Deewwiiiii,27,id,keep_id_anchor,False,dari sisi pengguna sistem rating igrs di steam sekarang masih terasa kurang jelas tapi kalau ini bagian dari proses semoga ada evaluasi dan penyempurnaan yang konsisten,[],0,1,168,26,0,0,1,1.0,0.0109,7,0.7,3.183611111111111,74,9.0,0.0,0.0,0.027777777777777776,1,1,0.99999976,0.42299807,-1.5749254,-0.08311799,347,-1
2040836922365628643,2026-04-05 17:00:13+00:00,0,"Konsep rating nasional seperti IGRS ada bagusnya: bantu orang tua, kasih batas umur, jadi aturan developer.
Masalahnya di penerapan IGRS: ada gim besar kena status gak jelas, sementara yg lain ratingnya membingungkan. Ini tanda regulasi perlu diperbaiki, bkn cuma dibilang jelek.",2040836922365628643,,,in,,0,0,0,https://x.com/masgah_/status/2040836922365628643,1325068002979504133,masgah_,41,id,keep_id_anchor,False,konsep rating nasional seperti igrs ada bagusnya bantu orang tua kasih batas umur jadi aturan developer masalahnya di penerapan igrs ada game besar kena status tidak jelas sementara yang lain ratingnya membingungkan ini tanda regulasi perlu diperbaiki bkn cuma dibilang jelek,[],0,0,275,41,0,0,1,0.2699,0.0184,2,0.6666666666666666,4.5777777777777775,74,0.0,0.0,0.0,0.0,1,0,0.80595183,0.4286744,-1.0722163,-0.48183107,348,-1
2040836783051837526,2026-04-05 16:59:40+00:00,0,"hei jembut @kemkomdigi ga usah sok sokan bikin IGRS, kau urus judol saja ga becus",2040836783051837526,,,in,,0,0,0,https://x.com/8120_DAF/status/2040836783051837526,816488894711504896,8120_DAF,15,id,keep_id_anchor,False,hei jembut tidak usah sok sokan bikin igrs kau urus judol saja tidak becus,[],0,0,74,14,0,0,1,0.6978,0.0182,1,1.0,4.608888888888889,116,0.0,0.0,0.0,0.0,0,0,0.80654144,0.30692926,1.6610682,-0.11666409,349,-1
2040836314141237544,2026-04-05 16:57:48+00:00,0,"Jujur, rame soal IGRS &amp; rating gim di Steam bikin banyak orang khawatir. Gue juga kritis, tapi pengin lihat ini dengan kepala dingin.

Perlu dilurusin: rating di Steam bukan resmi pemerintah. Rating resmi di Indonesia pakai IGRS, buat batas usia, bukan asal blokir.",2040836314141237544,,,in,,0,0,0,https://x.com/masgah_/status/2040836314141237544,1325068002979504133,masgah_,43,id,keep_id_anchor,False,jujur rame soal igrs rating game di steam bikin banyak orang khawatir saya juga kritis tapi pengin lihat ini dengan kepala dingin perlu dilurusin rating di steam bukan resmi pemerintah rating resmi di indonesia pakai igrs buat batas usia bukan asal blokir,[],0,0,255,42,0,0,1,0.5364,0.0229,2,0.6666666666666666,4.5777777777777775,116,0.0,0.0,0.0,0.0,1,0,0.90115905,0.48582932,-0.8903306,-0.19257845,354,-1
2040835934028222620,2026-04-05 16:56:18+00:00,0,"""Perlu klarifikasi tentang IGRS dan rating gim di Steam? Saran aku, cek siaran pers resmi ini dulu biar lebih paham dan dapat gambaran lengkap sebelum ikut diskusi. Info lengkapnya ada di sini: 
https://t.co/QkyzRkCBfi",2040835934028222620,,,in,,0,0,0,https://x.com/Tessa44ut/status/2040835934028222620,2008760662961647625,Tessa44ut,36,id,keep_id_anchor,False,perlu klarifikasi tentang igrs dan rating game di steam saran aku cek siaran pers resmi ini dulu biar lebih paham dan dapat gambaran lengkap sebelum ikut diskusi info lengkapnya ada di sini,[],0,0,189,32,0,0,1,0.4714,0.0187,1,0.5,4.552777777777778,116,1.0,0.0,0.0,0.0,1,0,0.92648107,0.4390107,-0.9952762,0.10273376,356,-1
2040835594549633368,2026-04-05 16:54:57+00:00,0,IGRS NGACO BANGET ANYINGG,2040835594549633368,,,in,,0,0,0,https://x.com/swtpty/status/2040835594549633368,1206088394016608256,swtpty,4,en,keep_id_anchor,False,igrs ngaco banget anyingg,[],0,0,25,4,0,0,1,0.6335,0.0062,1,1.0,4.530277777777778,116,0.0,0.0,0.0,0.0,0,0,0.8987917,0.3174835,1.5225971,0.6078401,359,-1
2040582308789694688,2026-04-05 16:53:56+00:00,0,"@junwatu Saran dari kami team Bagus media Kita harus bedakan antara data awal dan keputusan final; rating IGRS di Steam masih self-declare. Tujuannya melindungi pemain muda, jadi wajar kalau tahap ini masih dikoreksi bersama",2040835339686941010,,junwatu,in,,0,0,0,https://x.com/Bagus_Media7/status/2040835339686941010,1641667244244733953,Bagus_Media7,35,id,keep_id_anchor,False,saran dari kami team bagus media kita harus bedakan antara data awal dan keputusan final rating igrs di steam masih self declare tujuannya melindungi pemain muda jadi wajar kalau tahap ini masih dikoreksi bersama,[],0,1,212,34,0,0,1,0.4708,0.0271,2,1.0,4.472222222222222,116,1.0,0.0,0.0,0.0,1,0,0.83770096,0.3728778,-0.8485518,-0.65061736,360,-1
2040834717029896600,2026-04-05 16:51:28+00:00,0,"Agar diskursus mengenai klasifikasi gim lebih berimbang, silakan simak siaran pers resmi terkait IGRS dan kebijakan rating di Steam melalui tautan ini. Yuk, baca dulu detailnya: 
https://t.co/BzxWABh2of
#IGRS #SteamRating #IndustriGim",2040834717029896600,,,in,,0,3,0,https://x.com/Bagus_Media7/status/2040834717029896600,1641667244244733953,Bagus_Media7,33,id,keep_id_anchor,False,agar diskursus mengenai klasifikasi game lebih berimbang silakan simak siaran pers resmi terkait igrs dan kebijakan rating di steam melalui tautan ini yuk baca dulu detailnya igrs steamrating industrigim,[],0,0,203,29,0,3,0,1.0,0.0154,2,1.0,4.472222222222222,116,1.0,0.0,0.0,0.0,1,1,0.9868238,0.41771272,-0.8247485,-0.39905635,363,-1
2040834535492063587,2026-04-05 16:50:44+00:00,0,"https://t.co/qwttGoCnY5
""IGRS dan rating gim di Steam jadi hot topic? Baca penjelasan resmi di sini dulu biar gak salah paham.",2040834535492063587,,,in,,0,2,0,https://x.com/IraAsri325610/status/2040834535492063587,1972267683854069760,IraAsri325610,23,id,keep_id_anchor,False,igrs dan rating game di steam jadi hot topic baca penjelasan resmi di sini dulu biar tidak salah paham,[],0,0,102,19,0,2,0,0.5658,0.0217,1,0.5,4.46,116,1.0,0.0,0.0,0.0,1,0,0.9646963,0.48906586,-0.92314655,-0.40737453,365,-1
2040834519906005405,2026-04-05 16:50:41+00:00,0,"Yuk kita simak penjelasan/siaran pers resmi tentang IGRS &amp; rating gim di Steam di link berikut 
https://t.co/udO8E2wrsE",2040834519906005405,,,in,,0,0,0,https://x.com/Bbiyaku/status/2040834519906005405,1912342691763154944,Bbiyaku,21,id,keep_id_anchor,False,yuk kita simak penjelasan siaran pers resmi tentang igrs rating game di steam di link berikut,[],0,0,93,16,0,0,1,0.6551,0.0173,1,1.0,4.4591666666666665,116,0.0,0.0,0.0,0.0,1,0,0.9652399,0.45790836,-1.1708447,0.11758252,366,-1
2040834455724785868,2026-04-05 16:50:25+00:00,0,"https://t.co/Sc1iOATufe
Untuk yang sedang ikut bahas tentang IGRS dan rating game di Steam, yuk cek rilis resmi dari pihak terkait di sini dulu ya, jadi informasi yang kita dapetin lebih jelas dan akurat",2040834455724785868,,,in,,0,0,0,https://x.com/Fatiyazean/status/2040834455724785868,1936732324785467392,Fatiyazean,36,id,keep_id_anchor,False,untuk yang sedang ikut bahas tentang igrs dan rating game di steam yuk cek rilis resmi dari pihak terkait di sini dulu ya jadi informasi yang kita dapetin lebih jelas dan akurat,[],0,0,177,32,0,0,1,0.4875,0.0141,2,0.6666666666666666,4.380833333333333,116,2.0,0.0,0.0,0.0,1,1,0.9138006,0.47082862,-0.8217452,-0.18191747,368,-1
2040834046473941222,2026-04-05 16:48:48+00:00,0,"Buat yang butuh referensi soal isu IGRS dan rating di Steam, ini penjelasan resminya sudah dirilis. Mungkin baik dibaca dulu biar informasinya lebih lengkap: https://t.co/FQwzAZE5VF",2040834046473941222,,,in,,0,0,0,https://x.com/PPopurii/status/2040834046473941222,1860168566009630720,PPopurii,28,id,keep_id_anchor,False,buat yang butuh referensi soal isu igrs dan rating di steam ini penjelasan resminya sudah dirilis mungkin baik dibaca dulu biar informasinya lebih lengkap,[],0,0,154,24,0,0,1,1.0,0.0131,1,1.0,4.427777777777778,116,0.0,0.0,0.0,0.0,1,1,0.9999999,0.40412664,-0.6990093,0.4528689,370,-1
2040833695444275456,2026-04-05 16:47:24+00:00,0,Info rating igrs yang benar ada di sini silahkan di buka biar pada ga salah paham https://t.co/zZjGRSyJ3b,2040833695444275456,,,in,,0,0,0,https://x.com/dianasrirahay/status/2040833695444275456,2018322776210452480,dianasrirahay,20,id,keep_id_anchor,False,info rating igrs yang benar ada di sini silahkan di buka biar pada tidak salah paham,[],0,0,84,16,0,0,1,0.6019,0.0186,1,1.0,4.404444444444445,116,0.0,0.0,0.0,0.0,1,0,0.88057506,0.37688437,-1.5064646,1.0284911,373,-1
2040833559301325185,2026-04-05 16:46:52+00:00,1,"Penjelasan resmi terkait IGRS dan rating gim di Steam sudah tersedia. Sebaiknya cek dulu informasinya sebelum menarik kesimpulan lebih jauh: https://t.co/3CmI0xCyEQ
#IGRS #Steam #RatingGim #SiaranPers #LiterasiDigital",2040833559301325185,,,in,,0,1,0,https://x.com/stefanyreza2000/status/2040833559301325185,1861260662514819074,stefanyreza2000,29,id,keep_id_anchor,False,penjelasan resmi terkait igrs dan rating game di steam sudah tersedia sebaiknya cek dulu informasinya sebelum menarik kesimpulan lebih jauh igrs steam ratinggim siaranpers literasidigital,[],0,0,187,25,0,2,0,0.6334,0.0131,1,1.0,4.395555555555555,116,0.0,0.0,0.0,0.0,1,0,0.918834,0.45170906,-1.3206868,-0.10681913,374,-1
2040833381064450344,2026-04-05 16:46:09+00:00,0,"Ini penjelasan/siaran pers resmi soal IGRS &amp; rating gim di Steam, mungkin bisa dibaca dulu sebelum berpendapat lebih jauh https://t.co/eiH9EiJBaa",2040833381064450344,,,in,,0,0,0,https://x.com/yuka_riza/status/2040833381064450344,1809286535126347777,yuka_riza,24,id,keep_id_anchor,False,ini penjelasan siaran pers resmi soal igrs rating game di steam mungkin bisa dibaca dulu sebelum berpendapat lebih jauh,[],0,0,119,19,0,0,1,0.6551,0.0174,1,1.0,4.383611111111111,116,0.0,0.0,0.0,0.0,1,0,0.9529735,0.47776183,-1.2612087,-0.058265734,376,-1
2040833353331638313,2026-04-05 16:46:02+00:00,0,"Indonesia Game Rating System (IGRS) adalah sistem klasifikasi permainan interaktif yang resmi diluncurkan kembali oleh Kementerian Komunikasi dan Digital (Kemkomdigi) pada acara IGDX 2025 di Bali, Oktober 2025 

Game yg sangat aman dengan usia Semua umur https://t.co/3GYMdncGEX",2040833353331638313,https://pbs.twimg.com/media/HFJ_HUdaYAAJlc6.jpg,,in,,0,0,0,https://x.com/opusabiemanyu23/status/2040833353331638313,1543994129683689473,opusabiemanyu23,40,id,keep_id_anchor,False,indonesia game rating system igrs adalah sistem klasifikasi permainan interaktif yang resmi diluncurkan kembali oleh kementerian komunikasi dan digital kemkomdigi pada acara igdx di bali oktober game yang sangat aman dengan usia semua umur,[],0,0,239,34,0,0,1,0.7978,0.017,1,1.0,4.381666666666667,116,0.0,0.0,0.0,0.0,1,0,0.8997122,0.3387385,-1.6544383,0.54486173,379,-1
2040443737466405115,2026-04-05 16:45:59+00:00,0,"@mog_mediaa Yang penting diketahui nih, rating IGRS di Steam banyak masih data awal/self-declare belum final, tujuan utamanya lindungi pemain muda dan menata ekosistem game, jadi wajar aja kalau fase awal masih perlu disesuaikan bareng.",2040833338144104954,,mog_mediaa,in,,0,1,0,https://x.com/Fatiyazean/status/2040833338144104954,1936732324785467392,Fatiyazean,36,id,keep_id_anchor,False,yang penting diketahui ini rating igrs di steam banyak masih data awal self declare belum final tujuan utamanya lindungi pemain muda dan menata ekosistem game jadi wajar aja kalau fase awal masih perlu disesuaikan bareng,[],0,1,220,35,0,1,1,0.7423,0.0287,2,0.6666666666666666,4.380833333333333,116,2.0,0.0,0.0,0.0,1,1,0.95791554,0.4405956,-1.3644279,-0.6546598,380,-1
2040443737466405115,2026-04-05 16:45:36+00:00,0,"@mog_mediaa rating IGRS di Steam saat ini masih banyak yang bersifat awal/self-declare dan belum final, jadi wajar kalau terlihat belum konsisten.tujuannya melindungi pemain muda dan menata ekosistem game.",2040833241675104319,,mog_mediaa,in,,0,0,0,https://x.com/NganjukSun23590/status/2040833241675104319,1949393136725442560,NganjukSun23590,31,id,keep_id_anchor,False,rating igrs di steam saat ini masih banyak yang bersifat awal self declare dan belum final jadi wajar kalau terlihat belum konsisten tujuannya melindungi pemain muda dan menata ekosistem game,[],0,1,191,30,0,0,1,0.6442,0.028,4,0.8,3.8466666666666667,116,4.0,0.0,0.0,0.0,1,1,0.96498,0.46069872,-1.3517671,-0.5780267,381,-1
2040443737466405115,2026-04-05 16:45:27+00:00,0,"@mog_mediaa Sebagai tambahan informasi, rating IGRS yang tampil di Steam saat ini banyak yang masih tahap awal/self-declare sehingga kemungkinan masih akan diperjelas seiring prosesnya.",2040833204555534697,,mog_mediaa,in,,0,0,0,https://x.com/Alizazaina94321/status/2040833204555534697,1735829180502405120,Alizazaina94321,26,id,keep_id_anchor,False,sebagai tambahan informasi rating igrs yang tampil di steam saat ini banyak yang masih tahap awal self declare sehingga kemungkinan masih akan diperjelas seiring prosesnya,[],0,1,171,25,0,0,1,0.434,0.0184,6,1.0,3.9175,116,5.0,0.0,0.0,0.0,1,1,0.9051088,0.3890268,-1.4175156,0.12289828,382,-1
2040443737466405115,2026-04-05 16:42:49+00:00,0,@mog_mediaa Aku mau menjelaskan sistem IGRS yang ada di Steam sekarang itu datanya bersifat awal atau prototipe tujuannya dibuat seperti ini adalah melindungi pemain muda dari filter permainan yang tidak benar yang belum sesuai dengan usia mereka.,2040832542757331194,,mog_mediaa,in,,0,0,0,https://x.com/andybalala19/status/2040832542757331194,1399951844000997378,andybalala19,37,id,keep_id_anchor,False,aku mau menjelaskan sistem igrs yang ada di steam sekarang itu datanya bersifat awal atau prototipe tujuannya dibuat seperti ini adalah melindungi pemain muda dari filter permainan yang tidak benar yang belum sesuai dengan usia mereka,[],0,1,234,36,0,0,1,0.4171,0.0224,4,0.6666666666666666,3.713611111111111,116,5.0,0.0,0.0,0.0,1,1,0.8541065,0.39220634,-0.9793708,-0.7741899,386,-1
2040443737466405115,2026-04-05 16:42:12+00:00,0,"@mog_mediaa Banyak yang lihat rating IGRS di Steam terus langsung kaget, padahal sebagian besar itu masih self-declare dari developer, jadi belum final dan masih bisa berubah.",2040832385470853490,,mog_mediaa,in,,0,0,0,https://x.com/dwi_wahyu007/status/2040832385470853490,498967058,dwi_wahyu007,27,id,keep_id_anchor,False,banyak yang lihat rating igrs di steam terus langsung kaget padahal sebagian besar itu masih self declare dari developer jadi belum final dan masih bisa berubah,[],0,1,160,26,0,0,1,0.5062,0.0252,1,1.0,4.317777777777778,116,1.0,0.0,0.0,0.0,1,0,0.94541967,0.40495586,-1.2759128,-0.063457645,388,-1
2040443737466405115,2026-04-05 16:42:08+00:00,0,"@mog_mediaa IGRS di Steam sekarang banyak yang masih data awal/selfdeclare dan belum final, atau mengingatkan bahwa niat utamanya adalah melindungi pemain muda dan menata ekosistem game, sehingga wajar kalau di fase awal masih ada hal yang perlu disesuaikan dan diperjelas bersama.",2040832370098704523,,mog_mediaa,in,,0,0,0,https://x.com/noviarguna72100/status/2040832370098704523,2004965320587706370,noviarguna72100,42,id,keep_id_anchor,False,igrs di steam sekarang banyak yang masih data awal self declare dan belum final atau mengingatkan bahwa niat utamanya adalah melindungi pemain muda dan menata ekosistem game sehingga wajar kalau di fase awal masih ada hal yang perlu disesuaikan dan diperjelas bersama,[],0,1,267,42,0,0,1,1.0,0.0277,6,0.6666666666666666,3.2152777777777777,116,7.0,0.0,0.0,0.0,1,1,0.9978963,0.40945697,-1.1078815,-0.4780638,389,-1
2040443737466405115,2026-04-05 16:41:54+00:00,1,"@mog_mediaa IGRS di Steam itu masih banyak yang pakai data awal/self-declare jadi belum final, dan memang tujuannya buat lindungi pemain muda sekaligus ngerapihin ekosistem game, jadi wajar kalau di fase awal masih ada yang perlu disesuaikan bareng.",2040832312699678855,,mog_mediaa,in,,0,0,0,https://x.com/rpramestaa12/status/2040832312699678855,227248005,rpramestaa12,39,id,keep_id_anchor,False,igrs di steam itu masih banyak yang pakai data awal self declare jadi belum final dan memang tujuannya buat lindungi pemain muda sekaligus ngerapihin ekosistem game jadi wajar kalau di fase awal masih ada yang perlu disesuaikan bareng,[],0,1,234,38,0,1,1,0.7423,0.0281,4,0.6666666666666666,3.430277777777778,116,5.0,0.0,0.0,0.0,1,1,0.96376437,0.411599,-1.0058765,-0.7498775,391,-1
2040443737466405115,2026-04-05 16:41:51+00:00,0,@mog_mediaa Perlu dipahami kalau rating IGRS di Steam belum final dan masih tahap laporan awal untuk merapikan ekosistem gim agar lebih aman bagi anak-anak,2040832297872879670,,mog_mediaa,in,,0,0,0,https://x.com/carapaklek/status/2040832297872879670,230755427,carapaklek,25,id,keep_id_anchor,False,perlu dipahami kalau rating igrs di steam belum final dan masih tahap laporan awal untuk merapikan ekosistem game agar lebih aman bagi anak anak,[],0,1,144,24,0,0,1,1.0,0.0207,7,0.7777777777777778,3.303611111111111,116,8.0,0.0,0.0,0.0,1,1,0.99999964,0.4558667,-1.2833748,-0.629762,392,-1
2040443737466405115,2026-04-05 16:41:29+00:00,0,@mog_mediaa Rating IGRS di steam masih data awal jadi masih perlu banyak perbaikan,2040832204713148427,,mog_mediaa,in,,0,0,0,https://x.com/mintozaki75/status/2040832204713148427,1761381895903059968,mintozaki75,13,id,keep_id_anchor,False,rating igrs di steam masih data awal jadi masih perlu banyak perbaikan,[],0,1,70,12,0,0,1,0.5565,0.0196,3,1.0,3.826388888888889,116,2.0,0.0,0.0,0.0,1,1,0.83728254,0.3274183,-1.6360271,0.19086415,394,-1
2040443737466405115,2026-04-05 16:41:14+00:00,0,"@mog_mediaa Banyak yang belum tahu, rating IGRS di Steam saat ini sebagian masih data awal/self-declare dan belum final, jadi wajar kalau masih ada yang perlu disempurnakan sambil tetap fokus ke tujuan utamanya melindungi pemain muda.",2040832145082692037,,mog_mediaa,in,,0,0,0,https://x.com/Adiety333/status/2040832145082692037,1202870884165242880,Adiety333,37,id,keep_id_anchor,False,banyak yang belum tahu rating igrs di steam saat ini sebagian masih data awal self declare dan belum final jadi wajar kalau masih ada yang perlu disempurnakan sambil tetap fokus ke tujuan utamanya melindungi pemain muda,[],0,1,219,36,0,0,1,0.6536,0.0315,5,0.8333333333333334,3.651666666666667,116,5.0,0.0,0.0,0.0,1,1,0.95701987,0.43026963,-1.2730488,-0.54604495,395,-1
2040443737466405115,2026-04-05 16:41:14+00:00,0,"@mog_mediaa Sedikit meluruskan, rating IGRS yang muncul di Steam saat ini masih banyak yang berupa data awal/self-declare, jadi wajar kalau masih ada penyesuaian sambil tetap fokus melindungi pemain muda.",2040832142121549893,,mog_mediaa,in,,0,0,0,https://x.com/MRidhonew16179/status/2040832142121549893,1923899742062510083,MRidhonew16179,31,id,keep_id_anchor,False,sedikit meluruskan rating igrs yang muncul di steam saat ini masih banyak yang berupa data awal self declare jadi wajar kalau masih ada penyesuaian sambil tetap fokus melindungi pemain muda,[],0,1,189,30,0,0,1,0.6311,0.0289,4,0.8,3.336388888888889,116,4.0,0.0,0.0,0.0,1,1,0.9730226,0.43213272,-1.0615666,-0.7587954,396,-1
2040443737466405115,2026-04-05 16:40:52+00:00,0,"@mog_mediaa Perlu diingat, sistem rating IGRS di Steam ini masih tahap penyesuaian dan sebagian datanya belum final, jadi lebih baik dipahami dulu konteksnya karena tujuannya memang untuk menata ekosistem game dan menjaga pemain usia muda.",2040832050870255917,,mog_mediaa,in,,0,0,0,https://x.com/PutriRahma32820/status/2040832050870255917,1908370125050568704,PutriRahma32820,35,id,keep_id_anchor,False,perlu diingat sistem rating igrs di steam ini masih tahap penyesuaian dan sebagian datanya belum final jadi lebih baik dipahami dulu konteksnya karena tujuannya memang untuk menata ekosistem game dan menjaga pemain usia muda,[],0,1,224,34,0,0,1,0.4163,0.0248,5,0.8333333333333334,3.6463888888888887,116,5.0,0.0,0.0,0.0,1,1,0.9025804,0.43825355,-1.3386825,-0.7348107,398,-1
2040491792295186826,2026-04-05 16:40:40+00:00,0,"@badakmeledak_ Rating IGRS di Steam masih dalam proses, banyak yang self-declare dan belum final. Niatnya baik, lindungi pemain muda dan tata ekosistem game, yuk sama-sama paham.",2040832000475775131,,badakmeledak_,in,,0,0,0,https://x.com/rahayu49384/status/2040832000475775131,1911651578336985088,rahayu49384,28,id,keep_id_anchor,False,rating igrs di steam masih dalam proses banyak yang self declare dan belum final niatnya baik lindungi pemain muda dan tata ekosistem game yuk sama sama paham,[],0,1,158,27,0,0,1,0.6311,0.0276,6,1.0,3.855,116,5.0,0.0,0.0,0.0,1,1,0.9533112,0.48051873,-1.3769941,-0.40809795,400,-1
2040582308789694688,2026-04-05 16:40:30+00:00,0,@junwatu rating IGRS di Steam kayak nya masih data awal dan belum final jadi wajar saja kalo masih butuh proses penyesuaian biar ekosistem game lebih baik lg,2040831960101302684,,junwatu,in,,0,0,0,https://x.com/Dadangsutrisn0/status/2040831960101302684,1748686169800658944,Dadangsutrisn0,27,id,keep_id_anchor,False,rating igrs di steam seperti nya masih data awal dan belum final jadi wajar saja kalau masih butuh proses penyesuaian biar ekosistem game lebih baik lg,[],0,1,151,26,0,0,1,0.4847,0.0259,2,1.0,4.164722222222222,116,2.0,0.0,0.0,0.0,1,1,0.915678,0.42960647,-1.299647,-0.7448592,401,-1
2040479018034630743,2026-04-05 16:39:48+00:00,0,"@cryofantasia Saran saya dina purnamasari Jujur memang tampilan rating IGRS di Steam ini membingungkan. Tapi, sistem baru butuh waktu penyesuaian. Semoga transparansi kriteria dan edukasi rutin terus ditingkatkan demi perbaikan yang berkelanjutan ya",2040831784104182017,,cryofantasia,in,,0,0,0,https://x.com/DinaPur468/status/2040831784104182017,1558856424054456320,DinaPur468,33,id,keep_id_anchor,False,saran saya dina purnamasari jujur memang tampilan rating igrs di steam ini membingungkan tapi sistem baru butuh waktu penyesuaian semoga transparansi kriteria dan edukasi rutin terus ditingkatkan demi perbaikan yang berkelanjutan ya,[],0,1,232,32,0,0,1,0.6324,0.0107,2,1.0,4.198333333333333,116,1.0,0.0,0.0,0.0,1,0,0.86802804,0.37820122,-0.6228094,-0.62206143,402,-1
2040645711650509022,2026-04-05 16:38:51+00:00,0,"@rayrestufauzi Santai dulu guys, banyak rating IGRS di Steam masih data awal/self-declare, jadi belum final. Fokus ke niat baiknya, melindungi pemain muda dan ekosistem game. Wajar ada penyesuaian di fase awal, kita sama-sama belajar 😊.",2040831543569174658,,rayrestufauzi,in,,0,5,0,https://x.com/rahayu49384/status/2040831543569174658,1911651578336985088,rahayu49384,37,id,keep_id_anchor,False,santai dulu guys banyak rating igrs di steam masih data awal self declare jadi belum final fokus ke niat baiknya melindungi pemain muda dan ekosistem game wajar ada penyesuaian di fase awal kita sama sama belajar,[],0,1,212,36,0,5,0,0.6666,0.0289,6,1.0,3.855,116,5.0,0.0,0.0,0.0,1,1,0.95316935,0.4609433,-0.85647243,-1.0199298,405,-1
2040831328724414937,2026-04-05 16:38:00+00:00,0,"IGRS itu apa sih?
Sederhananya, IGRS adalah sistem klasifikasi usia untuk gim di Indonesia.

Tujuannya:
- Membantu orang tua dan pemain memilih gim yang sesuai usia
- Melindungi anak dari konten yang tidak pas
- Memberi kepastian aturan bagi pengembang lokal dan global",2040831328724414937,,,in,,0,0,0,https://x.com/bantalkusam_id/status/2040831328724414937,1435291689581641731,bantalkusam_id,40,id,keep_id_anchor,False,igrs itu apa sih sederhananya igrs adalah sistem klasifikasi usia untuk game di indonesia tujuannya membantu orang tua dan pemain memilih game yang sesuai usia melindungi anak dari konten yang tidak pas memberi kepastian aturan bagi pengembang lokal dan global,[],0,0,260,40,0,0,1,0.359,0.025,3,1.0,4.194444444444445,116,0.0,0.0,0.0,0.0,1,0,0.819927,0.3360323,-1.2367722,0.17837022,406,-1
2040582308789694688,2026-04-05 16:37:54+00:00,0,"@junwatu Perlu dilihat juga bahwa sebagian rating IGRS di Steam masih berbasis deklarasi awal developer dan belum final, karena sistem ini masih dalam proses penyesuaian.",2040831304993054877,,junwatu,in,,0,1,0,https://x.com/Alizazaina94321/status/2040831304993054877,1735829180502405120,Alizazaina94321,25,id,keep_id_anchor,False,perlu dilihat juga bahwa sebagian rating igrs di steam masih berbasis deklarasi awal developer dan belum final karena sistem ini masih dalam proses penyesuaian,[],0,1,159,24,0,1,1,0.5851,0.0231,6,1.0,3.9175,116,5.0,0.0,0.0,0.0,1,1,0.91742,0.34665215,-1.7417042,0.15693839,407,-1
2040831202576498958,2026-04-05 16:37:30+00:00,0,"Kalau lagi ngikutin diskusi soal rating gim di Steam dan IGRS, ada rilis resmi yang menjelaskan posisinya. Mungkin bisa dibaca dulu untuk melengkapi informasi: https://t.co/IVY4RhX3JQ",2040831202576498958,,,in,,0,0,0,https://x.com/bobbymenra/status/2040831202576498958,1901532304541208576,bobbymenra,28,id,keep_id_anchor,False,kalau lagi ngikutin diskusi soal rating game di steam dan igrs ada rilis resmi yang menjelaskan posisinya mungkin bisa dibaca dulu untuk melengkapi informasi,[],0,0,157,24,0,0,1,0.4875,0.0118,2,1.0,4.239444444444445,116,1.0,0.0,0.0,0.0,1,0,0.92528725,0.43862346,-1.3996643,-0.12835428,408,-1
2040645711650509022,2026-04-05 16:37:01+00:00,0,"@rayrestufauzi Kalau mengikuti mekanismenya, sebagian rating IGRS di Steam saat ini masih self-declare dan belum hasil penilaian akhir, karena sistemnya memang masih berkembang untuk penataan ekosistem game.",2040831081159835822,,rayrestufauzi,in,,0,0,0,https://x.com/Alizazaina94321/status/2040831081159835822,1735829180502405120,Alizazaina94321,28,id,keep_id_anchor,False,kalau mengikuti mekanismenya sebagian rating igrs di steam saat ini masih self declare dan belum hasil penilaian akhir karena sistemnya memang masih berkembang untuk penataan ekosistem game,[],0,1,189,27,0,0,1,0.439,0.0219,6,1.0,3.9175,116,5.0,0.0,0.0,0.0,1,1,0.8716819,0.4259156,-1.2061137,-0.55866265,409,-1
2040831037966815612,2026-04-05 16:36:50+00:00,0,"Buat kalian yang ngikutin rame IGRS &amp; rating gim di Steam, penjelasannya boleh di baca dulu siaran pers resminya.
biar info yang beredar lebih lengkap : 

https://t.co/8re0L94arj",2040831037966815612,,,in,,0,0,0,https://x.com/FitriyaniT15600/status/2040831037966815612,1755945409435033600,FitriyaniT15600,29,id,keep_id_anchor,False,buat kalian yang ngikutin rame igrs rating game di steam penjelasannya boleh di baca dulu siaran pers resminya biar info yang beredar lebih lengkap,[],0,0,147,24,0,0,1,0.4592,0.0164,1,1.0,4.2283333333333335,116,0.0,0.0,0.0,0.0,1,0,0.93386424,0.45909718,-0.9215118,0.20729165,410,-1
2040491792295186826,2026-04-05 16:35:14+00:00,0,"@badakmeledak_ Sedikit konteks saja, rating IGRS yang muncul di Steam sekarang banyak yang masih deklarasi awal dari developer, jadi kemungkinan masih akan disempurnakan karena tujuannya memang untuk panduan usia pemain.",2040830633623409031,,badakmeledak_,in,,0,0,0,https://x.com/Ginanadia67421/status/2040830633623409031,1715676531035635712,Ginanadia67421,30,id,keep_id_anchor,False,sedikit konteks saja rating igrs yang muncul di steam sekarang banyak yang masih deklarasi awal dari developer jadi kemungkinan masih akan disempurnakan karena tujuannya memang untuk panduan usia pemain,[],0,1,202,29,0,0,1,0.3631,0.0159,3,0.75,4.029166666666667,116,3.0,0.0,0.0,0.0,1,1,0.9018359,0.4211659,-1.2415422,-0.51884747,414,-1
2040830628602810528,2026-04-05 16:35:13+00:00,0,"Buat yang lagi mengikuti isu IGRS dan rating gim di Steam, ini ada siaran pers resmi yang menjelaskan konteksnya. Bisa dibaca dulu biar dapat gambaran yang lebih utuh: https://t.co/7oUselpRmm",2040830628602810528,,,in,,0,0,0,https://x.com/rinimaulida008/status/2040830628602810528,1864930724761186304,rinimaulida008,32,id,keep_id_anchor,False,buat yang lagi mengikuti isu igrs dan rating game di steam ini ada siaran pers resmi yang menjelaskan konteksnya bisa dibaca dulu biar dapat gambaran yang lebih utuh,[],0,0,165,28,0,0,1,0.628,0.0155,2,1.0,4.171388888888889,116,1.0,0.0,0.0,0.0,1,0,0.94243294,0.41249207,-0.68522155,-0.14163248,415,-1
2040830581450428585,2026-04-05 16:35:02+00:00,1,"Berikut adalah pesannya:
Pahami dulu aturan IGRS dan rating gim di Steam lewat siaran pers resmi ini. Ada baiknya baca informasinya sampai tuntas sebelum berpendapat lebih jauh.
https://t.co/0WZENiHplO 
#IGRS #Steam #GameRating",2040830581450428585,,,in,,0,0,0,https://x.com/DinaPur468/status/2040830581450428585,1558856424054456320,DinaPur468,34,id,keep_id_anchor,False,berikut adalah pesannya pahami dulu aturan igrs dan rating game di steam lewat siaran pers resmi ini ada baiknya baca informasinya sampai tuntas sebelum berpendapat lebih jauh igrs steam gamerating,[],0,0,197,30,0,1,1,0.5282,0.0157,2,1.0,4.198333333333333,116,1.0,0.0,0.0,0.0,1,0,0.87445164,0.46205962,-0.8580476,-0.16321541,416,-1
2040830524365885841,2026-04-05 16:34:48+00:00,0,"Banyak yang bahas rating gim di Steam dan IGRS. Wajar kalau muncul pertanyaan di kalangan gamer dan developer saat ini.

Rating di Steam untuk Indonesia bukan resmi pemerintah. Rating resmi pakai IGRS sesuai aturan yang berlaku di Indonesia.

Penjelasan:
https://t.co/znTzTjoAIL",2040830524365885841,,,in,,0,0,0,https://x.com/bantalkusam_id/status/2040830524365885841,1435291689581641731,bantalkusam_id,43,id,keep_id_anchor,False,banyak yang bahas rating game di steam dan igrs wajar kalau muncul pertanyaan di kalangan gamer dan developer saat ini rating di steam untuk indonesia bukan resmi pemerintah rating resmi pakai igrs sesuai aturan yang berlaku di indonesia penjelasan,[],0,0,248,39,0,0,1,0.4613,0.0248,3,1.0,4.194444444444445,116,0.0,0.0,0.0,0.0,1,0,0.9086136,0.4350879,-1.6394595,-0.35811737,417,-1
2040830494250787003,2026-04-05 16:34:41+00:00,0,"WKWKWK gue lebih percaya steam dan om gaben dibanding lu pada. alasan apa yang membuat steam tampilin rating palsu coba? gak ada IGRS juga biasanya steam pake rating ESRB, ya pasti ada permintaan lah dari yang bersangkutan, bodoh-bodoh jir alasannya",2040830494250787003,,,in,,0,0,0,https://x.com/SerMorningstar/status/2040830494250787003,1493660451997360128,SerMorningstar,41,id,keep_id_anchor,False,wkwkwk saya lebih percaya steam dan om gaben dibanding kamu pada alasan apa yang membuat steam tampilin rating palsu coba tidak ada igrs juga biasanya steam pake rating esrb ya pasti ada permintaan lah dari yang bersangkutan bodoh bodoh jir alasannya,[],0,0,250,41,0,0,1,0.3915,0.0136,1,1.0,4.1925,116,0.0,0.0,0.0,0.0,1,0,0.8693117,0.3872792,-0.15031072,-0.58506423,418,-1
2040645711650509022,2026-04-05 16:34:33+00:00,0,"@rayrestufauzi Sedikit konteks, rating IGRS yang sekarang terlihat masih banyak yang belum final karena masih fase awal penyesuaian sistem untuk melindungi pemain muda.",2040830461845582153,,rayrestufauzi,in,,0,1,0,https://x.com/JancokAsu893230/status/2040830461845582153,1793661894408155136,JancokAsu893230,23,id,keep_id_anchor,False,sedikit konteks rating igrs yang sekarang terlihat masih banyak yang belum final karena masih fase awal penyesuaian sistem untuk melindungi pemain muda,[],0,1,151,22,0,1,1,0.4582,0.0262,5,0.8333333333333334,3.366388888888889,116,5.0,0.0,0.0,0.0,1,1,0.92080414,0.42125198,-1.2130722,-0.40489167,419,-1
2040645711650509022,2026-04-05 16:34:01+00:00,0,"@rayrestufauzi Perlu diingat juga, banyak rating IGRS di Steam saat ini masih berupa data awal atau self-declare dari developer, jadi belum semuanya final karena sistemnya masih dalam tahap penyesuaian untuk perlindungan pemain muda.",2040830326344429609,,rayrestufauzi,in,,0,1,0,https://x.com/Ginanadia67421/status/2040830326344429609,1715676531035635712,Ginanadia67421,34,id,keep_id_anchor,False,perlu diingat juga banyak rating igrs di steam saat ini masih berupa data awal atau self declare dari developer jadi belum semuanya final karena sistemnya masih dalam tahap penyesuaian untuk perlindungan pemain muda,[],0,1,215,33,0,1,1,0.5994,0.0313,3,0.75,4.029166666666667,116,3.0,0.0,0.0,0.0,1,1,0.920461,0.42737058,-1.4165175,-0.3622492,420,-1
2040479018034630743,2026-04-05 16:33:41+00:00,0,"@cryofantasia IGRS di Steam saat ini masih dlm tahap transisi, sehingga beberapa rating bs aja berubah setelah ada peninjauan ulang. Ini hal yg cukup wajar di tahap awal😀",2040830243376894325,,cryofantasia,in,,0,0,0,https://x.com/ayoitsmoy/status/2040830243376894325,1411105269757595652,ayoitsmoy,28,id,keep_id_anchor,False,igrs di steam saat ini masih dlm tahap transisi sehingga beberapa rating bs aja berubah setelah ada peninjauan ulang ini hal yang cukup wajar di tahap awal,[],0,1,155,27,0,0,1,0.2363,0.0112,3,0.75,3.3136111111111113,116,3.0,0.0,0.0,0.0,1,1,0.8250475,0.3313342,-0.92121965,-0.12408824,421,-1
2040640511946686843,2026-04-05 16:33:25+00:00,0,"@kukuhya Sedikit meluruskan ya, rating IGRS yang muncul di Steam itu banyak yang masih tahap awal/self declare dari developer, jadi belum final sepenuhnya. Wajar kalau sekarang masih ada yang terasa kurang pas, karena memang lagi proses penyesuaian.",2040830175815065683,,kukuhya,in,,1,6,0,https://x.com/rinimaulida008/status/2040830175815065683,1864930724761186304,rinimaulida008,38,id,keep_id_anchor,False,sedikit meluruskan ya rating igrs yang muncul di steam itu banyak yang masih tahap awal self declare dari developer jadi belum final sepenuhnya wajar kalau sekarang masih ada yang terasa kurang pas karena memang lagi proses penyesuaian,[],0,1,235,37,0,7,0,0.6822,0.0288,2,1.0,4.171388888888889,116,1.0,0.0,0.0,0.0,1,0,0.970326,0.4037575,-0.8086677,-0.508155,422,-1
2040645711650509022,2026-04-05 16:33:12+00:00,0,"@rayrestufauzi Sedikit meluruskan, rating IGRS yang tampil di Steam saat ini banyak yang masih data awal/self-declare dan belum final, jadi wajar kalau masih ada yang disesuaikan sambil tetap fokus melindungi pemain muda.",2040830120458588227,,rayrestufauzi,in,,0,1,0,https://x.com/MRidhonew16179/status/2040830120458588227,1923899742062510083,MRidhonew16179,34,id,keep_id_anchor,False,sedikit meluruskan rating igrs yang tampil di steam saat ini banyak yang masih data awal self declare dan belum final jadi wajar kalau masih ada yang disesuaikan sambil tetap fokus melindungi pemain muda,[],0,1,203,33,0,1,1,0.6536,0.0307,4,0.8,3.336388888888889,116,4.0,0.0,0.0,0.0,1,1,0.9730226,0.44810805,-1.2027532,-0.47781065,423,-1
2040645711650509022,2026-04-05 16:33:10+00:00,0,@rayrestufauzi Rating IGRS datanya masih awal belum lengkap tujuannya sih bagus buat lindungi anak muda dan ekosistem game.,2040830114414690756,,rayrestufauzi,in,,0,1,0,https://x.com/SuryanaAja13/status/2040830114414690756,1504418800166633473,SuryanaAja13,18,id,keep_id_anchor,False,rating igrs datanya masih awal belum lengkap tujuannya sih bagus buat lindungi anak muda dan ekosistem game,[],0,1,107,17,0,1,1,0.4014,0.0182,2,1.0,4.104166666666667,116,2.0,0.0,0.0,0.0,1,1,0.85450566,0.40979332,-1.6034532,-0.3969408,424,-1
2040491792295186826,2026-04-05 16:33:08+00:00,0,"@badakmeledak_ Dari sisi pengguna, sistem rating IGRS di Steam sekarang masih terasa kurang jelas. Tapi kalau ini bagian dari proses, semoga ada evaluasi dan penyempurnaan yang konsisten",2040830106801959007,,badakmeledak_,in,,0,0,0,https://x.com/Deewwiiiii/status/2040830106801959007,1171267827736571904,Deewwiiiii,27,id,keep_id_anchor,False,dari sisi pengguna sistem rating igrs di steam sekarang masih terasa kurang jelas tapi kalau ini bagian dari proses semoga ada evaluasi dan penyempurnaan yang konsisten,[],0,1,168,26,0,0,1,1.0,0.0109,7,0.7,3.183611111111111,116,9.0,0.0,0.0,0.027777777777777776,1,1,0.99999976,0.42299807,-1.5749254,-0.08311799,425,-1
2040645711650509022,2026-04-05 16:32:43+00:00,0,"@rayrestufauzi Menurut saya wajar kalau masih ada kebingungan, karena sistem IGRS di Steam masih dalam proses penyesuaian.",2040830000598061173,,rayrestufauzi,in,,0,1,0,https://x.com/hilyazu/status/2040830000598061173,1811992986022211584,hilyazu,17,id,keep_id_anchor,False,menurut saya wajar kalau masih ada kebingungan karena sistem igrs di steam masih dalam proses penyesuaian,[],0,1,105,16,0,1,1,0.5851,0.0232,4,0.8,3.976111111111111,116,4.0,0.0,0.0,0.0,1,1,0.8066801,0.31454316,-0.057433553,-0.5684269,428,-1
2040645711650509022,2026-04-05 16:32:38+00:00,0,@rayrestufauzi Perlu dipahami kalau rating IGRS di Steam belum final dan masih tahap laporan awal untuk merapikan ekosistem gim agar lebih aman bagi anak-anak.,2040829981249745336,,rayrestufauzi,in,,0,1,0,https://x.com/carapaklek/status/2040829981249745336,230755427,carapaklek,25,id,keep_id_anchor,False,perlu dipahami kalau rating igrs di steam belum final dan masih tahap laporan awal untuk merapikan ekosistem game agar lebih aman bagi anak anak,[],0,1,144,24,0,1,1,1.0,0.0207,7,0.7777777777777778,3.303611111111111,116,8.0,0.0,0.0,0.0,1,1,0.99999964,0.4558667,-1.2833748,-0.629762,429,-1
2040491792295186826,2026-04-05 16:32:28+00:00,0,"@badakmeledak_ Sedikit info, rating IGRS di Steam saat ini banyak yang masih tahap awal/self declare, jadi belum final dan masih proses penyesuaian.",2040829935313641590,,badakmeledak_,in,,0,0,0,https://x.com/AlinGibroez/status/2040829935313641590,1768240865703800832,AlinGibroez,23,id,keep_id_anchor,False,sedikit info rating igrs di steam saat ini banyak yang masih tahap awal self declare jadi belum final dan masih proses penyesuaian,[],0,1,130,22,0,0,1,0.5375,0.0285,5,0.8333333333333334,3.2808333333333333,116,5.0,0.0,0.0,0.1,1,1,0.91827637,0.38614297,-1.2701541,0.015598339,431,-1
2040645711650509022,2026-04-05 16:32:25+00:00,0,@rayrestufauzi Wajar kalau publik bingung dengan sistem rating IGRS di Steam sekarang,2040829926233018625,,rayrestufauzi,in,,0,0,0,https://x.com/Deewwiiiii/status/2040829926233018625,1171267827736571904,Deewwiiiii,12,id,keep_id_anchor,False,wajar kalau publik bingung dengan sistem rating igrs di steam sekarang,[],0,1,70,11,0,0,1,0.3676,0.0136,7,0.7,3.183611111111111,116,9.0,0.0,0.0,0.027777777777777776,1,1,0.85481983,0.4532641,-1.1786848,-0.32706836,432,-1
2040645711650509022,2026-04-05 16:32:19+00:00,0,"@rayrestufauzi IGRS di Steam itu sekarang masih banyak yang berbasis data awal/self-declare jadi belum final, jadi wajar kalau masih ada penyesuaian, apalagi tujuan utamanya kan buat lindungi pemain muda dan bikin ekosistem game lebih rapi 👍",2040829901209735602,,rayrestufauzi,in,,0,1,0,https://x.com/rpramestaa12/status/2040829901209735602,227248005,rpramestaa12,37,id,keep_id_anchor,False,igrs di steam itu sekarang masih banyak yang berbasis data awal self declare jadi belum final jadi wajar kalau masih ada penyesuaian apalagi tujuan utamanya kan buat lindungi pemain muda dan bikin ekosistem game lebih rapi,[],0,1,222,36,0,1,1,0.5749,0.0286,4,0.6666666666666666,3.430277777777778,116,5.0,0.0,0.0,0.0,1,1,0.9500342,0.42675313,-0.8525967,-0.9197792,433,-1
2040829806993158354,2026-04-05 16:31:57+00:00,0,Igrs ono buzzer e cik 😭😭,2040829806993158354,,,hu,,0,0,0,https://x.com/ap398_/status/2040829806993158354,1386757098,ap398_,5,nl,keep_id_anchor,False,igrs ono buzzer e cik,[],0,0,21,5,0,0,1,0.653,0.0091,1,1.0,4.146944444444444,116,0.0,0.0,0.0,0.0,0,0,0.8856393,0.34582317,1.2125298,0.5442436,434,-1
2040645711650509022,2026-04-05 16:31:54+00:00,0,"@rayrestufauzi Sekadar info, rating IGRS di Steam saat ini banyak yang masih tahap awal/self-declare jadi belum final, dan memang tujuannya buat perlindungan pemain muda serta penataan ekosistem, jadi wajar kalau masih butuh penyesuaian",2040829796125647093,,rayrestufauzi,in,,0,6,0,https://x.com/dvrtlngi/status/2040829796125647093,1597430218230497280,dvrtlngi,35,id,keep_id_anchor,False,sekadar info rating igrs di steam saat ini banyak yang masih tahap awal self declare jadi belum final dan memang tujuannya buat perlindungan pemain muda serta penataan ekosistem jadi wajar kalau masih butuh penyesuaian,[],0,1,218,34,0,6,0,0.6416,0.0269,4,1.0,3.6775,116,3.0,0.0,0.0,0.0,1,1,0.9354407,0.4370423,-1.0279821,-0.5606327,435,-1
2040645711650509022,2026-04-05 16:31:47+00:00,0,"@rayrestufauzi Perlu diluruskan, yang tampil di Steam itu sebagian masih data awal IGRS, wajar kalau belum sepenuhnya akurat karena masih tahap pengembangan.",2040829764072837481,,rayrestufauzi,in,,0,1,0,https://x.com/AlinGibroez/status/2040829764072837481,1768240865703800832,AlinGibroez,22,id,keep_id_anchor,False,perlu diluruskan yang tampil di steam itu sebagian masih data awal igrs wajar kalau belum sepenuhnya akurat karena masih tahap pengembangan,[],0,1,139,21,0,1,1,0.6144,0.02,5,0.8333333333333334,3.2808333333333333,116,5.0,0.0,0.0,0.1,1,1,0.8457847,0.32532182,-0.7174094,-0.37321672,436,-1
2040645711650509022,2026-04-05 16:31:34+00:00,0,"@rayrestufauzi Bantu luruskan ya, rating IGRS di Steam itu kebanyakan masih data awal atau self-declare yang belum final, jadi wajar kalau masih ada penyesuaian di fase awal ini demi niat baik menata ekosistem game dan melindungi pemain muda kita.",2040829710268338595,,rayrestufauzi,in,,0,1,0,https://x.com/dh74169970/status/2040829710268338595,1758767777320689664,dh74169970,40,id,keep_id_anchor,False,bantu luruskan ya rating igrs di steam itu kebanyakan masih data awal atau self declare yang belum final jadi wajar kalau masih ada penyesuaian di fase awal ini demi niat baik menata ekosistem game dan melindungi pemain muda kita,[],0,1,229,39,0,1,1,0.6276,0.0326,3,1.0,3.846388888888889,116,3.0,0.0,0.0,0.0,1,1,0.95316935,0.4305188,-1.1725967,-0.8761915,437,-1
2040645711650509022,2026-04-05 16:31:29+00:00,0,"@rayrestufauzi Sebenernya rating IGRS di Steam sekarang banyak yang masih tahap awal/self-declare dan belum final, jadi wajar kalau masih ada yang membingungkan karena ini juga bagian dari upaya melindungi pemain muda dan penyesuaian sistem ke depan.",2040829689598709963,,rayrestufauzi,in,,0,1,0,https://x.com/Adiety333/status/2040829689598709963,1202870884165242880,Adiety333,38,id,keep_id_anchor,False,sebenernya rating igrs di steam sekarang banyak yang masih tahap awal self declare dan belum final jadi wajar kalau masih ada yang membingungkan karena ini juga bagian dari upaya melindungi pemain muda dan penyesuaian sistem ke depan,[],0,1,233,37,0,1,1,0.5464,0.0317,5,0.8333333333333334,3.651666666666667,116,5.0,0.0,0.0,0.0,1,1,0.9340826,0.46724844,-0.92298883,-0.44843835,438,-1
2040645711650509022,2026-04-05 16:31:16+00:00,0,"@rayrestufauzi IGRS di Steam sekarang banyak yang masih data awal/selfdeclare dan belum final, sekaligus mengingatkan bahwa niat utamanya adalah melindungi pemain muda dan menata ekosistem game, sehingga wajar kalau di fase awal masih ada hal yang perlu disesuaikan dan diperjelas bersama.",2040829636226212229,,rayrestufauzi,in,,0,1,0,https://x.com/noviarguna72100/status/2040829636226212229,2004965320587706370,noviarguna72100,42,id,keep_id_anchor,False,igrs di steam sekarang banyak yang masih data awal self declare dan belum final sekaligus mengingatkan bahwa niat utamanya adalah melindungi pemain muda dan menata ekosistem game sehingga wajar kalau di fase awal masih ada hal yang perlu disesuaikan dan diperjelas bersama,[],0,1,272,42,0,1,1,1.0,0.0277,6,0.6666666666666666,3.2152777777777777,116,7.0,0.0,0.0,0.0,1,1,1.0000004,0.4021979,-1.119015,-0.43936014,440,-1
2040645711650509022,2026-04-05 16:31:08+00:00,0,"@rayrestufauzi Perlu dipahami dulu kalau rating IGRS yang muncul saat ini sebagian masih data awal dari developer, jadi belum final, dan memang lagi proses pembenahan supaya ke depannya lebih jelas sekaligus tetap menjaga keamanan pemain muda.",2040829600478199927,,rayrestufauzi,in,,0,1,0,https://x.com/PutriRahma32820/status/2040829600478199927,1908370125050568704,PutriRahma32820,36,id,keep_id_anchor,False,perlu dipahami dulu kalau rating igrs yang muncul saat ini sebagian masih data awal dari developer jadi belum final dan memang lagi proses pembenahan supaya ke depannya lebih jelas sekaligus tetap menjaga keamanan pemain muda,[],0,1,225,35,0,1,1,0.5104,0.0255,5,0.8333333333333334,3.6463888888888887,116,5.0,0.0,0.0,0.0,1,1,0.9123367,0.41815388,-1.3225783,-0.35145387,441,-1
2040829495079481683,2026-04-05 16:30:43+00:00,1,"Lagi ramai soal IGRS dan rating gim di Steam. Ada siaran pers resmi yang menjelaskan konteksnya. Mungkin baik dibaca dulu sebelum menilai lebih jauh: https://t.co/6Kb8p6PzNz
#IGRS #Steam #GameIndonesia #InfoGame #GamingID",2040829495079481683,,,in,,0,0,0,https://x.com/ZaskiaZask2031/status/2040829495079481683,1809101659647455232,ZaskiaZask2031,33,id,keep_id_anchor,False,lagi ramai soal igrs dan rating game di steam ada siaran pers resmi yang menjelaskan konteksnya mungkin baik dibaca dulu sebelum menilai lebih jauh igrs steam gameindonesia infogame gamingid,[],0,0,190,29,0,1,1,0.5567,0.0132,2,1.0,4.054444444444444,116,1.0,0.0,0.0,0.0,1,0,0.8979522,0.4413526,-1.3997248,-0.383699,442,-1
2040479018034630743,2026-04-05 16:30:34+00:00,0,"@cryofantasia Dari sudut pandang pengguna, sistem rating IGRS di Steam saat ini belum terlalu mudah dipahami. Wajar kalau muncul pertanyaan. Semoga ke depan ada komunikasi yang lebih jelas soal standar penilaiannya.",2040829457938907596,,cryofantasia,in,,0,0,0,https://x.com/Alizazaina94321/status/2040829457938907596,1735829180502405120,Alizazaina94321,31,id,keep_id_anchor,False,dari sudut pandang pengguna sistem rating igrs di steam saat ini belum terlalu mudah dipahami wajar kalau muncul pertanyaan semoga ke depan ada komunikasi yang lebih jelas soal standar penilaiannya,[],0,1,197,30,0,0,1,0.3291,0.013,6,1.0,3.9175,116,5.0,0.0,0.0,0.0,1,1,0.8852247,0.43457225,-1.2987577,-0.32370782,443,-1
2040684902866411853,2026-04-05 16:30:11+00:00,0,"@RRDelusi Biar gak salah paham, sebenarnya wajar kok kalau di awal fase rilis gini masih banyak rating yang belum pas di Steam. Dari rilis resminya, data yang muncul sekarang itu sebagian besar masih self-declare dari sistem internal, jadi belum melalui proses verifikasi resmi dari IGRS.",2040829360660480352,,RRDelusi,in,,0,0,0,https://x.com/rpramestaa12/status/2040829360660480352,227248005,rpramestaa12,46,id,keep_id_anchor,False,biar tidak salah paham sebenarnya wajar kok kalau di awal fase rilis gini masih banyak rating yang belum pas di steam dari rilis resminya data yang muncul sekarang itu sebagian besar masih self declare dari sistem internal jadi belum melalui proses verifikasi resmi dari igrs,[],0,1,275,45,0,0,1,0.4797,0.0379,4,0.6666666666666666,3.430277777777778,116,5.0,0.0,0.0,0.0,1,1,0.8434117,0.3849033,-0.940736,-0.25610813,445,-1
2040829296277889471,2026-04-05 16:29:55+00:00,0,"https://t.co/QYa3jybeLe Lagi ramai bahas IGRS dan rating gim di Steam, ini ada penjelasan resmi yang bisa jadi rujukan biar lebih paham konteksnya. Mungkin bisa disimak dulu sebelum menarik kesimpulan",2040829296277889471,,,in,,0,0,0,https://x.com/NganjukSun23590/status/2040829296277889471,1949393136725442560,NganjukSun23590,32,id,keep_id_anchor,False,lagi ramai bahas igrs dan rating game di steam ini ada penjelasan resmi yang bisa jadi rujukan biar lebih paham konteksnya mungkin bisa disimak dulu sebelum menarik kesimpulan,[],0,0,175,28,0,0,1,0.5689,0.0156,4,0.8,3.8466666666666667,116,4.0,0.0,0.0,0.0,1,1,0.9369527,0.43619812,-1.0442924,-0.5667691,446,-1
2040582308789694688,2026-04-05 16:29:26+00:00,0,"@junwatu Jadi rating yang kita lihat sekarang belum hasil akhirnya ya, soalnya masih fase awal implementasi IGRS. Wajar banget kalau ada yang belum pas, karena tujuannya kan lagi disusun biar ekosistem gim nasional makin teratur dan aman! 👍",2040829174555054400,,junwatu,in,,0,0,0,https://x.com/VinaAmelia33281/status/2040829174555054400,1861041909810221056,VinaAmelia33281,37,id,keep_id_anchor,False,jadi rating yang kita lihat sekarang belum hasil akhirnya ya soalnya masih fase awal implementasi igrs wajar banget kalau ada yang belum pas karena tujuannya kan lagi disusun biar ekosistem game nasional makin teratur dan aman,[],0,1,226,36,0,0,1,0.6895,0.0207,3,1.0,3.9030555555555555,116,3.0,0.0,0.0,0.0,1,1,0.89115703,0.447209,-1.1528091,-0.51167977,447,-1
2040479018034630743,2026-04-05 16:29:23+00:00,0,@cryofantasia Rating IGRS sedang dalam penyesuaian Biar lebih baik lagi di mainkan game nya untuk anak muda.,2040829161842057611,,cryofantasia,in,,0,0,0,https://x.com/SuryanaAja13/status/2040829161842057611,1504418800166633473,SuryanaAja13,17,id,keep_id_anchor,False,rating igrs sedang dalam penyesuaian biar lebih baik lagi di mainkan game nya untuk anak muda,[],0,1,93,16,0,0,1,0.4447,0.0151,2,1.0,4.104166666666667,116,2.0,0.0,0.0,0.0,1,1,0.8265979,0.43217027,-1.4972095,-0.29629743,448,-1
2040479018034630743,2026-04-05 16:28:59+00:00,0,@cryofantasia Harus diakui bahwa memang tampil rating IGRS di steam bagi banyak orang sangat membingungkan tapi perlu diketahui bahwa sistem ya sedang dalam masa penyesuaian dan butuh waktu,2040829062541881495,,cryofantasia,in,,0,0,0,https://x.com/Alvaro734877/status/2040829062541881495,1959905943480877056,Alvaro734877,28,id,keep_id_anchor,False,harus diakui bahwa memang tampil rating igrs di steam bagi banyak orang sangat membingungkan tapi perlu diketahui bahwa sistem ya sedang dalam masa penyesuaian dan butuh waktu,[],0,1,175,27,0,0,1,0.8778,0.0128,4,1.0,3.7683333333333335,116,4.0,0.0,0.0,0.0,1,1,0.98153555,0.42424324,-0.78456396,-0.42235565,450,-1
2040582308789694688,2026-04-05 16:28:45+00:00,0,"@junwatu Tmpilan rating IGRS di Steam sekarang memang membingungkan bagi banyak orang, namun menekankan bahwa sistemnya sedang dalam masa penyesuaian dan perlu waktu",2040829001040859370,,junwatu,in,,0,0,0,https://x.com/noviarguna72100/status/2040829001040859370,2004965320587706370,noviarguna72100,23,id,keep_id_anchor,False,tmpilan rating igrs di steam sekarang memang membingungkan bagi banyak orang namun menekankan bahwa sistemnya sedang dalam masa penyesuaian dan perlu waktu,[],0,1,155,22,0,0,1,0.4437,0.0111,6,0.6666666666666666,3.2152777777777777,116,7.0,0.0,0.0,0.0,1,1,0.957374,0.39590287,-0.6279711,-0.63486594,451,-1
2040828994510315936,2026-04-05 16:28:43+00:00,0,"https://t.co/BQMt0d3LRd
Sebelum ambil kesimpulan soal sistem rating IGRS di Steam, ada baiknya lihat dulu penjelasan resminya supaya konteksnya lebih lengkap",2040828994510315936,,,in,,0,0,0,https://x.com/hilyazu/status/2040828994510315936,1811992986022211584,hilyazu,23,id,keep_id_anchor,False,sebelum ambil kesimpulan soal sistem rating igrs di steam ada baiknya lihat dulu penjelasan resminya supaya konteksnya lebih lengkap,[],0,0,132,19,0,0,1,0.7613,0.0132,4,0.8,3.976111111111111,116,4.0,0.0,0.0,0.0,1,1,0.8879705,0.39982453,-1.1653408,0.13743512,452,-1
2040582308789694688,2026-04-05 16:27:46+00:00,0,"@junwatu Biar nggak salah paham, rating IGRS di Steam itu kebanyakan masih data awal atau self-declare, jadi belum final. Wajar banget kalau di fase awal ini masih butuh penyesuaian demi melindungi pemain muda kita",2040828752587108620,,junwatu,in,,0,0,0,https://x.com/carapaklek/status/2040828752587108620,230755427,carapaklek,35,id,keep_id_anchor,False,biar tidak salah paham rating igrs di steam itu kebanyakan masih data awal atau self declare jadi belum final wajar banget kalau di fase awal ini masih butuh penyesuaian demi melindungi pemain muda kita,[],0,1,202,34,0,0,1,0.6151,0.0379,7,0.7777777777777778,3.303611111111111,116,8.0,0.0,0.0,0.0,1,1,0.9404818,0.43527094,-0.9461418,-0.67813534,453,-1
2040582308789694688,2026-04-05 16:27:41+00:00,0,"@junwatu Sistem rating IGRS di Steam memang butuh waktu untuk adaptasi, tapi yang penting adalah komitmen untuk terus memperbaikinya. Harus ada komunikasi yang lebih jelas dan transparan dari pihak terkait biar pengguna nggak cuma sekedar ""ditunggu aja"".",2040828732806775267,,junwatu,in,,0,0,0,https://x.com/rahayu49384/status/2040828732806775267,1911651578336985088,rahayu49384,37,id,keep_id_anchor,False,sistem rating igrs di steam memang butuh waktu untuk adaptasi tapi yang penting adalah komitmen untuk terus memperbaikinya harus ada komunikasi yang lebih jelas dan transparan dari pihak terkait biar pengguna tidak cuma sekedar ditunggu aja,[],0,1,240,36,0,0,1,0.2687,0.019,6,1.0,3.855,116,5.0,0.0,0.0,0.0,1,1,0.8587795,0.3987981,-1.290011,-0.28086525,454,-1
2040582308789694688,2026-04-05 16:27:13+00:00,0,"@junwatu Rating IGRS di Steam sekarang banyak yang masih data awal/selfdeclare dan belum final, niat utama dalam membuat sistem IGRS ini melindungi pemain muda yang belum cukup umur untuk memainkan game ini. Tolonglah Komdigi buat sistem IGRS lebih baik dan benar lagi agar semua senang.",2040828616486064310,,junwatu,in,,0,0,0,https://x.com/andybalala19/status/2040828616486064310,1399951844000997378,andybalala19,46,id,keep_id_anchor,False,rating igrs di steam sekarang banyak yang masih data awal self declare dan belum final niat utama dalam membuat sistem igrs ini melindungi pemain muda yang belum cukup umur untuk memainkan game ini tolonglah komdigi buat sistem igrs lebih baik dan benar lagi agar semua senang,[],0,1,276,46,0,0,1,0.5998,0.0349,4,0.6666666666666666,3.713611111111111,116,5.0,0.0,0.0,0.0,1,1,0.90352124,0.46418363,-1.2192377,-0.21623997,455,-1
2040582308789694688,2026-04-05 16:26:44+00:00,0,@junwatu Tampilan IGRS di Steam memang masih data awal dan belum final. Sangat wajar kalo diawal masih butuh penyesuaian kan memang tujuan nya untuk melindungi pemain muda dan menata games2,2040828495094538738,,junwatu,in,,0,0,0,https://x.com/Emmeliachr59881/status/2040828495094538738,2018339489492643840,Emmeliachr59881,30,id,keep_id_anchor,False,tampilan igrs di steam memang masih data awal dan belum final sangat wajar kalau diawal masih butuh penyesuaian kan memang tujuan nya untuk melindungi pemain muda dan menata games,[],0,1,179,29,0,0,1,0.5487,0.0268,1,0.5,3.5033333333333334,116,1.0,0.0,0.0,0.0,1,0,0.9097849,0.4029798,-0.7443016,-0.9026328,456,-1
2040684902866411853,2026-04-05 16:26:24+00:00,0,"@RRDelusi Kuy ahh Santai dulu say, rating IGRS di Steam itu masih banyak yang data awal/self-declare, belum final. Tujuannya juga buat lindungi gamer muda dan benahin ekosistem. Wajar kalau masih disempurnakan.
#proteccionjuvenil #industriajuegos #clasificacionjuegos #ecosistemagaming #inf",2040828410260520969,,RRDelusi,in,,0,1,0,https://x.com/ZaskiaZask2031/status/2040828410260520969,1809101659647455232,ZaskiaZask2031,38,id,keep_id_anchor,False,kuy ahh santai dulu say rating igrs di steam itu masih banyak yang data awal self declare belum final tujuannya juga buat lindungi gamer muda dan benahin ekosistem wajar kalau masih disempurnakan proteccionjuvenil industriajuegos clasificacionjuegos ecosistemagaming inf,[],0,1,270,37,0,1,1,0.5945,0.0271,2,1.0,4.054444444444444,116,1.0,0.0,0.0,0.0,1,0,0.9197799,0.4745607,-1.049213,-0.7604171,460,-1
2040828362101571832,2026-04-05 16:26:12+00:00,0,"Kalau mau bahas IGRS, coba baca dulu penjelasan resminya ya:
https://t.co/glTzrSngxw

Rating IGRS di Steam belum tentu resmi, masih self-declare, bisa bikin salah paham soal batas umur.
Baru kritik pakai data biar suara gamer &amp; dev makin didengar, bukan cuma emosi.",2040828362101571832,,,in,,0,0,0,https://x.com/BosRQ_/status/2040828362101571832,1395017327750508545,BosRQ_,45,id,keep_id_anchor,False,kalau mau bahas igrs coba baca dulu penjelasan resminya ya rating igrs di steam belum tentu resmi masih self declare bisa bikin salah paham soal batas umur baru kritik pakai data biar suara gamer dev makin didengar bukan cuma emosi,[],0,0,231,40,0,0,1,0.4132,0.0321,3,1.0,4.037222222222222,116,0.0,0.0,0.0,0.0,1,0,0.8202252,0.46948734,-0.83784103,-0.44413465,461,-1
2040656823376912493,2026-04-05 16:26:07+00:00,0,@viyushiwinko Indonesia Gooning Rating System (IGRS),2040828339221647482,,viyushiwinko,en,,0,0,0,https://x.com/Andradeva001/status/2040828339221647482,1955259870854471680,Andradeva001,6,id,keep_id_anchor,False,indonesia gooning rating system igrs,[],0,1,36,5,0,0,1,1.0,0.0125,1,1.0,4.049722222222222,116,1.0,0.0,0.0,0.0,1,1,0.9848784,0.32176873,-2.121511,1.245933,462,-1
2040479018034630743,2026-04-05 16:26:01+00:00,0,"@cryofantasia Tampilan rating IGRS di Steam emang bikin banyak orang bingung, tapi harus diakui sistemnya masih dalam proses penyesuaian. Harap maklum kalau masih ada hal yang perlu diperbaiki,",2040828312340300201,,cryofantasia,in,,0,0,0,https://x.com/rahayu49384/status/2040828312340300201,1911651578336985088,rahayu49384,28,id,keep_id_anchor,False,tampilan rating igrs di steam emang bikin banyak orang bingung tapi harus diakui sistemnya masih dalam proses penyesuaian harap maklum kalau masih ada hal yang perlu diperbaiki,[],0,1,176,27,0,0,1,0.406,0.0205,6,1.0,3.855,116,5.0,0.0,0.0,0.0,1,1,0.89662975,0.4373872,-1.3586341,0.13341363,463,-1
2040828295147856168,2026-04-05 16:25:56+00:00,0,"IGRS (rating gim lokal) itu wajar, byk negara jg punya. Tujuannya lindungi anak, bantu orang tua, jd panduan.
Masalahnya di penerapan IGRS: ada gim besar dianggap nggak layak edar, sementara yg lain ratingnya nggak konsisten. Jd yg perlu dibenahi aturan &amp; teknisnya, bukan idenya",2040828295147856168,,,in,,0,0,0,https://x.com/BosRQ_/status/2040828295147856168,1395017327750508545,BosRQ_,44,id,keep_id_anchor,False,igrs rating game lokal itu wajar byk negara jg punya tujuannya lindungi anak bantu orang tua jd panduan masalahnya di penerapan igrs ada game besar dianggap tidak layak edar sementara yang lain ratingnya tidak konsisten jd yang perlu dibenahi aturan teknisnya bukan idenya,[],0,0,272,43,0,0,1,0.254,0.0215,3,1.0,4.037222222222222,116,0.0,0.0,0.0,0.0,1,0,0.80595183,0.41388142,-0.8913821,-0.49561864,464,-1
2040828255721365558,2026-04-05 16:25:47+00:00,0,"ini adalah link klarifikasi ttg Rating IGRS yg tampak di steam..memang membingungkan mgkn..tapi coba buka .baca dan pahami tautan dibawah ini   agar tak ada salah pengertian 

https://t.co/50gaFznK3p",2040828255721365558,,,in,,0,1,0,https://x.com/mintozaki75/status/2040828255721365558,1761381895903059968,mintozaki75,32,id,keep_id_anchor,False,ini adalah link klarifikasi ttg rating igrs yang tampak di steam memang membingungkan mgkn tapi coba buka baca dan pahami tautan dibawah ini agar tidak ada salah pengertian,[],0,0,172,28,0,1,1,0.3922,0.0158,3,1.0,3.826388888888889,116,2.0,0.0,0.0,0.0,1,1,0.80301464,0.3928229,-0.77653027,0.58803946,465,-1
2040619090038194329,2026-04-05 16:25:31+00:00,0,"@kerissakti Sekadar info aja nih, rating di Steam sekarang masih dalam proses awal penerapan IGRS, jadi belum final banget. Wajar sih kalau ada yang belum pas, karena lagi dibangun biar ekosistem gim di Indonesia makin rapi dan terlindungi dengan baik!",2040828188151132542,,kerissakti,in,,0,20,0,https://x.com/VinaAmelia33281/status/2040828188151132542,1861041909810221056,VinaAmelia33281,40,id,keep_id_anchor,False,sekadar info aja ini rating di steam sekarang masih dalam proses awal penerapan igrs jadi belum final banget wajar sih kalau ada yang belum pas karena lagi dibangun biar ekosistem game di indonesia makin rapi dan terlindungi dengan baik,[],0,1,236,39,0,20,0,0.4683,0.024,3,1.0,3.9030555555555555,116,3.0,0.0,0.0,0.0,1,1,0.86967766,0.45329693,-0.8781144,-0.52948064,466,-1
2040619090038194329,2026-04-05 16:25:22+00:00,0,"@kerissakti Harus diakui kalau tampilan rating IGRS di Steam saat ini memang bikin bingung dan memicu banyak pertanyaan di komunitas. Tapi kalau dilihat secara objektif, ini sepertinya masih tahap penyesuaian sistem yang butuh waktu untuk sinkron.",2040828148967944609,,kerissakti,in,,0,1,0,https://x.com/ikaikuikok/status/2040828148967944609,620724276,ikaikuikok,36,id,keep_id_anchor,False,harus diakui kalau tampilan rating igrs di steam saat ini memang bikin bingung dan memicu banyak pertanyaan di komunitas tapi kalau dilihat secara objektif ini sepertinya masih tahap penyesuaian sistem yang butuh waktu untuk sinkron,[],0,1,232,35,0,1,1,0.5278,0.0164,2,0.6666666666666666,3.713888888888889,116,2.0,0.0,0.0,0.0,1,1,0.9128815,0.43720242,-0.8697294,-0.5602281,467,-1
2040828148963840410,2026-04-05 16:25:22+00:00,0,"Timeline lg penuh soal IGRS &amp; rating gim di Steam. Byk yg kesal. Tapi penting lihat konteks &amp; info resmi biar protesnya tepat.
Info: rating di Steam untuk Indonesia bukan rating resmi pemerintah. Rating resmi pakai IGRS, idealnya buat batas umur pemain, bukan sekadar blokir gim",2040828148963840410,,,in,,0,0,0,https://x.com/BosRQ_/status/2040828148963840410,1395017327750508545,BosRQ_,46,id,keep_id_anchor,False,timeline lg penuh soal igrs rating game di steam byk yang kesal tapi penting lihat konteks info resmi biar protesnya tepat info rating di steam untuk indonesia bukan rating resmi pemerintah rating resmi pakai igrs idealnya buat batas umur pemain bukan sekadar blokir game,[],0,0,271,44,0,0,1,0.5364,0.0215,3,1.0,4.037222222222222,116,0.0,0.0,0.0,0.0,1,0,0.90115905,0.45093483,-1.2349305,-0.18715458,468,-1
2040479018034630743,2026-04-05 16:25:16+00:00,0,"@cryofantasia Jujur tampilan rating IGRS di Steam saat ini memang masih cukup membingungkan buat banyak orang. Tapi kalau memang masih masa penyesuaian, mungkin yang paling penting sekarang adalah update penjelasan yang rutin dan transparansi soal kriterianya",2040828124028665876,,cryofantasia,in,,0,0,0,https://x.com/JancokAsu893230/status/2040828124028665876,1793661894408155136,JancokAsu893230,36,id,keep_id_anchor,False,jujur tampilan rating igrs di steam saat ini memang masih cukup membingungkan buat banyak orang tapi kalau memang masih masa penyesuaian mungkin yang paling penting sekarang adalah update penjelasan yang rutin dan transparansi soal kriterianya,[],0,1,243,35,0,0,1,1.0,0.0153,5,0.8333333333333334,3.366388888888889,116,5.0,0.0,0.0,0.0,1,1,0.9999999,0.43088037,-1.1405174,-0.2724982,469,-1
2040828029031919997,2026-04-05 16:24:53+00:00,0,"Kalau mengikuti diskusi tentang IGRS dan rating gim di Steam, ada siaran pers resmi yang menjelaskan konteksnya. Bisa dicek dulu di sini:
https://t.co/ung7RZzOMG",2040828029031919997,,,in,,0,1,0,https://x.com/Ginanadia67421/status/2040828029031919997,1715676531035635712,Ginanadia67421,26,id,keep_id_anchor,False,kalau mengikuti diskusi tentang igrs dan rating game di steam ada siaran pers resmi yang menjelaskan konteksnya bisa dicek dulu di sini,[],0,0,135,22,0,1,1,0.7017,0.0153,3,0.75,4.029166666666667,116,3.0,0.0,0.0,0.0,1,1,0.94243294,0.43986243,-0.8385505,-0.3284526,470,-1
2040479018034630743,2026-04-05 16:24:49+00:00,0,"@cryofantasia Wajar jika banyak yang mempertanyakan rating IGRS yang muncul di Steam sekarang karena informasinya masih simpang siur. Sebagai langkah perbaikan berkelanjutan, transparansi mengenai indikator penilaian sangat diperlukan agar masa transisi ini bisa dipahami dengan baik oleh gamer",2040828012850196961,,cryofantasia,in,,0,0,0,https://x.com/carapaklek/status/2040828012850196961,230755427,carapaklek,38,id,keep_id_anchor,False,wajar jika banyak yang mempertanyakan rating igrs yang muncul di steam sekarang karena informasinya masih simpang siur sebagai langkah perbaikan berkelanjutan transparansi mengenai indikator penilaian sangat diperlukan agar masa transisi ini bisa dipahami dengan baik oleh gamer,[],0,1,278,37,0,0,1,0.3291,0.0132,7,0.7777777777777778,3.303611111111111,116,8.0,0.0,0.0,0.0,1,1,0.8963289,0.46410248,-1.3367505,-0.6136582,471,-1
2040582308789694688,2026-04-05 16:24:46+00:00,0,"@junwatu IGRS di Steam sekarang banyak yang masih data awal/selfdeclare dan belum final, sekaligus mengingatkan bahwa niat utamanya adalah melindungi pemain muda dan menata ekosistem game, sehingga wajar kalau di fase awal masih ada hal yang perlu disesuaikan dan diperjelas bersama.",2040827997792670142,,junwatu,in,,0,0,0,https://x.com/noviarguna72100/status/2040827997792670142,2004965320587706370,noviarguna72100,42,id,keep_id_anchor,False,igrs di steam sekarang banyak yang masih data awal self declare dan belum final sekaligus mengingatkan bahwa niat utamanya adalah melindungi pemain muda dan menata ekosistem game sehingga wajar kalau di fase awal masih ada hal yang perlu disesuaikan dan diperjelas bersama,[],0,1,272,42,0,0,1,1.0,0.0277,6,0.6666666666666666,3.2152777777777777,116,7.0,0.0,0.0,0.0,1,1,1.0000004,0.4021979,-1.119015,-0.43936014,472,-1
2040619090038194329,2026-04-05 16:24:43+00:00,0,"@kerissakti Jujur tampilan rating IGRS di Steam saat ini memang masih cukup membingungkan buat banyak orang. Tapi kalau memang masih masa penyesuaian, mungkin yang paling penting sekarang adalah update penjelasan yang rutin dan transparansi soal kriterianya.",2040827988313510317,,kerissakti,in,,0,2,0,https://x.com/JancokAsu893230/status/2040827988313510317,1793661894408155136,JancokAsu893230,36,id,keep_id_anchor,False,jujur tampilan rating igrs di steam saat ini memang masih cukup membingungkan buat banyak orang tapi kalau memang masih masa penyesuaian mungkin yang paling penting sekarang adalah update penjelasan yang rutin dan transparansi soal kriterianya,[],0,1,243,35,0,2,0,1.0,0.0153,5,0.8333333333333334,3.366388888888889,116,5.0,0.0,0.0,0.0,1,1,0.9999999,0.43088037,-1.1405174,-0.2724982,473,-1
2040619090038194329,2026-04-05 16:24:43+00:00,0,@kerissakti Harus diakui bahwa memang tampilan rating IGRS di steam bagi banyak orang sangat membingungkan tapi perlu diketahui bahwa sistem ya sedang dalam masa penyesuaian dan butuh waktu,2040827987256586261,,kerissakti,in,,0,1,0,https://x.com/Alvaro734877/status/2040827987256586261,1959905943480877056,Alvaro734877,28,id,keep_id_anchor,False,harus diakui bahwa memang tampilan rating igrs di steam bagi banyak orang sangat membingungkan tapi perlu diketahui bahwa sistem ya sedang dalam masa penyesuaian dan butuh waktu,[],0,1,177,27,0,1,1,0.8778,0.0134,4,1.0,3.7683333333333335,116,4.0,0.0,0.0,0.0,1,1,0.98153555,0.41958803,-0.662761,-0.47425362,474,-1
2040582308789694688,2026-04-05 16:24:36+00:00,0,"@junwatu rating IGRS di Steam saat ini masih banyak yang tahap awal (self-declare), jadi belum final. Tujuannya untuk melindungi pemain muda dan menata ekosistem game, jadi wajar kalau di fase awal masih ada yang perlu disesuaikan dan diperjelas bersama.",2040827957527355903,,junwatu,in,,0,0,0,https://x.com/NganjukSun23590/status/2040827957527355903,1949393136725442560,NganjukSun23590,40,id,keep_id_anchor,False,rating igrs di steam saat ini masih banyak yang tahap awal self declare jadi belum final tujuannya untuk melindungi pemain muda dan menata ekosistem game jadi wajar kalau di fase awal masih ada yang perlu disesuaikan dan diperjelas bersama,[],0,1,239,39,0,0,1,0.8445,0.0287,4,0.8,3.8466666666666667,116,4.0,0.0,0.0,0.0,1,1,0.9782401,0.44583264,-1.3150076,-0.6998977,475,-1
2040619090038194329,2026-04-05 16:24:35+00:00,0,@kerissakti rating IGRS yang tampil di Steam itu banyak yang masih tahap pengembangan jadi belum terselelsaikan sepenuhnya Memang lagi proses perbaikan wajar kalau masih ada yang belum pias dengan hasilnya.,2040827954012578193,,kerissakti,in,,0,1,0,https://x.com/ssigitpermana98/status/2040827954012578193,1865958130552811520,ssigitpermana98,30,id,keep_id_anchor,False,rating igrs yang tampil di steam itu banyak yang masih tahap pengembangan jadi belum terselelsaikan sepenuhnya memang lagi proses perbaikan wajar kalau masih ada yang belum pias dengan hasilnya,[],0,1,193,29,0,1,1,0.6144,0.0226,1,1.0,4.024166666666667,116,1.0,0.0,0.0,0.0,1,0,0.8703263,0.3912197,-1.0840517,-0.23167643,476,-1
2040479018034630743,2026-04-05 16:21:50+00:00,0,"@cryofantasia Jujur aja, tampilan rating IGRS di Steam sekarang emang masih bikin bingung buat banyak orang. Tapi kalau dilihat, ini lagi fase penyesuaian jadi wajar belum rapi—yang penting ke depan perlu update penjelasan yang rutin, transparansi kriteria, dan perbaikan terus biar makin jelas",2040827260517945362,,cryofantasia,in,,0,0,0,https://x.com/dvrtlngi/status/2040827260517945362,1597430218230497280,dvrtlngi,44,id,keep_id_anchor,False,jujur aja tampilan rating igrs di steam sekarang emang masih bikin bingung buat banyak orang tapi kalau dilihat ini lagi fase penyesuaian jadi wajar belum rapi yang penting ke depan perlu update penjelasan yang rutin transparansi kriteria dan perbaikan terus biar makin jelas,[],0,1,275,43,0,0,1,0.7017,0.0213,4,1.0,3.6775,116,3.0,0.0,0.0,0.0,1,1,0.94939333,0.41756418,-0.61930937,-0.58161193,477,-1
2040640511946686843,2026-04-05 16:21:47+00:00,0,"@kukuhya Sedikit meluruskan ya, rating IGRS yg muncul di Steam sekarang bnyk yg masih bersifat data awal/self-declare dari developer, jadi belum semuanya final. Memang masih tahap penyesuaian sambil dirapikan",2040827249059066314,,kukuhya,in,,0,2,0,https://x.com/ayoitsmoy/status/2040827249059066314,1411105269757595652,ayoitsmoy,31,id,keep_id_anchor,False,sedikit meluruskan ya rating igrs yang muncul di steam sekarang bnyk yang masih bersifat data awal self declare dari developer jadi belum semuanya final memang masih tahap penyesuaian sambil dirapikan,[],0,1,200,30,0,2,0,0.5994,0.027,3,0.75,3.3136111111111113,116,3.0,0.0,0.0,0.0,1,1,0.9529487,0.39910224,-1.1170452,0.019634057,479,-1
2040479018034630743,2026-04-05 16:21:42+00:00,0,"@cryofantasia Wajar sih kalau banyak yang masih bingung lihat rating IGRS di Steam sekarang, karena tampilannya memang belum terlalu familiar buat sebagian pemain. Tapi menurut saya ini masih tahap penyesuaian, jadi memang butuh waktu supaya orang makin paham sistemnya.",2040827229236818067,,cryofantasia,in,,0,0,0,https://x.com/hilyazu/status/2040827229236818067,1811992986022211584,hilyazu,39,id,keep_id_anchor,False,wajar sih kalau banyak yang masih bingung lihat rating igrs di steam sekarang karena tampilannya memang belum terlalu familiar buat sebagian pemain tapi menurut saya ini masih tahap penyesuaian jadi memang butuh waktu supaya orang makin paham sistemnya,[],0,1,252,38,0,0,1,0.4276,0.0264,4,0.8,3.976111111111111,116,4.0,0.0,0.0,0.0,1,1,0.91003376,0.45667967,-0.7994154,-0.6916868,480,-1
2040619090038194329,2026-04-05 16:21:40+00:00,0,"@kerissakti Jujur, tampilan rating IGRS di Steam saat ini memang cukup membingungkan bagi banyak pengguna. Tapi karena masih tahap penyesuaian, mungkin perlu waktu—yang penting ke depan penjelasannya lebih rutin dan transparan.",2040827219396931679,,kerissakti,in,,0,1,0,https://x.com/Alizazaina94321/status/2040827219396931679,1735829180502405120,Alizazaina94321,32,id,keep_id_anchor,False,jujur tampilan rating igrs di steam saat ini memang cukup membingungkan bagi banyak pengguna tapi karena masih tahap penyesuaian mungkin perlu waktu yang penting ke depan penjelasannya lebih rutin dan transparan,[],0,1,211,31,0,1,1,0.4867,0.0142,6,1.0,3.9175,116,5.0,0.0,0.0,0.0,1,1,0.9448793,0.4205579,-1.0923327,-0.40061465,481,-1
2040582308789694688,2026-04-05 16:21:39+00:00,0,"@junwatu Banyak yang salah paham soal rating IGRS di Steam, dan itu kelihatan dari tampilannya yang belum intuitif",2040827213990567945,,junwatu,in,,0,0,0,https://x.com/Deewwiiiii/status/2040827213990567945,1171267827736571904,Deewwiiiii,18,id,keep_id_anchor,False,banyak yang salah paham soal rating igrs di steam dan itu kelihatan dari tampilannya yang belum intuitif,[],0,1,104,17,0,0,1,0.4877,0.016,7,0.7,3.183611111111111,116,9.0,0.0,0.0,0.027777777777777776,1,1,0.8158221,0.41159767,-0.99547595,-0.18958978,482,-1
2040619090038194329,2026-04-05 16:21:36+00:00,0,"@kerissakti Jujur tampilan rating IGRS di Steam saat ini memang masih cukup membingungkan buat banyak orang. Tapi kalau memang masih masa penyesuaian, mungkin yang paling penting sekarang adalah update penjelasan yang rutin dan transparansi soal kriterianya.",2040827201625661554,,kerissakti,in,,0,1,0,https://x.com/MRidhonew16179/status/2040827201625661554,1923899742062510083,MRidhonew16179,36,id,keep_id_anchor,False,jujur tampilan rating igrs di steam saat ini memang masih cukup membingungkan buat banyak orang tapi kalau memang masih masa penyesuaian mungkin yang paling penting sekarang adalah update penjelasan yang rutin dan transparansi soal kriterianya,[],0,1,243,35,0,1,1,1.0,0.0153,4,0.8,3.336388888888889,116,4.0,0.0,0.0,0.0,1,1,0.9999999,0.43088037,-1.1405174,-0.2724982,483,-1
2040619090038194329,2026-04-05 16:21:23+00:00,0,"@kerissakti Sekadar meluruskan konteksnya, rating yang kita lihat sekarang di Steam itu belum hasil akhir karena masih fase awal penerapan IGRS. Wajar kalau ada yang kelihatan belum pas, karena memang tujuannya sedang merapikan ekosistem gim nasional agar lebih terlindungi.",2040827149675004000,,kerissakti,in,,0,2,0,https://x.com/carapaklek/status/2040827149675004000,230755427,carapaklek,39,id,keep_id_anchor,False,sekadar meluruskan konteksnya rating yang kita lihat sekarang di steam itu belum hasil akhir karena masih fase awal penerapan igrs wajar kalau ada yang kelihatan belum pas karena memang tujuannya sedang merapikan ekosistem game nasional agar lebih terlindungi,[],0,1,259,38,0,2,0,0.6895,0.0177,7,0.7777777777777778,3.303611111111111,116,8.0,0.0,0.0,0.0,1,1,0.89115703,0.48050916,-0.6967267,-0.9254072,485,-1
2040827118746300792,2026-04-05 16:21:17+00:00,0,"Teman teman yang ngikutin rame IGRS &amp; rating gim di Steam, penjelasan resminya ada di sini, boleh jadi bahan baca dulu, linknya yang udh saya sematkan diatas ya☝️",2040827123288662525,,Ranti130920,in,,0,0,0,https://x.com/Ranti130920/status/2040827123288662525,1855364957027876864,Ranti130920,28,id,keep_id_anchor,False,teman teman yang ngikutin rame igrs rating game di steam penjelasan resminya ada di sini boleh jadi bahan baca dulu linknya yang sudah saya sematkan diatas ya,[],0,1,158,27,0,0,1,0.8088,0.0096,3,0.75,3.870277777777778,116,3.0,0.0,0.0,0.0,1,1,0.93017316,0.47741002,-0.7671082,0.22162507,486,-1
2040619090038194329,2026-04-05 16:21:16+00:00,0,@kerissakti Rating IGRS di Steam saat ini memang membingungkan &amp; butuh penyesuaian. Penting ada transparansi kriteria &amp; perbaikan rutin agar sistem makin akurat. 🎮✨,2040827120642056562,,kerissakti,in,,0,0,0,https://x.com/dh74169970/status/2040827120642056562,1758767777320689664,dh74169970,23,id,keep_id_anchor,False,rating igrs di steam saat ini memang membingungkan butuh penyesuaian penting ada transparansi kriteria perbaikan rutin agar sistem makin akurat,[],0,1,143,20,0,0,1,0.6324,0.01,3,1.0,3.846388888888889,116,3.0,0.0,0.0,0.0,1,1,0.90666556,0.3678151,-1.3565547,-0.35580295,487,-1
2040619090038194329,2026-04-05 16:20:58+00:00,0,"@kerissakti Jujur aja tampilan rating IGRS di Steam sekarang masih bikin bingung banyak orang. Tapi kalau ini memang lagi tahap penyesuaian, ya wajar butuh waktu",2040827044381220891,,kerissakti,in,,0,1,0,https://x.com/Deewwiiiii/status/2040827044381220891,1171267827736571904,Deewwiiiii,25,id,keep_id_anchor,False,jujur aja tampilan rating igrs di steam sekarang masih bikin bingung banyak orang tapi kalau ini memang lagi tahap penyesuaian ya wajar butuh waktu,[],0,1,147,24,0,1,1,0.5278,0.0189,7,0.7,3.183611111111111,116,9.0,0.0,0.0,0.027777777777777776,1,1,0.91003376,0.44444385,-0.4571659,-0.62335503,488,-1
2040619090038194329,2026-04-05 16:20:55+00:00,0,"@kerissakti Sedikit meluruskan ya, rating IGRS yang tampil di Steam itu banyak yang masih tahap awal/self declare dari developer, jadi belum final. Memang lagi proses penyesuaian, wajar kalau masih ada yang belum pas.",2040827031349538861,,kerissakti,in,,0,1,0,https://x.com/AlinGibroez/status/2040827031349538861,1768240865703800832,AlinGibroez,34,id,keep_id_anchor,False,sedikit meluruskan ya rating igrs yang tampil di steam itu banyak yang masih tahap awal self declare dari developer jadi belum final memang lagi proses penyesuaian wajar kalau masih ada yang belum pas,[],0,1,200,33,0,1,1,1.0,0.0284,5,0.8333333333333334,3.2808333333333333,116,5.0,0.0,0.0,0.1,1,1,1.0,0.4121436,-1.0783886,-0.2806063,489,-1
2040826745990045726,2026-04-05 16:19:47+00:00,0,"https://t.co/6mYW2tgLkA
Buat yang lagi ramai bahas IGRS dan rating gim di Steam, mungkin perlu cek dulu penjelasan resminya biar lebih paham konteksnya. Ada info penting tentang proses dan tujuannya,",2040826745990045726,,,in,,0,2,0,https://x.com/rahayu49384/status/2040826745990045726,1911651578336985088,rahayu49384,32,id,keep_id_anchor,False,buat yang lagi ramai bahas igrs dan rating game di steam mungkin perlu cek dulu penjelasan resminya biar lebih paham konteksnya ada info penting tentang proses dan tujuannya,[],0,0,173,28,0,2,0,0.5689,0.0168,6,1.0,3.855,116,5.0,0.0,0.0,0.0,1,1,0.93045616,0.44001496,-1.1730711,-0.4395585,490,-1
2040826498224206129,2026-04-05 16:18:48+00:00,0,"Waspada! Kemkomdigi tegaskan rating IGRS di Steam saat ini bukan rating resmi pemerintah. Klarifikasi segera dilakukan kepada pihak Steam untuk memastikan klasifikasi gim sesuai dengan aturan pelindungan anak di Indonesia. 🎮🚫

#GameRating https://t.co/2y6S1k1gwt",2040826498224206129,https://pbs.twimg.com/media/HFJ44WgaQAEEp71.jpg,,in,,0,1,0,https://x.com/indonesiago_id/status/2040826498224206129,1166311360898072577,indonesiago_id,35,id,keep_id_anchor,False,waspada kemkomdigi tegaskan rating igrs di steam saat ini bukan rating resmi pemerintah klarifikasi segera dilakukan kepada pihak steam untuk memastikan klasifikasi game sesuai dengan aturan pelindungan anak di indonesia gamerating,[],0,0,231,31,0,1,1,0.5965,0.0224,2,1.0,3.9277777777777776,116,0.0,0.0,0.0,0.0,1,0,0.9243113,0.425262,-1.4138293,-0.087792896,493,-1
2040826341390794987,2026-04-05 16:18:11+00:00,0,"Sedang ramai dibahas soal IGRS dan sistem rating gim di Steam. Ada penjelasan resmi yang bisa dibaca dulu supaya informasinya lebih lengkap: 
https://t.co/7Yp6142gOJ",2040826341390794987,,,in,,0,0,0,https://x.com/Alizazaina94321/status/2040826341390794987,1735829180502405120,Alizazaina94321,26,id,keep_id_anchor,False,sedang ramai dibahas soal igrs dan sistem rating game di steam ada penjelasan resmi yang bisa dibaca dulu supaya informasinya lebih lengkap,[],0,0,139,22,0,0,1,0.4057,0.0152,6,1.0,3.9175,116,5.0,0.0,0.0,0.0,1,1,0.9388064,0.43933907,-1.4495891,-0.34728462,495,-1
2040684902866411853,2026-04-05 16:17:19+00:00,0,"@RRDelusi Berdasarkan info yang ada, IGRS di Steam sekarang masih dalam tahap awal nih, jadi datanya belum final banget. Masih banyak yang baru deklarasi awal dari developernya. Tujuannya sih biar sistem ratingnya makin jelas dan aman buat semua kalangan usia",2040826124255862994,,RRDelusi,in,,0,0,0,https://x.com/VinaAmelia33281/status/2040826124255862994,1861041909810221056,VinaAmelia33281,40,id,keep_id_anchor,False,berdasarkan info yang ada igrs di steam sekarang masih dalam tahap awal ini jadi datanya belum final banget masih banyak yang baru deklarasi awal dari developernya tujuannya sih biar sistem ratingnya makin jelas dan aman buat semua kalangan usia,[],0,1,245,39,0,0,1,0.6756,0.0232,3,1.0,3.9030555555555555,116,3.0,0.0,0.0,0.0,1,1,0.95821214,0.40653798,-1.0506089,-0.23881495,497,-1
2040684902866411853,2026-04-05 16:17:18+00:00,0,"@RRDelusi Kalau ngikutin infonya, IGRS di Steam sekarang lagi dalam tahap awal implementasi, jadi datanya belum final ya. Banyak yang masih berupa deklarasi awal dari developer. Tujuannya sih bagus banget, biar sistem rating-nya jadi lebih jelas, aman, dan nyaman buat semua kalangan usia",2040826119491068144,,RRDelusi,in,,0,0,0,https://x.com/ReisaAmeli42101/status/2040826119491068144,1987461075345063937,ReisaAmeli42101,44,id,keep_id_anchor,False,kalau ngikutin infonya igrs di steam sekarang lagi dalam tahap awal implementasi jadi datanya belum final ya banyak yang masih berupa deklarasi awal dari developer tujuannya sih bagus banget biar sistem rating nya jadi lebih jelas aman dan nyaman buat semua kalangan usia,[],0,1,271,43,0,0,1,0.7113,0.021,1,1.0,3.9027777777777777,116,1.0,0.0,0.0,0.0,1,0,0.96593696,0.36350334,-1.224534,-0.10721651,498,-1
2040640511946686843,2026-04-05 16:15:21+00:00,0,"@kukuhya Sebenarnya IGRS di Steam sekarang banyak yang masih data awal/selfdeclare dan belum final,serta melindungi pemain muda, dari ekosistem yg bermasalah ,kerja komdigi udh tepat itu",2040825631508967442,,kukuhya,in,,0,2,0,https://x.com/Ranti130920/status/2040825631508967442,1855364957027876864,Ranti130920,28,id,keep_id_anchor,False,sebenarnya igrs di steam sekarang banyak yang masih data awal self declare dan belum final serta melindungi pemain muda dari ekosistem yang bermasalah kerja komdigi sudah tepat itu,[],0,1,180,28,0,2,0,0.6666,0.034,3,0.75,3.870277777777778,116,3.0,0.0,0.0,0.0,1,1,0.9210035,0.41467866,-0.63513094,-0.25142252,499,-1
2040684902866411853,2026-04-05 16:14:26+00:00,0,"@RRDelusi Guys, santai dulu. Banyak yang salah paham soal rating IGRS di Steam. Ini bukan soal sensor atau kebebasan, tapi tentang melindungi pemain muda dan bikin ekosistem game lebih sehat. Banyak rating yang masih data awal/self-declare, jadi belum final. Ayo fokus ke niat baiknya",2040825400591540442,,RRDelusi,in,,0,1,0,https://x.com/rahayu49384/status/2040825400591540442,1911651578336985088,rahayu49384,46,id,keep_id_anchor,False,guys santai dulu banyak yang salah paham soal rating igrs di steam ini bukan soal sensor atau kebebasan tapi tentang melindungi pemain muda dan bikin ekosistem game lebih sehat banyak rating yang masih data awal self declare jadi belum final ayo fokus ke niat baiknya,[],0,1,267,45,0,1,1,0.6459,0.0295,6,1.0,3.855,116,5.0,0.0,0.0,0.0,1,1,0.8900138,0.46347576,-0.97430813,-0.9110002,501,-1
2040684902866411853,2026-04-05 16:14:08+00:00,0,"@RRDelusi Izin bantu jelasin ya, rating IGRS yang muncul di Steam itu rata-rata masih self-declare atau data awal, jadi belum final. Wajar banget kalau di awal ini masih ada penyesuaian, karena tujuan utamanya kan buat melindungi gamer usia muda dan ngerapiin ekosistem gim kita supaya aman",2040825323798093970,,RRDelusi,in,,0,0,0,https://x.com/carapaklek/status/2040825323798093970,230755427,carapaklek,48,id,keep_id_anchor,False,izin bantu jelasin ya rating igrs yang muncul di steam itu rata rata masih self declare atau data awal jadi belum final wajar banget kalau di awal ini masih ada penyesuaian karena tujuan utamanya kan buat melindungi gamer usia muda dan ngerapiin ekosistem game kita supaya aman,[],0,1,277,47,0,0,1,0.535,0.027,7,0.7777777777777778,3.303611111111111,116,8.0,0.0,0.0,0.0,1,1,0.92879695,0.44832945,-1.0238006,-1.079972,502,-1
2040684902866411853,2026-04-05 16:13:56+00:00,0,"@RRDelusi Perlu diluruskan, rating IGRS di Steam sekarang masih tahap awal (self-declare), jadi belum final. Tujuannya buat melindungi pemain muda dan menata ekosistem game. Wajar kalau di awal masih ada yang perlu disesuaikan",2040825274212995494,,RRDelusi,in,,0,0,0,https://x.com/NganjukSun23590/status/2040825274212995494,1949393136725442560,NganjukSun23590,34,id,keep_id_anchor,False,perlu diluruskan rating igrs di steam sekarang masih tahap awal self declare jadi belum final tujuannya buat melindungi pemain muda dan menata ekosistem game wajar kalau di awal masih ada yang perlu disesuaikan,[],0,1,210,33,0,0,1,0.8445,0.0295,4,0.8,3.8466666666666667,116,4.0,0.0,0.0,0.0,1,1,0.9782401,0.4604583,-1.2263657,-0.7161109,503,-1
2040684902866411853,2026-04-05 16:13:55+00:00,0,"@RRDelusi Gemini berkata Rating IGRS di Steam masih data awal/self-declare, belum final. Wajar ada penyesuaian demi ekosistem game sehat &amp; lindungi pemain muda. 
Yuk kawal! 🎮✨",2040825267145556139,,RRDelusi,in,,0,0,0,https://x.com/dh74169970/status/2040825267145556139,1758767777320689664,dh74169970,27,id,keep_id_anchor,False,gemini berkata rating igrs di steam masih data awal self declare belum final wajar ada penyesuaian demi ekosistem game sehat lindungi pemain muda yuk kawal,[],0,1,155,25,0,0,1,0.6311,0.0283,3,1.0,3.846388888888889,116,3.0,0.0,0.0,0.0,1,1,0.88042766,0.4410873,-0.93204063,-0.53112906,504,-1
2040684902866411853,2026-04-05 16:13:02+00:00,0,"@RRDelusi Sedikit meluruskan ya, yg muncul di Steam soal rating IGRS itu banyak yg masih tahap awal/self-declare dr developer, jd blm semuanya final. Tujuan utamanya buat perlindungan pemain muda &amp; penataan ekosistem game, jd wajar kalo di fase awal masih ada yg perlu disempurnakan bareng²",2040825046198030725,,RRDelusi,in,,0,0,0,https://x.com/dvrtlngi/status/2040825046198030725,1597430218230497280,dvrtlngi,47,id,keep_id_anchor,False,sedikit meluruskan ya yang muncul di steam soal rating igrs itu banyak yang masih tahap awal self declare dari developer jd belum semuanya final tujuan utamanya buat perlindungan pemain muda penataan ekosistem game jd wajar kalau di fase awal masih ada yang perlu disempurnakan bareng,[],0,1,284,45,0,0,1,0.4964,0.0243,4,1.0,3.6775,116,3.0,0.0,0.0,0.0,1,1,0.9334223,0.4506286,-0.8805559,-0.82493293,506,-1
2040684902866411853,2026-04-05 16:13:02+00:00,0,@RRDelusi Kalo menurut saya sih rating IGRS di Steam sekarang banyak yang masih data jadi masih belum sepenuhnya valid..,2040825046080667658,,RRDelusi,in,,0,0,0,https://x.com/SidikHamdani96/status/2040825046080667658,1699734556553932800,SidikHamdani96,19,id,keep_id_anchor,False,kalau menurut saya sih rating igrs di steam sekarang banyak yang masih data jadi masih belum sepenuhnya valid,[],0,1,109,18,0,0,1,1.0,0.0199,3,1.0,3.661111111111111,116,2.0,0.0,0.0,0.0,1,1,0.9999999,0.40938222,-1.2421439,-0.1605062,507,-1
2040640511946686843,2026-04-05 16:12:43+00:00,0,@kukuhya mungkin masih banyak kejanggalan Rating IGRS yg terlihat di Steam...itu karna masih banyak data awal dan belum final hingga masih banyak yg harus disesuaikan..intinya kan utk melindungi pemain muda dan menata ekosistem game....semuanya butuh proses,2040824968381108471,,kukuhya,in,,0,2,0,https://x.com/mintozaki75/status/2040824968381108471,1761381895903059968,mintozaki75,39,id,keep_id_anchor,False,mungkin masih banyak kejanggalan rating igrs yang terlihat di steam itu karna masih banyak data awal dan belum final hingga masih banyak yang harus disesuaikan intinya kan untuk melindungi pemain muda dan menata ekosistem game semuanya butuh proses,[],0,1,248,38,0,2,0,0.5285,0.028,3,1.0,3.826388888888889,116,2.0,0.0,0.0,0.0,1,1,0.9079288,0.45667267,-0.99388826,-0.9569872,508,-1
2040684902866411853,2026-04-05 16:12:22+00:00,0,"@RRDelusi Perlu diingat, rating IGRS di Steam yang sekarang banyak masih tahap awal/self-declare dari developer, jadi belum final. Tujuannya juga bagus kok, buat lindungi pemain muda dan benahin ekosistem game, jadi wajar kalau di awal masih ada yang perlu disesuaikan.",2040824879990354316,,RRDelusi,in,,0,0,0,https://x.com/PutriRahma32820/status/2040824879990354316,1908370125050568704,PutriRahma32820,42,id,keep_id_anchor,False,perlu diingat rating igrs di steam yang sekarang banyak masih tahap awal self declare dari developer jadi belum final tujuannya juga bagus kok buat lindungi pemain muda dan benahin ekosistem game jadi wajar kalau di awal masih ada yang perlu disesuaikan,[],0,1,253,41,0,0,1,0.6709,0.0297,5,0.8333333333333334,3.6463888888888887,116,5.0,0.0,0.0,0.0,1,1,0.942474,0.4491329,-1.2630091,-0.77911365,509,-1
2040684902866411853,2026-04-05 16:12:16+00:00,0,"@RRDelusi Rating IGRS yang kelihatan di Steam itu banyak yang masih data awal/selfdeclare, belum final. Wajar kalau sekarang ada yang belum pas, lagi proses disesuaikan dulu.",2040824855063564392,,RRDelusi,in,,0,1,0,https://x.com/noviarguna72100/status/2040824855063564392,2004965320587706370,noviarguna72100,27,id,keep_id_anchor,False,rating igrs yang kelihatan di steam itu banyak yang masih data awal self declare belum final wajar kalau sekarang ada yang belum pas lagi proses disesuaikan dulu,[],0,1,161,27,0,1,1,0.9288,0.029,6,0.6666666666666666,3.2152777777777777,116,7.0,0.0,0.0,0.0,1,1,0.9815091,0.40797493,-1.2523075,-0.15565738,511,-1
2040684902866411853,2026-04-05 16:12:12+00:00,0,"@RRDelusi Sedikit meluruskan ya, rating IGRS yang sekarang terlihat di Steam masih banyak yang sifatnya data awal dari self-declare, jadi belum final. Wajar kalau di fase awal masih ada yang perlu disesuaikan sambil sistemnya dirapikan bersama.",2040824837040665066,,RRDelusi,in,,0,0,0,https://x.com/JancokAsu893230/status/2040824837040665066,1793661894408155136,JancokAsu893230,37,id,keep_id_anchor,False,sedikit meluruskan ya rating igrs yang sekarang terlihat di steam masih banyak yang sifatnya data awal dari self declare jadi belum final wajar kalau di fase awal masih ada yang perlu disesuaikan sambil sistemnya dirapikan bersama,[],0,1,230,36,0,0,1,0.5635,0.0267,5,0.8333333333333334,3.366388888888889,116,5.0,0.0,0.0,0.0,1,1,0.9444276,0.41344514,-1.0891143,-0.2076517,512,-1
2040684902866411853,2026-04-05 16:12:03+00:00,0,"@RRDelusi Sedikit meluruskan ya, rating IGRS yang tampil di Steam itu banyak yang masih tahap awal/self declare dari developer, jadi belum final. Memang lagi proses penyesuaian, wajar kalau masih ada yang belum pas.",2040824799723930021,,RRDelusi,in,,0,0,0,https://x.com/AlinGibroez/status/2040824799723930021,1768240865703800832,AlinGibroez,34,id,keep_id_anchor,False,sedikit meluruskan ya rating igrs yang tampil di steam itu banyak yang masih tahap awal self declare dari developer jadi belum final memang lagi proses penyesuaian wajar kalau masih ada yang belum pas,[],0,1,200,33,0,0,1,1.0,0.0284,5,0.8333333333333334,3.2808333333333333,116,5.0,0.0,0.0,0.1,1,1,1.0,0.4121436,-1.0783886,-0.2806063,515,-1
2040684902866411853,2026-04-05 16:11:57+00:00,0,"@RRDelusi Sebagian rating IGRS di Steam saat ini masih bersifat sementara karena diisi sendiri dulu oleh developer. Ini memang proses awal, dan tujuannya jelas buat perlindungan pemain muda, jadi kalau masih ada yang belum pas, itu hal yang wajar dan bisa diperbaiki bareng.",2040824776021975507,,RRDelusi,in,,0,1,0,https://x.com/Adiety333/status/2040824776021975507,1202870884165242880,Adiety333,43,id,keep_id_anchor,False,sebagian rating igrs di steam saat ini masih bersifat sementara karena diisi sendiri dulu oleh developer ini memang proses awal dan tujuannya jelas buat perlindungan pemain muda jadi kalau masih ada yang belum pas itu hal yang wajar dan bisa diperbaiki bareng,[],0,1,259,42,0,1,1,0.5017,0.0218,5,0.8333333333333334,3.651666666666667,116,5.0,0.0,0.0,0.0,1,1,0.9120573,0.415508,-1.3180962,-0.28630486,516,-1
2040824752315785572,2026-04-05 16:11:52+00:00,0,"Terkait perbincangan seputar sistem rating gim di platform Steam, penjelasan resmi mengenai kesesuaian aturan IGRS di Indonesia dapat diakses melalui tautan ini. Yuk, baca detailnya terlebih dahulu supaya informasi yang kita terima lebih akurat: https://t.co/xCeriwdJOE",2040824752315785572,,,in,,0,1,0,https://x.com/dantexvergil999/status/2040824752315785572,1218447207981973504,dantexvergil999,38,id,keep_id_anchor,False,terkait perbincangan seputar sistem rating game di platform steam penjelasan resmi mengenai kesesuaian aturan igrs di indonesia dapat diakses melalui tautan ini yuk baca detailnya terlebih dahulu supaya informasi yang kita terima lebih akurat,[],0,0,242,34,0,1,1,0.5071,0.0176,1,1.0,3.812222222222222,116,0.0,0.0,0.0,0.0,1,0,0.8353325,0.3824961,-0.99531746,-0.05928218,517,-1
2040684902866411853,2026-04-05 16:11:43+00:00,0,"@RRDelusi Rating IGRS di Steam itu masih self-assessment (data awal), jadi belum hasil akhir. Sekarang lagi proses review dan penyesuaian secara bertahap supaya sesuai sama isinya. Mohon maklum kalau sekarang masih banyak yang belum tepat.",2040824717498806396,,RRDelusi,in,,0,0,0,https://x.com/Alvaro734877/status/2040824717498806396,1959905943480877056,Alvaro734877,36,id,keep_id_anchor,False,rating igrs di steam itu masih self assessment data awal jadi belum hasil akhir sekarang lagi proses review dan penyesuaian secara bertahap supaya sesuai sama isinya mohon maklum kalau sekarang masih banyak yang belum tepat,[],0,1,223,35,0,0,1,0.4896,0.0251,4,1.0,3.7683333333333335,116,4.0,0.0,0.0,0.0,1,1,0.8747734,0.339385,-1.5261637,-0.04817461,519,-1
2040684902866411853,2026-04-05 16:11:40+00:00,0,"@RRDelusi Supaya nggak simpang siur, ini tersedia siaran pers resmi tentang IGRS dan sistem rating di Steam",2040824703066255600,,RRDelusi,in,,0,0,0,https://x.com/Deewwiiiii/status/2040824703066255600,1171267827736571904,Deewwiiiii,17,id,keep_id_anchor,False,supaya tidak simpang siur ini tersedia siaran pers resmi tentang igrs dan sistem rating di steam,[],0,1,96,16,0,0,1,0.5522,0.0282,7,0.7,3.183611111111111,116,9.0,0.0,0.0,0.027777777777777776,1,1,0.8181304,0.3780589,-0.8263547,0.13631149,520,-1
2040684902866411853,2026-04-05 16:11:27+00:00,0,"@RRDelusi Kalau dilihat sekarang, rating IGRS di Steam itu masih banyak yang sifatnya self-declare dari developer, jadi belum final sepenuhnya. Memang masih fase penyesuaian",2040824647785333123,,RRDelusi,in,,0,0,0,https://x.com/indahsarii54648/status/2040824647785333123,2014319527950188544,indahsarii54648,25,id,keep_id_anchor,False,kalau dilihat sekarang rating igrs di steam itu masih banyak yang sifatnya self declare dari developer jadi belum final sepenuhnya memang masih fase penyesuaian,[],0,1,160,24,0,0,1,0.5148,0.0255,3,0.75,3.257222222222222,116,3.0,0.0,0.0,0.0,1,1,0.94541967,0.38937876,-1.2533772,-0.14763527,521,-1
2040824619209527607,2026-04-05 16:11:20+00:00,0,"https://t.co/JAaZKjzgGZ

IGRS &amp; rating gim di Steam harusnya diriset lebih lanjut setiap gamenya untuk memberikan rating yang pantas di setiap game-game yang beredar di Indonesia terutama di Steam. Filter yang tepat dalam memberikan rating di setiap game itu penting.",2040824619209527607,,,in,,0,0,0,https://x.com/andybalala19/status/2040824619209527607,1399951844000997378,andybalala19,43,id,keep_id_anchor,False,igrs rating game di steam harusnya diriset lebih lanjut setiap gamenya untuk memberikan rating yang pantas di setiap game game yang beredar di indonesia terutama di steam filter yang tepat dalam memberikan rating di setiap game itu penting,[],0,0,239,38,0,0,1,0.4148,0.0086,4,0.6666666666666666,3.713611111111111,116,5.0,0.0,0.0,0.0,1,1,0.833202,0.37306905,-1.9111863,-0.34674785,522,-1
2040684902866411853,2026-04-05 16:10:59+00:00,0,"@RRDelusi Kalau ngikutin infonya, IGRS di Steam sekarang masih dalam tahap awal implementasi, jadi datanya belum sepenuhnya final. Banyak yang masih deklarasi awal dari developer. Tujuan besarnya kan buat sistem rating yang lebih jelas dan aman buat semua umur.",2040824532404166816,,RRDelusi,in,,0,1,0,https://x.com/Giskaelvina/status/2040824532404166816,1741124901568991232,Giskaelvina,39,id,keep_id_anchor,False,kalau ngikutin infonya igrs di steam sekarang masih dalam tahap awal implementasi jadi datanya belum sepenuhnya final banyak yang masih deklarasi awal dari developer tujuan besarnya kan buat sistem rating yang lebih jelas dan aman buat semua umur,[],0,1,246,38,0,1,1,0.7113,0.0222,2,0.6666666666666666,3.551388888888889,116,2.0,0.0,0.0,0.0,1,1,0.96593696,0.37300536,-1.3128026,-0.16149941,524,-1
2040640511946686843,2026-04-05 16:10:30+00:00,0,"@kukuhya Kalau lagi ngikutin isu IGRS &amp; rating gim di Steam, mungkin bisa lihat dulu rilis resminya sebagai bahan pertimbangan",2040824410890977324,,kukuhya,in,,0,2,0,https://x.com/Deewwiiiii/status/2040824410890977324,1171267827736571904,Deewwiiiii,20,id,keep_id_anchor,False,kalau lagi ngikutin isu igrs rating game di steam mungkin bisa lihat dulu rilis resminya sebagai bahan pertimbangan,[],0,1,115,18,0,2,0,0.5108,0.0087,7,0.7,3.183611111111111,116,9.0,0.0,0.0,0.027777777777777776,1,1,0.9251292,0.46994045,-1.488654,-0.2398208,525,-1
2040824268280541251,2026-04-05 16:09:56+00:00,0,"https://t.co/QqDiuUT0d3

Kalo menurut saya sih rating IGRS di Steam sekarang banyak yang masih data jadi masih belum sepenuhnya valid..",2040824268280541251,,,in,,0,0,0,https://x.com/SidikHamdani96/status/2040824268280541251,1699734556553932800,SidikHamdani96,22,id,keep_id_anchor,False,kalau menurut saya sih rating igrs di steam sekarang banyak yang masih data jadi masih belum sepenuhnya valid,[],0,0,109,18,0,0,1,1.0,0.0199,3,1.0,3.661111111111111,116,2.0,0.0,0.0,0.0,1,1,0.9999999,0.40938222,-1.2421439,-0.1605062,527,-1
2040640511946686843,2026-04-05 16:09:14+00:00,0,"@kukuhya Sedikit meluruskan, rating IGRS yang muncul di Steam sekarang kebanyakan data awal/self-declare, jadi memang belum final. Lagi proses penyesuaian kok, wajar kalau ada yang terasa nggak pas sekarang. Nanti akan disesuaikan lagi sama verifikasi resmi.",2040824090123174204,,kukuhya,in,,0,2,0,https://x.com/Alvaro734877/status/2040824090123174204,1959905943480877056,Alvaro734877,38,id,keep_id_anchor,False,sedikit meluruskan rating igrs yang muncul di steam sekarang kebanyakan data awal self declare jadi memang belum final lagi proses penyesuaian kok wajar kalau ada yang terasa tidak pas sekarang nanti akan disesuaikan lagi sama verifikasi resmi,[],0,1,243,37,0,2,0,0.5095,0.0294,4,1.0,3.7683333333333335,116,4.0,0.0,0.0,0.0,1,1,0.92844427,0.380528,-0.9894391,-0.27895564,528,-1
2040823842495725589,2026-04-05 16:08:15+00:00,0,"ra jelas blas igrs, pakyu 🖕🏻",2040823842495725589,,,in,,0,0,0,https://x.com/adityamnugraha/status/2040823842495725589,299003444,adityamnugraha,5,lv,keep_id_anchor,False,ra jelas blas igrs pakyu,[],0,0,24,5,0,0,1,0.0,0.0,1,1.0,3.7519444444444443,116,0.0,0.0,0.0,0.0,0,0,0.85693187,0.3807758,0.8920719,0.82668215,531,-1
2040640511946686843,2026-04-05 16:08:05+00:00,0,"@kukuhya Sedikit klarifikasi, rating IGRS di Steam itu banyak yang masih self-declare, jadi belum final. Wajar kalau masih ada yang belum pas. Ini lagi fase penyesuaian, tujuannya buat perlindungan pemain muda dan penataan ekosistem. Kalau ada yang janggal, kemungkinan masih perbaikan",2040823801127293001,,kukuhya,in,,0,5,0,https://x.com/rpramestaa12/status/2040823801127293001,227248005,rpramestaa12,42,id,keep_id_anchor,False,sedikit klarifikasi rating igrs di steam itu banyak yang masih self declare jadi belum final wajar kalau masih ada yang belum pas ini lagi fase penyesuaian tujuannya buat perlindungan pemain muda dan penataan ekosistem kalau ada yang janggal kemungkinan masih perbaikan,[],0,1,269,41,0,5,0,0.6416,0.0307,4,0.6666666666666666,3.430277777777778,116,5.0,0.0,0.0,0.0,1,1,0.9251847,0.4276417,-0.7225576,-0.70443267,532,-1
2040677173032591862,2026-04-05 16:07:58+00:00,2,"@mhuseinali klarifikasi mereka terakhir, instead of melakukan pembenahan... malah minta pihak steam untuk klarifikasi, kan kocak malah nyalahin steam padahal rating IGRS yg amburadul. apalah yg bisa diharapkan lagi, mereka ngurus game tapi mereka sendiri gatau apa itu TLOU",2040823773365199202,,ianrswld,in,,0,0,0,https://x.com/ianrswld/status/2040823773365199202,1661487911618109440,ianrswld,39,id,keep_id_anchor,False,klarifikasi mereka terakhir instead of melakukan pembenahan malah minta pihak steam untuk klarifikasi kan kocak malah nyalahin steam padahal rating igrs yang amburadul apalah yang bisa diharapkan lagi mereka ngurus game tapi mereka sendiri gatau apa itu tlou,[],0,1,258,38,0,2,0,0.4157,0.0079,1,0.5,3.5502777777777776,116,1.0,0.0,0.0,0.0,1,0,0.8134992,0.40314272,-0.13257204,-0.8072537,533,-1
2040823482897084647,2026-04-05 16:06:49+00:00,0,Ngentot lo IGRS.,2040823482897084647,,,sl,,0,0,0,https://x.com/adzumanga/status/2040823482897084647,2317381938,adzumanga,3,nl,keep_id_anchor,False,ngentot kamu igrs,[],0,0,17,3,0,0,1,0.7798,0.0016,1,1.0,3.7280555555555557,116,0.0,0.0,0.0,0.0,0,0,0.93541634,0.2811423,1.9503118,0.5226349,536,-1
2040823359437734339,2026-04-05 16:06:20+00:00,0,igrs so shiiiitttyyyy,2040823359437734339,,,sl,,0,0,0,https://x.com/Rikaa_key/status/2040823359437734339,1468860896541753346,Rikaa_key,3,fi,keep_id_anchor,False,igrs so shiiiitttyyyy,[],0,0,21,3,0,0,1,0.5137,0.0034,1,1.0,3.72,116,0.0,0.0,0.0,0.0,0,0,0.861572,0.3748094,1.111766,0.8511055,538,-1
2040823267393777766,2026-04-05 16:05:58+00:00,0,"Agar mendapatkan gambaran yang lebih utuh mengenai regulasi IGRS dan kebijakan rating gim di Steam, silakan simak poin-poin dalam siaran pers resmi Kemkomdigi berikut ini sebagai referensi sebelum berdiskusi lebih lanjut
https://t.co/7N3XKKKoPz",2040823267393777766,,,in,,0,0,0,https://x.com/ikaikuikok/status/2040823267393777766,620724276,ikaikuikok,36,id,keep_id_anchor,False,agar mendapatkan gambaran yang lebih utuh mengenai regulasi igrs dan kebijakan rating game di steam silakan simak poin poin dalam siaran pers resmi kemkomdigi berikut ini sebagai referensi sebelum berdiskusi lebih lanjut,[],0,0,220,32,0,0,1,0.3946,0.0139,2,0.6666666666666666,3.713888888888889,116,2.0,0.0,0.0,0.0,1,1,0.88035274,0.44776994,-0.80459106,-0.16873333,539,-1
2040640511946686843,2026-04-05 16:05:57+00:00,0,"@kukuhya Aku mau sedikit klarifikasi, rating IGRS yang kelihatan di Steam itu banyak yang masih data awal/selfdeclare, belum final. Sekarang belum ada yang betul-betul pas di Sistem Rating Game di Indonesia sekarang. IGRS dibuat untuk mewadahi semua game yang beredar di Indonesia sekarang",2040823263258186207,,kukuhya,in,,0,5,0,https://x.com/andybalala19/status/2040823263258186207,1399951844000997378,andybalala19,45,id,keep_id_anchor,False,aku mau sedikit klarifikasi rating igrs yang kelihatan di steam itu banyak yang masih data awal self declare belum final sekarang belum ada yang betul betul pas di sistem rating game di indonesia sekarang igrs dibuat untuk mewadahi semua game yang beredar di indonesia sekarang,[],0,1,277,45,0,5,0,0.6913,0.0341,4,0.6666666666666666,3.713611111111111,116,5.0,0.0,0.0,0.0,1,1,0.8816502,0.42301455,-1.4328494,0.23845337,540,-1
2040640511946686843,2026-04-05 16:03:55+00:00,0,"@kukuhya Sedikit klarifikasi, rating IGRS yang kelihatan di Steam itu banyak yang masih data awal/selfdeclare, belum final. Wajar kalau sekarang ada yang belum pas, lagi proses disesuaikan dulu.",2040822750768681075,,kukuhya,in,,0,2,0,https://x.com/noviarguna72100/status/2040822750768681075,2004965320587706370,noviarguna72100,29,id,keep_id_anchor,False,sedikit klarifikasi rating igrs yang kelihatan di steam itu banyak yang masih data awal self declare belum final wajar kalau sekarang ada yang belum pas lagi proses disesuaikan dulu,[],0,1,181,29,0,2,0,0.9288,0.0283,6,0.6666666666666666,3.2152777777777777,116,7.0,0.0,0.0,0.0,1,1,0.9815091,0.4045054,-1.0639479,-0.27361706,542,-1
2040822737284083780,2026-04-05 16:03:51+00:00,0,"Ini penjelasan resmi terkait IGRS dan sistem rating gim di Steam, mungkin bisa dibaca dulu biar gambaran lebih utuh sebelum menilai :
https://t.co/9dD0sNzUdw",2040822737284083780,,,in,,0,0,0,https://x.com/PutriRahma32820/status/2040822737284083780,1908370125050568704,PutriRahma32820,25,id,keep_id_anchor,False,ini penjelasan resmi terkait igrs dan sistem rating game di steam mungkin bisa dibaca dulu biar gambaran lebih utuh sebelum menilai,[],0,0,131,21,0,0,1,0.5962,0.0158,5,0.8333333333333334,3.6463888888888887,116,5.0,0.0,0.0,0.0,1,1,0.9510437,0.45645085,-1.3712778,-0.17658837,543,-1
2040822717910601987,2026-04-05 16:03:47+00:00,0,"Lagi ramai bahas IGRS &amp; rating gim di Steam, ini ada rilis resmi yang jelasin konteksnya. Mungkin bisa dibaca dulu biar dapat gambaran utuh sebelum lanjut diskusi:

https://t.co/Bhm3pN6VAk",2040822717910601987,,,in,,0,0,0,https://x.com/dvrtlngi/status/2040822717910601987,1597430218230497280,dvrtlngi,31,id,keep_id_anchor,False,lagi ramai bahas igrs rating game di steam ini ada rilis resmi yang jelasin konteksnya mungkin bisa dibaca dulu biar dapat gambaran utuh sebelum lanjut diskusi,[],0,0,159,26,0,0,1,0.5926,0.0122,4,1.0,3.6775,116,3.0,0.0,0.0,0.0,1,1,0.9381759,0.4445744,-1.3974886,0.14097963,544,-1
2040640511946686843,2026-04-05 16:03:35+00:00,1,"@kukuhya Coba bantu luruskan ya, sebenarnya rating IGRS yang muncul di Steam itu mayoritas masih bersifat self-declare atau data awal saja, jadi memang belum hasil final. Kita perlu maklum karena ini masih tahap transisi agar ekosistem gim kita lebih tertata dan pemain di bawah umur aman.",2040822668820402334,,kukuhya,in,,0,7,0,https://x.com/carapaklek/status/2040822668820402334,230755427,carapaklek,47,id,keep_id_anchor,False,coba bantu luruskan ya sebenarnya rating igrs yang muncul di steam itu mayoritas masih bersifat self declare atau data awal saja jadi memang belum hasil final kita perlu maklum karena ini masih tahap transisi agar ekosistem game kita lebih tertata dan pemain di bawah umur aman,[],0,1,277,46,0,8,0,0.4896,0.0257,7,0.7777777777777778,3.303611111111111,116,8.0,0.0,0.0,0.0,1,1,0.92983675,0.46852142,-1.2051119,-0.75653756,545,-1
2040822576076005856,2026-04-05 16:03:13+00:00,0,"Sudah ada siaran pers resminya soal IGRS &amp; rating gim di Steam, ada baiknya cek dulu supaya informasinya lebih lengkap:
https://t.co/fyQ8yxJm10",2040822576076005856,,,in,,0,1,0,https://x.com/Adiety333/status/2040822576076005856,1202870884165242880,Adiety333,24,id,keep_id_anchor,False,sudah ada siaran pers resminya soal igrs rating game di steam ada baiknya cek dulu supaya informasinya lebih lengkap,[],0,0,116,19,0,1,1,0.5131,0.0139,5,0.8333333333333334,3.651666666666667,116,5.0,0.0,0.0,0.0,1,1,0.93348926,0.43163207,-1.2516814,0.092292905,546,-1
2040640511946686843,2026-04-05 16:02:48+00:00,0,@kukuhya Kalo menurut saya sih rating IGRS di Steam sekarang banyak yang masih data jadi masih belum sepenuhnya valid..,2040822471704850776,,kukuhya,in,,0,1,0,https://x.com/SidikHamdani96/status/2040822471704850776,1699734556553932800,SidikHamdani96,19,id,keep_id_anchor,False,kalau menurut saya sih rating igrs di steam sekarang banyak yang masih data jadi masih belum sepenuhnya valid,[],0,1,109,18,0,1,1,1.0,0.0199,3,1.0,3.661111111111111,116,2.0,0.0,0.0,0.0,1,1,0.9999999,0.40938222,-1.2421439,-0.1605062,548,-1
2040640511946686843,2026-04-05 16:02:33+00:00,0,"@kukuhya Sedikit info, rating IGRS yang muncul saat ini masih banyak yang berasal dari deklarasi awal dan masih terus disesuaikan. Namanya juga fase transisi sistem, jadi wajar kalau masih ada yang perlu diperjelas sambil tetap fokus ke perlindungan pemain muda.",2040822409557934415,,kukuhya,in,,0,4,0,https://x.com/JancokAsu893230/status/2040822409557934415,1793661894408155136,JancokAsu893230,40,id,keep_id_anchor,False,sedikit info rating igrs yang muncul saat ini masih banyak yang berasal dari deklarasi awal dan masih terus disesuaikan namanya juga fase transisi sistem jadi wajar kalau masih ada yang perlu diperjelas sambil tetap fokus ke perlindungan pemain muda,[],0,1,249,39,0,4,0,0.4343,0.0242,5,0.8333333333333334,3.366388888888889,116,5.0,0.0,0.0,0.0,1,1,0.92080414,0.40777215,-1.2751744,-0.22214383,549,-1
2040640511946686843,2026-04-05 16:02:30+00:00,0,"@kukuhya IGRS memang dibuat untuk lindungi anak muda lewat rating umur resmi. Tampilan di Steam masih proses penyesuaian, nanti pasti makin rapi dan jelas.",2040822394059952345,,kukuhya,in,,0,1,0,https://x.com/tauvik1212/status/2040822394059952345,1901604356807692288,tauvik1212,24,id,keep_id_anchor,False,igrs memang dibuat untuk lindungi anak muda lewat rating umur resmi tampilan di steam masih proses penyesuaian nanti pasti makin rapi dan jelas,[],0,1,143,23,0,1,1,0.4447,0.0196,1,0.5,3.242777777777778,116,1.0,0.0,0.0,0.0,1,0,0.8199109,0.3621293,-1.0516901,-0.2639803,550,-1
2040640511946686843,2026-04-05 16:02:14+00:00,0,"@kukuhya Sekadar klarifikasi, rating IGRS di Steam sekarang masih banyak yang self-declare dan belum final. Wajar kalau belum rapi, ini masih tahap penyesuaian demi perlindungan pemain muda.",2040822329232785870,,kukuhya,in,,0,1,0,https://x.com/Adiety333/status/2040822329232785870,1202870884165242880,Adiety333,28,id,keep_id_anchor,False,sekadar klarifikasi rating igrs di steam sekarang masih banyak yang self declare dan belum final wajar kalau belum rapi ini masih tahap penyesuaian demi perlindungan pemain muda,[],0,1,177,27,0,1,1,0.624,0.0306,5,0.8333333333333334,3.651666666666667,116,5.0,0.0,0.0,0.0,1,1,0.9271908,0.4531123,-0.81094164,-0.62007904,551,-1
2040640511946686843,2026-04-05 16:02:10+00:00,0,"@kukuhya Buat yang lagi mengikuti isu IGRS dan rating gim di Steam, sudah ada penjelasan resminya yang bisa dijadikan referensi. Coba cek dulu sebelum ambil kesimpulan",2040822312149324220,,kukuhya,in,,0,1,0,https://x.com/asep2b/status/2040822312149324220,1807589868232687616,asep2b,26,id,keep_id_anchor,False,buat yang lagi mengikuti isu igrs dan rating game di steam sudah ada penjelasan resminya yang bisa dijadikan referensi coba cek dulu sebelum ambil kesimpulan,[],0,1,157,25,0,1,1,0.4645,0.0116,1,0.5,3.4166666666666665,116,1.0,0.0,0.0,0.0,1,0,0.9343042,0.44282,-1.1117513,-0.55227935,553,-1
2040640511946686843,2026-04-05 16:01:55+00:00,0,"@kukuhya Yang muncul di Steam saat ini masih data awal IGRS, jadi belum sepenuhnya akurat. Lagi proses penyesuaian, tujuannya biar sistem rating ke depan lebih jelas dan melindungi pemain.",2040822247821283713,,kukuhya,in,,0,4,0,https://x.com/PutriRahma32820/status/2040822247821283713,1908370125050568704,PutriRahma32820,29,id,keep_id_anchor,False,yang muncul di steam saat ini masih data awal igrs jadi belum sepenuhnya akurat lagi proses penyesuaian tujuannya biar sistem rating ke depan lebih jelas dan melindungi pemain,[],0,1,175,28,0,4,0,0.3723,0.0243,5,0.8333333333333334,3.6463888888888887,116,5.0,0.0,0.0,0.0,1,1,0.8733833,0.42122117,-1.2107731,-0.47142994,554,-1
2040640511946686843,2026-04-05 16:01:47+00:00,0,"@kukuhya Biar nggak salah paham, rating IGRS yang muncul di Steam itu mayoritas masih self-declare alias data awal dari pihak pengembang, jadi belum hasil kurasi final. Namanya juga baru integrasi ke platform global, pasti ada fase transisinya.",2040822215235801372,,kukuhya,in,,0,3,0,https://x.com/alwiiihasan/status/2040822215235801372,1115572398,alwiiihasan,38,id,keep_id_anchor,False,biar tidak salah paham rating igrs yang muncul di steam itu mayoritas masih self declare alias data awal dari pihak pengembang jadi belum hasil kurasi final namanya juga baru integrasi ke platform global pasti ada fase transisinya,[],0,1,230,37,0,3,0,0.4797,0.0295,1,0.5,3.181111111111111,116,1.0,0.0,0.0,0.0,1,0,0.81186557,0.394416,-0.8511194,0.07015567,555,-1
2040640511946686843,2026-04-05 16:01:32+00:00,0,"@kukuhya Sedikit meluruskan ya, rating IGRS yang sekarang muncul di Steam banyak yang masih berbasis data awal dari self-declare, jadi belum bisa dianggap final. Di tahap awal seperti ini wajar kalau masih ada yang perlu dirapikan sambil menyesuaikan sistem dan masukan dari pengguna.",2040822151633330673,,kukuhya,in,,0,1,0,https://x.com/MRidhonew16179/status/2040822151633330673,1923899742062510083,MRidhonew16179,44,id,keep_id_anchor,False,sedikit meluruskan ya rating igrs yang sekarang muncul di steam banyak yang masih berbasis data awal dari self declare jadi belum bisa dianggap final di tahap awal seperti ini wajar kalau masih ada yang perlu dirapikan sambil menyesuaikan sistem dan masukan dari pengguna,[],0,1,271,43,0,1,1,0.507,0.0257,4,0.8,3.336388888888889,116,4.0,0.0,0.0,0.0,1,1,0.93041205,0.4161139,-0.9847501,-0.20399481,556,-1
2040640511946686843,2026-04-05 16:01:30+00:00,0,"@kukuhya Perlu diingat, rating IGRS di Steam sekarang itu belum semuanya hasil verifikasi akhir, masih banyak yang data awal. Sistemnya juga baru jalan, jadi wajar kalau masih ada yang perlu dibenahi.",2040822143051764043,,kukuhya,in,,0,1,0,https://x.com/AlinGibroez/status/2040822143051764043,1768240865703800832,AlinGibroez,31,id,keep_id_anchor,False,perlu diingat rating igrs di steam sekarang itu belum semuanya hasil verifikasi akhir masih banyak yang data awal sistemnya juga baru jalan jadi wajar kalau masih ada yang perlu dibenahi,[],0,1,186,30,0,1,1,0.3659,0.0225,5,0.8333333333333334,3.2808333333333333,116,5.0,0.0,0.0,0.1,1,1,0.8989959,0.41587287,-0.9683919,-0.2959712,557,-1
2040640511946686843,2026-04-05 16:01:04+00:00,0,"@kukuhya Untuk yang mengikuti isu IGRS &amp; rating gim di Steam, sudah ada penjelasan resmi yang bisa jadi acuan. Silakan cek dulu sebelum menarik kesimpulan.",2040822036243861890,,kukuhya,in,,0,2,0,https://x.com/Giskaelvina/status/2040822036243861890,1741124901568991232,Giskaelvina,25,id,keep_id_anchor,False,untuk yang mengikuti isu igrs rating game di steam sudah ada penjelasan resmi yang bisa jadi acuan silakan cek dulu sebelum menarik kesimpulan,[],0,1,142,23,0,2,0,1.0,0.0123,2,0.6666666666666666,3.551388888888889,116,2.0,0.0,0.0,0.0,1,1,0.9999999,0.47962722,-1.1682829,-0.4077949,558,-1
2040821930476093901,2026-04-05 16:00:39+00:00,0,abis liat di fesnuk IGRS indonesia gooner rating system anjengggg,2040821930476093901,,,in,,0,0,0,https://x.com/salengkarden/status/2040821930476093901,2320200589,salengkarden,10,id,keep_id_anchor,False,abis liat di fesnuk igrs indonesia gooner rating system anjengggg,[],0,0,65,10,0,0,1,0.8346,0.0136,1,1.0,3.625277777777778,116,0.0,0.0,0.0,0.0,1,1,0.8984803,0.34068754,-0.7443724,0.9234567,561,-1
2040797119788048678,2026-04-05 15:58:43+00:00,19,"@VRchama Komdigi + igrs = ""TOLOL""",2040821441881604600,,VRchama,in,,0,1,0,https://x.com/Lipssszzz____/status/2040821441881604600,1675211733257039873,Lipssszzz____,4,id,keep_id_anchor,False,komdigi igrs tolol,[],0,1,18,3,0,20,0,0.595,0.0136,1,0.5,3.5930555555555554,105,2.0,0.0,0.0,0.0,0,1,0.84177995,0.34234512,1.339722,0.95328474,565,-1
2040820816536011229,2026-04-05 15:56:13+00:00,0,"Untuk yang mengikuti isu IGRS &amp; rating gim di Steam, sudah ada penjelasan resmi yang bisa jadi acuan. Silakan cek dulu sebelum menarik kesimpulan
https://t.co/9hljlSwxT7",2040820816536011229,,,in,,0,0,0,https://x.com/Giskaelvina/status/2040820816536011229,1741124901568991232,Giskaelvina,28,id,keep_id_anchor,False,untuk yang mengikuti isu igrs rating game di steam sudah ada penjelasan resmi yang bisa jadi acuan silakan cek dulu sebelum menarik kesimpulan,[],0,0,142,23,0,0,1,1.0,0.0123,2,0.6666666666666666,3.551388888888889,105,2.0,0.0,0.0,0.0,1,1,0.9999999,0.47962722,-1.1682829,-0.4077949,570,-1
2040809561599385766,2026-04-05 15:54:20+00:00,0,@therottenladyy Pengaruh varka terhadap rating igrs,2040820341682168104,,therottenladyy,in,,0,0,0,https://x.com/honglungitis/status/2040820341682168104,1950754991473651712,honglungitis,6,id,keep_id_anchor,False,pengaruh varka terhadap rating igrs,[],0,1,35,5,0,0,1,0.0,0.0,1,1.0,3.52,105,1.0,0.0,0.0,0.0,4,0,0.82558787,0.38711032,-0.73849416,0.16993752,574,-1
2040820088388116841,2026-04-05 15:53:20+00:00,0,"Kita harus baca dulu siaran pers resmi nya,sebelum debat soal IGRS kemana2.
Buat yg malas nyari ini link nya saya lampirkan https://t.co/m8dXvwJljb",2040820088388116841,,,in,,0,0,0,https://x.com/Emmeliachr59881/status/2040820088388116841,2018339489492643840,Emmeliachr59881,26,id,keep_id_anchor,False,kita harus baca dulu siaran pers resmi nya sebelum debat soal igrs kemana buat yang malas nyari ini link nya saya lampirkan,[],0,0,123,22,0,0,1,0.6666,0.017,1,0.5,3.5033333333333334,105,1.0,0.0,0.0,0.0,2,0,0.8952223,0.2738254,0.8228661,0.01287535,575,-1
2040619090038194329,2026-04-05 15:49:42+00:00,0,@kerissakti IGRS = Indonesia Goon Rating System 👍,2040819173413265657,,kerissakti,in,,0,0,0,https://x.com/Kayn77159766/status/2040819173413265657,1070695699564519425,Kayn77159766,6,id,keep_id_anchor,False,igrs indonesia goon rating system,[],0,1,33,5,0,0,1,0.714,0.0193,1,1.0,3.4427777777777777,105,1.0,0.0,0.0,0.0,1,0,0.99481845,0.31759462,-2.1470325,1.3481271,580,-1
2040818986733232256,2026-04-05 15:48:57+00:00,0,"Isu IGRS &amp; rating gim di Steam lagi jadi perhatian, dan sudah ada penjelasan resmi yang dirilis. Bisa jadi bahan pertimbangan sebelum beropini: https://t.co/Nv6dTHMkBj",2040818986733232256,,,in,,0,0,0,https://x.com/rpramestaa12/status/2040818986733232256,227248005,rpramestaa12,27,id,keep_id_anchor,False,isu igrs rating game di steam lagi jadi perhatian dan sudah ada penjelasan resmi yang dirilis bisa jadi bahan pertimbangan sebelum beropini,[],0,0,139,22,0,0,1,0.568,0.0114,4,0.6666666666666666,3.430277777777778,105,5.0,0.0,0.0,0.0,1,1,0.9351561,0.46591628,-1.4686015,-0.36393812,581,-1
2040818928616960041,2026-04-05 15:48:43+00:00,1,IGRS ini Gnya goblok kah,2040818928616960041,,,in,,0,0,0,https://x.com/mldlyc/status/2040818928616960041,130715380,mldlyc,5,id,keep_id_anchor,False,igrs ini gnya goblok kah,[],0,0,24,5,0,1,1,0.4907,0.0047,1,1.0,3.426388888888889,105,0.0,0.0,0.0,0.0,0,0,0.9567666,0.3126687,1.7075281,0.47191328,582,-1
2040636515458367915,2026-04-05 15:48:17+00:00,2,"@uknonjones @kemkomdigi woi tolol, malu woii gabisa kerja jadinya dinyinyir kan, hapus ajalah tu IGRS tolol",2040818816930996322,,uknonjones,in,,0,0,0,https://x.com/Sunoo_dFox/status/2040818816930996322,1648165343175790592,Sunoo_dFox,16,id,keep_id_anchor,False,woi tolol malu woii gabisa kerja jadinya dinyinyir kan hapus ajalah itu igrs tolol,[],0,1,82,14,0,2,0,0.5733,0.0104,3,1.0,3.2805555555555554,105,2.0,0.0,0.0,0.0,0,1,0.84948397,0.31716645,1.8297201,0.19185111,584,-1
2040818780423799089,2026-04-05 15:48:08+00:00,0,"Diskusi soal IGRS dan rating gim di Steam lagi ramai, tapi ada baiknya lihat dulu siaran pers resminya biar lebih lengkap. Bisa dibaca di sini:

https://t.co/G2DGxdtOW9",2040818780423799089,,,in,,0,0,0,https://x.com/asep2b/status/2040818780423799089,1807589868232687616,asep2b,29,id,keep_id_anchor,False,diskusi soal igrs dan rating game di steam lagi ramai tapi ada baiknya lihat dulu siaran pers resminya biar lebih lengkap bisa dibaca di sini,[],0,0,141,25,0,0,1,0.5131,0.0171,1,0.5,3.4166666666666665,105,1.0,0.0,0.0,0.0,1,0,0.93381524,0.46105888,-0.92377496,0.059557214,586,-1
2040818730746417639,2026-04-05 15:47:56+00:00,0,"Buat yang lagi bahas IGRS &amp; rating gim di Steam, ini ada siaran pers resminya sebagai penjelasan. Bisa dicek dulu sebelum ambil kesimpulan: https://t.co/eDNu36BqBB",2040818730746417639,,,in,,0,0,0,https://x.com/DazzZulia/status/2040818730746417639,1706181116791795712,DazzZulia,27,id,keep_id_anchor,False,buat yang lagi bahas igrs rating game di steam ini ada siaran pers resminya sebagai penjelasan bisa dicek dulu sebelum ambil kesimpulan,[],0,0,135,22,0,0,1,0.783,0.0149,2,0.5,3.4133333333333336,105,3.0,0.0,0.0,0.0,1,1,0.96638745,0.47555715,-1.0511156,-0.19258691,587,-1
2040691915184812518,2026-04-05 15:47:35+00:00,4,"@reruzensky @kemkomdigi @kemkomdigi 
UDAH IKUT AJA DR ESRB, GAUSAH RIBET2 PROYEK BODONG SOK SOK BIKIN IGRS. LIAT HASILNYA AJA NGAWUR. 
LU YG KERJA KAGA BECUS MALAH LEMPAR TANGAN KE STEAM, YG MANA SBNERNYA BUKAN WEWENANG STEAM.",2040818643324612710,,reruzensky,in,,0,0,0,https://x.com/bsrebahan/status/2040818643324612710,318889313,bsrebahan,36,id,keep_id_anchor,False,sudah ikut aja dari esrb gausah ribet proyek bodong sok sok bikin igrs liat hasilnya aja ngawur kamu yang kerja kaga becus malah lempar tangan ke steam yang mana sbnernya bukan wewenang steam,[],0,1,191,33,0,4,0,0.3454,0.0137,1,1.0,3.4075,105,1.0,0.0,0.0,0.0,5,0,0.85864246,0.32888013,1.2159121,-0.100432225,589,-1
2040818579369869345,2026-04-05 15:47:20+00:00,0,"Untuk menghindari debat soal IGRS ngalor-ngidul, sebaiknya  baca dulu siaran pers resminya di sini: [link]’ https://t.co/gVAc7gb8NC",2040818579369869345,https://pbs.twimg.com/media/HFJvrkvbsAEI4pG.jpg,,in,,0,0,0,https://x.com/sbjagal74/status/2040818579369869345,1779033654402105344,sbjagal74,20,id,keep_id_anchor,False,untuk menghindari debat soal igrs ngalor ngidul sebaiknya baca dulu siaran pers resminya di sini link,[],0,0,101,16,0,0,1,0.8281,0.0172,1,1.0,3.4033333333333333,105,0.0,0.0,0.0,0.0,2,1,0.8952223,0.27679834,0.9140842,0.025204465,590,-1
2040818082936238314,2026-04-05 15:45:22+00:00,0,"Buat yang lagi ngikutin rame soal IGRS &amp; rating game di Steam, penjelasan resminya udah keluar—wajib banget dibaca biar nggak salah paham 
https://t.co/blhHeMJYgp

#IGRS #Steam #GameIndonesia #GamerIndonesia #IndustriGame #RatingGame #ViralHariIni #TrendingTopic",2040818082936238314,,,in,,0,0,0,https://x.com/SabethAnge12086/status/2040818082936238314,1937541734394949632,SabethAnge12086,35,id,keep_id_anchor,False,buat yang lagi ngikutin rame soal igrs rating game di steam penjelasan resminya sudah keluar wajib banget dibaca biar tidak salah paham igrs steam gameindonesia gamerindonesia industrigame ratinggame viralhariini trendingtopic,[],0,0,226,30,0,0,1,0.5161,0.0198,1,1.0,3.3705555555555557,105,0.0,0.0,0.0,0.0,1,0,0.89251554,0.50047207,-0.9397722,-0.06022741,592,-1
2040818023381217365,2026-04-05 15:45:07+00:00,0,"Biar informasinya lebih utuh, ada penjelasan resmi soal IGRS dan rating gim di Steam yang bisa dicek dulu sebelum kasih opini lebih jauh nih linknya ya https://t.co/2BdMQlbh4v",2040818023381217365,,,in,,0,0,0,https://x.com/JancokAsu893230/status/2040818023381217365,1793661894408155136,JancokAsu893230,30,id,keep_id_anchor,False,biar informasinya lebih utuh ada penjelasan resmi soal igrs dan rating game di steam yang bisa dicek dulu sebelum kasih opini lebih jauh ini linknya ya,[],0,0,151,26,0,0,1,0.3445,0.0136,5,0.8333333333333334,3.366388888888889,105,5.0,0.0,0.0,0.0,1,1,0.94127953,0.49272063,-0.81669754,-0.1729922,593,-1
2040817962387706142,2026-04-05 15:44:53+00:00,0,"Ada baiknya, Sebelum debat soal IGRS ke mana‑mana, mungkin oke baca dulu siaran pers resminya di sini:
https://t.co/A5XPhz2geK",2040817962387706142,,,in,,0,0,0,https://x.com/marufin865168/status/2040817962387706142,1927634483739820032,marufin865168,22,id,keep_id_anchor,False,ada baiknya sebelum debat soal igrs ke mana mana mungkin oke baca dulu siaran pers resminya di sini,[],0,0,99,18,0,0,1,0.9527,0.014,1,1.0,3.3625,105,0.0,0.0,0.0,0.0,2,1,0.9186771,0.29182023,0.3412306,-0.06622352,594,-1
2040817566969741754,2026-04-05 15:43:19+00:00,0,"Kalau mau lihat penjelasan yang lebih lengkap, siaran pers resmi terkait IGRS &amp; rating gim di Steam bisa dibaca dulu lewat link berikut ya : https://t.co/iSS6BZBiLf",2040817566969741754,,,in,,0,0,0,https://x.com/MRidhonew16179/status/2040817566969741754,1923899742062510083,MRidhonew16179,28,id,keep_id_anchor,False,kalau mau lihat penjelasan yang lebih lengkap siaran pers resmi terkait igrs rating game di steam bisa dibaca dulu lewat link berikut ya,[],0,0,136,23,0,0,1,0.5139,0.0195,4,0.8,3.336388888888889,105,4.0,0.0,0.0,0.0,1,1,0.9652399,0.46222785,-1.0786014,0.14947999,597,-1
2040817465564057853,2026-04-05 15:42:55+00:00,0,"Buat kalian sebelum debat soal IGRS ke mana‑mana, lebih baik kalian baca dulu siaran pers resminya di sini
https://t.co/iIz1hY4PUb https://t.co/u4H1m3bYOG",2040817465564057853,https://pbs.twimg.com/media/HFJwq2raUAAmggp.jpg,,in,,0,0,0,https://x.com/Reonyree/status/2040817465564057853,1228522727058788352,Reonyree,27,id,keep_id_anchor,False,buat kalian sebelum debat soal igrs ke mana mana lebih baik kalian baca dulu siaran pers resminya di sini,[],0,0,105,19,0,0,1,1.0,0.0157,1,1.0,3.3297222222222222,105,0.0,0.0,0.0,0.0,2,1,0.9517131,0.26788625,0.67457443,0.010301584,600,-1
2040817222311088128,2026-04-05 15:41:57+00:00,0,Ini merupakan penjelasan/siaran pers resmi terkait IGRS dan sistem rating gim di Steam. Sebaiknya baca atau cek terlebih dahulu informasinya sebelum membentuk opini lebih lanjut : https://t.co/NtGQ7GAEm9,2040817222311088128,,,in,,0,0,0,https://x.com/ayoitsmoy/status/2040817222311088128,1411105269757595652,ayoitsmoy,30,id,keep_id_anchor,False,ini merupakan penjelasan siaran pers resmi terkait igrs dan sistem rating game di steam sebaiknya baca atau cek terlebih dahulu informasinya sebelum membentuk opini lebih lanjut,[],0,0,177,26,0,0,1,0.5668,0.0213,3,0.75,3.3136111111111113,105,3.0,0.0,0.0,0.0,1,1,0.88254845,0.4121449,-1.0094898,-0.36490375,603,-1
2040817219538731437,2026-04-05 15:41:56+00:00,0,"Boleh dibaca sampe selesai ya guys ini penjelasan/siaran pers resmi tentang IGRS &amp; rating gim di Steam,  baiknya cross check dulu baru komentar ya guys  https://t.co/gEYxyL88H8",2040817219538731437,,,in,,0,0,0,https://x.com/racunserudotcom/status/2040817219538731437,1942393825168875522,racunserudotcom,30,id,keep_id_anchor,False,boleh dibaca sampe selesai ya guys ini penjelasan siaran pers resmi tentang igrs rating game di steam baiknya cross check dulu baru komentar ya guys,[],0,0,148,25,0,0,1,0.5896,0.0157,1,0.5,3.3133333333333335,105,1.0,0.0,0.0,0.0,1,0,0.90726733,0.4711871,-0.48073408,0.20441744,604,-1
2040817071425298904,2026-04-05 15:41:21+00:00,0,Informasi resmi mengenai regulasi rating gim Steam menurut standar IGRS sudah tersedia di laman Komdigi. Mari kita pahami dulu duduk perkaranya melalui rilis ini supaya diskusi kita tetap berdasar pada data yang valid: https://t.co/VAOLohoF0o,2040817071425298904,,,in,,0,0,0,https://x.com/carapaklek/status/2040817071425298904,230755427,carapaklek,37,id,keep_id_anchor,False,informasi resmi mengenai regulasi rating game steam menurut standar igrs sudah tersedia di laman komdigi mari kita pahami dulu duduk perkaranya melalui rilis ini supaya diskusi kita tetap berdasar pada data yang valid,[],0,0,217,33,0,0,1,0.3149,0.014,7,0.7777777777777778,3.303611111111111,105,8.0,0.0,0.0,0.0,1,1,0.8904904,0.41893077,-1.423943,-0.26100972,605,-1
2040816951333912987,2026-04-05 15:40:52+00:00,0,"FYI guys! 📰 Ini penjelasan resmi tentang IGRS &amp; rating gim di Steam. Cek dulu sebelum ngomong lebih jauh, ya! 😉 
https://t.co/QiSzj4nCaw
#IGRS
#Steam
#RatingGim",2040816951333912987,,,in,,0,0,0,https://x.com/annisanurf23196/status/2040816951333912987,1628760857743351808,annisanurf23196,26,id,keep_id_anchor,False,fyi guys ini penjelasan resmi tentang igrs rating game di steam cek dulu sebelum ngomong lebih jauh ya igrs steam ratinggim,[],0,0,123,21,0,0,1,0.6626,0.0138,1,1.0,3.2955555555555556,105,0.0,0.0,0.0,0.0,1,0,0.90917313,0.50134265,-0.6426558,-0.1772072,606,-1
2040670731382743056,2026-04-05 15:40:35+00:00,0,@BudiBukanIntel IGRS KONTOL,2040816880018235628,,BudiBukanIntel,sl,,0,0,0,https://x.com/Kyloren86166601/status/2040816880018235628,1648343045572788224,Kyloren86166601,3,id,keep_id_anchor,False,igrs kontol,[],0,1,11,2,1,0,1,1.0,0.007,1,1.0,3.2908333333333335,105,1.0,0.0,0.0,0.0,0,1,1.0000002,0.3143916,0.28069115,1.3354275,607,-1
2040647297248444823,2026-04-05 15:40:15+00:00,0,@ElaineCelestia IGRS KONTOL,2040816794936689009,,ElaineCelestia,sl,,0,0,0,https://x.com/fibraaaay/status/2040816794936689009,1216766113746317312,fibraaaay,3,fi,keep_id_anchor,False,igrs kontol,[],0,1,11,2,1,0,1,1.0,0.007,1,1.0,3.285277777777778,105,1.0,0.0,0.0,0.0,0,1,1.0000002,0.3143916,0.28069115,1.3354275,609,-1
2040816729807626521,2026-04-05 15:39:59+00:00,0,"Lagi ramai soal IGRS &amp; rating gim di Steam, ini ada siaran pers resminya buat jadi referensi awal. Silakan cek dulu sebelum menarik kesimpulan: [link]
https://t.co/8mo08zNuM0",2040816729807626521,,,in,,0,0,0,https://x.com/AlinGibroez/status/2040816729807626521,1768240865703800832,AlinGibroez,29,id,keep_id_anchor,False,lagi ramai soal igrs rating game di steam ini ada siaran pers resminya buat jadi referensi awal silakan cek dulu sebelum menarik kesimpulan link,[],0,0,144,24,0,0,1,0.513,0.0137,5,0.8333333333333334,3.2808333333333333,105,5.0,0.0,0.0,0.1,1,1,0.9480512,0.456417,-1.2211876,0.16169204,610,-1
2040816371832090652,2026-04-05 15:38:34+00:00,0,"Untuk yang ingin tahu penjelasan resmi terkait IGRS &amp; rating gim di Steam, informasinya sudah dirilis. Bisa dibaca dulu di sini: [https://t.co/MGZVQEnnsP] https://t.co/cVboYfJTxe",2040816371832090652,https://pbs.twimg.com/media/HFJvrItagAA1B1A.jpg,,in,,0,0,0,https://x.com/indahsarii54648/status/2040816371832090652,2014319527950188544,indahsarii54648,29,id,keep_id_anchor,False,untuk yang ingin tahu penjelasan resmi terkait igrs rating game di steam informasinya sudah dirilis bisa dibaca dulu di sini,[],0,0,124,20,0,0,1,0.7025,0.0139,3,0.75,3.257222222222222,105,3.0,0.0,0.0,0.0,1,1,0.93386424,0.45171753,-1.4697195,0.28807673,614,-1
2040816155158614167,2026-04-05 15:37:42+00:00,0,"Sebaiknya Sebelum debat soal IGRS tanpa ada acuan, baiknya baca dulu siaran pers resminya di sini
https://t.co/FlsroWPFlk",2040816155158614167,,,in,,0,4,0,https://x.com/tauvik1212/status/2040816155158614167,1901604356807692288,tauvik1212,20,id,keep_id_anchor,False,sebaiknya sebelum debat soal igrs tanpa ada acuan baiknya baca dulu siaran pers resminya di sini,[],0,0,96,16,0,4,0,0.7368,0.0147,1,0.5,3.242777777777778,105,1.0,0.0,0.0,0.0,2,0,0.91637194,0.30361444,0.7127706,0.0040342133,616,-1
2040816093779177785,2026-04-05 15:37:27+00:00,269,Lewat mulu mostingan lu. Percuma paling lu kena IGRS 70+,2040816093779177785,,,in,,0,8,38,https://x.com/kukuhya/status/2040816093779177785,54811132,kukuhya,10,id,keep_id_anchor,False,lewat mulu mostingan kamu percuma paling kamu kena igrs,[],0,0,55,9,0,315,0,0.4833,0.0053,1,1.0,3.238611111111111,105,0.0,28.0,0.0,0.0,0,0,0.8716657,0.31029692,1.5203991,0.13667436,618,-1
2040816021926469675,2026-04-05 15:37:10+00:00,0,Igrs mabok kecubung jir fuck lah,2040816021926469675,,,in,,0,0,0,https://x.com/3000inuniverse/status/2040816021926469675,1546367122489556993,3000inuniverse,6,id,keep_id_anchor,False,igrs mabok kecubung jir fuck lah,[],0,0,32,6,0,0,1,0.5555,0.0037,1,1.0,3.233888888888889,105,0.0,0.0,0.0,0.0,0,0,0.8185371,0.289189,1.933646,0.4080696,620,-1
2040815781521547558,2026-04-05 15:36:13+00:00,0,IGRS (Indonesian Goon Rating System),2040815781521547558,,,in,,0,0,0,https://x.com/hiseyyno/status/2040815781521547558,1649206166445228033,hiseyyno,5,id,keep_id_anchor,False,igrs indonesian goon rating system,[],0,0,34,5,0,0,1,0.5726,0.0083,1,1.0,3.2180555555555554,105,0.0,0.0,0.0,0.0,1,0,0.99481845,0.3227866,-1.9989722,1.3467999,623,-1
2040815738358055258,2026-04-05 15:36:03+00:00,0,"Inidia rilis resmi IGRS &amp; rating gim di Steam, bisa jadi referensi. Info yang beredar lebih lengkap:
https://t.co/jDqYWk0G15",2040815738358055258,,,in,,0,0,1,https://x.com/noviarguna72100/status/2040815738358055258,2004965320587706370,noviarguna72100,21,id,keep_id_anchor,False,inidia rilis resmi igrs rating game di steam bisa jadi referensi info yang beredar lebih lengkap,[],0,0,96,16,0,1,1,0.5986,0.0093,6,0.6666666666666666,3.2152777777777777,105,7.0,0.0,0.0,0.0,1,1,0.92881066,0.41156128,-1.7952267,0.26801404,624,-1
2040757110951322044,2026-04-05 15:35:36+00:00,0,"@kurawa Bukan rating resmi tapi ini ada arahan spesifikasi dari komdigi gak bro Kur?

Rating palsu atau arahan yang kurang jelas jadinya pihak steam mengkategorikan rating tersebut jadinya berantakan.

Melanggar hukum rating ini sebelum atau sesudah mengenai IGRS ini?

Kalau sebelum",2040815625443119186,,kurawa,in,,0,0,1,https://x.com/wijayawilliam31/status/2040815625443119186,1467809322813906944,wijayawilliam31,41,id,keep_id_anchor,False,bukan rating resmi tapi ini ada arahan spesifikasi dari komdigi tidak bro kur rating palsu atau arahan yang kurang jelas jadinya pihak steam mengkategorikan rating tersebut jadinya berantakan melanggar hukum rating ini sebelum atau sesudah mengenai igrs ini kalau sebelum,[],0,1,271,40,0,1,1,0.3153,0.0201,1,0.5,3.207777777777778,105,2.0,1.0,0.0,0.0,1,1,0.81526214,0.4032096,-0.78937405,-0.101225235,625,-1
2040815317417656617,2026-04-05 15:34:22+00:00,0,"IGRS ANJING
KOMDIGI BANGSAT",2040815317417656617,,,in,,0,0,0,https://x.com/arnoediad/status/2040815317417656617,1296569292318638080,arnoediad,4,de,keep_id_anchor,False,igrs anjing komdigi bangsat,[],0,0,27,4,0,0,1,0.4016,0.0117,1,1.0,3.187222222222222,105,0.0,0.0,0.0,0.0,6,0,0.8338208,0.26736176,1.7087147,0.804987,626,-1
2040815266221982140,2026-04-05 15:34:10+00:00,1,"Sempat khawatir,
Eh Beneran ngaco kan igrs, 🤣",2040815266221982140,,,in,,0,1,0,https://x.com/EmbyGarvail/status/2040815266221982140,1701606397161730048,EmbyGarvail,7,id,keep_id_anchor,False,sempat khawatir eh beneran ngaco kan igrs,[],0,0,41,7,0,2,0,0.4278,0.0055,1,1.0,3.1838888888888888,105,0.0,0.0,0.0,0.0,0,0,0.8362824,0.31630948,1.7455213,0.29006082,628,-1
2040815262203859076,2026-04-05 15:34:09+00:00,4,"Lagi ramai bahas IGRS &amp; rating gim di Steam, ini ada siaran pers resminya buat jadi referensi sebelum ambil kesimpulan. 
https://t.co/uhy793AJLw https://t.co/AkL2JXRYuB",2040815262203859076,https://pbs.twimg.com/media/HFJuqLPaoAApVYp.jpg,,in,,0,1,0,https://x.com/Deewwiiiii/status/2040815262203859076,1171267827736571904,Deewwiiiii,28,id,keep_id_anchor,False,lagi ramai bahas igrs rating game di steam ini ada siaran pers resminya buat jadi referensi sebelum ambil kesimpulan,[],0,0,116,19,0,5,0,0.783,0.0138,7,0.7,3.183611111111111,105,9.0,0.0,0.0,0.027777777777777776,1,1,0.96638745,0.45602477,-1.4073045,-0.08459317,629,-1
2040815222617997530,2026-04-05 15:34:00+00:00,1,"Biar makin paham duduk perkaranya, yuk simak dulu penjelasan resmi Kemkomdigi terkait aturan IGRS dan rating gim di Steam melalui tautan berikut. Baca selengkapnya sebelum lanjut berdiskusi ya: https://t.co/2MWr4LOoYW",2040815222617997530,,,in,,0,0,0,https://x.com/alwiiihasan/status/2040815222617997530,1115572398,alwiiihasan,32,id,keep_id_anchor,False,biar makin paham duduk perkaranya yuk simak dulu penjelasan resmi kemkomdigi terkait aturan igrs dan rating game di steam melalui tautan berikut baca selengkapnya sebelum lanjut berdiskusi ya,[],0,0,191,28,0,1,1,0.5799,0.0146,1,0.5,3.181111111111111,105,1.0,0.0,0.0,0.0,1,0,0.8543409,0.46185076,-0.12127365,0.0005967804,630,-1
2040707677148561663,2026-04-05 15:33:07+00:00,0,"@SylentSevenstar so my point is, does IGRS is wrong?",2040814999724269603,,SylentSevenstar,en,,0,1,0,https://x.com/anda_winata/status/2040814999724269603,48265005,anda_winata,9,en,keep_id_anchor,False,so my point is does igrs is wrong,[],0,1,33,8,0,1,1,0.6455,0.0112,2,1.0,2.955,105,1.0,1.0,0.0,0.0,0,0,0.80662584,0.33942655,-1.9124912,1.8009179,631,-1
2040814955398860887,2026-04-05 15:32:56+00:00,0,"Josss bgt dahhh Sebelum debat soal IGRS ke mana‑mana, mungkin oke baca dulu siaran pers resminya di sini yaaaa gaissssss https://t.co/ENTVnEdMkt biarrr jelassss",2040814955398860887,,,in,,0,0,0,https://x.com/Ryand2727/status/2040814955398860887,4855877484,Ryand2727,27,id,keep_id_anchor,False,josss banget dahhh sebelum debat soal igrs ke mana mana mungkin oke baca dulu siaran pers resminya di sini yaaaa gaissssss biarrr jelassss,[],0,0,138,23,0,0,1,0.9539,0.0139,1,1.0,3.1633333333333336,105,0.0,0.0,0.0,0.0,2,1,0.9098203,0.35169277,0.93133193,0.32934043,632,-1
2040813899294130247,2026-04-05 15:28:44+00:00,1,"IGRS itu ngerti ga sih apa arti ""RATING""? rating tu bahasa bayinya, cuman ""Tempelan"" nandain klo ini game itu buat umur sekian... udah cukup di situ...

BUKAN BERARTI GA BELI DIBELI ATAU DIMAININ BOPLAKKKK AAAAAAAARRRRRRRGGGGGH",2040813899294130247,,,in,,0,0,0,https://x.com/SenaRedo/status/2040813899294130247,1348521906278866945,SenaRedo,35,id,keep_id_anchor,False,igrs itu ngerti tidak sih apa arti rating rating itu bahasa bayinya cuman tempelan nandain kalau ini game itu buat umur sekian sudah cukup di situ bukan berarti tidak beli dibeli atau dimainin boplakkkk aaaaaaaarrrrrrrgggggh,[],0,0,224,35,0,1,1,0.3763,0.0211,2,1.0,3.0458333333333334,105,0.0,0.0,0.0,0.0,1,0,0.83779764,0.44751468,-0.88296425,-0.26449665,640,-1
2040685239228653915,2026-04-05 15:28:34+00:00,0,"@iPoopBased Problemnya IGRS age rating lu ga konsisten mba tita, entah faktor penilaiannya gimana sampe game upin ipin kena, sementara game yang isinya ada sexual content malah dapet rating kid friendly. Alomani kata gue mah komdigi dari dulu",2040813858160538067,,iPoopBased,in,,0,0,0,https://x.com/ardhikaluth28/status/2040813858160538067,1892845563760300032,ardhikaluth28,38,id,keep_id_anchor,False,problemnya igrs age rating kamu tidak konsisten mba tita entah faktor penilaiannya bagaimana sampe game upin ipin kena sementara game yang isinya ada sexual content malah dapet rating kid friendly alomani kata saya mah komdigi dari dulu,[],0,1,236,37,0,0,1,0.4213,0.0168,1,1.0,3.0905555555555555,105,1.0,0.0,0.0,0.0,1,0,0.8277558,0.41787747,-0.6027916,-0.71518326,642,-1
2040593488350515441,2026-04-05 15:23:29+00:00,0,"@kemkomdigi Heh! Anda ini ya. Suruh Yang Buat IGRS Itu
DI HAPUS. SUMPAH NGGAK GUNA YA DI STEAM DAH ADA RATINGNYA LEBIH AKURAT DAN TELITI.
DARI PADA IGRS YANG TAK BERGUNA.
DAH SISTEM IGRS BELUM SIAP - ROLL OUT - KENA BACKLASH.
MALAH SALAHIN STEAM. KAN GOBLOK PARAH
GAK USAH MALU2 IN
#HapusIGRS https://t.co/W7iGL6rtKh",2040812578662912410,https://pbs.twimg.com/media/HFJqHaEaQAAXQez.jpg,kemkomdigi,in,,0,0,0,https://x.com/ParkBowie/status/2040812578662912410,1812076684230991872,ParkBowie,55,id,keep_id_anchor,False,heh anda ini ya suruh yang buat igrs itu di hapus sumpah tidak guna ya di steam dah ada ratingnya lebih akurat dan teliti dari pada igrs yang tidak berguna dah sistem igrs belum siap roll out kena backlash malah salahin steam kan goblok parah tidak usah malu in hapusigrs,[],0,1,271,50,0,0,1,0.4226,0.0281,1,1.0,3.0058333333333334,105,1.0,0.0,0.0,0.0,1,0,0.8130597,0.48728228,0.073770255,-0.31849554,652,-1
2040448008366793022,2026-04-05 15:18:37+00:00,0,"@LexEx73 That is true, but the actual statement from KomDigi is the game is incorrect on Steam

Edit: IGRS is an upcoming or de facto IARC member that rates digital games; Steam doesn't use IARC ratings so you get a self rating.",2040811352047132750,,LexEx73,en,,0,0,0,https://x.com/ErvinBalboa089/status/2040811352047132750,1573706696274644993,ErvinBalboa089,43,en,keep_id_anchor,False,that is true but the actual statement from komdigi is the game is incorrect on steam edit igrs is an upcoming or de facto iarc member that rates digital games steam doesn t use iarc ratings so you get a self rating,[],0,1,214,42,0,0,1,0.4898,0.0212,1,1.0,2.924722222222222,105,1.0,0.0,0.0,0.0,1,0,0.8086011,0.39514282,-1.1849864,-0.18129498,659,-1
2040777108415553580,2026-04-05 15:01:15+00:00,0,"@Uzzzzz222 Anying game pekob aj dikasi rating 3+
IGRS ini Indonesia Gooner Rating System kh? Ngajarin anak2 hal2 caboel sedjak dini kh?",2040806980428919155,,Uzzzzz222,in,,0,0,0,https://x.com/OpiniRakyatID/status/2040806980428919155,2030427466599481344,OpiniRakyatID,22,id,keep_id_anchor,False,anying game pekob aj dikasi rating igrs ini indonesia gooner rating system kh ngajarin anak hal caboel sedjak dini kh,[],0,1,117,20,0,0,1,0.7555,0.0135,1,0.5,2.6352777777777776,105,2.0,0.0,0.0,0.0,1,1,0.8430619,0.32042748,-0.55780405,0.5598225,668,-1
2040806971956453682,2026-04-05 15:01:13+00:00,2,IGRS (Indonesia Gooners Rating System),2040806971956453682,,,in,,0,0,0,https://x.com/dadarjiwoo/status/2040806971956453682,1554333912612356096,dadarjiwoo,5,en,keep_id_anchor,False,igrs indonesia gooners rating system,[],0,0,36,5,0,2,0,0.7475,0.013,1,1.0,2.6347222222222224,105,0.0,0.0,0.0,0.0,1,0,0.987266,0.3243154,-2.0795941,1.206283,669,-1
2040806315635929347,2026-04-05 14:58:36+00:00,0,eh ngentot ini igrs kalo misalkan lads kena ban gimana babi,2040806315635929347,,,in,,0,0,0,https://x.com/joyminzip/status/2040806315635929347,1574192354717626368,joyminzip,11,tl,keep_id_anchor,False,eh ngentot ini igrs kalau misalkan lads kena ban bagaimana babi,[],0,0,63,11,0,0,1,0.4806,0.0061,1,1.0,2.591111111111111,59,0.0,0.0,0.0,0.0,7,0,0.9147392,0.190018,2.1626842,0.056853812,674,-1
2040806181086900250,2026-04-05 14:58:04+00:00,0,apcb igrs najisnyaaa,2040806181086900250,,,sl,,0,0,0,https://x.com/allatonve/status/2040806181086900250,1902000892611887104,allatonve,3,so,keep_id_anchor,False,apcb igrs najisnyaaa,[],0,0,20,3,0,0,1,0.0,0.0,1,1.0,2.582222222222222,59,0.0,0.0,0.0,0.0,0,0,0.84817356,0.3261423,0.76892394,1.0245959,676,-1
2040463227902124480,2026-04-05 14:56:53+00:00,13,"@PHN316 Sekilas lihat akun sosmed IGRS isinya, 'resiko adiksi game pada anak', 'anak susah lepas dari gim', dan 'si kecil sibuk sama layar sendiri'. Sepertinya program ini dibuat oleh tim yang membenci game dan memang memiliki bias negatif.",2040805882808922290,,PHN316,in,,0,1,0,https://x.com/mpandu_nky/status/2040805882808922290,51931960,mpandu_nky,38,id,keep_id_anchor,False,sekilas lihat akun sosmed igrs isinya resiko adiksi game pada anak anak susah lepas dari game dan si kecil sibuk sama layar sendiri sepertinya program ini dibuat oleh tim yang membenci game dan memang memiliki bias negatif,[],0,1,222,37,0,14,0,0.3764,0.011,2,1.0,2.1755555555555555,59,2.0,0.0,0.0,0.0,1,1,0.87106407,0.42236733,-0.4887293,-0.7766075,677,-1
2040804781720236267,2026-04-05 14:52:30+00:00,0,malu bgt igrs masuk sini tolol,2040804781720236267,,,in,,0,0,0,https://x.com/no_octis/status/2040804781720236267,938767068295438338,no_octis,6,et,keep_id_anchor,False,malu banget igrs masuk sini tolol,[],0,0,33,6,0,0,1,0.5384,0.0109,1,1.0,2.4894444444444446,59,0.0,0.0,0.0,0.0,0,0,0.9216746,0.25321028,2.1716106,0.41992006,682,-1
2040803082267934894,2026-04-05 14:45:45+00:00,0,Rame IGRS nich,2040803082267934894,,,sl,,0,0,0,https://x.com/kenarpramodana/status/2040803082267934894,89721136,kenarpramodana,3,de,keep_id_anchor,False,rame igrs nich,[],0,0,14,3,0,0,1,0.6158,0.0044,1,1.0,2.3769444444444443,59,0.0,0.0,0.0,0.0,0,0,0.8802484,0.24674124,1.4070225,0.78698874,688,-1
2040686995249533039,2026-04-05 14:33:40+00:00,0,"@AADGPodcast Melihat dari akun IG IGRS, kebanyakan isinya adalah tentang 'penanganan kecanduan gim', 'membatasi waktu main gim', dan 'jangan biarkan si kecil lihat layar terus'. Sepertinya memang program yang dirancang oleh orang-orang yang membenci game dan sudah punya bias negatif.",2040800040533574088,,AADGPodcast,in,,0,0,0,https://x.com/mpandu_nky/status/2040800040533574088,51931960,mpandu_nky,41,id,keep_id_anchor,False,melihat dari akun ig igrs kebanyakan isinya adalah tentang penanganan kecanduan game membatasi waktu main game dan jangan biarkan si kecil lihat layar terus sepertinya memang program yang dirancang oleh orang orang yang membenci game dan sudah punya bias negatif,[],0,1,262,40,0,0,1,0.3798,0.0159,2,1.0,2.1755555555555555,59,2.0,0.0,0.0,0.0,1,1,0.87106407,0.40081927,-0.82233566,-0.54678565,701,-1
2040799007757455647,2026-04-05 14:29:34+00:00,0,IGRS dari Komdongo benerin wir,2040799007757455647,,,in,,0,0,0,https://x.com/ahmedfahrizal_/status/2040799007757455647,938425477890371584,ahmedfahrizal_,5,id,keep_id_anchor,False,igrs dari komdongo benerin wir,[],0,0,30,5,0,0,1,0.4189,0.0046,1,1.0,2.107222222222222,59,0.0,0.0,0.0,0.0,0,0,0.9338811,0.33504513,1.4793415,0.60704195,708,-1
2040798195404705914,2026-04-05 14:26:28+00:00,1,• Update resmi IGRS hari ini bilang rating di Steam masih self-declared. Komdigi juga menegaskan bahwa tampilan IGRS pada sejumlah gim di Steam bukan merupakan hasil klarifikasi resmi yang dikeluarkan oleh pemerintah. (Portal Komdigi),2040798228401258670,,bananaefootball,in,,0,1,0,https://x.com/bananaefootball/status/2040798228401258670,1723949519476514816,bananaefootball,34,id,keep_id_anchor,False,update resmi igrs hari ini bilang rating di steam masih self declared komdigi juga menegaskan bahwa tampilan igrs pada sejumlah game di steam bukan merupakan hasil klarifikasi resmi yang dikeluarkan oleh pemerintah portal komdigi,[],0,1,229,34,0,2,0,0.3255,0.0279,7,1.0,2.0533333333333332,59,0.0,0.0,0.0,0.0,1,0,0.82320195,0.3883092,-1.3359786,0.48860058,715,-1
2040798195404705914,2026-04-05 14:26:22+00:00,0,"• Apa itu IGRS??

IGRS = Indonesian Game Rating System (atau Klasifikasi Permainan Interaktif Elektronik / KPIE). 

Ini sistem rating umur resmi buat game digital di Indonesia yang dikelola sama Kementerian Komunikasi dan Digital (Komdigi).",2040798201129869585,,bananaefootball,in,,0,1,0,https://x.com/bananaefootball/status/2040798201129869585,1723949519476514816,bananaefootball,32,id,keep_id_anchor,False,apa itu igrs igrs indonesian game rating system atau klasifikasi permainan interaktif elektronik kpie ini sistem rating umur resmi buat game digital di indonesia yang dikelola sama kementerian komunikasi dan digital komdigi,[],0,1,223,32,0,1,1,0.7978,0.0187,7,1.0,2.0533333333333332,59,0.0,0.0,0.0,0.0,1,0,0.8997122,0.34921408,-1.394665,0.28921843,718,-1
2040407316655456258,2026-04-05 14:24:44+00:00,0,"@SEAGamethetic Komdigi anco, IGRS biadab",2040797793795924400,,SEAGamethetic,in,,0,0,0,https://x.com/WibuPsikopatDes/status/2040797793795924400,1237228629681029125,WibuPsikopatDes,5,en,keep_id_anchor,False,komdigi anco igrs biadab,[],0,1,24,4,0,0,1,1.0,0.0215,1,1.0,2.026666666666667,59,1.0,0.0,0.0,0.0,0,1,0.9054595,0.28202042,1.217548,0.83886784,720,-1
2040795943650652240,2026-04-05 14:17:23+00:00,0,"IGRS, Insta Gram Rusakenkabeh Su",2040795943650652240,,,sl,,0,0,0,https://x.com/chrissdhon/status/2040795943650652240,46693544,chrissdhon,5,id,keep_id_anchor,False,igrs insta gram rusakenkabeh su,[],0,0,31,5,0,0,1,0.0,0.0,1,1.0,1.9041666666666666,59,0.0,0.0,0.0,0.0,0,0,0.8637794,0.35557342,0.63605034,1.1597836,725,-1
2040794593135071554,2026-04-05 14:12:01+00:00,19,"Komdongo tolol

Rating sistem steam sudah paling fineshyt 

Harusnya steam yang minta klarifikasi ke IGRS dalam cara sistem mereka declare rating setiap game bisa ngaco begitu - malah gaslight pihak steam.",2040794593135071554,,,in,,0,0,3,https://x.com/ShinadeVT/status/2040794593135071554,1482147685809283073,ShinadeVT,30,id,keep_id_anchor,False,komdongo tolol rating sistem steam sudah paling fineshyt harusnya steam yang minta klarifikasi ke igrs dalam cara sistem mereka declare rating setiap game bisa ngaco begitu malah gaslight pihak steam,[],0,0,199,30,0,22,0,0.4183,0.0211,1,1.0,1.8147222222222221,59,0.0,0.0,0.0,0.0,1,0,0.82002,0.40991282,-0.76725966,-0.36730963,730,-1
2040794541402603975,2026-04-05 14:11:49+00:00,0,fakyu komdigi fakyu igrs,2040794541402603975,,,in,,0,0,0,https://x.com/danrrrrrrr/status/2040794541402603975,606671422,danrrrrrrr,4,tr,keep_id_anchor,False,fakyu komdigi fakyu igrs,[],0,0,24,4,0,0,1,1.0,0.0215,1,1.0,1.811388888888889,59,0.0,0.0,0.0,0.0,0,1,0.85728395,0.2830991,1.3842586,0.76851684,731,-1
2040794434384900238,2026-04-05 14:11:23+00:00,0,IGRS ini tolol,2040794434384900238,,,in,,0,0,0,https://x.com/xxmryyx/status/2040794434384900238,2495478908,xxmryyx,3,it,keep_id_anchor,False,igrs ini tolol,[],0,0,14,3,0,0,1,1.0,0.0092,1,1.0,1.8041666666666667,59,0.0,0.0,0.0,0.0,0,1,0.96901083,0.29011792,2.0877037,0.6102828,732,-1
2040794166033326226,2026-04-05 14:10:19+00:00,0,IGRS : Indonesia GOONING rating system,2040794166033326226,,,en,,0,0,0,https://x.com/Arkanwoilah/status/2040794166033326226,1451574022852919301,Arkanwoilah,5,id,keep_id_anchor,False,igrs indonesia gooning rating system,[],0,0,36,5,0,0,1,1.0,0.0125,1,1.0,1.7863888888888888,59,0.0,0.0,0.0,0.0,1,1,1.0,0.31197426,-2.0634542,1.2375627,734,-1
2040793522731880938,2026-04-05 14:07:46+00:00,1,Udh bubarin aja igrs igrs 🫩 persona 5 mau gw mainin abis uts padahal,2040793522731880938,,,in,,0,0,0,https://x.com/ikanhane/status/2040793522731880938,1367434748101070851,ikanhane,13,id,keep_id_anchor,False,sudah bubarin aja igrs igrs persona mau saya mainin abis uts padahal,[],0,0,68,12,0,1,1,0.292,0.0023,1,1.0,1.7438888888888888,59,0.0,0.0,0.0,0.0,0,0,0.8456025,0.26825532,1.5243205,0.4096043,736,-1
2040777108415553580,2026-04-05 14:06:59+00:00,6,"@Uzzzzz222 Yg jadi masalah bukan IGRS tapi YANG NGURUS DIBELAKANG IGRS NYA ITU gue yakin pasti Orang2 dibelakang sana yg ngurus tuh generasi2 boomer yg gede dengan mindset kontol ""Main Game Buat Apa""",2040793324639101179,,Uzzzzz222,in,,0,2,2,https://x.com/KRathalos97/status/2040793324639101179,1632254408221396992,KRathalos97,33,id,keep_id_anchor,False,yang jadi masalah bukan igrs tapi yang ngurus dibelakang igrs nya itu saya yakin pasti orang dibelakang sana yang ngurus itu generasi boomer yang gede dengan mindset kontol main game buat apa,[],0,1,191,32,0,10,0,0.3983,0.0135,1,1.0,1.7308333333333332,59,1.0,0.0,0.0,0.0,9,0,0.80550563,0.38342676,0.35877597,-1.0881369,737,-1
2040697243171524831,2026-04-05 13:57:30+00:00,0,@LambeResing F1 25 rating IGRS 15+,2040790937950093815,,LambeResing,sl,,0,0,0,https://x.com/azkiiofifteen96/status/2040790937950093815,1948731005151707137,azkiiofifteen96,6,id,keep_id_anchor,False,f rating igrs,[],0,1,13,3,0,0,1,0.0,0.0,1,1.0,1.5727777777777778,68,1.0,0.0,0.0,0.0,1,0,0.82058287,0.29378575,-2.1914976,1.7240667,749,-1
2040790890260914401,2026-04-05 13:57:18+00:00,0,Igrs ngasih rating ke game ngawur saatnya gamer indonesia melakukan revolusi,2040790890260914401,,,in,,0,0,0,https://x.com/zakisemma/status/2040790890260914401,1320795943403352065,zakisemma,11,id,keep_id_anchor,False,igrs ngasih rating ke game ngawur saatnya gamer indonesia melakukan revolusi,[],0,0,76,11,0,0,1,0.5419,0.014,1,1.0,1.5694444444444444,68,0.0,0.0,0.0,0.0,1,0,0.82166064,0.41477826,-0.24350287,-0.235277,751,-1
2040790830752157891,2026-04-05 13:57:04+00:00,0,"Tai, kontol IGRS kesel nian gue",2040790830752157891,,,in,,0,0,0,https://x.com/Raza420691/status/2040790830752157891,1236077205370703872,Raza420691,6,et,keep_id_anchor,False,tai kontol igrs kesel nian saya,[],0,0,31,6,0,0,1,0.4929,0.0055,1,1.0,1.5655555555555556,68,0.0,0.0,0.0,0.0,0,0,0.8525187,0.2727154,1.7872005,0.56934917,753,-1
2040712295169556748,2026-04-05 13:55:53+00:00,1,"@bLxCoffee @hrdbacot IGRS ""pokoknya ada"" sekalian bang.",2040790531257802953,,bLxCoffee,in,,0,0,0,https://x.com/yo__di/status/2040790531257802953,715372514,yo__di,7,id,keep_id_anchor,False,igrs pokoknya ada sekalian bang,[],0,1,31,5,0,1,1,0.6117,0.0047,1,1.0,1.5458333333333334,68,1.0,0.0,0.0,0.0,0,0,0.8123517,0.35225767,1.4382405,0.082890086,754,-1
2040789561715089581,2026-04-05 13:52:02+00:00,0,IGRS = Indonesia Gooning Rating System,2040789561715089581,,,en,,0,0,0,https://x.com/itsgenky/status/2040789561715089581,1192427020728160256,itsgenky,5,id,keep_id_anchor,False,igrs indonesia gooning rating system,[],0,0,36,5,0,0,1,1.0,0.0125,1,1.0,1.4816666666666667,68,0.0,0.0,0.0,0.0,1,1,1.0,0.31197426,-2.0634542,1.2375627,761,-1
2040788931323867200,2026-04-05 13:49:31+00:00,0,igrs ni naon dah,2040788931323867200,,,in,,0,0,0,https://x.com/dombolord/status/2040788931323867200,1234445676819271685,dombolord,4,tl,keep_id_anchor,False,igrs ini naon dah,[],0,0,17,4,0,0,1,0.4878,0.0056,1,1.0,1.4397222222222221,68,0.0,0.0,0.0,0.0,0,0,0.9567666,0.32877308,1.6362171,0.65795946,766,-1
2040783071646269587,2026-04-05 13:26:14+00:00,0,"Udah ga bisa kerja, tolol, sekarang lempar tanggung jawab ke pihak STEAM yang jelas-jelas dari awal udah punya rating age sendiri sebelum akhirnya kacau karena IGRS. Kalian pikir kami ini setolol dan goblok kalian perihal beginian? Bubar mending lo pada gaguna. @kemkomdigi",2040783071646269587,,,in,,0,0,0,https://x.com/riyoxreaper/status/2040783071646269587,1363922241453318146,riyoxreaper,43,id,keep_id_anchor,False,sudah tidak bisa kerja tolol sekarang lempar tanggung jawab ke pihak steam yang jelas jelas dari awal sudah punya rating age sendiri sebelum akhirnya kacau karena igrs kalian pikir kami ini setolol dan goblok kalian perihal beginian bubar mending kamu pada gaguna,[],0,0,263,42,0,0,1,0.3394,0.0143,1,1.0,1.0516666666666667,68,0.0,0.0,0.0,0.0,0,0,0.8217305,0.398866,0.8186509,-0.7115041,780,-1
2040671435388293233,2026-04-05 13:25:01+00:00,0,@_AmandaBrownies El IGRS,2040782765634060399,,_AmandaBrownies,es,,0,0,0,https://x.com/aomi__san/status/2040782765634060399,1180308655280816128,aomi__san,3,en,keep_id_anchor,False,el igrs,[],0,1,7,2,1,0,1,0.0,0.0,1,1.0,1.031388888888889,68,1.0,0.0,0.0,0.0,0,0,0.9024346,0.31451857,0.4366632,1.5144299,784,-1
2040782694708371584,2026-04-05 13:24:44+00:00,2,Rating IGRS program dari @kemkomdigi kukasih rating 🌟 1,2040782694708371584,,,in,,0,1,0,https://x.com/RuuRirina/status/2040782694708371584,1563228432565420033,RuuRirina,8,id,keep_id_anchor,False,rating igrs program dari kukasih rating,[],0,0,39,6,0,3,0,0.605,0.0027,1,0.5,1.0266666666666666,68,0.0,0.0,0.0,0.0,1,0,0.88057506,0.32837817,-2.139318,1.495283,785,-1
2040782694477607250,2026-04-05 13:24:44+00:00,2,"1. Memang tugas Steam yang harus implementasi rating dan aturan dari IGRS. Tapi ngeliat dari sini, kayaknya IGRS maksa rating ini buat cepet rilis sebelum semuanya siap.
2. Mereka masih ga bahas soal Refused Classification buat ngeblokir game pake pasal karet.",2040782694477607250,,,in,,0,0,0,https://x.com/setsundere/status/2040782694477607250,1273950541526122496,setsundere,41,id,keep_id_anchor,False,memang tugas steam yang harus implementasi rating dan aturan dari igrs tapi ngeliat dari sini kayaknya igrs maksa rating ini buat cepet rilis sebelum semuanya siap mereka masih tidak bahas soal refused classification buat ngeblokir game pake pasal karet,[],0,0,253,39,0,2,0,0.3715,0.0168,1,0.5,0.0125,68,0.0,0.0,0.0,0.0,1,0,0.829972,0.46068308,-1.2500969,-0.46397668,786,-1
2040632418840031503,2026-04-05 13:17:34+00:00,0,@MangAgus_10 to IGRS https://t.co/BEzCiMnxCQ,2040780888133521501,https://pbs.twimg.com/tweet_video_thumb/HFJPY00bYAA0AOI.jpg,MangAgus_10,sl,,0,0,0,https://x.com/dandibudiman262/status/2040780888133521501,1605275651665035265,dandibudiman262,7,tl,keep_id_anchor,False,to igrs,[],0,1,7,2,1,0,1,0.4444,0.0083,1,1.0,0.9072222222222223,68,1.0,0.0,0.0,0.0,0,0,0.93025863,0.3561048,-0.43013436,1.9803867,795,-1
2040780087583445041,2026-04-05 13:14:23+00:00,0,dari tadi lwt soal igrs ini,2040780087583445041,,,in,,0,1,0,https://x.com/bleubei/status/2040780087583445041,1301218240123740160,bleubei,6,id,keep_id_anchor,False,dari tadi lwt soal igrs ini,[],0,0,27,6,0,1,1,0.0,0.0,1,1.0,0.8541666666666666,68,0.0,0.0,0.0,0.0,0,0,0.807808,0.41010082,0.79045016,0.63634014,798,-1
2040704635128943030,2026-04-05 13:13:23+00:00,9,"@fareasy96 @mhuseinali &gt;kalo gak ada berarti rating nya dari sistem steam

Steam se goblok apa sih ngasih rating IGRS nukitashi 3+ padahal di rating steam nya sendiri udh bener buat adult",2040779836000698747,,fareasy96,in,,0,1,0,https://x.com/noone_n_nobody_/status/2040779836000698747,891253466961633280,noone_n_nobody_,32,id,keep_id_anchor,False,gt kalau tidak ada berarti rating nya dari sistem steam steam se goblok apa sih ngasih rating igrs nukitashi padahal di rating steam nya sendiri sudah benar buat adult,[],0,1,167,29,0,10,0,0.4405,0.0185,1,0.5,0.8375,68,2.0,0.0,0.0,0.0,1,1,0.8333571,0.38878724,-0.75185686,-0.6210177,799,-1
2040779652785221984,2026-04-05 13:12:39+00:00,0,"igrs kontol, ngentot lo @kemkomdigi",2040779652785221984,,,in,,0,0,0,https://x.com/dieformealice/status/2040779652785221984,1415584425862041600,dieformealice,5,af,keep_id_anchor,False,igrs kontol ngentot kamu,[],0,0,24,4,0,0,1,0.7798,0.006,1,1.0,0.8252777777777778,68,0.0,0.0,0.0,0.0,0,0,0.93541634,0.35083452,1.5322413,0.67001486,801,-1
2040684902866411853,2026-04-05 13:04:31+00:00,0,"@AlizarinBlue @RRDelusi Emang salah steam bang, bukan bela igrs, saya jiga benci, tp kali ini emang salah steam.

Cara 1 daftar ke igrs, cara 2 lewat steam rata"" berdasarkan feedback dan review game. https://t.co/e11QLkKqN8",2040777606262657325,https://pbs.twimg.com/media/HFJMac6aMAAOmUY.jpg,AlizarinBlue,in,,0,0,0,https://x.com/Alex_Brigz/status/2040777606262657325,969387143289233408,Alex_Brigz,37,id,keep_id_anchor,False,emang salah steam bang bukan bela igrs saya jiga benci tp kali ini emang salah steam cara daftar ke igrs cara lewat steam rata berdasarkan feedback dan review game,[],0,1,163,29,0,0,1,0.5531,0.017,3,1.0,0.6422222222222222,68,3.0,1.0,8.032128514056225e-05,0.0,1,1,0.8007339,0.40645915,0.0027146747,-0.6602682,812,-1
2040777164363358719,2026-04-05 13:02:46+00:00,0,IGRS https://t.co/FTXQq9IBgg,2040777164363358719,https://pbs.twimg.com/media/HFJMAAHbgAA3pFA.png,,sl,,0,0,0,https://x.com/chudvette/status/2040777164363358719,1103836420857257986,chudvette,5,en,keep_id_anchor,False,igrs,[],0,0,4,1,1,0,1,0.0,0.0,1,1.0,0.6605555555555556,68,0.0,0.0,0.0,0.0,0,0,1.0000001,0.28146854,-0.78018814,2.30597,815,-1
2040775971213857017,2026-04-05 12:58:01+00:00,0,Ini IGRS tolol bener,2040775971213857017,,,in,,0,0,0,https://x.com/_ZyZ_Z/status/2040775971213857017,1543451950100119552,_ZyZ_Z,4,id,keep_id_anchor,False,ini igrs tolol benar,[],0,0,20,4,0,0,1,1.0,0.0092,1,1.0,0.5813888888888888,67,0.0,0.0,0.0,0.0,0,1,0.9550136,0.2878627,1.9947767,0.4935225,827,-1
2040727652261417333,2026-04-05 12:57:52+00:00,1,@iPoopBased IGRS states that the game has 3+ rating,2040775930717884760,,iPoopBased,en,,0,0,0,https://x.com/mirfan_16/status/2040775930717884760,407516753,mirfan_16,9,en,keep_id_anchor,False,igrs states that the game has rating,[],0,1,36,7,0,1,1,0.4249,0.0088,1,1.0,0.5788888888888889,67,1.0,0.0,0.0,0.0,1,0,0.8695514,0.3832004,-2.4480946,0.2553989,829,-1
2040773983927210098,2026-04-05 12:55:57+00:00,1,@UGM_FESS @LaksitoLintung IGRS Gnya gooner,2040775449383715020,,UGM_FESS,in,,0,0,0,https://x.com/AkuilaOpo/status/2040775449383715020,1615936703751127041,AkuilaOpo,5,id,keep_id_anchor,False,igrs gnya gooner,[],0,1,16,3,0,1,1,1.0,0.0035,1,1.0,0.5469444444444445,67,1.0,0.0,0.0,0.0,0,1,0.93901145,0.36270097,0.10326549,1.6114526,830,-1
2040775389010866683,2026-04-05 12:55:43+00:00,0,"oh, ternyata KOMDONGO itu bikin IGRS untuk gooning.

IGRS (Indonesia Gooning Rating System), ckp tw aj 😁",2040775389010866683,,,in,,0,0,0,https://x.com/01nm2_/status/2040775389010866683,1677842828670697472,01nm2_,16,id,keep_id_anchor,False,oh ternyata komdongo itu bikin igrs untuk gooning igrs indonesia gooning rating system ckp tw aj,[],0,0,96,16,0,0,1,0.771,0.0131,1,1.0,0.5430555555555555,67,0.0,0.0,0.0,0.0,1,0,0.81895757,0.40680593,-0.3549586,0.6770982,831,-1
2040775346799440263,2026-04-05 12:55:33+00:00,1,I think igrs stands for indonesia gooners raring system atp....,2040775346799440263,,,en,,0,0,0,https://x.com/reinardstar/status/2040775346799440263,1216053606085840896,reinardstar,10,en,keep_id_anchor,False,i think igrs stands for indonesia gooners raring system atp,[],0,0,59,10,0,1,1,0.7475,0.0126,2,1.0,0.4413888888888889,67,0.0,0.0,0.0,0.0,1,0,0.8555075,0.27913412,-1.2242603,1.818915,833,-1
2040775031450636606,2026-04-05 12:54:17+00:00,1,Lempar tanggung jawabnya ke steam? dari awal ngapain lo bikin IGRS? oh iya biar keliatan kerja gitu ya,2040775031450636606,,,in,,0,0,0,https://x.com/hakeruuu/status/2040775031450636606,105481350,hakeruuu,18,id,keep_id_anchor,False,lempar tanggung jawabnya ke steam dari awal ngapain kamu bikin igrs oh iya biar keliatan kerja gitu ya,[],0,0,102,18,0,1,1,0.5763,0.0114,1,1.0,0.5191666666666667,67,0.0,0.0,0.0,0.0,5,0,0.84944344,0.33783293,1.2769401,-0.12983079,836,-1
2040774910096908675,2026-04-05 12:53:48+00:00,4,"Our game is currently rated 13+ by IGRS
#gameindonesia #igrs https://t.co/JiGZZFLLGf",2040774910096908675,https://pbs.twimg.com/media/HFJJs8oaYAAZpmK.jpg,,en,,0,0,0,https://x.com/NicknationGames/status/2040774910096908675,864087663741030404,NicknationGames,14,en,keep_id_anchor,False,our game is currently rated by igrs gameindonesia igrs,[],0,0,54,9,0,4,0,0.7087,0.0068,1,1.0,0.5111111111111111,67,0.0,1.0,0.0,0.0,1,0,0.8695514,0.36598796,-1.9298079,0.4430934,837,-1
2040613949981552776,2026-04-05 12:50:38+00:00,0,@gagahmei IGRS kknya ke semua ja,2040774110918398286,,gagahmei,in,,0,0,0,https://x.com/pajarsidik_/status/2040774110918398286,333245547,pajarsidik_,6,id,keep_id_anchor,False,igrs kknya ke semua ja,[],0,1,22,5,0,0,1,0.0,0.0,1,0.5,0.4583333333333333,67,1.0,0.0,0.0,0.0,0,0,0.92275417,0.28863433,1.7902021,0.60643446,844,-1
2040773998544580882,2026-04-05 12:50:11+00:00,2,"Indonesia's Ministry of Communication and Digital Affairs used their so called IGRS (Indonesia Game Rating System) and falsely labelled each games on Steam
They released a statement hours later, telling that the false labels were autogenerated, which pretty much telling that they",2040773998544580882,,,en,,0,1,0,https://x.com/FlwrmnShiragiku/status/2040773998544580882,1527855127159533568,FlwrmnShiragiku,43,en,keep_id_anchor,False,indonesia s ministry of communication and digital affairs used their so called igrs indonesia game rating system and falsely labelled each games on steam they released a statement hours later telling that the false labels were autogenerated which pretty much telling that they,[],0,0,276,43,0,3,0,0.4715,0.019,1,1.0,0.4508333333333333,67,0.0,0.0,0.0,0.0,1,0,0.80692995,0.36816388,-1.3649429,-0.09339448,845,-1
2040773853304201647,2026-04-05 12:49:37+00:00,0,Ini steam bisa ngegugat igrs gk si njir,2040773853304201647,,,in,,0,0,0,https://x.com/reinardstar/status/2040773853304201647,1216053606085840896,reinardstar,8,tl,keep_id_anchor,False,ini steam bisa ngegugat igrs gk si njir,[],0,0,39,8,0,0,1,0.5466,0.0069,2,1.0,0.4413888888888889,67,0.0,0.0,0.0,0.0,5,0,0.83933324,0.21903804,1.0836494,0.21216996,846,-1
2040772159480775069,2026-04-05 12:42:53+00:00,0,"IGRS KONTOL
KOMDIGI MEMEK",2040772159480775069,,,in,,0,0,0,https://x.com/DokutahLianSyah/status/2040772159480775069,1419991676311855104,DokutahLianSyah,4,sw,keep_id_anchor,False,igrs kontol komdigi memek,[],0,0,25,4,0,0,1,0.8302,0.0128,2,0.4,0.32916666666666666,67,2.0,0.0,0.0,0.0,0,1,0.8802897,0.3620657,0.8531368,0.84707916,855,-1
2040770990104596810,2026-04-05 12:38:14+00:00,0,Tolol banget emang IGRS ini !!,2040770990104596810,,,in,,0,0,0,https://x.com/gillsevensense/status/2040770990104596810,1555238112,gillsevensense,5,tl,keep_id_anchor,False,tolol banget emang igrs ini,[],0,0,27,5,0,0,1,0.6607,0.0094,1,1.0,0.25166666666666665,67,0.0,0.0,0.0,0.0,0,0,0.96901083,0.2660461,2.2978466,0.42183405,865,-1
2040543737261293855,2026-04-05 12:32:37+00:00,2,"@nurfaishal9 @ChouSenka lebih tepatnya steam “harus” ngikut rating IGRS wkwkwkwk

ini detail soal game nasih game yg kena RC

https://t.co/DXIB20Mpip",2040769577882362017,,nurfaishal9,in,,0,0,1,https://x.com/AneshMadyantara/status/2040769577882362017,1805890316907757568,AneshMadyantara,23,id,keep_id_anchor,False,lebih tepatnya steam harus ngikut rating igrs wkwkwkwk ini detail soal game nasih game yang kena rc,[],0,1,99,17,0,3,0,0.3525,0.0056,1,0.5,0.15805555555555556,67,1.0,0.0,0.0,0.0,1,0,0.8263737,0.42439812,-0.8442211,-0.6914474,871,-1
2040645711650509022,2026-04-05 12:29:14+00:00,0,@rayrestufauzi IGRS alias INDONESIAN GOONERS RATING SYSTEM emang anj,2040768727453708779,,rayrestufauzi,in,,0,0,0,https://x.com/inimahjapran/status/2040768727453708779,1803251055469502464,inimahjapran,9,id,keep_id_anchor,False,igrs alias indonesian gooners rating system emang anj,[],0,1,53,8,0,0,1,0.5353,0.0094,1,1.0,0.10166666666666667,67,1.0,0.0,0.0,0.0,1,0,0.9197844,0.33056656,-1.4428147,1.4800553,876,-1
2040632610339369214,2026-04-05 12:28:21+00:00,0,@AimyuuNao What's IGRS?,2040768502362214890,,AimyuuNao,en,,0,1,0,https://x.com/VincDigiArt/status/2040768502362214890,1438473105622519809,VincDigiArt,4,tl,keep_id_anchor,False,what s igrs,[],0,1,11,3,0,1,1,0.6226,0.0036,1,1.0,0.08694444444444445,67,1.0,0.0,0.0,0.0,0,0,0.86540806,0.27375424,-2.1507516,2.6575468,878,-1
2040768442480070866,2026-04-05 12:28:06+00:00,0,"Batalin IGRS ga anjing
Udah ada PEGI ama ESRB gausah ikut ikutan, kalo mau korup mah ngomong aja anjing @kemkomdigi",2040768442480070866,,,in,,0,0,0,https://x.com/0p_py/status/2040768442480070866,1487885105888915456,0p_py,20,id,keep_id_anchor,False,batalin igrs tidak anjing sudah ada pegi sama esrb gausah ikut ikutan kalau mau korup mah ngomong aja anjing,[],0,0,108,19,0,0,1,0.3779,0.0148,1,0.5,0.08277777777777778,67,0.0,0.0,0.0,0.0,6,0,0.822134,0.31675386,1.3328865,0.25079957,879,-1
2040637611753320857,2026-04-07 23:26:36+00:00,0,@emyr_za1 what do you think about IGRS @grok,2041658931660124350,,emyr_za1,en,,0,1,0,https://x.com/wongkongenekok/status/2041658931660124350,1697800634341466112,wongkongenekok,8,en,keep_id_anchor,False,what do you think about igrs,[],0,1,28,6,0,1,1,0.4193,0.0056,2,1.0,59.000277777777775,6,2.0,0.0,0.0,0.0,0,1,0.80662584,0.3407145,-1.9172672,1.6717175,892,-1
2041652988868202936,2026-04-07 23:24:17+00:00,0,@RWWReborn Kayak masalah IGRS sama steam jadinya...wakakakak.,2041658348559536481,,RWWReborn,in,,0,0,0,https://x.com/bayoeoe/status/2041658348559536481,349551279,bayoeoe,8,id,keep_id_anchor,False,seperti masalah igrs sama steam jadinya wakakakak,[],0,1,49,7,0,0,1,0.0,0.0,1,1.0,59.01916666666666,6,1.0,0.0,0.0,0.0,5,0,0.8384458,0.3269982,0.73465306,-0.28250286,893,-1
2041651434723381613,2026-04-07 22:56:48+00:00,0,"jujur aja ya, narasi ‘gamer itu maniak’ tuh udah ketinggalan banget. sekarang yang lagi ribut itu bukan soal kecanduan game, tapi soal sistem IGRS yang kacau, ratingnya banyak yang ga masuk akal. verifikasi ga jelas, bahkan pemerintah sendiri bilang belum final. tapi yang kena",2041651434723381613,,,in,,0,1,0,https://x.com/b3rsetubuh/status/2041651434723381613,1581465605835587585,b3rsetubuh,44,id,keep_id_anchor,False,jujur aja ya narasi gamer itu maniak itu sudah ketinggalan banget sekarang yang lagi ribut itu bukan soal kecanduan game tapi soal sistem igrs yang kacau ratingnya banyak yang tidak masuk akal verifikasi tidak jelas bahkan pemerintah sendiri bilang belum final tapi yang kena,[],0,0,275,44,0,1,1,0.3191,0.0292,1,1.0,58.56111111111111,4,0.0,0.0,0.0,0.0,8,0,0.8389987,0.43265903,0.0051855035,-1.112886,896,-1
2041353677496254495,2026-04-07 22:55:06+00:00,0,"@ferrykoto Betul saya setuju game membuat kecanduan dan mempengaruhi perilaku anak. Tapi paham gak pak kalau rating IGRS di Steam ini gak efektif? Baca data lagi sih pak saran saya, anak anak jaman sekarang main game di PLATFORM mana aja, sehingga lebih tepat sasaran.",2041651007911030949,,ferrykoto,in,,0,1,0,https://x.com/dvtrhx/status/2041651007911030949,1060584787214163969,dvtrhx,44,id,keep_id_anchor,False,betul saya setuju game membuat kecanduan dan mempengaruhi perilaku anak tapi paham tidak pak kalau rating igrs di steam ini tidak efektif baca data lagi sih pak saran saya anak anak jaman sekarang main game di platform mana aja sehingga lebih tepat sasaran,[],0,1,256,43,0,1,1,0.5125,0.0255,1,1.0,58.53277777777778,4,1.0,0.0,0.0,0.0,1,0,0.8201644,0.4215049,-0.4679427,-1.279432,897,-1
2041457466748375381,2026-04-07 21:14:06+00:00,1,@onnowpurbo Pak game bokep malah di rating SU. Dan game bertani malah 18+. Akuin aja orang2 dibalik IGRS adalah orang generasi tua yang gak tahu menahu masalah game. Padahal ngerating sesuatu itu harus dicoba dulu. Film aja di tonton. Masa game kagak dimaenin?,2041625586502922634,,onnowpurbo,in,,0,0,0,https://x.com/TarantikaA93671/status/2041625586502922634,1992122807770378240,TarantikaA93671,43,id,keep_id_anchor,False,pak game bokep malah di rating su dan game bertani malah akuin aja orang dibalik igrs adalah orang generasi tua yang tidak tahu menahu masalah game padahal ngerating sesuatu itu harus dicoba dulu film aja di tonton masa game kagak dimaenin,[],0,1,239,41,0,1,1,0.3812,0.0158,1,1.0,56.849444444444444,2,1.0,0.0,0.0,0.0,9,0,0.80550563,0.3983291,0.18222415,-1.3916858,901,-1
2041120779757400168,2026-04-07 20:06:09+00:00,0,"@ZonaKitten @Analyst_V2 Komdigi (Kementerian Komunikasi dan Digital Indonesia) baru-baru ini klarifikasi soal label rating IGRS (Indonesia Game Rating System) yang muncul di Steam. Ternyata, rating itu bukan resmi dari pemerintah, melainkan hasil self-declare publisher yang belum terverifikasi dan belum",2041608490175635909,,ZonaKitten,in,,0,0,1,https://x.com/grok/status/2041608490175635909,1720665183188922368,grok,41,id,keep_id_anchor,False,komdigi kementerian komunikasi dan digital indonesia baru baru ini klarifikasi soal label rating igrs indonesia game rating system yang muncul di steam ternyata rating itu bukan resmi dari pemerintah melainkan hasil self declare publisher yang belum terverifikasi dan belum,[],0,1,273,39,0,1,1,0.5305,0.0305,1,0.5,4.440555555555555,2,2.0,0.0,0.0,0.0,1,1,0.84234494,0.36368734,-1.3536527,0.16311885,903,-1
2041565354754023679,2026-04-07 17:14:45+00:00,0,"Saya setuju dengan statemen kecanduan game ini, tapi ga ada kaitan mas sama rating, apalagi IGRS. Game online di rating pun orang tua masih pada ngasih anaknya gadget, ga peduli di install apa. Makanya perlu pengawasan juga dari orang tuanya, jangan semata-mata nyalahin gamenya",2041565354754023679,,,in,,0,0,0,https://x.com/hydarnus/status/2041565354754023679,1908112280849666048,hydarnus,45,id,keep_id_anchor,False,saya setuju dengan statemen kecanduan game ini tapi tidak ada kaitan mas sama rating apalagi igrs game online di rating pun orang tua masih pada ngasih anaknya gadget tidak peduli di install apa makanya perlu pengawasan juga dari orang tuanya jangan semata mata nyalahin gamenya,[],0,0,278,45,0,0,1,0.4477,0.0267,1,0.5,11.562222222222223,6,0.0,0.0,0.0,0.0,1,0,0.8201644,0.40594274,-0.6146921,-1.0440367,909,-1
2041551204011184611,2026-04-07 16:18:31+00:00,0,"Polemik Rating Game di Steam, Komdigi Selidiki Kejanggalan IGRS dan Libatkan Industri
https://t.co/r5Z1ATsBE6",2041551204011184611,,,in,,0,0,0,https://x.com/jawapos/status/2041551204011184611,2392460208,jawapos,16,id,keep_id_anchor,False,polemik rating game di steam komdigi selidiki kejanggalan igrs dan libatkan industri,[],0,0,84,12,0,0,1,0.3576,0.0083,1,1.0,51.92305555555556,7,0.0,0.0,0.0,0.0,1,0,0.8013695,0.4135889,-0.536483,-0.79765207,918,-1
2041460387502010543,2026-04-07 15:57:32+00:00,1,"@tilehopper I assume you read this? Ini AI-nya halu. Again, nggak ada sumber Steam itu support IARC.

Justru maksud Steam adalah, kalau lu udah dapat IARC via Epic Games misalnya, gak bisa pake rating itu doang untuk Steam, tapi harus isi ulang questionnaire Steam (atau urus sendiri ke IGRS) https://t.co/vOwmmfR1q3",2041545921717235837,https://pbs.twimg.com/media/HFUGWfxbwAAEct9.jpg,tilehopper,in,,0,1,0,https://x.com/_hendrasusanto/status/2041545921717235837,25480266,_hendrasusanto,54,id,keep_id_anchor,False,i assume you read this ini ai nya halu again tidak ada sumber steam itu support iarc justru maksud steam adalah kalau kamu sudah dapat iarc via epic games misalnya tidak bisa pake rating itu doang untuk steam tapi harus isi ulang questionnaire steam atau urus sendiri ke igrs,[],0,1,275,49,0,2,0,0.3072,0.0201,2,0.6666666666666666,51.06722222222222,9,1.0,1.0,0.0,0.0,1,0,0.80755204,0.40381438,-0.43678007,-0.7307011,921,-1
2040757110951322044,2026-04-07 15:45:29+00:00,1,"@kurawa Alah nyocot main gama aja enggak pernah lu cuma BUZZER doang lu duit duit lu yg dapet juga dari pajak kita lu, kerja kagak, ngerti game kagak, sekarang salahin steam padahal pihak steam diem diem aja TOLOL KOMDIGI AMA IGRS TOLOL",2041542890409828536,,kurawa,in,,0,0,0,https://x.com/Lipssszzz____/status/2041542890409828536,1675211733257039873,Lipssszzz____,42,id,keep_id_anchor,False,alah nyocot main gama aja enggak pernah kamu cuma buzzer doang kamu duit duit kamu yang dapet juga dari pajak kita kamu kerja kagak ngerti game kagak sekarang salahin steam padahal pihak steam diem diem aja tolol komdigi sama igrs tolol,[],0,1,236,41,0,1,1,0.4098,0.0166,1,0.5,3.5930555555555554,9,2.0,0.0,0.0,0.0,0,1,0.8110441,0.36826667,1.1148359,-0.62196,922,-1
2041536000363823340,2026-04-07 15:23:52+00:00,1,@mog_mediaa rating IGRS berapa ini?,2041537449592238289,,mog_mediaa,in,,0,1,0,https://x.com/gbfonry/status/2041537449592238289,876144607133814785,gbfonry,5,id,keep_id_anchor,False,rating igrs berapa ini,[],0,1,22,4,0,2,0,0.0,0.0,1,1.0,51.01222222222222,9,1.0,0.0,0.0,0.0,4,0,0.82558787,0.30148578,-0.7859016,0.68535227,926,-1
2041526416379203610,2026-04-07 14:46:37+00:00,0,"Kalau bicara sosmed, ya beda lagi. Yang sedang rame kan IGRS di Steam yang jelas-jelas Steam tuh platform niche.",2041528074613965213,,nurizkaf96,in,,0,0,0,https://x.com/nurizkaf96/status/2041528074613965213,63906947,nurizkaf96,20,id,keep_id_anchor,False,kalau bicara sosmed ya beda lagi yang sedang rame kan igrs di steam yang jelas jelas steam itu platform niche,[],0,1,109,20,0,0,1,0.3901,0.0051,1,1.0,50.39138888888889,20,0.0,0.0,0.0,0.0,5,0,0.80331933,0.33059368,0.45709327,-0.40661946,935,-1
2041457466748375381,2026-04-07 14:19:40+00:00,1,"@Bram_no3 @ero_semut @onnowpurbo Si tolol ngegeser gawang, sekarang ya jelas ga ada lah org IGRS uda dicabut dari steam. Ngeles lo itu ga berguna tolol.",2041521291522662636,,Bram_no3,in,,1,2,0,https://x.com/bayiajaib/status/2041521291522662636,90759123,bayiajaib,25,id,keep_id_anchor,False,si tolol ngegeser gawang sekarang ya jelas tidak ada lah orang igrs uda dicabut dari steam ngeles kamu itu tidak berguna tolol,[],0,1,126,22,0,4,0,0.5146,0.0204,2,1.0,49.94222222222222,20,1.0,1.0,0.0,0.0,0,0,0.8133566,0.32024688,1.8232974,-0.21819459,945,-1
2041516845858185503,2026-04-07 14:02:00+00:00,0,"panduan IGRS
https://t.co/7lEcKnBN60",2041516845858185503,,,in,,0,0,0,https://x.com/ogyw1n/status/2041516845858185503,780623641532731392,ogyw1n,6,id,keep_id_anchor,False,panduan igrs,[],0,0,12,2,1,0,1,0.2907,0.0012,1,1.0,49.647777777777776,20,0.0,0.0,0.0,0.0,0,0,0.8386104,0.25571054,-0.6078822,1.6711508,952,-1
2041512702749855891,2026-04-07 13:45:32+00:00,0,yang urus2 IGRS kyk sekumpulan orang dongo,2041512702749855891,,,in,,0,0,0,https://x.com/Rifqyhazard/status/2041512702749855891,444567921,Rifqyhazard,7,id,keep_id_anchor,False,yang urus igrs seperti sekumpulan orang dongo,[],0,0,45,7,0,0,1,0.4928,0.0085,1,1.0,49.373333333333335,27,0.0,0.0,0.0,0.0,0,0,0.8032743,0.21036465,1.5201247,0.35239664,954,-1
2041475693213893092,2026-04-07 13:05:52+00:00,2,"@ferrykoto @progresionalis Lagian kenapa banget harus buru buru implemantasi igrs sih?
Gamenya juga banyak yang belum diberi rating pula.
Dan memangnya kenapa dengan sistem rating yang sudah ada sekarang? Apa dirasa belum cukup sampai harus pakai sistem yang baru??",2041502718406312285,,ferrykoto,in,,0,0,0,https://x.com/mochf_/status/2041502718406312285,1288228676,mochf_,39,id,keep_id_anchor,False,lagian mengapa banget harus buru buru implemantasi igrs sih gamenya juga banyak yang belum diberi rating pula dan memangnya mengapa dengan sistem rating yang sudah ada sekarang apa dirasa belum cukup sampai harus pakai sistem yang baru,[],0,1,235,37,0,2,0,0.4475,0.0226,1,1.0,48.71222222222222,27,1.0,0.0,0.0,0.0,1,0,0.83077323,0.43983388,-0.677967,-0.999667,975,-1
2041490673850011878,2026-04-07 13:00:29+00:00,10,"@cve20251202 Lah yg bilang bukan milik komdigi siapa?
Yg dipermasalahkan emang IGRS di Steam. Kenapa bisa ngaco sistem ratingnya?

Padahal formulir 11-12 ngikut sistem rating negara lain yg udah ada.

Gaada yg mempermasalahkan sistem rating IGRS as long as pengaplikasiannya bener. Lha ini",2041501365189718393,,cve20251202,in,,0,0,1,https://x.com/fraviato/status/2041501365189718393,1051840382319788032,fraviato,44,id,keep_id_anchor,False,lah yang bilang bukan milik komdigi siapa yang dipermasalahkan emang igrs di steam mengapa bisa ngaco sistem ratingnya padahal formulir ngikut sistem rating negara lain yang sudah ada gaada yang mempermasalahkan sistem rating igrs as long as pengaplikasiannya benar lha ini,[],0,1,273,41,0,11,0,0.3312,0.0208,1,0.5,48.04555555555555,27,2.0,1.0,4.0160642570281125e-05,0.0,1,1,0.8322818,0.44560322,-0.4767344,-0.068826824,980,-1
2041353677496254495,2026-04-07 12:42:02+00:00,0,"@ferrykoto Ini permasalahannya rating IGRS ga tepat dan keliatan orang orang di Komdigi ga mengerti. Kenapa dipelintir ke masalah gamers maniak. Hobi apapun juga ada maniaknya.
Kalo tujuannya untuk mengontrol kecanduan game, harusnya dibarengi dengan penelitian buat nyari solusi yang tepat.",2041496723672162728,,ferrykoto,in,,0,1,0,https://x.com/zzaysmine/status/2041496723672162728,1822711106932232192,zzaysmine,41,id,keep_id_anchor,False,ini permasalahannya rating igrs tidak tepat dan keliatan orang orang di komdigi tidak mengerti mengapa dipelintir ke masalah gamers maniak hobi apapun juga ada maniaknya kalau tujuannya untuk mengontrol kecanduan game harusnya dibarengi dengan penelitian buat nyari solusi yang tepat,[],0,1,283,40,0,1,1,0.4303,0.0214,1,1.0,48.315,28,1.0,0.0,0.0,0.0,8,0,0.8389987,0.40915713,-0.35501555,-1.0034041,991,-1
2041167112195162132,2026-04-07 12:22:51+00:00,1,@alijaya Wakakak yaudah ikutin maunya igrs aja waktu iti. Yuk ntar bundlingan setelah kuloniku rilis,2041491893146812472,,alijaya,in,,0,1,0,https://x.com/mgyanm/status/2041491893146812472,166880884,mgyanm,15,id,keep_id_anchor,False,wakakak yaudah ikutin maunya igrs aja waktu iti yuk ntar bundlingan setelah kuloniku rilis,[],0,1,90,14,0,2,0,0.3463,0.0041,1,1.0,47.99527777777778,28,1.0,0.0,0.0,0.0,0,0,0.8380736,0.26020887,1.4383073,0.92239535,1000,-1
2041457466748375381,2026-04-07 11:50:37+00:00,0,"@onnowpurbo balik lagi ke orang tua, dulu sama sekarang beda, orang tua sekarang udah klo anaknya nangis minta game dikasih, orang tua dulu biarin aja pokoknya cm boleh main sabtu minggu,dan lebih ke tidak kompeten orang2 yg mengurus IGRS, krn mereka tidak tahu menahu tentang game",2041483782071660577,,onnowpurbo,in,,0,0,0,https://x.com/GhaneshRM/status/2041483782071660577,118511014,GhaneshRM,47,id,keep_id_anchor,False,balik lagi ke orang tua dulu sama sekarang beda orang tua sekarang sudah kalau anaknya nangis minta game dikasih orang tua dulu biarin aja pokoknya cm boleh main sabtu minggu dan lebih ke tidak kompeten orang yang mengurus igrs karena mereka tidak tahu menahu tentang game,[],0,1,272,46,0,0,1,0.6229,0.019,1,1.0,47.45805555555555,19,1.0,0.0,0.0,0.0,9,0,0.80943596,0.30826795,0.800972,-1.3506137,1018,-1
2041118782664646973,2026-04-07 10:34:11+00:00,1,"@ekawicaksana Padahal namanya aja IGRS, ""INDONESIA Game Rating System"", dikelola Komdigi loh, Steam cuma ""wadah"" game dan fitur IGRS-nya😹",2041464546410512457,,ekawicaksana,in,,0,2,0,https://x.com/Harurowrr/status/2041464546410512457,1839530055418204160,Harurowrr,20,id,keep_id_anchor,False,padahal namanya aja igrs indonesia game rating system dikelola komdigi loh steam cuma wadah game dan fitur igrs nya,[],0,1,115,19,0,3,0,0.4633,0.0165,1,1.0,46.18416666666667,16,1.0,0.0,0.0,0.0,1,0,0.84839606,0.41744286,-0.8683186,0.05665183,1042,-1
2040491792295186826,2026-04-07 09:56:13+00:00,1,@DimasRamdhan_ @badakmeledak_ Gue gak kebayang kalo rezim ini tumbang karena nyenggol gamers 😭 tapi ya good lah damage di awal aja udah segini berisiknya apa lagi kalo udah bener bener nerapin censorship yang menurut gue bukan ranahnya IGRS.,2041454994126467459,,DimasRamdhan_,in,,0,0,0,https://x.com/freshsqueezeorg/status/2041454994126467459,232746593,freshsqueezeorg,37,id,keep_id_anchor,False,saya tidak kebayang kalau rezim ini tumbang karena nyenggol gamers tapi ya good lah damage di awal aja sudah segini berisiknya apa lagi kalau sudah benar benar nerapin censorship yang menurut saya bukan ranahnya igrs,[],0,1,216,35,0,1,1,0.447,0.0138,1,0.3333333333333333,1.5730555555555557,17,2.0,0.0,0.0,0.0,8,1,0.8058128,0.36214668,0.1411174,-1.4534105,1053,-1
2041064580450021638,2026-04-07 09:52:21+00:00,0,"@Bram_no3 @harist_ixcents @ferrykoto @aniesbaswedan ya harusnya IGRS jga menyesuaikan dengan lembaga rating game yg udh ada di Steam,Steam aja udh ngasih kategori tertentu",2041454018615263500,,Bram_no3,in,,0,1,0,https://x.com/KumekaGenzo77/status/2041454018615263500,1525772499530657792,KumekaGenzo77,24,id,keep_id_anchor,False,ya harusnya igrs jga menyesuaikan dengan lembaga rating game yang sudah ada di steam steam aja sudah ngasih kategori tertentu,[],0,1,125,20,0,1,1,0.3823,0.0044,9,1.0,45.17666666666667,17,1.0,0.0,0.0,0.0,1,0,0.85538673,0.45635775,-0.8250832,-0.9966042,1056,-1
2041064580450021638,2026-04-07 09:49:17+00:00,0,"@Bram_no3 @harist_ixcents @ferrykoto @aniesbaswedan ngapain bawa CAPDA,kita lagi bahas steam dgn IGRS",2041453249258274881,,Bram_no3,in,,0,2,0,https://x.com/KumekaGenzo77/status/2041453249258274881,1525772499530657792,KumekaGenzo77,13,id,keep_id_anchor,False,ngapain bawa capda kita lagi bahas steam dengan igrs,[],0,1,52,9,0,2,0,0.6653,0.0075,9,1.0,45.17666666666667,17,1.0,0.0,0.0,0.0,5,0,0.85864246,0.30843174,1.1064134,-0.2397291,1057,-1
2041064580450021638,2026-04-07 09:45:27+00:00,0,"@Bram_no3 @harist_ixcents @ferrykoto @aniesbaswedan Bro Steam itu bkn platform jual game baru lahir,mereka udh paham gimana cara ngasih rating usia yg bener, ini mh keliatan yg masukin sistem cuma dari pihak IGRS doang sedangkan pihak Steamnya gk tau",2041452282580255180,,Bram_no3,in,,0,1,0,https://x.com/KumekaGenzo77/status/2041452282580255180,1525772499530657792,KumekaGenzo77,39,id,keep_id_anchor,False,bro steam itu bkn platform jual game baru lahir mereka sudah paham bagaimana cara ngasih rating usia yang benar ini mh keliatan yang masukin sistem cuma dari pihak igrs doang sedangkan pihak steamnya gk tau,[],0,1,206,35,0,1,1,0.3324,0.0152,9,1.0,45.17666666666667,17,1.0,0.0,0.0,0.0,1,0,0.8149087,0.42834473,-0.4004447,-0.95521003,1060,-1
2040702078922928176,2026-04-07 09:42:12+00:00,0,@naeraeirene IGRS ( Indonesia Gooning Rating system ),2041451465559216232,,naeraeirene,en,,0,0,0,https://x.com/TirpitzRtx/status/2041451465559216232,1449198149621354500,TirpitzRtx,6,en,keep_id_anchor,False,igrs indonesia gooning rating system,[],0,1,36,5,0,0,1,1.0,0.0125,1,1.0,45.31777777777778,17,1.0,1.0,0.0,0.0,1,1,1.0,0.31197426,-2.0634542,1.2375627,1061,-1
2041064580450021638,2026-04-07 09:33:44+00:00,1,"@Bram_no3 @harist_ixcents @ferrykoto @aniesbaswedan Dan faktanya IGRS memang ngaco kok dalam ngasih rating usia,mau ngomongin sinkronisasi?Ya harusnya pihak IGRS jgn langsung terapin rating itu ke steam klo mau ratingnya sesuai,ini mh keliatan bgt asal ngasih rating",2041449336463372326,,Bram_no3,in,,0,1,0,https://x.com/KumekaGenzo77/status/2041449336463372326,1525772499530657792,KumekaGenzo77,39,id,keep_id_anchor,False,dan faktanya igrs memang ngaco kok dalam ngasih rating usia mau ngomongin sinkronisasi ya harusnya pihak igrs jgn langsung terapin rating itu ke steam kalau mau ratingnya sesuai ini mh keliatan banget asal ngasih rating,[],0,1,219,35,0,2,0,0.3324,0.011,9,1.0,45.17666666666667,17,1.0,0.0,0.0,0.0,1,0,0.8350386,0.43219742,-0.6635224,-0.44156578,1065,-1
2041445614043779100,2026-04-07 09:18:57+00:00,0,Malu ga tuh igrs di omongin orang luar,2041445614043779100,,,in,,0,0,0,https://x.com/RiRuPizza/status/2041445614043779100,1498369400256094208,RiRuPizza,8,id,keep_id_anchor,False,malu tidak itu igrs di omongin orang luar,[],0,0,41,8,0,0,1,0.5208,0.0255,1,1.0,44.930277777777775,17,0.0,0.0,0.0,0.0,0,0,0.82609373,0.25490433,1.7455857,-0.22639573,1067,-1
2041443906492243971,2026-04-07 09:13:01+00:00,0,"jadi ya gaperlu direcokin sama IGRS gajelas babi ini, kalo mau keliatan kerja judol aja babi kau komdigi",2041444121613926594,,mencaridaratan,in,,0,1,0,https://x.com/mencaridaratan/status/2041444121613926594,1160494266071732224,mencaridaratan,18,id,keep_id_anchor,False,jadi ya gaperlu direcokin sama igrs gajelas babi ini kalau mau keliatan kerja judol aja babi kau komdigi,[],0,1,104,18,0,1,1,0.6022,0.0097,2,1.0,44.81722222222222,17,0.0,0.0,0.0,0.0,7,0,0.89829576,0.21531874,2.0732539,0.08766887,1072,-1
2041441001089413498,2026-04-07 09:00:37+00:00,0,"Halo, KawanPublik!

Kemkomdigi menegaskan rating IGRS yang muncul di Steam bukan klasifikasi resmi pemerintah.

Artinya, informasi tersebut belum tentu sesuai dengan standar yang berlaku di Indonesia.

#InfoPublik #PPTunas #Anak #Game #RatingGame https://t.co/7SdZhiWS4l",2041441001089413498,https://pbs.twimg.com/media/HFSnxNBbIAAhuZJ.jpg,,in,,0,2,0,https://x.com/InfoPublikIP/status/2041441001089413498,275580050,InfoPublikIP,35,id,keep_id_anchor,False,halo kawanpublik kemkomdigi menegaskan rating igrs yang muncul di steam bukan klasifikasi resmi pemerintah artinya informasi tersebut belum tentu sesuai dengan standar yang berlaku di indonesia infopublik pptunas anak game ratinggame,[],0,0,233,31,0,2,0,0.5549,0.0241,2,1.0,44.624722222222225,17,0.0,0.0,0.0,0.0,1,0,0.9243113,0.43509227,-1.1659038,0.048299037,1079,-1
2040685239228653915,2026-04-07 08:05:52+00:00,0,@iPoopBased Kok banyak binatang buzzer igrs wkwkw,2041427222867988726,,iPoopBased,in,,0,0,0,https://x.com/fadhilnhaa/status/2041427222867988726,1543738725909557248,fadhilnhaa,7,id,keep_id_anchor,False,kok banyak binatang buzzer igrs wkwkw,[],0,1,37,6,0,0,1,0.6668,0.0101,1,1.0,43.71222222222222,11,1.0,0.0,0.0,0.0,0,0,0.8135321,0.28295106,1.5259622,0.37559906,1090,-1
2041412995419688970,2026-04-07 07:09:20+00:00,0,IGRS. Indonesia Gooner Rating System,2041412995419688970,,,in,,0,1,0,https://x.com/orang_ngumpet/status/2041412995419688970,1593614803641110528,orang_ngumpet,5,id,keep_id_anchor,False,igrs indonesia gooner rating system,[],0,0,35,5,0,1,1,1.0,0.0127,1,0.5,42.34916666666667,18,1.0,0.0,0.0,0.0,1,1,1.0,0.3211511,-2.1026042,1.3137214,1107,-1
2041375890295472237,2026-04-07 06:44:05+00:00,0,@patarnotstar IGRS. Indonesia Gooner Rating System,2041406643062333943,,patarnotstar,in,,0,2,0,https://x.com/orang_ngumpet/status/2041406643062333943,1593614803641110528,orang_ngumpet,6,id,keep_id_anchor,False,igrs indonesia gooner rating system,[],0,1,35,5,0,2,0,1.0,0.0127,1,0.5,42.34916666666667,17,1.0,0.0,0.0,0.0,1,1,1.0,0.3211511,-2.1026042,1.3137214,1115,-1
2040941129051611519,2026-04-07 06:36:01+00:00,0,"@kurawa Yang di bilang AI itu rating review, sedangkan IGRS itu rating umur",2041404611089858588,,kurawa,in,,0,0,0,https://x.com/AoOkami5/status/2041404611089858588,1357985582354321410,AoOkami5,13,id,keep_id_anchor,False,yang di bilang ai itu rating review sedangkan igrs itu rating umur,[],0,1,66,12,0,0,1,0.5225,0.0093,1,1.0,42.21472222222222,17,1.0,0.0,0.0,0.0,1,0,0.8008474,0.36840713,-1.7593073,0.39919505,1117,-1
2041399979479314859,2026-04-07 06:17:37+00:00,0,udah hybe babi trus ini igrs babi juga,2041399979479314859,,,in,,0,0,0,https://x.com/wonvoyager/status/2041399979479314859,457266592,wonvoyager,8,id,keep_id_anchor,False,sudah hybe babi trus ini igrs babi juga,[],0,0,39,8,0,0,1,0.6022,0.0025,1,1.0,41.908055555555556,17,0.0,0.0,0.0,0.0,7,0,0.9147392,0.21952498,2.0720928,0.47582468,1121,-1
2041398716972851360,2026-04-07 06:12:36+00:00,0,"Dari dulu kan pamarentah ga pernah peduli sama komunitas gamers, baik dari segala sisi. Gamers sendiri yang harus belajar ekosistem gaming. 

Ini Komdigi yang ga pernah kerja, sekalinya kerja malah menghasilkan produk super cacat (IGRS) yang menyusahkan. Jelas marah lah gamers 😌",2041398716972851360,,,in,,0,1,1,https://x.com/Panathinatikos/status/2041398716972851360,1569140625957859328,Panathinatikos,41,id,keep_id_anchor,False,dari dulu kan pamarentah tidak pernah peduli sama komunitas gamers baik dari segala sisi gamers sendiri yang harus belajar ekosistem gaming ini komdigi yang tidak pernah kerja sekalinya kerja malah menghasilkan produk super cacat igrs yang menyusahkan jelas marah lah gamers,[],0,0,274,41,0,2,0,0.3321,0.0195,1,1.0,41.824444444444445,17,0.0,0.0,0.0,0.0,8,0,0.8092543,0.32039058,0.12364439,-1.3257469,1124,-1
2041394911262744657,2026-04-07 05:57:28+00:00,2,Indonesia Game Rating System (IGRS) diimplementasikan pada platform seperti Steam dengan tujuan utama untuk memberikan panduan yang jelas bagi konsumen mengenai kesesuaian konten gim dengan usia pengguna. Hal ini merupakan bagian dari regulasi pemerintah Indonesia untuk https://t.co/7yM5xXi3lO,2041394911262744657,https://pbs.twimg.com/media/HFR92ljbgAAVeBz.jpg,,in,,0,0,1,https://x.com/99propaganda/status/2041394911262744657,1427095335084515333,99propaganda,40,id,keep_id_anchor,False,indonesia game rating system igrs diimplementasikan pada platform seperti steam dengan tujuan utama untuk memberikan panduan yang jelas bagi konsumen mengenai kesesuaian konten game dengan usia pengguna hal ini merupakan bagian dari regulasi pemerintah indonesia untuk,[],0,0,268,36,0,3,0,0.3804,0.017,1,1.0,41.57222222222222,20,0.0,0.0,0.0,0.0,1,0,0.8718303,0.375927,-1.8908303,-0.12461929,1133,-1
2041324725537054735,2026-04-07 05:50:25+00:00,0,"@quis_alexi15970 @kerissakti Itulah sebabnya kenapa saya bingung ketika ngelihat ada rating RC di IGRS. Setahuku nggak ada rating semacam itu di badan rating apapun.

Ini yang harus ditanyakan di hadapan KomDigi. Siapa yang kasih ide untuk bikin rating tersebut, dan atas dasar apa.",2041393137697034595,,quis_alexi15970,in,,0,1,0,https://x.com/Arii765/status/2041393137697034595,304400656,Arii765,43,id,keep_id_anchor,False,itulah sebabnya mengapa saya bingung ketika ngelihat ada rating rc di igrs setahuku tidak ada rating semacam itu di badan rating apapun ini yang harus ditanyakan di hadapan komdigi siapa yang kasih ide untuk bikin rating tersebut dan atas dasar apa,[],0,1,248,41,0,1,1,0.306,0.0197,1,0.5,37.098333333333336,20,1.0,2.0,0.0,0.0,4,0,0.801027,0.34120014,-0.72058487,0.048627574,1134,-1
2041374590048600157,2026-04-07 05:31:07+00:00,1,"@wijayawilliam31 Ngapain igrs, itu kan steam yg harus klarifikasi (menurut mereka)",2041388278402982351,,wijayawilliam31,in,,0,0,0,https://x.com/MangAgus_10/status/2041388278402982351,1669317272845045763,MangAgus_10,11,id,keep_id_anchor,False,ngapain igrs itu kan steam yang harus klarifikasi menurut mereka,[],0,1,64,10,0,1,1,0.4973,0.0062,1,1.0,41.13305555555556,20,1.0,3.0,0.0,0.0,5,0,0.84583855,0.32911175,0.54267055,-0.31425756,1138,-1
2040995033768440118,2026-04-07 05:06:25+00:00,1,"@Kadrunbagsat @leonthecatto @rivaldyaskrr @kemkomdigi @GameRatingID @Kadrunbagsat  IGRS itu Game Rating khusus Indonesia. Orang - orang pada komplen kenapa IGRS berantakan, kok malah dianggep bela komdigi ? 

Gue malah baru tau ada PGRS.. seriously. Nah nantinya seluruh game di dunia yang mau masuk ke Indonesia harus pakai rating IGRS.",2041382062607970468,,Kadrunbagsat,in,,0,0,0,https://x.com/tsanyqudsi/status/2041382062607970468,74664680,tsanyqudsi,46,id,keep_id_anchor,False,igrs itu game rating khusus indonesia orang orang pada komplen mengapa igrs berantakan kok malah dianggep bela komdigi saya malah baru tau ada pgrs seriously nah nantinya seluruh game di dunia yang mau masuk ke indonesia harus pakai rating igrs,[],0,1,244,40,0,1,1,0.4057,0.0214,1,1.0,40.72138888888889,20,1.0,0.0,0.0,0.0,1,0,0.82166064,0.47173777,-0.5078803,0.16439283,1149,-1
2040972764278935648,2026-04-07 05:06:24+00:00,0,"@ARSIPAJA Kenapa sih harus ribet2 nyari kambing hitam Steam?🤔 Padahal jelas banget kalau rating itu MEMANG dari Komdigi lewat IGRS. Bukannya fokus cari solusi konstruktif, mlh sibuk nyebar disinformasi. Pemerintah udah kerja keras bikin sistem rating, ko mlh dipertanyakan kredibilitasnya?",2041382057058980007,,ARSIPAJA,in,,0,1,0,https://x.com/paijokuro169599/status/2041382057058980007,2006270944768319496,paijokuro169599,40,id,keep_id_anchor,False,mengapa sih harus ribet nyari kambing hitam steam padahal jelas banget kalau rating itu memang dari komdigi lewat igrs bukannya fokus cari solusi konstruktif mlh sibuk nyebar disinformasi pemerintah sudah kerja keras bikin sistem rating ko mlh dipertanyakan kredibilitasnya,[],0,1,273,39,0,1,1,1.0,0.0139,1,1.0,40.721111111111114,20,1.0,0.0,0.0,0.0,1,1,0.9999995,0.42334053,-0.022036288,-0.5354927,1150,-1
2041381172002103670,2026-04-07 05:02:53+00:00,0,Thank you gaben for removing igrs from steam. Like why should we need another game rating?,2041381172002103670,,,en,,0,0,0,https://x.com/jeki_the_pirate/status/2041381172002103670,1643916940036169728,jeki_the_pirate,16,en,keep_id_anchor,False,thank you gaben for removing igrs from steam like why should we need another game rating,[],0,0,88,16,0,0,1,0.3396,0.0076,1,1.0,40.6625,20,0.0,0.0,0.0,0.0,1,0,0.8056885,0.42313737,-1.510694,0.039656952,1152,-1
2041374590048600157,2026-04-07 04:54:37+00:00,0,@MangAgus_10 @igrs wajib kasih rating 18+,2041379091916763374,,MangAgus_10,in,,0,1,0,https://x.com/wijayawilliam31/status/2041379091916763374,1467809322813906944,wijayawilliam31,6,id,keep_id_anchor,False,wajib kasih rating,[],0,1,18,3,0,1,1,0.7933,0.0065,1,0.5,3.207777777777778,22,2.0,1.0,0.0,0.0,4,1,0.8076972,0.3058996,0.09630211,0.5061429,1155,-1
2040972764278935648,2026-04-07 04:10:37+00:00,0,"@ARSIPAJA Kenapa sih harus ribet2 nyari kambing hitam Steam?🤔 Padahal jelas banget kalau rating itu MEMANG dari Komdigi lewat IGRS. Bukannya fokus cari solusi konstruktif, mlh sibuk nyebar disinformasi. Pemerintah udah kerja keras bikin sistem rating, ko mlh dipertanyakan kredibilitasnya?",2041368018794746239,,ARSIPAJA,in,,0,1,0,https://x.com/FilekRhino45516/status/2041368018794746239,2002283137855008768,FilekRhino45516,40,id,keep_id_anchor,False,mengapa sih harus ribet nyari kambing hitam steam padahal jelas banget kalau rating itu memang dari komdigi lewat igrs bukannya fokus cari solusi konstruktif mlh sibuk nyebar disinformasi pemerintah sudah kerja keras bikin sistem rating ko mlh dipertanyakan kredibilitasnya,[],0,1,273,39,0,1,1,1.0,0.0139,1,1.0,39.79138888888889,22,1.0,0.0,0.0,0.0,1,1,0.9999995,0.42334053,-0.022036288,-0.5354927,1170,-1
2040670731382743056,2026-04-07 04:01:07+00:00,1,@selalumautauu IGRS kontol,2041365628842566134,,selalumautauu,sl,,0,0,0,https://x.com/BudiBukanIntel/status/2041365628842566134,1794298849651212288,BudiBukanIntel,3,fi,keep_id_anchor,False,igrs kontol,[],0,1,11,2,1,1,1,1.0,0.007,1,1.0,39.63305555555556,22,1.0,4.0,0.0,0.0,0,1,1.0000002,0.3143916,0.28069115,1.3354275,1174,-1
2041357007773630747,2026-04-07 03:32:41+00:00,0,@brandonsalim What us IGRS ser?,2041358475448680537,,brandonsalim,en,,0,0,0,https://x.com/RashkaLLC/status/2041358475448680537,1974320092273106944,RashkaLLC,5,id,keep_id_anchor,False,what us igrs ser,[],0,1,16,4,0,0,1,0.6226,0.0029,1,1.0,39.159166666666664,22,1.0,1.0,0.0,0.0,0,0,0.86540806,0.2927796,-1.5320064,2.317601,1183,-1
2041096311831986357,2026-04-07 03:25:48+00:00,1,@ezash nambahin. pada website resmi IGRS. beberapa game juga ratingnya perlu dibenahi. ini salah satu contohnya. otome game rating 3+ https://t.co/ZW96EMZiHM,2041356742068748510,https://pbs.twimg.com/media/HFRbIpRb0AAhdY8.jpg,ezash,in,,0,0,0,https://x.com/5adnile8/status/2041356742068748510,1072206847568883712,5adnile8,24,id,keep_id_anchor,False,nambahin pada website resmi igrs beberapa game juga ratingnya perlu dibenahi ini salah satu contohnya otome game rating,[],0,1,119,18,0,1,1,0.3643,0.0118,1,0.5,39.044444444444444,22,2.0,1.0,0.0,0.0,1,1,0.839326,0.39292383,-1.7758482,-0.21335813,1185,-1
2041120779757400168,2026-04-07 03:12:19+00:00,1,"@MoRifky @Analyst_V2 1. Komdigi gaya2an bikin sistem rating game sendiri, namanya IGRS.
2. Ada game di Steam (publisher game) yg ratingnya ngawur.
3. Komdigi cuci tangan dgn bilang itu rating palsu oleh Steam.
4. Netizen ribut",2041353347643703351,,MoRifky,in,,0,1,0,https://x.com/Baliho821/status/2041353347643703351,1509547156373667840,Baliho821,36,id,keep_id_anchor,False,komdigi gaya an bikin sistem rating game sendiri namanya igrs ada game di steam publisher game yang ratingnya ngawur komdigi cuci tangan dengan bilang itu rating palsu oleh steam netizen ribut,[],0,1,192,31,0,2,0,0.3557,0.0176,1,1.0,38.819722222222225,22,1.0,0.0,0.0,0.0,1,0,0.89251554,0.447302,-1.033934,-0.14482078,1191,-1
2041349062755328431,2026-04-07 02:55:17+00:00,1,"Kocak sumpah, sebelum ada IGRS, steam udah punya rating sendiri. Pertanyaanku cuma itu yg sok bikin IGRS udah pernah bikin game/aplikasi yg dipublish entah di playstore/appstore/steam ga? Kalo itu terlalu berat minimal itch io dulu deh, pernah nggak?",2041349062755328431,,,in,,0,0,0,https://x.com/ichaciing/status/2041349062755328431,1442658204,ichaciing,41,id,keep_id_anchor,False,kocak sumpah sebelum ada igrs steam sudah punya rating sendiri pertanyaanku cuma itu yang sok bikin igrs sudah pernah bikin game aplikasi yang dipublish entah di playstore appstore steam tidak kalau itu terlalu berat minimal itch io dulu deh pernah tidak,[],0,0,254,41,0,1,1,0.3589,0.023,1,1.0,38.535833333333336,19,0.0,0.0,0.0,0.0,1,0,0.83182406,0.44374743,-0.7474765,-0.26574448,1199,-1
2041340064471597290,2026-04-07 02:19:32+00:00,0,"Selama steam berjalan tanpa campur tangan kementerian tolol ini kayaknya kita gk pernah dengar ada masalah rating game. 

Masalah baru muncul setelah si tolol ini masuk dgn igrs nya kan? 

So yeah... Ini salah steam.. 
100%",2041340064471597290,,,in,,0,0,0,https://x.com/idlanyer_erdna/status/2041340064471597290,379009369,idlanyer_erdna,36,id,keep_id_anchor,False,selama steam berjalan tanpa campur tangan kementerian tolol ini kayaknya kita gk pernah dengar ada masalah rating game masalah baru muncul setelah si tolol ini masuk dengan igrs nya kan so yeah ini salah steam,[],0,0,209,35,0,0,1,0.435,0.0157,1,1.0,37.94,19,0.0,0.0,0.0,0.0,1,0,0.8165078,0.46079576,0.0040120874,-0.71961105,1214,-1
2041324725537054735,2026-04-07 02:12:43+00:00,1,"@ankbwn @kerissakti Betul banget, yang gw benci dari IGRS itu mereka menyamaratakan semua kalangan ke standar mereka, mau gw main game adult kek game gore kek terserah gw selama gw udah cukup umur,  itulah gunanya rating buat jadi penanda isi konten nya bisa dikonsumsi umur berapa aja",2041338349240430823,,ankbwn,in,,0,0,0,https://x.com/BurningCoffee0/status/2041338349240430823,1442367430253166599,BurningCoffee0,47,id,keep_id_anchor,False,betul banget yang saya benci dari igrs itu mereka menyamaratakan semua kalangan ke standar mereka mau saya main game adult kek game gore kek terserah saya selama saya sudah cukup umur itulah gunanya rating buat jadi penanda isi konten nya bisa dikonsumsi umur berapa aja,[],0,1,270,45,0,1,1,0.3427,0.0104,1,0.3333333333333333,10.664444444444445,19,3.0,1.0,0.0,0.0,1,1,0.8095027,0.36131984,-0.21090192,-0.6405492,1215,-1
2041335312908239133,2026-04-07 02:00:39+00:00,0,Someone said IGRS stand for Indonesia Gooning Rating System ☠️,2041335312908239133,,,en,,0,0,0,https://x.com/15sketsa/status/2041335312908239133,1285467339996016640,15sketsa,9,en,keep_id_anchor,False,someone said igrs stand for indonesia gooning rating system,[],0,0,59,9,0,0,1,0.8293,0.0124,1,1.0,37.625277777777775,19,0.0,0.0,0.0,0.0,1,1,0.91293764,0.30707598,-2.205151,1.5257664,1220,-1
2041017583227589026,2026-04-07 01:48:44+00:00,4,"@thejjkimm - Pemerintah bikin sistem rating, namanya IGRS
- ratingnya ngaco, game yang jelas2 porno dapat rating 3+, game aman dpt rating 18+ dan ada bbrp game yang ga boleh beredar gara2 rating ini
- gamers marah
- Buzzer resmi komdigi malah menyalahkan Steam salah kasih rating",2041332314106712474,,thejjkimm,in,,0,0,0,https://x.com/si4riNew/status/2041332314106712474,1507769095152103431,si4riNew,43,id,keep_id_anchor,False,pemerintah bikin sistem rating namanya igrs ratingnya ngaco game yang jelas porno dapat rating game aman dpt rating dan ada bbrp game yang tidak boleh beredar gara rating ini gamers marah buzzer resmi komdigi malah menyalahkan steam salah kasih rating,[],0,1,251,40,0,4,0,0.3145,0.0294,1,1.0,37.42666666666667,29,1.0,0.0,0.0,0.0,1,0,0.8180171,0.4401501,-0.8369336,-0.40389338,1225,-1
2041058364512161818,2026-04-07 01:37:35+00:00,0,@tanyakanrl Rating IGRS aja kaga bener,2041329507391697100,,tanyakanrl,in,,0,0,0,https://x.com/dennyrd/status/2041329507391697100,83075717,dennyrd,6,id,keep_id_anchor,False,rating igrs aja kaga benar,[],0,1,26,5,0,0,1,0.7528,0.0022,1,1.0,37.240833333333335,29,1.0,0.0,0.0,0.0,4,0,0.8226806,0.38030565,-0.3829084,0.32654634,1230,-1
2040941129051611519,2026-04-07 01:25:32+00:00,0,@kurawa Jadi rating IGRS itu diambil dari rating user review apa gimana sih? Kok tiba tiba bahas user review?,2041326475287404678,,kurawa,in,,0,0,0,https://x.com/fathanmsatria/status/2041326475287404678,1389342720,fathanmsatria,19,id,keep_id_anchor,False,jadi rating igrs itu diambil dari rating user review apa bagaimana sih kok tiba tiba bahas user review,[],0,1,102,18,0,0,1,0.6662,0.0059,1,1.0,37.04,29,1.0,0.0,0.0,0.0,1,0,0.80266136,0.32027826,-1.9747511,0.8863947,1238,-1
2041064580450021638,2026-04-07 00:13:19+00:00,2,"@Bram_no3 @harist_ixcents @ferrykoto @aniesbaswedan Org mah kalau igrs ngasih rating yg bener kagak bakal ngamuk coy. Rating umur bukan rahasia umum lagi dan bahkan sebelum igrs sudah ada dari pegi. Btw rating umur tuh bukan cegah kecanduan, itu mah dari diri sendiri. Kalu rating umur cuma untuk penanda aja agar main sesuai umur",2041308300009181205,,Bram_no3,in,,0,1,0,https://x.com/fuckchmstry/status/2041308300009181205,1225775926497046530,fuckchmstry,53,id,keep_id_anchor,False,orang mah kalau igrs ngasih rating yang benar kagak bakal ngamuk coy rating umur bukan rahasia umum lagi dan bahkan sebelum igrs sudah ada dari pegi btw rating umur itu bukan cegah kecanduan itu mah dari diri sendiri kalu rating umur cuma untuk penanda aja agar main sesuai umur,[],0,1,278,49,0,3,0,0.448,0.0185,2,0.6666666666666666,35.83638888888889,11,1.0,0.0,0.0,0.0,1,0,0.8277558,0.39643568,-0.16836563,-0.7545408,1264,-1
