conversation_id_str,created_at,favorite_count,full_text,id_str,image_url,in_reply_to_screen_name,lang,location,quote_count,reply_count,retweet_count,tweet_url,user_id_str,username,word_count_lang_source,detected_lang,language_filter_reason,is_language_noise,clean_text,identified_spam_words,is_spam,is_reply,text_length,word_count,is_short_noise,engagement_score,low_engagement_flag,content_dup_score,lexical_similarity_score,posting_freq_per_hour,temporal_burst_score,account_age_hours,unique_users_in_window,sna_out_deg,sna_in_deg,sna_betweenness,sna_clustering,cluster_id,is_coordinated,semantic_dup_score,semantic_similarity_score,pca_x,pca_y,annotation_id,manual_label,buzzer_prob,buzzer_flag,buzzer_label
2040698222512148716,2026-04-05 23:59:59+00:00,0,"@madeltangapung Kiranya bakal didukung kali ya, ngasih rating sembarangan. Taunya ngerempongin komunitas gamer yang fine2 aja selama ini tanpa IGRS",2040942556931101159,,madeltangapung,in,,0,0,0,https://x.com/Excyde_/status/2040942556931101159,1428145974392721411,Excyde_,20,id,keep_id_anchor,False,kiranya bakal didukung kali ya ngasih rating sembarangan taunya ngerempongin komunitas gamer yang fine aja selama ini tanpa igrs,[],0,1,128,19,0,0,1,0.3316,0.008,2,1.0,10.878333333333334,86,2.0,0.0,0.0,0.0,8,1,0.8092543,0.38563088,-0.3808866,-1.41331,1,-1,0.01219604,0,Non-Buzzer
2040684902866411853,2026-04-05 23:59:33+00:00,0,"@Alex_Brigz @RRDelusi Gpp bang kita sama"" lagi kesel ke IGRS. 
gw cuma ngerasa aneh aja.
Kalau dokumentasi steam kan point satu dulu yang masuk ke steam baru review by user.

Agak gak wajar aja dalam 4-5 hari rating dari yang punya sistem udah keganti sama user review.",2040942448478933183,,Alex_Brigz,in,,0,0,0,https://x.com/Kunyah_renyah/status/2040942448478933183,1193746938643959808,Kunyah_renyah,48,id,keep_id_anchor,False,gapapa bang kita sama lagi kesel ke igrs saya cuma ngerasa aneh aja kalau dokumentasi steam kan point satu dulu yang masuk ke steam baru review by user agak tidak wajar aja dalam hari rating dari yang punya sistem sudah keganti sama user review,[],0,1,244,44,0,0,1,0.6662,0.0179,1,1.0,11.606944444444444,86,1.0,1.0,0.0,0.0,-1,0,0.79042095,0.40095502,-0.23327045,-0.3221647,2,-1,0.014445761,0,Non-Buzzer
2040941284056314254,2026-04-05 23:59:26+00:00,0,Gw penasaran sama respon publik kalau ni IGRS nyerempet ke game2 populer kaya mobile legend 😃,2040942422239432846,,jayadiakbar_,in,,0,0,0,https://x.com/jayadiakbar_/status/2040942422239432846,1554499647455969282,jayadiakbar_,15,id,keep_id_anchor,False,saya penasaran sama respon publik kalau ini igrs nyerempet ke game populer seperti mobile legend,[],0,1,96,15,0,0,1,0.3559,0.0052,1,1.0,11.605,86,0.0,0.0,0.0,0.0,-1,0,0.66762704,0.35368422,0.33285224,-1.2528244,3,-1,0.0010381404,0,Non-Buzzer
2040942257612968152,2026-04-05 23:58:47+00:00,4,"Gak terima game DotA 2 dianggap game dengan unsur mengandung Narkotika bahkan game Horror.
Ngawur asli IGRS ini dah.",2040942257612968152,,,in,,0,2,2,https://x.com/tekarok007/status/2040942257612968152,1184695438365974528,tekarok007,19,id,keep_id_anchor,False,tidak terima game dota dianggap game dengan unsur mengandung narkotika bahkan game horror ngawur asli igrs ini dah,[],0,0,114,18,0,8,0,0.3285,0.0114,2,0.6666666666666666,8.917222222222222,86,0.0,1.0,0.0,0.0,-1,0,0.7413713,0.32827717,0.77840835,-0.94945306,4,-1,0.0031451914,0,Non-Buzzer
2040941129051611519,2026-04-05 23:58:46+00:00,323,"@kurawa lah kocak! jawaban AI itu malah ngebuktiin poin kita bro. Valve atau steam justru aktif nindak developer yang manipulasi rating. Berarti sistem Steam berfungsi, bukan bukti Steam yang manipulasi. jadinya malah IGRS nuduh platformnya 🙂",2040942251099173294,,kurawa,in,,0,3,18,https://x.com/Luthfimbaihaqi/status/2040942251099173294,1182586266,Luthfimbaihaqi,35,id,keep_id_anchor,False,lah kocak jawaban ai itu malah ngebuktiin poin kita bro valve atau steam justru aktif nindak developer yang manipulasi rating berarti sistem steam berfungsi bukan bukti steam yang manipulasi jadinya malah igrs nuduh platformnya,[],0,1,227,34,0,344,0,0.2705,0.0134,1,1.0,11.59388888888889,86,1.0,0.0,0.0,0.0,-1,0,0.7839989,0.40624022,-0.3614148,-0.6509196,5,-1,0.003193802,0,Non-Buzzer
2040892603487711367,2026-04-05 23:58:43+00:00,0,"@kemgelapan IGRS ini sejatinya sama kek MBG, mau ""mroyek"" yg dibungkus dengan program. Uang negara habis tanpa negara dapat manfaat nyata. Pejabatnya aja orang2 inkompeten. Semoga mereka semua berkumpul di kerak neraka, amiin.",2040942238616990063,,kemgelapan,in,,0,0,0,https://x.com/WahyuAdiguna/status/2040942238616990063,36332891,WahyuAdiguna,33,id,keep_id_anchor,False,igrs ini sejatinya sama kek mbg mau mroyek yang dibungkus dengan program uang negara habis tanpa negara dapat manfaat nyata pejabatnya aja orang inkompeten semoga mereka semua berkumpul di kerak neraka amiin,[],0,1,207,32,0,0,1,0.4082,0.0115,1,1.0,11.593055555555555,86,1.0,0.0,0.0,0.0,-1,0,0.7194191,0.2552672,1.3024944,-0.38388717,6,-1,0.001725161,0,Non-Buzzer
2040942064591118607,2026-04-05 23:58:01+00:00,0,"Game bokep
Steam: “Ini kasih tag ada Sexual Contentnya ya, biar org kalo beli tau mereka beli apa”
IGRS: “Wah game ini cocok untuk balita”",2040942064591118607,,,in,,0,0,0,https://x.com/bebeksnorkling/status/2040942064591118607,951155880833134592,bebeksnorkling,25,id,keep_id_anchor,False,game bokep steam ini kasih tag ada sexual contentnya ya biar orang kalau beli tau mereka beli apa igrs wah game ini cocok untuk balita,[],0,0,134,25,0,0,1,0.3733,0.0145,1,1.0,11.581388888888888,86,0.0,0.0,0.0,0.0,-1,0,0.73376334,0.3507167,0.19644132,-0.15870638,7,-1,0.002324738,0,Non-Buzzer
2040866603336970413,2026-04-05 23:57:18+00:00,0,"@mhuseinali Bukan user Steam aja jamin pasti percaya masalah bukan di steam, kecuali dia buzzer. Dulu ga masalah tiba-tiba masalah. Yg Aldo dulu bahas IGRS timnya siapa cuma jawab adalah ahli mirip kaya Buna Teddy ditanya anggaran adalah.",2040941884512846023,,mhuseinali,in,,0,0,0,https://x.com/wildanfird15/status/2040941884512846023,1586941852095508480,wildanfird15,39,id,keep_id_anchor,False,bukan user steam aja jamin pasti percaya masalah bukan di steam kecuali dia buzzer dulu tidak masalah tiba tiba masalah yang aldo dulu bahas igrs timnya siapa cuma jawab adalah ahli mirip seperti buna teddy ditanya anggaran adalah,[],0,1,230,38,0,0,1,0.3282,0.0215,2,1.0,11.339722222222223,86,2.0,0.0,0.0,0.0,-1,0,0.72290313,0.3667014,0.53471684,-0.6206689,8,-1,0.0053458186,0,Non-Buzzer
2040941775624581291,2026-04-05 23:56:52+00:00,0,"Oh gitu, beraninya ngirim buzzer? melindungi konsumen kok pake buzzer. Kalo emang sistem igrs lu itu ga bener, ya benerin dulu kocak, jangan milih buzzer buat benerin opini, tolol anjing, punya budget tapi ga punya otak begini nih",2040941775624581291,,,in,,0,0,0,https://x.com/hydarnus/status/2040941775624581291,1908112280849666048,hydarnus,38,id,keep_id_anchor,False,oh gitu beraninya ngirim buzzer melindungi konsumen kok pake buzzer kalau emang sistem igrs kamu itu tidak benar ya benerin dulu kocak jangan milih buzzer buat benerin opini tolol anjing punya budget tapi tidak punya otak begini ini,[],0,0,232,38,0,0,1,0.5321,0.0285,1,0.5,11.562222222222223,86,0.0,0.0,0.0,0.0,-1,0,0.7690433,0.3350263,1.1852702,-0.7495019,9,-1,0.017447969,0,Non-Buzzer
2040941422875201794,2026-04-05 23:55:28+00:00,1,"hmmmmm kalau game online harus terverifikasi IGRS dari komdigi, apakah era rental PS akan balik lagi? menarik nih kalau mau buka usaha rentalan PS.

selain rentalan PS maenan² tradisional yg nuntut keluar rumah dan maen bersama bisa kembali diramaikan.",2040941422875201794,,,in,,1,0,0,https://x.com/jimans_/status/2040941422875201794,1558318559943888896,jimans_,39,id,keep_id_anchor,False,hmmmmm kalau game online harus terverifikasi igrs dari komdigi apakah era rental ps akan balik lagi menarik ini kalau mau buka usaha rentalan ps selain rentalan ps maenan tradisional yang nuntut keluar rumah dan maen bersama bisa kembali diramaikan,[],0,0,248,39,0,2,0,0.347,0.0061,1,1.0,11.53888888888889,86,0.0,0.0,0.0,0.0,-1,0,0.615914,0.33304647,-0.18078682,-0.15271954,10,-1,0.0011735221,0,Non-Buzzer
2040941207430607085,2026-04-05 23:54:37+00:00,7,"Stafsus kementrian pinter2, pendidikannya tinggi2. Tapi ngomong sesederhana ""Maaf akan kami benahi"" gak mampu.
IGRS konsepnya bagus, tapi akui saja kalau implementasinya belum sempurna. Gw pribadi lebih respect pemerintah yg mau mengakui, minta maaf, lalu memperbaiki.",2040941207430607085,,,in,,0,0,1,https://x.com/mas_ittou/status/2040941207430607085,2831421151,mas_ittou,36,id,keep_id_anchor,False,stafsus kementrian pinter pendidikannya tinggi tapi ngomong sesederhana maaf akan kami benahi tidak mampu igrs konsepnya bagus tapi akui saja kalau implementasinya belum sempurna saya pribadi lebih respect pemerintah yang mau mengakui minta maaf lalu memperbaiki,[],0,0,262,36,0,8,0,0.2416,0.0147,1,1.0,11.524722222222222,86,0.0,0.0,0.0,0.0,-1,0,0.63226914,0.27647966,0.16715218,0.2361743,11,-1,0.0021335576,0,Non-Buzzer
2040757110951322044,2026-04-05 23:54:20+00:00,1,@kurawa IGRS itu ibarat orang sok asik yang mau nimbrung di sebuah komunitas yang sudah bertahun-tahun bahagia di bubblenya sendiri. Komdigi nganggur banget ya sampai komunitas kecil kaya gamers perlu direcokin? Judol pak sama Pinjol noh pak merenggut banyak nyawa rakyat kita.,2040941135695417531,,kurawa,in,,0,0,0,https://x.com/javafeedsss/status/2040941135695417531,1988540513843355648,javafeedsss,43,id,keep_id_anchor,False,igrs itu ibarat orang sok asik yang mau nimbrung di sebuah komunitas yang sudah bertahun tahun bahagia di bubblenya sendiri komdigi nganggur banget ya sampai komunitas kecil seperti gamers perlu direcokin judol pak sama pinjol noh pak merenggut banyak nyawa rakyat kita,[],0,1,269,42,0,1,1,0.4021,0.0136,1,0.5,11.52,86,2.0,0.0,0.0,0.0,-1,0,0.66462386,0.2934089,1.0915074,-0.89093757,12,-1,0.0031736768,0,Non-Buzzer
2040941008377012246,2026-04-05 23:53:49+00:00,0,"PNS komdongo fungsi video game beserta jajaran eselon 1-3 + meutya hafid mending mundur deh kata gue. Kek brosis gue tutup mata bikin karakter loncat loncat doang masih lebih pinter karakternya daripada lo semua.

+semua stakeholder dongo IGRS",2040941008377012246,,,in,,0,0,0,https://x.com/samarotsaha/status/2040941008377012246,1245228729669844992,samarotsaha,38,id,keep_id_anchor,False,pns komdongo fungsi video game beserta jajaran eselon meutya hafid mending mundur deh kata saya kek brosis saya tutup mata bikin karakter loncat loncat doang masih lebih pinter karakternya daripada kamu semua semua stakeholder dongo igrs,[],0,0,237,36,0,0,1,0.253,0.0146,1,1.0,11.511388888888888,86,0.0,0.0,0.0,0.0,-1,0,0.67830783,0.37039945,0.61084884,0.14043406,13,-1,0.0021735127,0,Non-Buzzer
2040940952106524909,2026-04-05 23:53:36+00:00,1,"IGRS di Steam Tuai Protes, Komdigi: Bukan Rating Resmi https://t.co/u6X0YSFcHE",2040940952106524909,,,in,,0,0,0,https://x.com/detikinet/status/2040940952106524909,135815019,detikinet,13,id,keep_id_anchor,False,igrs di steam tuai protes komdigi bukan rating resmi,[],0,0,52,9,0,1,1,1.0,0.0173,1,0.3333333333333333,11.507777777777777,86,0.0,0.0,0.0,0.0,-1,0,1.0000004,0.36745396,-0.12649019,0.39948604,14,-1,0.93372864,1,Buzzer
2040940759604732258,2026-04-05 23:52:50+00:00,0,Lord gaben turun gunung gara2 buzzer igrs,2040940759604732258,,,tl,,0,0,0,https://x.com/detoge/status/2040940759604732258,922327453,detoge,7,id,keep_id_anchor,False,lord gaben turun gunung gara buzzer igrs,[],0,0,40,7,0,0,1,0.5191,0.0105,1,1.0,11.495,86,0.0,0.0,0.0,0.0,-1,0,0.65569127,0.15794452,1.7948115,0.79679555,15,-1,0.001200333,0,Non-Buzzer
2040940336139436290,2026-04-05 23:52:43+00:00,0,"Lumayan nih lagi rame @kemkomdigi gara2 igrs, saya bisa bantu jadi buzzer",2040940731117060208,,kazuugi,in,,0,0,0,https://x.com/kazuugi/status/2040940731117060208,1992091042531979264,kazuugi,12,id,keep_id_anchor,False,lumayan ini lagi rame gara igrs saya bisa bantu jadi buzzer,[],0,1,59,11,0,0,1,0.4199,0.0105,1,1.0,11.493055555555555,86,0.0,0.0,0.0,0.0,-1,0,0.710171,0.29133433,0.8862419,0.17340551,16,-1,0.0015467022,0,Non-Buzzer
2040940579958464835,2026-04-05 23:52:07+00:00,0,igrs kata gue kebanyakan nyawit anjir,2040940579958464835,,,in,,0,0,0,https://x.com/chikxge/status/2040940579958464835,1573144753,chikxge,6,id,keep_id_anchor,False,igrs kata saya kebanyakan nyawit anjir,[],0,0,38,6,0,0,1,0.5657,0.0032,1,1.0,11.483055555555556,86,0.0,0.0,0.0,0.0,-1,0,0.5695389,0.27675718,0.6011373,0.768306,17,-1,0.001206846,0,Non-Buzzer
2040652848107815192,2026-04-05 23:51:29+00:00,0,"@CorySakti28011 @bansama https://t.co/akPMCqWNlt
Theres also this. Idk if the IGRS actually have their own review to audit this",2040940421141110861,,CorySakti28011,en,,0,0,0,https://x.com/Al38819917/status/2040940421141110861,1054540018927071232,Al38819917,21,en,keep_id_anchor,False,theres also this idk if the igrs actually have their own review to audit this,[],0,1,77,15,0,0,1,0.3118,0.0106,1,0.5,0.5088888888888888,86,2.0,0.0,0.0,0.0,-1,0,0.66526574,0.27073908,-1.2893898,1.1001451,18,-1,0.0016762256,0,Non-Buzzer
2040939925957468196,2026-04-05 23:49:31+00:00,0,"Nah ini dia, sebelum pada debat sana sini dan kemana mana tentang IGRS, ini nih ada penjelasan resminya langsung, bukan hoax hoax lagi. Ini nih link nya, langsung cek ya:

https://t.co/jCXU8cCZYS",2040939925957468196,,,in,,0,0,0,https://x.com/kocakterus88/status/2040939925957468196,1690693116049960960,kocakterus88,34,id,keep_id_anchor,False,nah ini dia sebelum pada debat sana sini dan kemana mana tentang igrs ini ini ada penjelasan resminya langsung bukan hoax hoax lagi ini ini link nya langsung cek ya,[],0,0,164,30,0,0,1,0.357,0.0118,1,1.0,11.439722222222223,86,0.0,0.0,0.0,0.0,-1,0,0.66901886,0.2937235,0.7083576,-0.074426346,19,-1,0.0024366053,0,Non-Buzzer
2040684902866411853,2026-04-05 23:49:01+00:00,0,@RRDelusi @PlaymenID gausah pake igrs jg lbh bagus. jd ga perlu diluruskan lg.,2040939800262525391,,RRDelusi,in,,0,0,0,https://x.com/rizkionalisme/status/2040939800262525391,90176624,rizkionalisme,13,id,keep_id_anchor,False,gausah pake igrs jg lbh bagus jd tidak perlu diluruskan lg,[],0,1,58,11,0,0,1,0.3546,0.0131,2,1.0,11.368333333333334,86,2.0,0.0,0.0,0.0,-1,0,0.557975,0.24417931,0.58888453,0.20842141,20,-1,0.0017891276,0,Non-Buzzer
2040939642082713697,2026-04-05 23:48:24+00:00,0,sumpah GAJEEE BGT APASIH IGRS?????,2040939642082713697,,,in,,0,0,0,https://x.com/melonacake/status/2040939642082713697,1367654750431289344,melonacake,5,id,keep_id_anchor,False,sumpah gajeee banget apasih igrs,[],0,0,32,5,0,0,1,0.6679,0.0017,1,1.0,11.421111111111111,86,0.0,0.0,0.0,0.0,0,0,0.84865034,0.29539093,1.6230278,0.82999015,21,-1,0.008873158,0,Non-Buzzer
2040939559522091021,2026-04-05 23:48:04+00:00,7,"IGRS looks like somthing useless coming out from trash org, such as Indonesian Govt",2040939559522091021,,,en,,0,0,2,https://x.com/SoundOfYogi/status/2040939559522091021,93882850,SoundOfYogi,14,en,keep_id_anchor,False,igrs looks like somthing useless coming out from trash orang such as indonesian govt,[],0,0,84,14,0,9,0,0.2705,0.0095,1,1.0,11.415555555555555,86,0.0,0.0,0.0,0.0,-1,0,0.69299334,0.28825554,-0.26086843,1.2134974,22,-1,0.0008568806,0,Non-Buzzer
2040939497827996017,2026-04-05 23:47:49+00:00,0,"that one mbak mbak IGRS bilang pasar gaming di Indo gede 😂 liatnya mobel lejen doang kali ye.. jelas2 banyak yg ga mampu beli game triple A, abis itu dia ngarepin developer buat ngeblur konten2 dewasa, pemikiran halu macam apa ini 😂 buat apa dr awal ada rating usiaa.. gblk",2040939497827996017,,,in,,0,0,0,https://x.com/caelumphrince/status/2040939497827996017,713928037,caelumphrince,48,id,keep_id_anchor,False,that one mbak mbak igrs bilang pasar gaming di indo gede liatnya mobel lejen doang kali ye jelas banyak yang tidak mampu beli game triple a abis itu dia ngarepin developer buat ngeblur konten dewasa pemikiran halu macam apa ini buat apa dari awal ada rating usiaa gblk,[],0,0,268,48,0,0,1,0.2099,0.0178,1,1.0,11.411388888888888,86,0.0,0.0,0.0,0.0,-1,0,0.7743162,0.3864939,-0.053348035,-0.8023238,23,-1,0.004668753,0,Non-Buzzer
2040939234484490667,2026-04-05 23:46:46+00:00,0,"Daripada debat soal IGRS nih coba baca dan pahami biar ga salah paham ya 😁
https://t.co/UBZIg1A2E2",2040939234484490667,,,in,,0,0,0,https://x.com/HaniB1220/status/2040939234484490667,1757900009314320385,HaniB1220,18,id,keep_id_anchor,False,daripada debat soal igrs ini coba baca dan pahami biar tidak salah paham ya,[],0,0,75,14,0,0,1,0.6019,0.021,1,1.0,11.393888888888888,86,0.0,0.0,0.0,0.0,-1,0,0.7355926,0.36522844,0.85227203,0.13732308,24,-1,0.008181348,0,Non-Buzzer
2040814604880949713,2026-04-05 23:45:42+00:00,18,"@ekawicaksana @kemkomdigi @DirektoriGim kenapa sih tiap ada masalah, buzzer yang dikeluarkan KOMDIGI tuh goblok2 banget y? mereka asal ngomong soal self-claim maupun self-declare tapi gak dicerna dulu. Indonesia tuh cuma 0,5% transaksinya d steam dan kenapa cuma IGRS doank yg bermasalah, rating lain fine2 aja",2040938965520519558,,ekawicaksana,in,,0,1,1,https://x.com/MFRcapture/status/2040938965520519558,840126594689593346,MFRcapture,48,id,keep_id_anchor,False,mengapa sih tiap ada masalah buzzer yang dikeluarkan komdigi itu goblok banget y mereka asal ngomong soal self claim maupun self declare tapi tidak dicerna dulu indonesia itu cuma transaksinya d steam dan mengapa cuma igrs doank yang bermasalah rating lain fine aja,[],0,1,265,43,0,20,0,0.336,0.0268,2,1.0,11.038055555555555,86,2.0,0.0,0.0,0.0,-1,0,0.72959447,0.3726563,0.36607423,-0.27029675,25,-1,0.0068290113,0,Non-Buzzer
2040823276428300710,2026-04-05 23:45:14+00:00,0,"@kukuhya @gilbhas halah kek igrs aja hrs nyewa buzzer. pake istilah ""melindungi anak"" lagi. tai kucing. anak2 dr dlu fun aja gaming tnpa rating. lu aja skrg yg pengen uangnya dr bisnis yg udah makin besar.",2040938846133924086,,kukuhya,in,,0,0,0,https://x.com/rizkionalisme/status/2040938846133924086,90176624,rizkionalisme,36,id,keep_id_anchor,False,halah kek igrs aja hrs nyewa buzzer pake istilah melindungi anak lagi tai kucing anak dari dlu fun aja gaming tnpa rating kamu aja sekarang yang pengen uangnya dari bisnis yang sudah makin besar,[],0,1,194,34,0,0,1,0.3886,0.0147,2,1.0,11.368333333333334,86,2.0,0.0,0.0,0.0,-1,0,0.6927748,0.40155655,0.610918,-0.41273302,26,-1,0.012269247,0,Non-Buzzer
2040757110951322044,2026-04-05 23:43:31+00:00,3,"@kurawa Buzzer idiot ngeles mulu, udah market indo kecil buat game PC banyak mau. Udah mending masih dapet pendapatan pajak orang beli game minta ini itu. Emang ga jelas aja tim IGRS nya coba tunjukin siapa? ga berani juga kan nuduh steam. Dari dulu ga ada masalah.",2040938416012165179,,kurawa,in,,0,0,1,https://x.com/wildanfird15/status/2040938416012165179,1586941852095508480,wildanfird15,47,id,keep_id_anchor,False,buzzer idiot ngeles mulu sudah market indo kecil buat game pc banyak mau sudah mending masih dapet pendapatan pajak orang beli game minta ini itu emang tidak jelas aja tim igrs nya coba tunjukin siapa tidak berani juga kan nuduh steam dari dulu tidak ada masalah,[],0,1,262,46,0,4,0,0.3753,0.033,2,1.0,11.339722222222223,86,2.0,0.0,0.0,0.0,-1,0,0.7611474,0.39699653,0.46309048,-1.208274,27,-1,0.029304635,0,Non-Buzzer
2040645711650509022,2026-04-05 23:43:00+00:00,0,"@rayrestufauzi Rating IGRS di Steam sekarang banyak yang masih data awal/selfdeclare dan itu  belum final, itu mengingatkan kita untuk melindungi pemain muda agar tidak terjerumus hal hal yang tidak baik. Tolong diperbaiki lagi IGRS sistemnya agar lebih stabil.",2040938286655627302,,rayrestufauzi,in,,0,3,0,https://x.com/andybalala19/status/2040938286655627302,1399951844000997378,andybalala19,39,id,keep_id_anchor,False,rating igrs di steam sekarang banyak yang masih data awal self declare dan itu belum final itu mengingatkan kita untuk melindungi pemain muda agar tidak terjerumus hal hal yang tidak baik tolong diperbaiki lagi igrs sistemnya agar lebih stabil,[],0,1,243,39,0,3,0,0.6437,0.0373,4,0.6666666666666666,3.713611111111111,86,5.0,0.0,0.0,0.0,1,1,0.94714737,0.4517325,-1.245884,-0.30552554,28,-1,0.9988514,1,Buzzer
2040757110951322044,2026-04-05 23:42:18+00:00,0,@kurawa oalah ini yang katanya pro-investasi tapi cuci tangannya dengan menyalahkan perusahaan asing (yang udah main jauh sebelum IGRS muncul),2040938106661265540,,kurawa,in,,0,0,0,https://x.com/biruwahidhan/status/2040938106661265540,1900375496845910016,biruwahidhan,21,id,keep_id_anchor,False,oalah ini yang katanya pro investasi tapi cuci tangannya dengan menyalahkan perusahaan asing yang sudah main jauh sebelum igrs muncul,[],0,1,133,20,0,0,1,0.3227,0.007,1,1.0,11.319444444444445,86,1.0,0.0,0.0,0.0,-1,0,0.58271587,0.2508562,0.7858617,-0.13942099,29,-1,0.00080519,0,Non-Buzzer
2040937925060567534,2026-04-05 23:41:34+00:00,3,"ESBN AND PEGI exist just to avoid kid playing games

IGRS literally had some games banne",2040937925060567534,,,en,,0,0,1,https://x.com/mesheviksus2/status/2040937925060567534,1503606175631175680,mesheviksus2,16,en,keep_id_anchor,False,esbn and pegi exist just to avoid kid playing games igrs literally had some games banne,[],0,0,87,16,0,4,0,0.3395,0.0088,1,1.0,11.307222222222222,86,0.0,0.0,0.0,0.0,-1,0,0.6979971,0.35280436,-0.3707186,-0.23598687,30,-1,0.0010611694,0,Non-Buzzer
2040937799072014594,2026-04-05 23:41:04+00:00,2,"Padahal steam jg udah ngasih rating sendiri dan itu udah sangat bagus, tinggal ngikut doang kan enak ga usah repot cape2 kerja 2x tuh si igrs",2040937799072014594,,,in,,0,0,0,https://x.com/p0litrick/status/2040937799072014594,606000080,p0litrick,26,id,keep_id_anchor,False,padahal steam jg sudah ngasih rating sendiri dan itu sudah sangat bagus tinggal ngikut doang kan enak tidak usah repot cape kerja x itu si igrs,[],0,0,143,26,0,2,0,0.24,0.0169,3,1.0,10.738333333333333,86,2.0,0.0,0.0,0.0,1,1,0.80308115,0.41196796,0.26434338,-0.48740923,31,-1,0.76691264,0,Non-Buzzer
2040937626547658874,2026-04-05 23:40:23+00:00,1,IGRS revolusioner banget memang. Sebuah gebrakan yang sangat dibutuhkan di Indonesia saat ini. https://t.co/SgNTakIRFa,2040937626547658874,https://pbs.twimg.com/media/HFLd9KBaIAAoxen.jpg,,in,,0,0,0,https://x.com/cherrya72836061/status/2040937626547658874,553209938,cherrya72836061,17,id,keep_id_anchor,False,igrs revolusioner banget memang sebuah gebrakan yang sangat dibutuhkan di indonesia saat ini,[],0,0,92,13,0,1,1,0.6303,0.0183,2,1.0,10.911111111111111,86,0.0,0.0,0.0,0.0,-1,0,0.6719106,0.19703051,0.09225834,0.53416866,32,-1,0.0029818066,0,Non-Buzzer
2040623629495611815,2026-04-05 23:39:40+00:00,0,@virtualballers Mau bikin IGRS dan semacamnya juga kalo masih ada yang jual game di Shopee mah gak ngaruh.,2040937447610306937,,virtualballers,in,,0,0,0,https://x.com/NUGreenFlag/status/2040937447610306937,1279810363391741953,NUGreenFlag,18,id,keep_id_anchor,False,mau bikin igrs dan semacamnya juga kalau masih ada yang jual game di shopee mah tidak ngaruh,[],0,1,92,17,0,0,1,0.531,0.0231,1,1.0,11.275555555555556,86,1.0,0.0,0.0,0.0,-1,0,0.69539624,0.29035652,0.7581898,-0.8324956,33,-1,0.0042123725,0,Non-Buzzer
2040937302332260804,2026-04-05 23:39:06+00:00,0,"block aja IGRS cuy, report",2040937302332260804,,,in,,0,0,0,https://x.com/meimeiajadeh/status/2040937302332260804,1407730914898046982,meimeiajadeh,5,es,keep_id_anchor,False,block aja igrs cuy report,[],0,0,25,5,0,0,1,0.5638,0.0015,2,1.0,11.2275,86,0.0,0.0,0.0,0.0,-1,0,0.5593008,0.20584457,-0.581569,1.7236929,34,-1,0.0012880063,0,Non-Buzzer
2040757110951322044,2026-04-05 23:38:21+00:00,1,"@kurawa Yakin steam yg ksh rating palsu? Ini ngomong stam stim tp jgn2 ga pernah menggunakan steam. Tolong lah klo mau regulasi suatu hal, mbok ya dimengerti dulu. Lama2 IGRS ga relevan dan cuman buat habis2in anggaran aja.",2040937116113547284,,kurawa,in,,0,0,0,https://x.com/PaulERS89/status/2040937116113547284,1603730063413096449,PaulERS89,38,id,keep_id_anchor,False,yakin steam yang ksh rating palsu ini ngomong stam stim tp jgn tidak pernah menggunakan steam tolong lah kalau mau regulasi suatu hal mbok ya dimengerti dulu lama igrs tidak relevan dan cuman buat habis in anggaran aja,[],0,1,218,38,0,1,1,0.2616,0.0192,1,1.0,11.25361111111111,86,1.0,0.0,0.0,0.0,1,0,0.8034821,0.39871532,-0.069945246,-0.46002558,35,-1,0.021498505,0,Non-Buzzer
2040936913104970110,2026-04-05 23:37:33+00:00,0,"Terkait dinamika IGRS dan kebijakan rating gim di platform Steam, rilis pers resmi berikut ini dapat menjadi referensi informasi yang valid untuk kita semua. https://t.co/vkZGKkmOiN",2040936913104970110,,,in,,0,0,0,https://x.com/Alfiatunisah/status/2040936913104970110,1753385506531160064,Alfiatunisah,28,id,keep_id_anchor,False,terkait dinamika igrs dan kebijakan rating game di platform steam rilis pers resmi berikut ini dapat menjadi referensi informasi yang valid untuk kita semua,[],0,0,156,24,0,0,1,0.3762,0.0157,1,1.0,11.240277777777777,86,0.0,0.0,0.0,0.0,1,0,0.8984697,0.411539,-1.1718043,-0.19357206,36,-1,0.9042737,1,Buzzer
2040757110951322044,2026-04-05 23:37:07+00:00,2,"@kurawa 🤡 dagelan mana lagi ini.. 
Tolong ini audit metode kerja tim IGRS nya @DPR_RI 
Sudah bikin keresahan publik. 
Publik berhak tahu, cara kerja ratingnya gmn",2040936805198074060,,kurawa,in,,0,0,0,https://x.com/The_Discomafia/status/2040936805198074060,57513726,The_Discomafia,25,id,keep_id_anchor,False,dagelan mana lagi ini tolong ini audit metode kerja tim igrs nya sudah bikin keresahan publik publik berhak tahu cara kerja ratingnya gmn,[],0,1,137,23,0,2,0,0.3423,0.0101,1,0.5,11.233055555555556,86,2.0,0.0,0.0,0.0,-1,0,0.72778225,0.3049988,-0.6183655,0.07870689,37,-1,0.0019093462,0,Non-Buzzer
2040936719835636093,2026-04-05 23:36:47+00:00,0,"IGRS tolol, komdigi tolol, indonesia asuuuuu. plis jangan aneh anehin steam GUE, dimana gue cuma bisa mengandalkan steam kalau mau beli otoge. IGRS cuma bisa ngasih rating 3+ ke game gooning asuuuuuuu blok.",2040936719835636093,,,in,,0,0,0,https://x.com/meimeiajadeh/status/2040936719835636093,1407730914898046982,meimeiajadeh,33,id,keep_id_anchor,False,igrs tolol komdigi tolol indonesia asuuuuu plis jangan aneh anehin steam saya dimana saya cuma bisa mengandalkan steam kalau mau beli otoge igrs cuma bisa ngasih rating ke game gooning asuuuuuuu blok,[],0,0,199,32,0,0,1,0.595,0.021,2,1.0,11.2275,86,0.0,0.0,0.0,0.0,-1,0,0.76360345,0.4289342,0.5271283,0.13774283,38,-1,0.0064535337,0,Non-Buzzer
2040593488350515441,2026-04-05 23:36:36+00:00,0,@kemkomdigi Gimana sih pak kok IGRS malah ngaco parah,2040936675770257508,,kemkomdigi,in,,0,0,0,https://x.com/FahrezaMahendr/status/2040936675770257508,1702015317122351104,FahrezaMahendr,9,id,keep_id_anchor,False,bagaimana sih pak kok igrs malah ngaco parah,[],0,1,44,8,0,0,1,0.6335,0.0055,1,1.0,11.224444444444444,86,1.0,0.0,0.0,0.0,0,0,0.8830627,0.2827675,1.8709769,0.25928596,39,-1,0.012131125,0,Non-Buzzer
2040936520635560005,2026-04-05 23:35:59+00:00,0,"Gais buat yang ngikutin IGRS &amp; rating gim  di steam,   baca dulu siaran pers  ini, sebelum debat IGRS
https://t.co/K8lzP7oQr8",2040936520635560005,,,in,,0,0,0,https://x.com/mtiarasptika/status/2040936520635560005,2021102244482121730,mtiarasptika,22,id,keep_id_anchor,False,gais buat yang ngikutin igrs rating game di steam baca dulu siaran pers ini sebelum debat igrs,[],0,0,94,17,0,0,1,0.7266,0.0158,1,1.0,11.214166666666667,86,0.0,0.0,0.0,0.0,-1,0,0.77919674,0.41728842,-0.44431943,-0.1060259,40,-1,0.018352693,0,Non-Buzzer
2040757110951322044,2026-04-05 23:35:25+00:00,2,"@kurawa @Steam this government bootlicker is playing victim + shirk responsibility + blaming others than themselves (this is their (IGRS)@kemkomdigi own faulty rating) 

Kids games they rate 18+
While an adult 18+ games they rate 3+

explanation : 
green :18+ up
red: teen to adult 18+ up https://t.co/xIm1pyEQLC",2040936374413742560,https://pbs.twimg.com/media/HFLc0Q1asAAY_zg.jpg,kurawa,en,,0,0,1,https://x.com/Delazdukedom/status/2040936374413742560,1105609246765281281,Delazdukedom,49,en,keep_id_anchor,False,this government bootlicker is playing victim shirk responsibility blaming others than themselves this is their igrs own faulty rating kids games they rate while an adult games they rate explanation green up red teen to adult up,[],0,1,227,37,0,3,0,0.3182,0.0109,1,1.0,11.204722222222221,86,1.0,0.0,0.0,0.0,-1,0,0.6551367,0.35463858,-0.011204781,-0.7865877,41,-1,0.0018232412,0,Non-Buzzer
2040936296777179362,2026-04-05 23:35:06+00:00,769,"Asosiasi Game Indonesia made respond to IGRS

Note:

1.IGRS should be a GUIDELINE, NOT A RESTRICTION
2.Technical control for IGRS belongs to government and IGRS team, gaming platform is just do what they told

More note in the thread below.
Src:
https://t.co/6acZjh9uf7 https://t.co/i94Op0iDB9",2040936296777179362,https://pbs.twimg.com/media/HFLcsdwacAA51iS.jpg,,en,,14,10,295,https://x.com/SEAGamethetic/status/2040936296777179362,713753682517426176,SEAGamethetic,51,en,keep_id_anchor,False,asosiasi game indonesia made respond to igrs note igrs should be a guideline not a restriction technical control for igrs belongs to government and igrs team gaming platform is just do what they told more note in the thread below src,[],0,0,233,41,0,1088,0,0.3827,0.0191,1,1.0,11.199444444444444,86,0.0,2.0,0.0,0.0,-1,0,0.69477576,0.3381175,-1.0386288,0.500991,42,-1,0.0023843835,0,Non-Buzzer
2040935924423594429,2026-04-05 23:33:37+00:00,0,"""STEAM MELAKUKAN RATING PALSU""???

IGRS lu noh game hentai rating +3",2040935924423594429,,,in,,0,0,0,https://x.com/WitheredShulker/status/2040935924423594429,1244209604218642432,WitheredShulker,11,id,keep_id_anchor,False,steam melakukan rating palsu igrs kamu noh game hentai rating,[],0,0,61,10,0,0,1,0.4754,0.0044,1,1.0,11.174722222222222,86,0.0,0.0,0.0,0.0,1,0,0.9043406,0.43616968,-0.010217685,-0.5880757,43,-1,0.16401096,0,Non-Buzzer
2040757110951322044,2026-04-05 23:31:09+00:00,0,"@kurawa ""Steam relah melakukan rating palsu""
Akui aja belom terkordinasi baik..
IGRS juga ngisinya cmn isi questioner, g ada verifikasi",2040935303855349819,,kurawa,in,,0,0,0,https://x.com/bonboninsegna/status/2040935303855349819,58753650,bonboninsegna,20,id,keep_id_anchor,False,steam relah melakukan rating palsu akui aja belum terkordinasi baik igrs juga ngisinya cmn isi questioner g ada verifikasi,[],0,1,122,19,0,0,1,0.3201,0.0109,1,1.0,11.133611111111112,86,1.0,0.0,0.0,0.0,-1,0,0.79025006,0.3650689,-0.83413,-0.14308856,44,-1,0.001937649,0,Non-Buzzer
2040757110951322044,2026-04-05 23:30:22+00:00,4,"@kurawa @Steam @Steam_Support this special advisor of KOMDIGI claimed:
1. that steam created *fake rating* affecting the IGRS system therefore resulting in many games categorized as not fit for distribution
2. that steam violated indonesian regulation
can you confirm?",2040935107297743256,,kurawa,en,,0,0,0,https://x.com/purityringgu/status/2040935107297743256,1053165568818200576,purityringgu,39,en,keep_id_anchor,False,this special advisor of komdigi claimed that steam created fake rating affecting the igrs system therefore resulting in many games categorized as not fit for distribution that steam violated indonesian regulation can you confirm,[],0,1,228,34,0,4,0,0.5988,0.02,1,1.0,11.120555555555555,86,1.0,0.0,0.0,0.0,1,0,0.81963897,0.41196927,-1.3778061,-0.38151267,45,-1,0.08651808,0,Non-Buzzer
2040935090063384796,2026-04-05 23:30:18+00:00,0,"Mungkin ada benernya ini salah steam. Tapi the fact that visibilitas game bisa dihalangi jika tak berlabel IGRS artinya komdigi bohong ya guys, steam dihalangi berjualan jika tidak memenuhi regulasi yang artinya IGRS memang dipersenjatai.",2040935090063384796,,,in,,0,0,0,https://x.com/mefuri_k/status/2040935090063384796,1430194934716325895,mefuri_k,35,id,keep_id_anchor,False,mungkin ada benernya ini salah steam tapi the fact that visibilitas game bisa dihalangi jika tidak berlabel igrs artinya komdigi bohong ya guys steam dihalangi berjualan jika tidak memenuhi regulasi yang artinya igrs memang dipersenjatai,[],0,0,237,35,0,0,1,0.4067,0.0372,1,1.0,11.119444444444444,86,0.0,0.0,0.0,0.0,-1,0,0.77135634,0.46495214,-0.19739842,-0.68096656,46,-1,0.017503865,0,Non-Buzzer
2040934839306833973,2026-04-05 23:29:19+00:00,0,"Sedang ramai soal IGRS dan rating game di Steam? Ini siaran pers resmi dari Kemkomdigi, boleh dibaca biar paham duduk perkaranya :

https://t.co/TKpyJwC560",2040934839306833973,,,in,,0,0,0,https://x.com/anggtakhsturia/status/2040934839306833973,1826219760583106560,anggtakhsturia,25,id,keep_id_anchor,False,sedang ramai soal igrs dan rating game di steam ini siaran pers resmi dari kemkomdigi boleh dibaca biar paham duduk perkaranya,[],0,0,126,21,0,0,1,0.5799,0.015,1,1.0,11.103055555555555,86,0.0,0.0,0.0,0.0,1,0,0.8657713,0.4527899,-0.26366562,0.06933696,47,-1,0.96661925,1,Buzzer
2040934681055801850,2026-04-05 23:28:41+00:00,0,"Ini ga berita ngibul soal IGRS &amp; rating gim di Steam, bisa jadi acuan buat jangan kemakan berita ga jelas biar info yang beredar lebih lengkapnya https://t.co/uVNcSljg1g",2040934681055801850,,,in,,0,0,0,https://x.com/dude_bukan/status/2040934681055801850,1515416675038154754,dude_bukan,30,id,keep_id_anchor,False,ini tidak berita ngibul soal igrs rating game di steam bisa jadi acuan buat jangan kemakan berita tidak jelas biar info yang beredar lebih lengkapnya,[],0,0,149,25,0,0,1,0.3596,0.019,1,1.0,11.0925,86,0.0,0.0,0.0,0.0,1,0,0.8623805,0.47497293,-0.71490514,-0.4155508,48,-1,0.36486316,0,Non-Buzzer
2040630458472636542,2026-04-05 23:26:47+00:00,0,"@aniblogsan52394 @sugondese6666 BUZZER IGRS Lo goblok, lu aja ga main game, twitter lo isinya ngebela igrs ama komdigi doang kocak",2040934204314439880,,aniblogsan52394,in,,0,1,0,https://x.com/rendrafrizal/status/2040934204314439880,1625480431415201794,rendrafrizal,20,tl,keep_id_anchor,False,buzzer igrs kamu goblok kamu aja tidak main game twitter kamu isinya ngebela igrs sama komdigi doang kocak,[],0,1,106,18,0,1,1,0.309,0.0256,2,1.0,10.764722222222222,86,1.0,0.0,0.0,0.0,-1,0,0.6975845,0.3513238,1.0050417,0.014108148,49,-1,0.002783359,0,Non-Buzzer
2040579524979732744,2026-04-05 23:26:43+00:00,1,"@cloplerr Indonesian Game Rating System, intinya kalau ada game mau masuk indo kudu lolos sensor dan rating dari IGRS ini, tapi ya gitu deh, rate nya ngaco",2040934187541434513,,cloplerr,in,,0,1,0,https://x.com/chaaphrodite/status/2040934187541434513,1782611727399677953,chaaphrodite,27,id,keep_id_anchor,False,indonesian game rating system intinya kalau ada game mau masuk indo kudu lolos sensor dan rating dari igrs ini tapi ya gitu deh rate nya ngaco,[],0,1,142,26,0,2,0,0.3896,0.0132,2,0.6666666666666666,11.059722222222222,86,1.0,1.0,0.0,0.0,1,0,0.8336412,0.3709685,-0.94090986,-0.28624472,50,-1,0.028151121,0,Non-Buzzer
2040933992720203783,2026-04-05 23:25:57+00:00,0,"I don't get how IGRS rates the game, really",2040933992720203783,,,en,,0,0,0,https://x.com/iSatrio/status/2040933992720203783,51074272,iSatrio,10,en,keep_id_anchor,False,i don t get how igrs rates the game really,[],0,0,42,10,0,0,1,0.2261,0.0054,1,1.0,11.046944444444444,86,0.0,0.0,0.0,0.0,-1,0,0.7810588,0.3111811,-2.019784,0.3270626,51,-1,0.0009773741,0,Non-Buzzer
2040758090757546013,2026-04-05 23:25:25+00:00,2,@kurawa @xLanglangBuana tak usah jauh2 deh. di X ini saja konten bokep masih bebas kok diakses. menurut anda yang orang internal KOMDIGI kenapa begitu? apakah kalian hanya makan gaji buta sambil sekali2 bikin kebijakan kontroversial yang hanya keliaran wah d teori tapi bobrok d pelaksanaan kayak IGRS?,2040933861430071311,,kurawa,in,,0,0,0,https://x.com/MFRcapture/status/2040933861430071311,840126594689593346,MFRcapture,47,id,keep_id_anchor,False,tidak usah jauh deh di x ini saja konten bokep masih bebas kok diakses menurut anda yang orang internal komdigi mengapa begitu apakah kalian hanya makan gaji buta sambil sekali bikin kebijakan kontroversial yang hanya keliaran wah d teori tapi bobrok d pelaksanaan seperti igrs,[],0,1,277,45,0,2,0,0.3041,0.0239,2,1.0,11.038055555555555,86,2.0,0.0,0.0,0.0,-1,0,0.6872611,0.32979465,0.6344918,-0.38770145,52,-1,0.0041068527,0,Non-Buzzer
2040933475533074489,2026-04-05 23:23:53+00:00,0,"Indonesia, saya yakin, setidaknya menurut keyakinan saya.
Negara ini gak punya AI filter atau system dgn basis seperti itu, hanya gaya2an saja.
Paling jg semua masih manual pakai tenaga manusia.
Dan yg di hire, manusia nya ngga ngerti apa yg mereka kerjakan.
Itulah contoh, IGRS.",2040933475533074489,,,in,,0,0,0,https://x.com/kararynn/status/2040933475533074489,76630809,kararynn,45,id,keep_id_anchor,False,indonesia saya yakin setidaknya menurut keyakinan saya negara ini tidak punya ai filter atau system dengan basis seperti itu hanya gaya an saja paling jg semua masih manual pakai tenaga manusia dan yang di hire manusia nya tidak ngerti apa yang mereka kerjakan itulah contoh igrs,[],0,0,279,46,0,0,1,0.3069,0.0224,1,1.0,11.0125,86,0.0,0.0,0.0,0.0,-1,0,0.64274955,0.26828995,0.26017204,-0.29931068,53,-1,0.0019068072,0,Non-Buzzer
2040933307626725499,2026-04-05 23:23:13+00:00,0,steam rating PALSU?????? lu bandingin sendiri rating steam sama IGRS pantek lebih akurat mana,2040933307626725499,,,in,,0,0,0,https://x.com/istrinyanaga/status/2040933307626725499,1348706073893425152,istrinyanaga,14,id,keep_id_anchor,False,steam rating palsu kamu bandingin sendiri rating steam sama igrs pantek lebih akurat mana,[],0,0,89,14,0,0,1,0.467,0.0038,1,1.0,11.001388888888888,86,0.0,0.0,0.0,0.0,1,0,0.9043406,0.38674426,0.18981828,-0.5206959,54,-1,0.03616825,0,Non-Buzzer
2040757110951322044,2026-04-05 23:22:55+00:00,19,"@kurawa enak juga ye jadi buzzer ga berakal tetep digaji. steam bukan barang baru ya tolol, dari dulu rating steam ga ada masalah cuman gara-gara igrs muncul barulah kacau begini coba logika nya dipake sekali-kali",2040933231877587260,,kurawa,in,,0,0,1,https://x.com/marcenalius/status/2040933231877587260,2854258734,marcenalius,37,id,keep_id_anchor,False,enak juga ye jadi buzzer tidak berakal tetep digaji steam bukan barang baru ya tolol dari dulu rating steam tidak ada masalah cuman gara gara igrs muncul barulah kacau begini coba logika nya dipake sekali kali,[],0,1,209,36,0,20,0,0.4775,0.0235,1,1.0,10.99638888888889,86,1.0,0.0,0.0,0.0,1,0,0.8437987,0.38812068,0.73759705,-0.6163844,55,-1,0.25366774,0,Non-Buzzer
2040933223094735033,2026-04-05 23:22:53+00:00,0,seru banget igrs igrs SWKWKWK mau juga dong dapet duit karna ngomongin igrs doang,2040933223094735033,,,in,,0,0,0,https://x.com/cipicipacipi/status/2040933223094735033,1228177830657134592,cipicipacipi,14,id,keep_id_anchor,False,seru banget igrs igrs swkwkwk mau juga dong dapet duit karna ngomongin igrs doang,[],0,0,81,14,0,0,1,0.3059,0.006,1,1.0,10.995833333333334,86,0.0,0.0,0.0,0.0,-1,0,0.7339362,0.26800877,1.4355333,0.14349177,56,-1,0.0008214348,0,Non-Buzzer
2040933157017698679,2026-04-05 23:22:37+00:00,0,"Untuk yang mengikuti isu IGRS &amp; sistem rating di Steam, penjelasan resminya sudah dirilis di sini. Mungkin bisa jadi referensi awal sebelum diskusi lebih lanjut:
https://t.co/5L3JruWt2h",2040933157017698679,,,in,,0,0,0,https://x.com/Extra7399/status/2040933157017698679,1943906190968467456,Extra7399,29,id,keep_id_anchor,False,untuk yang mengikuti isu igrs sistem rating di steam penjelasan resminya sudah dirilis di sini mungkin bisa jadi referensi awal sebelum diskusi lebih lanjut,[],0,0,156,24,0,0,1,0.604,0.0135,1,1.0,10.991388888888888,86,0.0,0.0,0.0,0.0,1,0,0.9237424,0.39334497,-0.9874892,0.1519341,57,-1,0.9872465,1,Buzzer
2040933055498764387,2026-04-05 23:22:13+00:00,0,"Ada siaran pers resmi tentang IGRS &amp; rating gim di Steam,
Mari sahabat semua kita baca &amp; cek dulu sebelum kita berpendapat lebih jauh.

https://t.co/JhIz9ebfAt",2040933055498764387,,,in,,0,0,0,https://x.com/SPayanadi/status/2040933055498764387,1944372493642555392,SPayanadi,28,id,keep_id_anchor,False,ada siaran pers resmi tentang igrs rating game di steam mari sahabat semua kita baca cek dulu sebelum kita berpendapat lebih jauh,[],0,0,129,22,0,0,1,0.5693,0.0163,1,1.0,10.984722222222222,86,0.0,0.0,0.0,0.0,1,0,0.9236231,0.48303893,-0.91412,0.0017359179,58,-1,0.9946567,1,Buzzer
2040932634067664926,2026-04-05 23:20:33+00:00,0,fuck igrs tp kalo ga setuju sama ini berarti belom pernah main fut,2040932634067664926,,,in,,0,0,0,https://x.com/ngepetskuy/status/2040932634067664926,1165567692880797697,ngepetskuy,13,id,keep_id_anchor,False,fuck igrs tp kalau tidak setuju sama ini berarti belum pernah main fut,[],0,0,70,13,0,0,1,0.3625,0.0207,1,1.0,10.956944444444444,86,0.0,0.0,0.0,0.0,-1,0,0.6947025,0.36703256,0.75171304,-0.11029586,59,-1,0.002168084,0,Non-Buzzer
2040823276428300710,2026-04-05 23:19:35+00:00,0,"@kukuhya IGRS dikritik keras harus didengarkan dan perlu dibenahi? no ❌ IGRS dikritik keras, Boomer ketar ketir, Turunkan Buzzer bayaran biar IGRS keliatan ada yg bela. walau keliatan akun buzzernya penjilat 😂 pola pikir boomer yg jabat emang TOLOL ga ada obat, gelar doang banyak.",2040932392479887369,,kukuhya,in,,0,0,0,https://x.com/mini_niwdir/status/2040932392479887369,1885242523721097216,mini_niwdir,43,id,keep_id_anchor,False,igrs dikritik keras harus didengarkan dan perlu dibenahi no igrs dikritik keras boomer ketar ketir turunkan buzzer bayaran biar igrs keliatan ada yang bela walau keliatan akun buzzernya penjilat pola pikir boomer yang jabat emang tolol tidak ada obat gelar doang banyak,[],0,1,269,42,0,0,1,0.2742,0.0175,1,1.0,10.940833333333334,86,1.0,0.0,0.0,0.0,-1,0,0.72798884,0.37941617,0.73965335,-0.11654948,60,-1,0.004361249,0,Non-Buzzer
2040932381247652056,2026-04-05 23:19:33+00:00,0,igrs malu2in banget wei 😭,2040932381247652056,,,in,,0,0,0,https://x.com/feliscxtus/status/2040932381247652056,1053847817033138177,feliscxtus,4,af,keep_id_anchor,False,igrs malu in banget wei,[],0,0,23,5,0,0,1,0.7725,0.0059,1,1.0,10.940277777777778,86,0.0,0.0,0.0,0.0,0,0,0.9216746,0.2589751,1.8403356,0.51715404,61,-1,0.014781304,0,Non-Buzzer
2040932324301480154,2026-04-05 23:19:19+00:00,4,"KALAU IGRS JUDOL 
--   Semua Umur   --
. https://t.co/sV6sJPfY1q",2040932324301480154,https://pbs.twimg.com/media/HFLZIJraoAAvMY6.jpg,,in,,0,0,1,https://x.com/Duren___/status/2040932324301480154,1501606510979256323,Duren___,9,id,keep_id_anchor,False,kalau igrs judol semua umur,[],0,0,27,5,0,5,0,0.4619,0.0088,1,1.0,10.936388888888889,86,0.0,0.0,0.0,0.0,-1,0,0.65784276,0.30130386,0.9913485,0.3165413,62,-1,0.0016357945,0,Non-Buzzer
2040932228344295700,2026-04-05 23:18:56+00:00,0,buat yang ngikutin IGRS &amp; rating gim di Steam ada link referensi supaya infonya lebih lengkap https://t.co/AJsvX6cioJ,2040932228344295700,,,in,,0,0,0,https://x.com/erwinhbr9us/status/2040932228344295700,1911257338373414912,erwinhbr9us,20,id,keep_id_anchor,False,buat yang ngikutin igrs rating game di steam ada link referensi supaya infonya lebih lengkap,[],0,0,92,15,0,0,1,0.3866,0.0062,1,1.0,10.93,86,0.0,0.0,0.0,0.0,1,0,0.9195069,0.39548904,-1.4728813,0.20100382,63,-1,0.72122556,0,Non-Buzzer
2040819277759217682,2026-04-05 23:18:44+00:00,0,@AkbarFahroby igrs ketar ketir,2040932179333820599,,AkbarFahroby,in,,0,0,0,https://x.com/SetiawanGab/status/2040932179333820599,1750871739209592832,SetiawanGab,4,da,keep_id_anchor,False,igrs ketar ketir,[],0,1,16,3,0,0,1,0.0,0.0,1,1.0,10.926666666666666,86,1.0,0.0,0.0,0.0,0,0,0.8688333,0.27479902,1.3110707,0.9294644,64,-1,0.008839431,0,Non-Buzzer
2040932122127659333,2026-04-05 23:18:31+00:00,1,apakah IGRS ini salah satu trik busuk mereka buat ngaburin kasus Andrie Yunus?,2040932122127659333,,,in,,0,0,0,https://x.com/azraelcode/status/2040932122127659333,1045525998987489280,azraelcode,13,id,keep_id_anchor,False,apakah igrs ini salah satu trik busuk mereka buat ngaburin kasus andrie yunus,[],0,0,77,13,0,1,1,0.4556,0.0109,1,1.0,10.923055555555555,86,0.0,0.0,0.0,0.0,-1,0,0.61406964,0.15598387,1.7287415,0.24570389,65,-1,0.0029679788,0,Non-Buzzer
2040931941483250012,2026-04-05 23:17:48+00:00,0,Judol ga lu urus ya anjing komdigi sial. Kebocoran data ga lu urus ya. Lu malah ngurusin game orang. IGRS tolol emang. Sistem lu yang carut marut lu nyalahin orang. Bego emang bego.,2040931941483250012,,,in,,0,0,0,https://x.com/cherrya72836061/status/2040931941483250012,553209938,cherrya72836061,33,id,keep_id_anchor,False,judol tidak kamu urus ya anjing komdigi sial kebocoran data tidak kamu urus ya kamu malah ngurusin game orang igrs tolol emang sistem kamu yang carut marut kamu nyalahin orang bego emang bego,[],0,0,191,33,0,0,1,0.4928,0.032,2,1.0,10.911111111111111,86,0.0,0.0,0.0,0.0,-1,0,0.75108564,0.3285583,1.2514997,-0.543284,66,-1,0.011491535,0,Non-Buzzer
2040637611753320857,2026-04-05 23:17:42+00:00,0,"@emyr_za1 IGRS, I nya Irak",2040931917693157710,,emyr_za1,in,,0,0,0,https://x.com/hhiimmeell/status/2040931917693157710,1602723583,hhiimmeell,5,sw,keep_id_anchor,False,igrs i nya irak,[],0,1,15,4,0,0,1,0.0,0.0,1,1.0,10.909444444444444,86,1.0,0.0,0.0,0.0,-1,0,0.5523244,0.1595737,1.2002084,1.058432,67,-1,0.00086747453,0,Non-Buzzer
2040931893043179681,2026-04-05 23:17:36+00:00,0,"Indo gov thinks that this problem only reaches nationwide, but look at this mf'ers. Your problem just went worldwide. All the social media talks about you and all you do is shut your mouth.

F igrs
Take your head honcho back to Iraq.",2040931893043179681,,,en,,0,0,0,https://x.com/zerothenforcer/status/2040931893043179681,1060493001200304129,zerothenforcer,44,en,keep_id_anchor,False,indo gov thinks that this problem only reaches nationwide but look at this mf ers your problem just went worldwide all the social media talks about you and all you do is shut your mouth f igrs take your head honcho back to iraq,[],0,0,227,44,0,0,1,0.3588,0.0133,1,0.5,10.532777777777778,86,1.0,0.0,0.0,0.0,-1,0,0.5523244,0.15036012,1.0435504,0.84230745,68,-1,0.0015432803,0,Non-Buzzer
2040823276428300710,2026-04-05 23:17:15+00:00,0,"@kukuhya Buzzer igrs gila, mereka lg punya potensi cuan dr mana ya sampe brani bayar buzzer segininya?

Mau malak developer",2040931806057566693,,kukuhya,in,,0,0,0,https://x.com/p0litrick/status/2040931806057566693,606000080,p0litrick,20,id,keep_id_anchor,False,buzzer igrs gila mereka lg punya potensi cuan dari mana ya sampe brani bayar buzzer segininya mau malak developer,[],0,1,113,19,0,0,1,0.7759,0.0126,3,1.0,10.738333333333333,86,2.0,0.0,0.0,0.0,-1,0,0.697299,0.33895475,0.5106226,-0.32680097,69,-1,0.008161203,0,Non-Buzzer
2040677173032591862,2026-04-05 23:17:11+00:00,0,"@TanahUmbiJalar @mhuseinali kalopun Steam ada acuan sendiri saat merating, errornya udah dari dulu bukan saat IGRS ini baru ada. ga make sense diotak gue sekelas steam baru error hari ini",2040931788093333771,,TanahUmbiJalar,in,,0,1,0,https://x.com/Naelep261/status/2040931788093333771,1287350321631514625,Naelep261,30,id,keep_id_anchor,False,kalopun steam ada acuan sendiri saat merating errornya sudah dari dulu bukan saat igrs ini baru ada tidak make sense diotak saya sekelas steam baru error hari ini,[],0,1,162,28,0,1,1,0.3897,0.0185,1,1.0,10.900833333333333,86,1.0,0.0,0.0,0.0,-1,0,0.7374759,0.3128239,-0.08133228,-0.17138779,70,-1,0.0017135041,0,Non-Buzzer
2040931468332142935,2026-04-05 23:15:55+00:00,2,Gue suka main gim 18+ (menurut rating IGRS) (Story of Seasons: Friends of Mineral Town),2040931468332142935,,,en,,0,0,0,https://x.com/trancenote/status/2040931468332142935,1045010796726509568,trancenote,15,en,keep_id_anchor,False,saya suka main game menurut rating igrs story of seasons friends of mineral town,[],0,0,80,14,0,2,0,0.7799,0.0093,1,1.0,10.879722222222222,86,0.0,0.0,0.0,0.0,-1,0,0.5692452,0.21530376,-0.25278604,0.31631562,71,-1,0.001099652,0,Non-Buzzer
2040900070741291406,2026-04-05 23:15:50+00:00,394,@wordfangs @Steam Turunin lawyer Valve buat class action lawsuit defamation ke IGRS biar bubar sekalian wkwk,2040931445863280983,,wordfangs,in,,0,1,15,https://x.com/Excyde_/status/2040931445863280983,1428145974392721411,Excyde_,16,en,keep_id_anchor,False,turunin lawyer valve buat class action lawsuit defamation ke igrs biar bubar sekalian wkwk,[],0,1,90,14,0,410,0,0.2976,0.0064,2,1.0,10.878333333333334,86,2.0,0.0,0.0,0.0,-1,0,0.60455424,0.27653202,0.9317921,0.53696567,72,-1,0.0011695927,0,Non-Buzzer
2040931352959463789,2026-04-05 23:15:27+00:00,0,"Bayangin udah invest puluhan tahun ngikutin story one Piece, eh dilarang pemerintah karena satanis wkwkwk. Sekarang igrs next bisa jadi manga : one Piece, demon slayer dll",2040931352959463789,,,in,,0,0,0,https://x.com/AudhikaH68309/status/2040931352959463789,1971838365546041346,AudhikaH68309,26,id,keep_id_anchor,False,bayangin sudah invest puluhan tahun ngikutin story one piece eh dilarang pemerintah karena satanis wkwkwk sekarang igrs next bisa jadi manga one piece demon slayer dll,[],0,0,167,26,0,0,1,0.2657,0.0064,1,1.0,10.871944444444445,86,0.0,0.0,0.0,0.0,-1,0,0.57586277,0.2707958,0.8514341,0.66100585,73,-1,0.0008459996,0,Non-Buzzer
2040931195710734602,2026-04-05 23:14:50+00:00,1,"Last 6 hours of any IGRS related stuff been filled with many buzzer, to the point i cannot believe it like bruh. Our governor use our money for things like this? we're beyond cooked y'all

https://t.co/vI6UPdYBgg https://t.co/hhmDUN3CTC",2040931195710734602,https://pbs.twimg.com/tweet_video_thumb/HFLYGvtaEAAsz-T.jpg,,en,,0,0,0,https://x.com/H4ydon/status/2040931195710734602,1420063018939936771,H4ydon,45,en,keep_id_anchor,False,last hours of any igrs related stuff been filled with many buzzer to the point i cannot believe it like bruh our governor use our money for things like this we re beyond cooked y all,[],0,0,182,36,0,1,1,0.2937,0.0137,1,0.5,0.6086111111111111,86,0.0,0.0,0.0,0.0,-1,0,0.58956015,0.3072128,0.5252865,0.58876336,74,-1,0.0026804004,0,Non-Buzzer
2040930697674940756,2026-04-05 23:12:51+00:00,0,"-IGRS ngawur bet,masa game lokal di kasih 18+??
-game bokep dapet 3+?? Ngawuur bet

Kalo pengen jadi lembaga tuh yeng bener masa game bokep dapet 3+ sedangkan game bertani,game santai dan slice of life masa dapat 18+

KOMDIGI(KOMedi DIGItal) https://t.co/0dkfq4hiYC",2040930697674940756,https://pbs.twimg.com/media/HFLXpqfacAASSuw.jpg,,in,,0,0,0,https://x.com/Vanour394663/status/2040930697674940756,1990007492764651520,Vanour394663,46,id,keep_id_anchor,False,igrs ngawur bet masa game lokal di kasih game bokep dapet ngawuur bet kalau pengen jadi lembaga itu yeng benar masa game bokep dapet sedangkan game bertani game santai dan slice of life masa dapat komdigi komedi digital,[],0,0,219,38,0,0,1,0.4652,0.0106,1,1.0,10.828611111111112,86,0.0,0.0,0.0,0.0,-1,0,0.69151044,0.30069602,0.6844696,-0.8702482,75,-1,0.0018342355,0,Non-Buzzer
2040661959251825069,2026-04-05 23:11:51+00:00,0,"Yep, that's a fucking hentai game with explicit sexual content, of course the IGRS giving it 3+ ratings, wow... Gotta start the sex-ed from a very young age huh??? 😑😑😑",2040930445869940981,,galtzarr,en,,0,0,0,https://x.com/galtzarr/status/2040930445869940981,61446677,galtzarr,31,en,keep_id_anchor,False,yep that s a fucking hentai game with explicit sexual content of course the igrs giving it ratings wow gotta start the sex ed from a very young age huh,[],0,1,151,30,0,0,1,0.3899,0.0144,2,1.0,10.793611111111112,86,0.0,0.0,0.0,0.0,-1,0,0.7077091,0.34559733,-0.41030106,0.41696438,76,-1,0.0022116716,0,Non-Buzzer
2040930435023437899,2026-04-05 23:11:49+00:00,2,"Puluhan tahun make steam, baru kali ini dituduh palsu. Ayolah men, kalo bego jangan nanggung. Player lebih percaya rating steam dibanding igrs kali 🤣

Hebat lah orang tolol kek gini jadi stafsus kementerian",2040930435023437899,,,in,,0,2,0,https://x.com/HaYoYo86/status/2040930435023437899,1116738427485999104,HaYoYo86,32,id,keep_id_anchor,False,puluhan tahun make steam baru kali ini dituduh palsu ayolah men kalau bego jangan nanggung player lebih percaya rating steam dibanding igrs kali hebat lah orang tolol kek gini jadi stafsus kementerian,[],0,0,200,32,0,4,0,0.2681,0.0138,1,1.0,10.811388888888889,86,0.0,0.0,0.0,0.0,1,0,0.83311796,0.3751835,0.45435265,-0.789042,77,-1,0.027157752,0,Non-Buzzer
2040757110951322044,2026-04-05 23:11:26+00:00,68,"@kurawa Malah nyalahin steam. Sebelum lu pada bikin recok. Steam sudah punya rating dan tags mereka sendiri. Lagian IGRS buat apa sih? Kalo bukan buat alat meras?

Rating international kan sudah ada pake itu juga gak masalah. Eh sok asik tapi ngaco.

Dah balik sana gooning game nukitashi https://t.co/KZy0oGxBjN",2040930341108724059,https://pbs.twimg.com/media/HFLXU9Ea0AAJXAC.jpg,kurawa,in,,0,1,20,https://x.com/Official_Yanuar/status/2040930341108724059,154439076,Official_Yanuar,52,id,keep_id_anchor,False,malah nyalahin steam sebelum kamu pada bikin recok steam sudah punya rating dan tags mereka sendiri lagian igrs buat apa sih kalau bukan buat alat meras rating international kan sudah ada pake itu juga tidak masalah eh sok asik tapi ngaco dah balik sana gooning game nukitashi,[],0,1,276,47,0,89,0,0.4928,0.021,1,1.0,10.805,86,1.0,0.0,0.0,0.0,1,0,0.8047563,0.45731732,-0.058963325,-0.51098037,78,-1,0.08215659,0,Non-Buzzer
2040930274931064858,2026-04-05 23:11:10+00:00,0,"Poin nomor 2 dan 3 🤣🤣🤣 kalau selama tahunan ini steam ga bermasalah dan tbtb bermasalah sejak ada IGRS, berarti kesimpulannya?",2040930274931064858,,,in,,0,0,0,https://x.com/natsuhikoaki/status/2040930274931064858,1305420606461022210,natsuhikoaki,20,id,keep_id_anchor,False,poin nomor dan kalau selama tahunan ini steam tidak bermasalah dan tbtb bermasalah sejak ada igrs berarti kesimpulannya,[],0,0,119,18,0,0,1,0.4656,0.0107,1,1.0,10.800555555555556,86,0.0,0.0,0.0,0.0,-1,0,0.7189188,0.32168165,-0.08810879,-0.49339098,79,-1,0.003374721,0,Non-Buzzer
2040661959251825069,2026-04-05 23:10:45+00:00,0,"Meanwhile.... 

The game                          The IGRS https://t.co/Hn4rxEPhLX",2040930166898319684,https://pbs.twimg.com/media/HFLXK8pbsAAR3Jj.jpg,galtzarr,en,,0,1,0,https://x.com/galtzarr/status/2040930166898319684,61446677,galtzarr,9,en,keep_id_anchor,False,meanwhile the game the igrs,[],0,1,27,5,0,1,1,0.4457,0.0112,2,1.0,10.793611111111112,86,0.0,0.0,0.0,0.0,-1,0,0.7938155,0.4025224,-1.0495712,0.8138828,80,-1,0.023504922,0,Non-Buzzer
2040685239228653915,2026-04-05 23:10:31+00:00,0,"@iPoopBased Bpk saya dulu kerja di Kominfo cerita, cara mrk blokir (bokep dsb) itu hanya dgn masukin keyword-keyword random ke database yg ""dikira-kira"" berkaitan, lalu sistem akan generate blokirnya berdasarkan keyword tsb.

Jadi asumsi saya, IGRS ini metodenya juga mungkin gak jauh beda.",2040930111525118221,,iPoopBased,in,,0,0,0,https://x.com/yayyahyn/status/2040930111525118221,39969141,yayyahyn,45,id,keep_id_anchor,False,bpk saya dulu kerja di kominfo cerita cara mereka blokir bokep dsb itu hanya dengan masukin keyword keyword random ke database yang dikira kira berkaitan lalu sistem akan generate blokirnya berdasarkan keyword tsb jadi asumsi saya igrs ini metodenya juga mungkin tidak jauh beda,[],0,1,278,44,0,0,1,0.2697,0.0145,1,1.0,10.789722222222222,86,1.0,0.0,0.0,0.0,-1,0,0.6043127,0.22676006,0.18607537,-0.38658845,81,-1,0.0015108451,0,Non-Buzzer
2040564206303576078,2026-04-05 23:09:45+00:00,0,"@Gastra80099514 @kerissakti Masa kita s4nge sama mobil, kan aneh, sakit emang IGRS",2040929914996879583,,Gastra80099514,in,,0,0,0,https://x.com/ValentinoJ15345/status/2040929914996879583,1722652600259272705,ValentinoJ15345,12,id,keep_id_anchor,False,masa kita s nge sama mobil kan aneh sakit emang igrs,[],0,1,52,11,0,0,1,0.4223,0.0071,1,1.0,10.776944444444444,86,1.0,0.0,0.0,0.0,-1,0,0.59477705,0.19766228,1.5353061,-0.05272414,82,-1,0.0012349208,0,Non-Buzzer
2040929840363438503,2026-04-05 23:09:27+00:00,2,"Argumen para buzzer IGRS ""Melindungi pemain"" ini bullshit. Karna Steam sendiri age rating nya udah sangat akurat menurut gue. 

By default game game yang 18+ gak akan muncul kecual pengguna nya gak secara sadar lepasin filter.",2040929840363438503,,,in,,0,1,0,https://x.com/Howie3D/status/2040929840363438503,1849799907730960384,Howie3D,36,id,keep_id_anchor,False,argumen para buzzer igrs melindungi pemain ini bullshit karna steam sendiri age rating nya sudah sangat akurat menurut saya by default game game yang tidak akan muncul kecual pengguna nya tidak secara sadar lepasin filter,[],0,0,221,35,0,3,0,0.255,0.0223,1,0.5,10.771944444444445,86,0.0,0.0,0.0,0.0,1,0,0.8153194,0.42616478,-0.96388894,-1.1465088,83,-1,0.3163615,0,Non-Buzzer
2040929749451894936,2026-04-05 23:09:05+00:00,0,"sekarang pemerintah punya IGRS ya? ini tu yang kena rating “not fit to distribution” kaga bakal bisa di mainin lagi gtu? kalau udh ada di library? atau udah gabisa di beli gitu? 

tapi kok yaa ada yang janggaal ratinganya, kengawurannya berulah lagi🤣",2040929749451894936,,,in,,0,0,0,https://x.com/maulanazhrn/status/2040929749451894936,1994540494861541376,maulanazhrn,42,id,keep_id_anchor,False,sekarang pemerintah punya igrs ya ini itu yang kena rating not fit to distribution kaga bakal bisa di mainin lagi gtu kalau sudah ada di library atau sudah gabisa di beli gitu tapi kok yaa ada yang janggaal ratinganya kengawurannya berulah lagi,[],0,0,244,42,0,0,1,0.4439,0.0124,1,1.0,10.765833333333333,86,0.0,0.0,0.0,0.0,-1,0,0.7240248,0.34818426,-0.3042823,-0.33585158,84,-1,0.010910398,0,Non-Buzzer
2040929731324129593,2026-04-05 23:09:01+00:00,0,"IGRS Bermasalah

solusi  komdigi:
 perbaiki IGRS lebih manusiawi gak asal ban game❌

sewa buzzer ✔️",2040929731324129593,,,in,,0,0,0,https://x.com/rendrafrizal/status/2040929731324129593,1625480431415201794,rendrafrizal,14,id,keep_id_anchor,False,igrs bermasalah solusi komdigi perbaiki igrs lebih manusiawi tidak asal ban game sewa buzzer,[],0,0,92,14,0,0,1,0.528,0.0191,2,1.0,10.764722222222222,86,1.0,0.0,0.0,0.0,-1,0,0.7377802,0.4142791,0.10224819,-0.40276167,85,-1,0.0053211725,0,Non-Buzzer
2040900070741291406,2026-04-05 23:08:38+00:00,0,"@wordfangs @Steam Udah dibilangin jangan bikin marah Gamers, bebal sih. Mending IGRS muhasabah dan klarifikasi deh jangan malah ngerahin buzzer.",2040929637816258616,,wordfangs,in,,0,1,0,https://x.com/ariesu__/status/2040929637816258616,74383213,ariesu__,20,id,keep_id_anchor,False,sudah dibilangin jangan bikin marah gamers bebal sih mending igrs muhasabah dan klarifikasi deh jangan malah ngerahin buzzer,[],0,1,124,18,0,1,1,0.4258,0.0192,1,1.0,10.758333333333333,86,1.0,0.0,0.0,0.0,-1,0,0.78519976,0.37027538,0.49249884,-1.2388487,86,-1,0.0034439364,0,Non-Buzzer
2040929626470678829,2026-04-05 23:08:36+00:00,4,"Aiptu Dillia Rika Sari, Bhabinkamtibmas Desa Mertoyudan Polresta Magelang, menghadirkan inovasi Bank Sampah “Inova”. Warga diajak memilah sampah dari rumah, ditabung, lalu diolah kembali menjadi produk bernilai ekonomi.
@DivHumas_Polri

IGRS Lee Jeno Pagiii Bu Susi Golda https://t.co/ITTYBlOssI",2040929626470678829,https://pbs.twimg.com/ext_tw_video_thumb/2040929577678340096/pu/img/wMY3-B3M2xIzBYSE.jpg,,in,,0,1,2,https://x.com/IntanAyuArimbi/status/2040929626470678829,69834086,IntanAyuArimbi,40,id,keep_id_anchor,False,aiptu dillia rika sari bhabinkamtibmas desa mertoyudan polresta magelang menghadirkan inovasi bank sampah inova warga diajak memilah sampah dari rumah ditabung lalu diolah kembali menjadi produk bernilai ekonomi igrs lee jeno pagiii bu susi golda,[],0,0,246,35,0,7,0,0.4169,0.0038,1,1.0,10.757777777777777,86,0.0,0.0,0.0,0.0,-1,0,0.5253625,0.16373046,1.193904,0.2333868,87,-1,0.0009921484,0,Non-Buzzer
2040685239228653915,2026-04-05 23:07:26+00:00,0,"@iPoopBased Gila cuma IGRS instansi ga penting sampe rela bayar buzzer sebanyak ini, IGRS emang potensi cuannya dr mana",2040929335142719862,,iPoopBased,in,,0,0,0,https://x.com/p0litrick/status/2040929335142719862,606000080,p0litrick,19,id,keep_id_anchor,False,gila cuma igrs instansi tidak penting sampe rela bayar buzzer sebanyak ini igrs emang potensi cuannya dari mana,[],0,1,111,18,0,0,1,0.7759,0.0175,3,1.0,10.738333333333333,86,2.0,0.0,0.0,0.0,-1,0,0.7950894,0.38105842,0.8720622,-0.47216916,88,-1,0.10658591,0,Non-Buzzer
2040929293552025902,2026-04-05 23:07:16+00:00,0,Peak playing victim buzzer. Yg ngaco IGRS yg salah ttp steam🤣🤣🤣,2040929293552025902,,,in,,0,0,0,https://x.com/Orang_Tuwa/status/2040929293552025902,1331533726866579459,Orang_Tuwa,11,id,keep_id_anchor,False,peak playing victim buzzer yang ngaco igrs yang salah ttp steam,[],0,0,63,11,0,0,1,0.625,0.0119,1,1.0,10.735555555555555,86,0.0,0.0,0.0,0.0,-1,0,0.68293965,0.3318611,0.20400587,0.0816927,89,-1,0.009582298,0,Non-Buzzer
2040928263464435891,2026-04-05 23:03:11+00:00,0,FAK IGRS KNP THE SIMS KENA ANJ APASIH https://t.co/cTlUri6B79,2040928263464435891,https://pbs.twimg.com/media/HFLVb9fbkAA-ghu.jpg,,in,,0,0,0,https://x.com/martedws/status/2040928263464435891,1241588539881443328,martedws,12,de,keep_id_anchor,False,fak igrs mengapa the sims kena anj apasih,[],0,0,41,8,0,0,1,0.6124,0.0083,1,1.0,10.6675,86,0.0,0.0,0.0,0.0,-1,0,0.82401186,0.35784984,0.004179487,0.22101155,90,-1,0.039321605,0,Non-Buzzer
2040894355767185667,2026-04-05 23:03:00+00:00,69,"@wordfangs Kawal terus sampe IGRS di drop(which is kinda impossible since it's their new way of making money) atau rating RC dihapus(ini yang paling penting, jangan seneng dulu sebelum RC dihapus)",2040928218321166451,,wordfangs,in,,0,1,3,https://x.com/BurningCoffee0/status/2040928218321166451,1442367430253166599,BurningCoffee0,34,id,keep_id_anchor,False,kawal terus sampe igrs di drop which is kinda impossible since it s their new way of making money atau rating rc dihapus ini yang paling penting jangan seneng dulu sebelum rc dihapus,[],0,1,182,33,0,73,0,0.4779,0.0109,1,0.3333333333333333,10.664444444444445,86,3.0,1.0,0.0,0.0,-1,0,0.5694906,0.32389584,0.32173258,0.35959336,91,-1,0.009868486,0,Non-Buzzer
2040582579938885853,2026-04-05 23:02:37+00:00,0,"@R35_AH47 Sebenarnya dibilang redudan juga enggak, karena ada beberapa perbedaan moral disini sama di CERO, klau dari perencanaannya sih publisher bisa memanfaatkan IARC untuk skali dirating akan didistribusikan otomatis ke semua lembaga rating termasuk IGRS, tinggal implementasi nya gmna",2040928123693433065,,R35_AH47,in,,0,0,0,https://x.com/syizuril/status/2040928123693433065,524223512,syizuril,39,id,keep_id_anchor,False,sebenarnya dibilang redudan juga enggak karena ada beberapa perbedaan moral disini sama di cero klau dari perencanaannya sih publisher bisa memanfaatkan iarc untuk skali dirating akan didistribusikan otomatis ke semua lembaga rating termasuk igrs tinggal implementasi nya gmna,[],0,1,276,38,0,0,1,0.2538,0.0059,1,1.0,10.658055555555556,86,1.0,0.0,0.0,0.0,-1,0,0.6816437,0.347337,-0.38386056,-0.30071533,92,-1,0.0011184285,0,Non-Buzzer
2040757110951322044,2026-04-05 23:01:51+00:00,8,@kurawa IGRS yg ngaco dan amburadul beserta komdigi yg inkompeten dan dongo lah yg seharusnya dievaluasi dan diperbaiki bukannya sewa buzzer macam anda yg kolot dan bodoh yg malah menyebarkan hoax dan menyalahkan steam 🤦🤦🤦🤦🤦,2040927927077138836,,kurawa,in,,0,0,0,https://x.com/scr3t1y/status/2040927927077138836,1168878743214903301,scr3t1y,34,id,keep_id_anchor,False,igrs yang ngaco dan amburadul beserta komdigi yang inkompeten dan dongo lah yang seharusnya dievaluasi dan diperbaiki bukannya sewa buzzer macam anda yang kolot dan bodoh yang malah menyebarkan hoax dan menyalahkan steam,[],0,1,220,33,0,8,0,0.3891,0.0119,1,1.0,10.645277777777778,86,1.0,0.0,0.0,0.0,1,0,0.8130597,0.39432317,0.4524603,-0.59635997,93,-1,0.083305724,0,Non-Buzzer
2040927759313285500,2026-04-05 23:01:11+00:00,0,"Guys kalian kalo mau debat soal IGRS ke mana‑mana, sebaiknya baca dulu siaran pers resminya di sini : https://t.co/GpPA5N09Ev",2040927759313285500,,,in,,0,0,0,https://x.com/ilikeAK_47/status/2040927759313285500,1733448474425966592,ilikeAK_47,22,id,keep_id_anchor,False,guys kalian kalau mau debat soal igrs ke mana mana sebaiknya baca dulu siaran pers resminya di sini,[],0,0,99,18,0,0,1,0.9376,0.0158,1,1.0,10.634166666666667,86,0.0,0.0,0.0,0.0,2,1,0.9581189,0.2901494,0.5181893,0.25115848,94,-1,0.9771741,1,Buzzer
2040927655911129443,2026-04-05 23:00:46+00:00,2,"IDIH GOBLOG RATING SAMPAH disingkat IGRS 
adalah pembuangan anggaran yang sampahnya Dibawah Embege.

Padahal kita tinggal ngikutin standar ESRB tapi sok sok an bikin rating sendiri, KITA NEGERA YANG GA SETARA INDIA, CINA DLL TAPI sok sok an buat system seperti negara maju.",2040927655911129443,,,in,,0,1,0,https://x.com/NavriW/status/2040927655911129443,1525040613716279297,NavriW,43,id,keep_id_anchor,False,idih goblog rating sampah disingkat igrs adalah pembuangan anggaran yang sampahnya dibawah embege padahal kita tinggal ngikutin standar esrb tapi sok sok an bikin rating sendiri kita negera yang tidak setara india cina dll tapi sok sok an buat system seperti negara maju,[],0,0,270,43,0,3,0,0.3454,0.0156,1,1.0,10.627222222222223,86,0.0,0.0,0.0,0.0,-1,0,0.7458838,0.35845855,-0.051491626,-0.18928458,95,-1,0.0029857985,0,Non-Buzzer
2040927513896194459,2026-04-05 23:00:12+00:00,0,"rating palsu apaan? lebih percaya rating steam lah dari pada igrs, lagian juga bisa-bisanya mau blokir game dengan cara ngasih rating ngasal, aneh",2040927513896194459,,,in,,0,0,0,https://x.com/naufalfauzan/status/2040927513896194459,368750452,naufalfauzan,24,id,keep_id_anchor,False,rating palsu apaan lebih percaya rating steam lah dari pada igrs lagian juga bisa bisanya mau blokir game dengan cara ngasih rating ngasal aneh,[],0,0,143,24,0,0,1,0.5159,0.0088,1,1.0,10.617777777777778,86,0.0,0.0,0.0,0.0,1,0,0.8645649,0.42008618,-0.6127772,-1.3199061,96,-1,0.13696305,0,Non-Buzzer
2040462739253203380,2026-04-05 22:59:32+00:00,0,"@ChouSenka Ngeliat tingkah polah pemrenta bikin w ga berhenti ketawa

IGRS, seriously?

Mestinya mereka ngaca dulu kali yak, berlagak ngatur moral bangsa, tapi sebagian diantara mereka malah ga punya moral",2040927344635081094,,ChouSenka,in,,0,0,0,https://x.com/TAdiwiguno/status/2040927344635081094,1207271161601515521,TAdiwiguno,30,id,keep_id_anchor,False,ngeliat tingkah polah pemrenta bikin w tidak berhenti ketawa igrs seriously mestinya mereka ngaca dulu kali yak berlagak ngatur moral bangsa tapi sebagian diantara mereka malah tidak punya moral,[],0,1,194,29,0,0,1,0.3231,0.0183,1,1.0,10.606666666666667,49,1.0,0.0,0.0,0.0,-1,0,0.612608,0.21803539,1.4296455,-0.6721222,97,-1,0.0015303334,0,Non-Buzzer
2040926879096639515,2026-04-05 22:57:41+00:00,13,"mau cuci tangan tapi ga briefing ya goblok gini argumennya buzzer wkwkwkwk

padahal yang melakukan rating palsu IGRS dan pengikutnya

lu main tetris ya?",2040926879096639515,,,in,,0,1,0,https://x.com/pikachuasbun/status/2040926879096639515,78931279,pikachuasbun,24,id,keep_id_anchor,False,mau cuci tangan tapi tidak briefing ya goblok gini argumennya buzzer wkwkwkwk padahal yang melakukan rating palsu igrs dan pengikutnya kamu main tetris ya,[],0,0,154,24,0,14,0,0.3557,0.0188,1,1.0,10.575833333333334,49,0.0,0.0,0.0,0.0,-1,0,0.75397015,0.3994248,0.90363467,-0.2570641,98,-1,0.0026319055,0,Non-Buzzer
2040757110951322044,2026-04-05 22:55:24+00:00,0,"@kurawa Steam ngambil dari ESRB, yg mana member dari International Age Rating Coalition, anda menuduh lembaga ini memalsukan ratingnya begitu pak? Indonesia juga masuk ke IARC loh pak, jadi maksudnya bapak gak percaya sama lembaga tersebut &amp; yakin rating IGRS lebih benar?",2040926306091827484,,kurawa,in,,0,0,0,https://x.com/knightmuro/status/2040926306091827484,1923013963601874944,knightmuro,42,id,keep_id_anchor,False,steam ngambil dari esrb yang mana member dari international age rating coalition anda menuduh lembaga ini memalsukan ratingnya begitu pak indonesia juga masuk ke iarc loh pak jadi maksudnya bapak tidak percaya sama lembaga tersebut yakin rating igrs lebih benar,[],0,1,261,40,0,0,1,0.3001,0.0179,1,0.5,3.1419444444444444,49,2.0,0.0,0.0,0.0,-1,0,0.7955937,0.40884653,-0.18536976,-0.1343792,99,-1,0.026999392,0,Non-Buzzer
2040593488350515441,2026-04-05 22:55:06+00:00,0,"@kemkomdigi Ngapain sih ikut""an bikin game rating segala, fomo sama negara luar yg udh sukses?? Udah bubarin aja igrs, game porno (mentang-mentang pake hijab) dpt rating 3+

Terus kesalahan input disalahkan ke steam? Playing victim banget sih, harusnya kalian yang sadar, dongo",2040926231265443878,,kemkomdigi,in,,0,0,0,https://x.com/zerothenforcer/status/2040926231265443878,1060493001200304129,zerothenforcer,44,id,keep_id_anchor,False,ngapain sih ikut an bikin game rating segala fomo sama negara luar yang sudah sukses sudah bubarin aja igrs game porno mentang mentang pake hijab dpt rating terus kesalahan input disalahkan ke steam playing victim banget sih harusnya kalian yang sadar dongo,[],0,1,257,42,0,0,1,0.371,0.0093,1,0.5,10.532777777777778,49,1.0,0.0,0.0,0.0,-1,0,0.7612339,0.4442186,0.17213723,-0.7622655,100,-1,0.014813496,0,Non-Buzzer
2040757110951322044,2026-04-05 22:53:31+00:00,0,@kurawa Dari dulu steam udah punya label klasifikasi rating game juga. Kenapa perlu ada IGRS kalau begitu?,2040925833091784823,,kurawa,in,,0,0,0,https://x.com/TouriHaganashi/status/2040925833091784823,2615684046,TouriHaganashi,17,id,keep_id_anchor,False,dari dulu steam sudah punya label klasifikasi rating game juga mengapa perlu ada igrs kalau begitu,[],0,1,98,16,0,0,1,0.3704,0.0038,1,1.0,10.506388888888889,49,1.0,0.0,0.0,0.0,1,0,0.85421777,0.43148053,-1.8133771,-0.39331698,101,-1,0.02550652,0,Non-Buzzer
2040925703886295369,2026-04-05 22:53:01+00:00,0,Kuota marah marah hari ini sudah diisi sepenuhnya oleh IGRS. Maaf ya telat soalnya dua hari ga buka twitter.,2040925703886295369,,,in,,0,0,0,https://x.com/pixelutep/status/2040925703886295369,1690066109595348992,pixelutep,19,id,keep_id_anchor,False,kuota marah marah hari ini sudah diisi sepenuhnya oleh igrs maaf ya telat soalnya dua hari tidak buka twitter,[],0,0,109,19,0,0,1,0.6333,0.0112,1,1.0,10.498055555555556,49,0.0,0.0,0.0,0.0,-1,0,0.7395983,0.27987397,0.8119567,1.0662464,102,-1,0.0038863868,0,Non-Buzzer
2040411937016816087,2026-04-05 22:52:56+00:00,0,@kerissakti @Steam @Steam_Support please remove the IGRS because its suck,2040925685611708854,,kerissakti,en,,0,0,0,https://x.com/Whl_27/status/2040925685611708854,1412917997245591554,Whl_27,10,en,keep_id_anchor,False,please remove the igrs because its suck,[],0,1,39,7,0,0,1,0.5232,0.007,1,1.0,10.496666666666666,49,1.0,0.0,0.0,0.0,-1,0,0.7460891,0.27609506,-1.0523001,2.1711686,103,-1,0.0012943847,0,Non-Buzzer
2040925017886888289,2026-04-05 22:50:17+00:00,1,"Yang tolol IGRS yang disalahin steam, logikanya udah kebalik ini komdongo",2040925017886888289,,,in,,0,0,0,https://x.com/FKRSM_/status/2040925017886888289,844486463844564992,FKRSM_,11,id,keep_id_anchor,False,yang tolol igrs yang disalahin steam logikanya sudah kebalik ini komdongo,[],0,0,73,11,0,1,1,0.4762,0.0074,1,1.0,10.4525,49,0.0,0.0,0.0,0.0,0,0,0.8133566,0.33842024,1.6532844,-0.27683783,104,-1,0.022139743,0,Non-Buzzer
2040684902866411853,2026-04-05 22:46:36+00:00,0,@RRDelusi Malah playing victim IGRS TOLOLLL KOMDIGI GOBLOOKKKKK,2040924091293798588,,RRDelusi,in,,0,0,0,https://x.com/MyoKurt/status/2040924091293798588,1399047574485536771,MyoKurt,8,id,keep_id_anchor,False,malah playing victim igrs tololll komdigi goblookkkkk,[],0,1,53,7,0,0,1,0.625,0.007,1,1.0,10.391111111111112,49,1.0,0.0,0.0,0.0,-1,0,0.6181384,0.28168306,0.7477044,0.62324816,105,-1,0.0011560528,0,Non-Buzzer
2040757110951322044,2026-04-05 22:46:34+00:00,0,@kurawa igrs dibayar epic berapa sih buat ngejegal steam di indon? si tolol emang bujer,2040924084616434065,,kurawa,in,,0,0,0,https://x.com/JackieNoboru/status/2040924084616434065,63064579,JackieNoboru,15,id,keep_id_anchor,False,igrs dibayar epic berapa sih buat ngejegal steam di indon si tolol emang bujer,[],0,1,78,14,0,0,1,0.6607,0.0091,1,1.0,10.390555555555556,49,1.0,0.0,0.0,0.0,-1,0,0.6996728,0.29566947,1.0591178,0.12203993,106,-1,0.001285404,0,Non-Buzzer
2040728695057641643,2026-04-05 22:46:00+00:00,0,"@mridho_17 dulu pernah mirip2, kominpo blokir steam google paypal dll, gak lama dia divonis terbukti korupsi.

mana ngerti kejadian serupa terulang lagi sekarang gara2 IGRS.",2040923938650575221,,mridho_17,in,,0,0,0,https://x.com/stamped_e/status/2040923938650575221,1427404407763705858,stamped_e,25,id,keep_id_anchor,False,dulu pernah mirip kominpo blokir steam google paypal dll tidak lama dia divonis terbukti korupsi mana ngerti kejadian serupa terulang lagi sekarang gara igrs,[],0,1,157,24,0,0,1,0.2767,0.0117,1,1.0,10.38111111111111,49,1.0,0.0,0.0,0.0,-1,0,0.6437472,0.27579138,1.1792676,0.021883117,107,-1,0.0016631734,0,Non-Buzzer
2040923329914396930,2026-04-05 22:43:35+00:00,0,kok iso isone igrs ono buzzer ne cok,2040923329914396930,,,en,,0,0,0,https://x.com/rayzk46/status/2040923329914396930,991349410679291904,rayzk46,8,hr,keep_id_anchor,False,kok iso isone igrs ono buzzer ne cok,[],0,0,36,8,0,0,1,0.5177,0.0093,1,1.0,10.340833333333334,49,0.0,0.0,0.0,0.0,-1,0,0.7952253,0.2819887,1.2216954,0.16158916,108,-1,0.0011470453,0,Non-Buzzer
2040757110951322044,2026-04-05 22:42:51+00:00,0,"@kurawa so, gimana proses pemberian rating dari IGRS? coba dibuka secara transparan apa indikator dari rating ini?",2040923146417786909,,kurawa,in,,0,0,0,https://x.com/riverbenderr/status/2040923146417786909,4176943876,riverbenderr,17,id,keep_id_anchor,False,so bagaimana proses pemberian rating dari igrs coba dibuka secara transparan apa indikator dari rating ini,[],0,1,106,16,0,0,1,0.5137,0.008,1,1.0,10.328611111111112,49,1.0,0.0,0.0,0.0,-1,0,0.7896892,0.329274,-1.635061,0.24022584,109,-1,0.0027485015,0,Non-Buzzer
2040910270642692589,2026-04-05 22:41:27+00:00,2,"@kerissakti @mediokere Bang aku rasa menduga kalo verifikasi game di igrs ternyata masih menggunakan AI dan ini apakah ini berdampak dengan game kita juga yah?

Jujur kalo lihat komenan mereka minta klarifikasi dai @kemkomdigi bukannya minta maaf malah nyalahin steam kalo gak gitu nyewa buzzer gimana?",2040922793844617291,,kerissakti,in,,0,0,0,https://x.com/NomerSi_ali/status/2040922793844617291,1534478024027959296,NomerSi_ali,46,id,keep_id_anchor,False,bang aku rasa menduga kalau verifikasi game di igrs ternyata masih menggunakan ai dan ini apakah ini berdampak dengan game kita juga yah jujur kalau lihat komenan mereka minta klarifikasi dai bukannya minta maaf malah nyalahin steam kalau tidak gitu nyewa buzzer bagaimana,[],0,1,272,43,0,2,0,0.3657,0.0233,1,1.0,10.305277777777778,49,1.0,0.0,0.0,0.0,-1,0,0.7823219,0.45065117,-0.49341115,-0.5077116,110,-1,0.010085368,0,Non-Buzzer
2040922534414295491,2026-04-05 22:40:25+00:00,0,Siaran pers resmi mengenai sistem rating game dan IGRS di Steam. Silakan cek informasinya terlebih dahulu sebelum berpendapat lebih lanjut https://t.co/avHZxWMiga,2040922534414295491,,,in,,0,2,0,https://x.com/yolaisabella/status/2040922534414295491,2010156786146521091,yolaisabella,24,id,keep_id_anchor,False,siaran pers resmi mengenai sistem rating game dan igrs di steam silakan cek informasinya terlebih dahulu sebelum berpendapat lebih lanjut,[],0,0,137,20,0,2,0,0.5668,0.0177,1,1.0,10.288055555555555,49,0.0,0.0,0.0,0.0,1,0,0.9282067,0.41844037,-1.1364472,-0.059827283,111,-1,0.99214524,1,Buzzer
2040757110951322044,2026-04-05 22:40:08+00:00,153,"@kurawa 1. IGRS gak penting
2. Rating dari IGRS
3. Ngelanggar hukum apaan? Peduli setan Valve dengan Indonesia
4. IGRS mending dibuang aja

mending lu diem aja tua bangka, nyebokin pemerintah mulu, jadi stafsus komdigi 0 knowledge about this shit",2040922462003839001,,kurawa,in,,0,0,15,https://x.com/enilesram/status/2040922462003839001,2823390338,enilesram,40,id,keep_id_anchor,False,igrs tidak penting rating dari igrs ngelanggar hukum apaan peduli setan valve dengan indonesia igrs mending dibuang aja mending kamu diem aja tua bangka nyebokin pemerintah mulu jadi stafsus komdigi knowledge about this shit,[],0,1,224,34,0,168,0,0.2671,0.0187,1,1.0,10.283333333333333,49,1.0,0.0,0.0,0.0,-1,0,0.7267161,0.37320164,-0.41013628,0.9488186,112,-1,0.002091358,0,Non-Buzzer
2040922192645628084,2026-04-05 22:39:03+00:00,0,"app segede steam punya kredibilitas yg tinggi, bukan kyk igrs. sembarangan bgt nih orang.",2040922192645628084,,,in,,0,0,0,https://x.com/geicilikechips/status/2040922192645628084,2028295823231229952,geicilikechips,14,id,keep_id_anchor,False,app segede steam punya kredibilitas yang tinggi bukan seperti igrs sembarangan banget ini orang,[],0,0,95,14,0,0,1,0.2774,0.0122,1,1.0,10.265277777777778,49,0.0,0.0,0.0,0.0,-1,0,0.66430736,0.32748112,-0.11851613,-0.65741765,113,-1,0.0029080135,0,Non-Buzzer
2040922107765567490,2026-04-05 22:38:43+00:00,0,Referensi resmi soal penerapan IGRS di Steam. Bisa dibaca dulu supaya pandangannya makin jelas dan lengkap https://t.co/bdUys0hJMi,2040922107765567490,,,in,,0,0,0,https://x.com/AndiniPutr79305/status/2040922107765567490,2019936823842414592,AndiniPutr79305,20,id,keep_id_anchor,False,referensi resmi soal penerapan igrs di steam bisa dibaca dulu supaya pandangannya makin jelas dan lengkap,[],0,0,105,16,0,0,1,0.3866,0.0104,1,1.0,10.259722222222223,49,0.0,0.0,0.0,0.0,1,0,0.8311374,0.28823525,-0.9813049,0.6784572,114,-1,0.0071272976,0,Non-Buzzer
2040921986978009169,2026-04-05 22:38:14+00:00,1,"Sistem rating yg ada di steam ini bukan cuma IGRS doang ya! Juga ada sistem lain kyk PEGI atau ESRB tapi ga ada yg salah rating!

Udah akui aja klo yg salah itu emang IGRS https://t.co/fpn441mbhQ",2040921986978009169,https://pbs.twimg.com/media/HFLPuwna8AAnn5C.jpg,,in,,0,0,0,https://x.com/ShoNakanoVtuber/status/2040921986978009169,1307704762050068481,ShoNakanoVtuber,39,id,keep_id_anchor,False,sistem rating yang ada di steam ini bukan cuma igrs doang ya juga ada sistem lain seperti pegi atau esrb tapi tidak ada yang salah rating sudah akui aja kalau yang salah itu emang igrs,[],0,0,184,35,0,1,1,0.4556,0.0295,2,0.6666666666666666,3.651666666666667,49,1.0,0.0,0.0,0.0,1,0,0.8322818,0.43873268,-0.7994066,-0.0639956,115,-1,0.62566787,0,Non-Buzzer
2040921604377735670,2026-04-05 22:36:43+00:00,0,"NGAPAIN JUGA MEREKA BIKIN RATING PALSU KOCAK???????????? selama ini loh baik baik aja, lebih sesuai ratingnya sblm iGrS iGrs itu out of nowhere ngespawn, ANEEEEEH 😐😐😐",2040921604377735670,,,in,,0,0,0,https://x.com/dazaaruu_/status/2040921604377735670,1277567538885353473,dazaaruu_,25,id,keep_id_anchor,False,ngapain juga mereka bikin rating palsu kocak selama ini loh baik baik aja lebih sesuai ratingnya sblm igrs igrs itu out of nowhere ngespawn aneeeeeh,[],0,0,148,25,0,0,1,0.2515,0.0132,1,1.0,10.22638888888889,49,0.0,0.0,0.0,0.0,-1,0,0.8489013,0.42308056,0.23680666,-0.21242616,116,-1,0.036537133,0,Non-Buzzer
2040921002411217379,2026-04-05 22:34:20+00:00,0,"Agar pembahasan soal IGRS &amp; rating gim di Steam tetap berdasarkan informasi yang jelas, berikut siaran pers resminya. Bisa dibaca dulu sebagai referensi: https://t.co/paK6ZEowsP",2040921002411217379,,,in,,0,0,0,https://x.com/sunshin53314704/status/2040921002411217379,1321816076515119106,sunshin53314704,27,id,keep_id_anchor,False,agar pembahasan soal igrs rating game di steam tetap berdasarkan informasi yang jelas berikut siaran pers resminya bisa dibaca dulu sebagai referensi,[],0,0,149,22,0,0,1,0.48,0.0154,1,1.0,10.186666666666667,49,0.0,0.0,0.0,0.0,1,0,0.9180511,0.42054412,-1.5499786,-0.05832023,117,-1,0.98809963,1,Buzzer
2040913486390378740,2026-04-05 22:33:52+00:00,5,"@rahmatnf @RifkiSuryo Mereka pernah tau game gamenya apa engga. 

Ini gw yakin org Steam juga ketawa pas deploy IGRS",2040920885352415707,,rahmatnf,in,,0,3,0,https://x.com/hrdbacot/status/2040920885352415707,501800437,hrdbacot,19,id,keep_id_anchor,False,mereka pernah tau game gamenya apa engga ini saya yakin orang steam juga ketawa pas deploy igrs,[],0,1,95,17,0,8,0,0.3782,0.0109,1,1.0,10.178888888888888,49,1.0,0.0,0.0,0.0,-1,0,0.7440712,0.39532697,0.053581215,-0.23779522,118,-1,0.005829815,0,Non-Buzzer
2040920805895491812,2026-04-05 22:33:33+00:00,0,"Jangan sampai salah informasi ini link resmisoal IGRS &amp; rating gim di Steam, https://t.co/Tmr6tL02hh",2040920805895491812,,,in,,0,0,0,https://x.com/etisulastr17672/status/2040920805895491812,1890397706763591680,etisulastr17672,17,id,keep_id_anchor,False,jangan sampai salah informasi ini link resmisoal igrs rating game di steam,[],0,0,74,12,0,0,1,0.4181,0.0121,1,1.0,10.17361111111111,49,0.0,0.0,0.0,0.0,1,0,0.8919585,0.42776796,-1.2203505,0.19489129,119,-1,0.85324115,1,Buzzer
2040462739253203380,2026-04-05 22:31:55+00:00,0,@ChouSenka IGRS kan produk titipan CCP,2040920396879589796,,ChouSenka,in,,0,0,0,https://x.com/foppy_7/status/2040920396879589796,1738821942428553216,foppy_7,6,id,keep_id_anchor,False,igrs kan produk titipan ccp,[],0,1,27,5,0,0,1,0.381,0.001,1,1.0,10.14638888888889,49,1.0,0.0,0.0,0.0,-1,0,0.61958295,0.21806958,-0.5226347,0.7642328,120,-1,0.00097166916,0,Non-Buzzer
2040920371709526261,2026-04-05 22:31:49+00:00,0,"Terlihat lagi ramai bahas game ""steam"" mengenai IGRS. Sempat cek webstenya, dan agak aneh game kayak beres-beres, seperti a little to the left dan unpacking kok malah diberi 3+? Beneran, kah, itu? Masa rating usianya itu untuk 3+? Ngaco banget.",2040920371709526261,,,in,,0,0,0,https://x.com/adi_wahyu35/status/2040920371709526261,748496282382045185,adi_wahyu35,41,id,keep_id_anchor,False,terlihat lagi ramai bahas game steam mengenai igrs sempat cek webstenya dan agak aneh game seperti beres beres seperti a little to the left dan unpacking kok malah diberi beneran kah itu masa rating usianya itu untuk ngaco banget,[],0,0,229,39,0,0,1,0.2547,0.0124,1,1.0,10.144722222222223,49,0.0,0.0,0.0,0.0,1,0,0.815886,0.46897665,-0.59076893,-0.80232316,121,-1,0.6956726,0,Non-Buzzer
2040491792295186826,2026-04-05 22:30:26+00:00,3,"@DimasRamdhan_ @badakmeledak_ Logika aja, ESRB netapin rating GTA VI itu for Mature, apakah ESRB minta Rockstar buat bikin censored version? Nggak.

Lah si goblo IGRS nentuin rating biar bisa minta censorship? Jadi tujuannya apa si IGRS ini hadir? Sumpah di luar nurul gak habis fikri.",2040920024194617619,,DimasRamdhan_,in,,0,2,0,https://x.com/freshsqueezeorg/status/2040920024194617619,232746593,freshsqueezeorg,45,id,keep_id_anchor,False,logika aja esrb netapin rating gta vi itu for mature apakah esrb minta rockstar buat bikin censored version tidak lah si goblo igrs nentuin rating biar bisa minta censorship jadi tujuannya apa si igrs ini hadir sumpah di luar nurul tidak habis fikri,[],0,1,249,43,0,5,0,0.3306,0.0209,1,0.3333333333333333,1.5730555555555557,49,2.0,0.0,0.0,0.0,-1,0,0.72077954,0.41512614,-0.23480754,-0.38760954,122,-1,0.027637409,0,Non-Buzzer
2040919979697258825,2026-04-05 22:30:16+00:00,0,Tita ini kayaknya vendornya IGRS😭,2040919979697258825,,,in,,0,0,0,https://x.com/septimberrr/status/2040919979697258825,822654025,septimberrr,5,sw,keep_id_anchor,False,tita ini kayaknya vendornya igrs,[],0,0,32,5,0,0,1,0.3202,0.0021,1,1.0,10.11888888888889,49,0.0,0.0,0.0,0.0,-1,0,0.7267182,0.26662883,1.2505988,0.5826024,123,-1,0.0008221638,0,Non-Buzzer
2040919855814053937,2026-04-05 22:29:46+00:00,0,"IGRS malu²in ya... Sementara IRGC udah bisa nembak F-35 sama F-15nya Amerika, eeeeh IGRS malah jadinya GBLG gini...",2040919855814053937,,,in,,0,0,0,https://x.com/girumon16/status/2040919855814053937,186397253,girumon16,20,id,keep_id_anchor,False,igrs malu in ya sementara irgc sudah bisa nembak f sama f nya amerika eeeeh igrs malah jadinya gblg gini,[],0,0,104,20,0,0,1,0.7725,0.0071,1,1.0,10.110555555555555,49,0.0,0.0,0.0,0.0,-1,0,0.74345946,0.35245517,1.2635676,0.27036986,124,-1,0.002153668,0,Non-Buzzer
2040770347692081624,2026-04-05 22:29:32+00:00,1,"@alsjournall Iya, kemarin aku juga mikir gini karena kelihatannya IGRS ga punya sistem rating buat game yg harusnya ga ada rating semacam Rating Pending di sistem lain.

Jadi game yg belum isi bisa dapet 3+ biarpun isinya bermasalah",2040919794199974348,,alsjournall,in,,0,0,0,https://x.com/ShoNakanoVtuber/status/2040919794199974348,1307704762050068481,ShoNakanoVtuber,38,id,keep_id_anchor,False,iya kemarin aku juga mikir gini karena kelihatannya igrs tidak punya sistem rating buat game yang harusnya tidak ada rating semacam rating pending di sistem lain jadi game yang belum isi bisa dapet biarpun isinya bermasalah,[],0,1,223,36,0,1,1,0.3408,0.0256,2,0.6666666666666666,3.651666666666667,49,1.0,0.0,0.0,0.0,1,0,0.8183727,0.42263216,-1.1396314,-0.2876544,125,-1,0.14621076,0,Non-Buzzer
2040919140811383279,2026-04-05 22:26:56+00:00,0,Indonesian gov in a nutshell with the IGRS situation https://t.co/ZUyAOBnsnc,2040919140811383279,https://pbs.twimg.com/tweet_video_thumb/HFLNIeWaAAAN78_.jpg,,en,,0,0,0,https://x.com/absoluthardbass/status/2040919140811383279,116146196,absoluthardbass,13,en,keep_id_anchor,False,indonesian gov in a nutshell with the igrs situation,[],0,0,52,9,0,0,1,0.4483,0.0103,1,1.0,10.063333333333333,49,0.0,0.0,0.0,0.0,-1,0,0.6963893,0.2221272,-0.5490235,1.4167904,126,-1,0.0015626365,0,Non-Buzzer
2040918866591957084,2026-04-05 22:25:50+00:00,1,"Hanya fans CAPCOM sejati yang tau jawabannya.
#Gaming #retrogaming #IGRS #Steam https://t.co/fqXA7Kl9na",2040918866591957084,https://pbs.twimg.com/amplify_video_thumb/2040918296497950720/img/yvVRzVajFU1RRFH5.jpg,,in,,0,1,0,https://x.com/emulapor/status/2040918866591957084,1329322853775228929,emulapor,15,id,keep_id_anchor,False,hanya fans capcom sejati yang tau jawabannya gaming retrogaming igrs steam,[],0,0,74,11,0,2,0,0.6021,0.0077,1,0.5,10.045,49,0.0,0.0,0.0,0.0,-1,0,0.7846528,0.41233602,-0.21344526,-0.44992894,127,-1,0.005788122,0,Non-Buzzer
2040918773444890964,2026-04-05 22:25:28+00:00,0,"‘Informasi ini betul resmi masalah IGRS &amp; rating gim di Steam, bisa jadi referensi biar info yang beredar lebih lengkap dan valid serta akurat kebenarannya  maka silahkan dicek di [link]’https://t.co/lpaabY1u8P",2040918773444890964,,,in,,0,0,0,https://x.com/Bambang65635601/status/2040918773444890964,1642534328155635713,Bambang65635601,34,id,keep_id_anchor,False,informasi ini betul resmi masalah igrs rating game di steam bisa jadi referensi biar info yang beredar lebih lengkap dan valid serta akurat kebenarannya maka silahkan dicek di link,[],0,0,180,29,0,0,1,0.5986,0.0113,1,1.0,10.03888888888889,49,0.0,0.0,0.0,0.0,1,0,0.8942218,0.43844733,-1.4505141,-0.058996882,128,-1,0.9724963,1,Buzzer
2040748319144886364,2026-04-05 22:24:40+00:00,0,@anon54980 @ChouSenka @serknoire Say if we band together to tell steam that IGRS is bullshit and show stuff like the buzzers will they consider something about it?,2040918571740729808,,anon54980,en,,0,0,0,https://x.com/thefallenpea/status/2040918571740729808,1318067276529106944,thefallenpea,27,en,keep_id_anchor,False,say if we band together to tell steam that igrs is bullshit and show stuff like the buzzers will they consider something about it,[],0,1,129,24,0,0,1,0.4091,0.0154,1,1.0,10.025555555555556,49,1.0,0.0,0.0,0.0,-1,0,0.61641955,0.3576053,-0.4936219,-0.27578124,129,-1,0.0030893865,0,Non-Buzzer
2040918356145078558,2026-04-05 22:24:04+00:00,1,"Jadi, antara pihak game ga jujur atau rating IGRS belum mengakomodasi kerumitan rating ini. Jadi jangan langsung nyalahin Steam kali.",2040918420473155946,,AHROOMEE,in,,0,0,0,https://x.com/AHROOMEE/status/2040918420473155946,26507363,AHROOMEE,20,id,keep_id_anchor,False,jadi antara pihak game tidak jujur atau rating igrs belum mengakomodasi kerumitan rating ini jadi jangan langsung nyalahin steam kali,[],0,1,133,20,0,1,1,0.3317,0.0238,3,1.0,9.781944444444445,49,0.0,0.0,0.0,0.0,1,0,0.8101078,0.40773717,-0.48368883,-0.8645092,130,-1,0.051257264,0,Non-Buzzer
2040918356145078558,2026-04-05 22:23:49+00:00,1,"poin statement ini kalo dari logika gue kayak sistem cocoklogi—pihak game submit disclaimers secara mandiri di Steam, Steam implemented the IGRS rollout, rating IGRS secara otomatis dikenakan berdasarkan disclaimer apa masuknya ke rating apa. https://t.co/1wPEEX5Ry8",2040918356145078558,https://pbs.twimg.com/media/HFLMbSxbsAAl9TH.jpg,,in,,0,1,0,https://x.com/AHROOMEE/status/2040918356145078558,26507363,AHROOMEE,39,id,keep_id_anchor,False,poin statement ini kalau dari logika saya seperti sistem cocoklogi pihak game submit disclaimers secara mandiri di steam steam implemented the igrs rollout rating igrs secara otomatis dikenakan berdasarkan disclaimer apa masuknya ke rating apa,[],0,0,243,35,0,2,0,0.2801,0.0099,3,1.0,9.781944444444445,49,0.0,0.0,0.0,0.0,1,0,0.84774315,0.41543576,-1.4294106,-0.18076208,131,-1,0.050964016,0,Non-Buzzer
2040918204969787557,2026-04-05 22:23:13+00:00,0,Buzzer IGRS mana suaranya 😂😂😂,2040918204969787557,,,in,,0,0,0,https://x.com/fragmentedraven/status/2040918204969787557,1781600764030529537,fragmentedraven,4,id,keep_id_anchor,False,buzzer igrs mana suaranya,[],0,0,25,4,0,0,1,1.0,0.016,1,1.0,10.001388888888888,49,0.0,0.0,0.0,0.0,-1,0,0.7761145,0.22762886,0.76315427,0.70729274,132,-1,0.012555629,0,Non-Buzzer
2040757110951322044,2026-04-05 22:22:48+00:00,1,"@kurawa Pernyataan yang bodoh sekali, cuma di indonesia steam dituduh buat rating palsu, di negara lain gak ada yg ngomong gtu. Coba kasi tau dong game apa yang melanggar aturan hukum indonesia? Justru rating bodoh IGRS yang aneh, masa f1 25 rate umurnya 15+, motogp 25 rate umurnya 18+",2040918101366333917,,kurawa,in,,0,0,0,https://x.com/itsfbpr89/status/2040918101366333917,428075416,itsfbpr89,49,id,keep_id_anchor,False,pernyataan yang bodoh sekali cuma di indonesia steam dituduh buat rating palsu di negara lain tidak ada yang ngomong gtu coba kasi tau dong game apa yang melanggar aturan hukum indonesia justru rating bodoh igrs yang aneh masa f rate umurnya motogp rate umurnya,[],0,1,261,44,0,1,1,0.3384,0.018,1,1.0,9.994444444444444,49,1.0,0.0,0.0,0.0,-1,0,0.7955937,0.3650776,0.08588506,-0.4997834,133,-1,0.0019357816,0,Non-Buzzer
2040637611753320857,2026-04-05 22:22:39+00:00,6,@emyr_za1 IGRS kebijakan yg nggak salah tp penilaian terhadap gamenya harus ditinjau ulang,2040918062908752028,,emyr_za1,in,,0,2,0,https://x.com/SevensRoad77/status/2040918062908752028,1510492834281181188,SevensRoad77,13,id,keep_id_anchor,False,igrs kebijakan yang tidak salah tp penilaian terhadap gamenya harus ditinjau ulang,[],0,1,82,12,0,8,0,0.406,0.017,1,1.0,9.991944444444444,49,1.0,0.0,0.0,0.0,-1,0,0.6220097,0.3210789,-0.13417622,-0.9102642,134,-1,0.0035132857,0,Non-Buzzer
2040917813586706669,2026-04-05 22:21:39+00:00,0,"Kalo mau transparan ya dari 2 sisi.  Dalam hal ini, share &amp; sosialisasikan dong tentang detail penilaian klasifikasi game menurut IGRS secara rinci, supaya developer juga bisa menyesuaikan game mereka buat user indo. Jangan rakyat terus yang ""ditelanjangi"". https://t.co/SId0HgIvVq",2040917813586706669,https://pbs.twimg.com/media/HFLL74ybsAAaGpI.jpg,,in,,0,1,0,https://x.com/Trixtar__/status/2040917813586706669,1724274635758538754,Trixtar__,42,id,keep_id_anchor,False,kalau mau transparan ya dari sisi dalam hal ini share sosialisasikan dong tentang detail penilaian klasifikasi game menurut igrs secara rinci supaya developer juga bisa menyesuaikan game mereka buat user indo jangan rakyat terus yang ditelanjangi,[],0,0,246,36,0,1,1,0.2586,0.0105,1,0.5,9.539722222222222,49,0.0,0.0,0.0,0.0,-1,0,0.74290526,0.3731229,-0.6865587,-0.77680695,135,-1,0.0022400762,0,Non-Buzzer
2040645711650509022,2026-04-05 22:21:33+00:00,0,"@rayrestufauzi Rating IGRS yang muncul di Steam sekarang banyak yang masih tahap awal(self-declare dari developer) jadi belum final,masih bisa berubah setelah proses verifikasi lebih lanjut.Tujuannya buat melindungi pemain muda dan menata ekosistem game di Indonesia supaya lebih jelas dan sehat",2040917787506561414,,rayrestufauzi,in,,0,2,0,https://x.com/NganjukSun23590/status/2040917787506561414,1949393136725442560,NganjukSun23590,44,id,keep_id_anchor,False,rating igrs yang muncul di steam sekarang banyak yang masih tahap awal self declare dari developer jadi belum final masih bisa berubah setelah proses verifikasi lebih lanjut tujuannya buat melindungi pemain muda dan menata ekosistem game di indonesia supaya lebih jelas dan sehat,[],0,1,279,43,0,2,0,0.6153,0.0312,4,0.8,3.8466666666666667,49,4.0,0.0,0.0,0.0,1,1,0.9064754,0.4334221,-1.5122688,-0.14595258,136,-1,0.9975841,1,Buzzer
2040917770452476031,2026-04-05 22:21:29+00:00,0,"Ya Allah, IGRS ada buzzernya",2040917770452476031,,,in,,0,0,0,https://x.com/Raaaxer/status/2040917770452476031,1250412350777069570,Raaaxer,5,id,keep_id_anchor,False,ya allah igrs ada buzzernya,[],0,0,27,5,0,0,1,0.5888,0.0021,1,1.0,9.9725,49,0.0,0.0,0.0,0.0,0,0,0.9011446,0.3548218,1.3789186,0.7544923,137,-1,0.0177084,0,Non-Buzzer
2040839260694364442,2026-04-05 22:20:38+00:00,1,"@awaasaurus @kemkomdigi Ini aku nangkapnya steam ngasih library codingan untuk pihak IGRS dan mereka copy paste ngasal sih. Pihak IGRS mau terima beres sedangkan steam kasih directory seadanya

Ah bingung, ngga ngerti",2040917558145286311,,awaasaurus,in,,0,0,0,https://x.com/DPanglewai15679/status/2040917558145286311,1691702867428880384,DPanglewai15679,32,id,keep_id_anchor,False,ini aku nangkapnya steam ngasih library codingan untuk pihak igrs dan mereka copy paste ngasal sih pihak igrs mau terima beres sedangkan steam kasih directory seadanya ah bingung tidak ngerti,[],0,1,191,30,0,1,1,0.2856,0.0129,1,1.0,9.958333333333334,49,1.0,0.0,0.0,0.0,-1,0,0.6100051,0.2934626,0.6506047,0.26688597,138,-1,0.0016535005,0,Non-Buzzer
2040917346865520978,2026-04-05 22:19:48+00:00,0,"Buat kalian Sebelum debat soal IGRS ke mana‑mana, mungkin oke baca dulu siaran pers resminya di sini ya guys https://t.co/yhg91A43dY",2040917346865520978,,,in,,0,0,0,https://x.com/kerjosurvey/status/2040917346865520978,1778567152892850177,kerjosurvey,24,id,keep_id_anchor,False,buat kalian sebelum debat soal igrs ke mana mana mungkin oke baca dulu siaran pers resminya di sini ya guys,[],0,0,107,20,0,0,1,0.9539,0.0141,1,1.0,9.944444444444445,49,0.0,0.0,0.0,0.0,2,1,0.9581189,0.30673525,0.632169,0.23829822,139,-1,0.9062096,1,Buzzer
2040916527277641977,2026-04-05 22:16:33+00:00,2,"👨🏻 : izinnn mb mut terkait heboh IGRS saya udah Ngetweet y 🙏🏻
👩🏻 : okk mas ruddd otsukareesama desu",2040916527277641977,,,in,,0,0,1,https://x.com/BusterBorrr/status/2040916527277641977,115369956,BusterBorrr,15,id,keep_id_anchor,False,izinnn mb mut terkait heboh igrs saya sudah ngetweet y okk mas ruddd otsukareesama desu,[],0,0,87,15,0,3,0,0.4033,0.0056,1,1.0,9.890277777777778,49,0.0,0.0,0.0,0.0,-1,0,0.58497,0.15767819,0.3933666,1.2868978,140,-1,0.0008866881,0,Non-Buzzer
2040915601267531776,2026-04-05 22:12:52+00:00,0,"Ini yang ditunggu tunggu beritanya, rilis resmi soal IGRS &amp; rating gim di Steam, 👇👇👇
https://t.co/mZ77I23ZQv",2040915601267531776,,,in,,0,0,0,https://x.com/triedhi888/status/2040915601267531776,3197788399,triedhi888,18,id,keep_id_anchor,False,ini yang ditunggu tunggu beritanya rilis resmi soal igrs rating game di steam,[],0,0,77,13,0,0,1,0.4519,0.0068,1,1.0,9.828888888888889,49,0.0,0.0,0.0,0.0,1,0,0.91005963,0.43871617,-1.2685479,0.44042858,141,-1,0.91764975,1,Buzzer
2040605432008593453,2026-04-05 22:12:01+00:00,0,@rich8606 @SPGMedia101 Mind you I am Indonesian too and THIS IS A PROBLEM FOR US. The IGRS rating team admit that the system isn’t yet ready but they’re forcing steam to show IGRS rating for us Indonesian. They’re keep mistakingly rate a game and not just one-two but A LOT OF GAMES.,2040915387710406769,,rich8606,en,,0,1,0,https://x.com/MasJawaNinja/status/2040915387710406769,1012551947314819072,MasJawaNinja,56,en,keep_id_anchor,False,mind you i am indonesian too and this is a problem for us the igrs rating team admit that the system isn t yet ready but they re forcing steam to show igrs rating for us indonesian they re keep mistakingly rate a game and not just one two but a lot of games,[],0,1,257,54,0,1,1,0.368,0.0173,1,1.0,9.814722222222223,49,1.0,0.0,0.0,0.0,1,0,0.84990513,0.40473077,-1.413766,0.053836364,142,-1,0.5372166,0,Non-Buzzer
2040914890861519110,2026-04-05 22:10:03+00:00,4,"also like dont they know gamers dont sleep and are basically chronically online, igrs will be hunted forever 🕺",2040914890861519110,,,en,,0,0,0,https://x.com/AHROOMEE/status/2040914890861519110,26507363,AHROOMEE,18,en,keep_id_anchor,False,also like dont they know gamers dont sleep and are basically chronically online igrs will be hunted forever,[],0,0,107,18,0,4,0,0.3898,0.0089,3,1.0,9.781944444444445,49,0.0,0.0,0.0,0.0,-1,0,0.7019889,0.30603546,-0.5026705,-0.62437046,143,-1,0.0016702547,0,Non-Buzzer
2040869891876790651,2026-04-05 22:07:44+00:00,189,"@ezash ""Justru itu rating IGRS perlu dibikin makin jelas dan rapi"" ya kalau tau belum jelas dan belum rapi jangan main kasih rating. Artinya IGRS gak ngerti game isinya apa tapi main kasih rate. Negara Republik Buzzer.",2040914311116435653,,ezash,in,,0,0,2,https://x.com/yousuffer_why/status/2040914311116435653,1863738210440073216,yousuffer_why,37,id,keep_id_anchor,False,justru itu rating igrs perlu dibikin makin jelas dan rapi ya kalau tau belum jelas dan belum rapi jangan main kasih rating artinya igrs tidak ngerti game isinya apa tapi main kasih rate negara republik buzzer,[],0,1,208,36,0,191,0,0.4943,0.0252,1,1.0,9.743333333333334,49,1.0,0.0,0.0,0.0,1,0,0.86684763,0.4567092,-0.66834664,-0.45218283,144,-1,0.8307365,0,Non-Buzzer
2040684902866411853,2026-04-05 22:06:30+00:00,0,"@RRDelusi Nyoba cek website nya, lakok buri gini logo IGRS-nya wkaowk. Sepele bgt lo ini https://t.co/Xuaz5BbRL1",2040913997638357440,https://pbs.twimg.com/media/HFLIdpRaEAAmeI4.jpg,RRDelusi,in,,0,0,0,https://x.com/_________judd/status/2040913997638357440,288807415,_________judd,20,sw,keep_id_anchor,False,nyoba cek website nya lakok buri gini logo igrs nya wkaowk sepele banget kamu ini,[],0,1,81,15,0,0,1,0.34,0.0065,1,1.0,9.722777777777777,49,1.0,0.0,0.0,0.0,-1,0,0.7704635,0.36395863,0.9160786,0.5505423,145,-1,0.0010844882,0,Non-Buzzer
2040913994664546715,2026-04-05 22:06:29+00:00,1,IGRS G nya Gooner,2040913994664546715,,,in,,0,0,0,https://x.com/Qilogram2420/status/2040913994664546715,1751137428365312000,Qilogram2420,4,tl,keep_id_anchor,False,igrs g nya gooner,[],0,0,17,4,0,1,1,1.0,0.0035,1,1.0,9.7225,49,0.0,0.0,0.0,0.0,0,1,0.93901145,0.3736698,0.05356324,1.5863562,146,-1,0.070742,0,Non-Buzzer
2040913403796169210,2026-04-05 22:04:08+00:00,0,"ini buzzer malah nyalahin steam

sementara game2 bokep di rating igrs jadi 3+

anjing udah ini negara gak sehat, malah nyalahin pihak lain padahal kesalahan igrs sendiri",2040913403796169210,,,in,,0,0,0,https://x.com/MuchBsyrry/status/2040913403796169210,1581689802176356355,MuchBsyrry,27,id,keep_id_anchor,False,ini buzzer malah nyalahin steam sementara game bokep di rating igrs jadi anjing sudah ini negara tidak sehat malah nyalahin pihak lain padahal kesalahan igrs sendiri,[],0,0,165,26,0,0,1,0.3198,0.0184,1,0.5,9.499722222222223,49,0.0,0.0,0.0,0.0,-1,0,0.72800696,0.40387988,0.8356664,-0.84036124,147,-1,0.0077652233,0,Non-Buzzer
2040913085201023231,2026-04-05 22:02:52+00:00,1,"Menurut IGRS, The Sims 4 adalah game yang dilarang dimainkan https://t.co/vfDuNfNiZy",2040913085201023231,https://pbs.twimg.com/media/HFLF45raQAAcwTN.jpg,,in,,0,0,0,https://x.com/AdityaPrasetyo_/status/2040913085201023231,102649128,AdityaPrasetyo_,14,id,keep_id_anchor,False,menurut igrs the sims adalah game yang dilarang dimainkan,[],0,0,57,9,0,1,1,0.7313,0.006,1,1.0,9.662222222222223,49,0.0,0.0,0.0,0.0,-1,0,0.6979971,0.26791957,-0.68962234,-0.14957914,148,-1,0.0012155216,0,Non-Buzzer
2040757110951322044,2026-04-05 21:59:56+00:00,2,@kurawa IGRS really just accused you @Steam of faking game ratings. Lawyer up and sue them into oblivion for every single dollar they have. They should be pushing for charges and jail time too. You can’t just slander a massive global platform like this and expect zero legal consequences,2040912345443254361,,kurawa,en,,0,0,0,https://x.com/Beckerzine/status/2040912345443254361,313215637,Beckerzine,50,en,keep_id_anchor,False,igrs really just accused you of faking game ratings lawyer up and sue them into oblivion for every single dollar they have they should be pushing for charges and jail time too you can t just slander a massive global platform like this and expect zero legal consequences,[],0,1,269,48,0,2,0,0.4041,0.0132,1,1.0,9.613333333333333,29,1.0,0.0,0.0,0.0,-1,0,0.71202075,0.37164778,-0.436063,-0.12977771,149,-1,0.0016318845,0,Non-Buzzer
2040912032317469071,2026-04-05 21:58:41+00:00,0,Malu maluin di kancah Internasional tololll beuudddd IGRS,2040912032317469071,,,in,,0,0,0,https://x.com/pajarsidik_/status/2040912032317469071,333245547,pajarsidik_,8,id,keep_id_anchor,False,malu maluin di kancah internasional tololll beuudddd igrs,[],0,0,57,8,0,0,1,0.4358,0.0029,1,0.5,0.4583333333333333,29,1.0,0.0,0.0,0.0,-1,0,0.704978,0.25573084,1.0567518,0.9500139,150,-1,0.0021517803,0,Non-Buzzer
2040911587192762372,2026-04-05 21:56:55+00:00,0,"IGRS, i know you are so fucking damn idiot but it's beyond idiot. Trash can be recycle but IGRS just waste, polluted the game with something that can't be cure.

Can you just focus on something that you promised loooooong time ago. DELETE ALL ONLINE GAMBLING.",2040911587192762372,,,en,,0,0,0,https://x.com/HabibiFuad/status/2040911587192762372,1361831815,HabibiFuad,48,en,keep_id_anchor,False,igrs i know you are so fucking damn idiot but it s beyond idiot trash can be recycle but igrs just waste polluted the game with something that can t be cure can you just focus on something that you promised loooooong time ago delete all online gambling,[],0,0,252,48,0,0,1,0.3403,0.0123,1,1.0,9.563055555555556,29,0.0,0.0,0.0,0.0,-1,0,0.6651052,0.32433733,0.18202117,-0.44199377,151,-1,0.0023138423,0,Non-Buzzer
2040911360482243019,2026-04-05 21:56:01+00:00,0,"Buat yang penasaran soal status rating IGRS di Steam, ini penjelasan resmi dari Kemkomdigi. Lebih baik simak dulu informasinya supaya lebih jelas Kemkomdigi: Rating Gim di Steam Bukan Rating Resmi, Berpotensi Langgar Ketentuan di Indonesia https://t.co/LdbXZOYxwF https://t.co/a5Isa8UjMT",2040911360482243019,https://pbs.twimg.com/media/HFLGD0HaUAA3M7q.jpg,,in,,0,0,0,https://x.com/EvyNurlaili/status/2040911360482243019,778966932594667522,EvyNurlaili,43,id,keep_id_anchor,False,buat yang penasaran soal status rating igrs di steam ini penjelasan resmi dari kemkomdigi lebih baik simak dulu informasinya supaya lebih jelas kemkomdigi rating game di steam bukan rating resmi berpotensi langgar ketentuan di indonesia,[],0,0,236,35,0,0,1,1.0,0.0137,1,1.0,9.548055555555555,29,0.0,0.0,0.0,0.0,1,1,1.0000001,0.4404381,-0.8784458,-0.032382887,152,-1,0.9113509,1,Buzzer
2040911235403919858,2026-04-05 21:55:31+00:00,0,Insomnia jam 5 pagi buka x niatnya refreshing eh malah disuguhin IGRS 😭,2040911235403919858,,,in,,0,0,0,https://x.com/Trixtar__/status/2040911235403919858,1724274635758538754,Trixtar__,12,id,keep_id_anchor,False,insomnia jam pagi buka x niatnya refreshing eh malah disuguhin igrs,[],0,0,67,11,0,0,1,0.2822,0.0036,1,0.5,9.539722222222222,29,0.0,0.0,0.0,0.0,-1,0,0.6503135,0.1736153,0.886093,0.09908162,153,-1,0.0011926913,0,Non-Buzzer
2040911112456253689,2026-04-05 21:55:02+00:00,0,"Buat yang mengikuti isu IGRS dan sistem rating di Steam, penjelasan resmi sudah dirilis. Silakan cek dulu sebagai referensi awal: https://t.co/0RPAcEQ8zO",2040911112456253689,,,in,,0,0,0,https://x.com/odeng9222/status/2040911112456253689,1715201476203851776,odeng9222,24,id,keep_id_anchor,False,buat yang mengikuti isu igrs dan sistem rating di steam penjelasan resmi sudah dirilis silakan cek dulu sebagai referensi awal,[],0,0,126,20,0,0,1,0.604,0.0153,1,1.0,9.531666666666666,29,0.0,0.0,0.0,0.0,1,0,0.91560125,0.37513924,-0.9743233,0.37917697,154,-1,0.9926319,1,Buzzer
2040910974975365198,2026-04-05 21:54:29+00:00,0,"W Gaben🥰
L IGRS🤬",2040910974975365198,,,ht,,0,0,0,https://x.com/Xhareza/status/2040910974975365198,1663331457929216001,Xhareza,4,de,keep_id_anchor,False,w gaben l igrs,[],0,0,14,4,0,0,1,0.5603,0.0026,1,1.0,9.5225,29,0.0,0.0,0.0,0.0,0,0,0.9024346,0.33033288,0.25674227,1.5420169,155,-1,0.017315837,0,Non-Buzzer
2040910631831064879,2026-04-05 21:53:07+00:00,0,"buzzer2 kntol

lagian igrs tinggal akui kesalahannya kenapa gamau sih? malah sekarang nyudutin steam itu sendiri, 

emg our gov itu isinya orang2 tua bangka yg bisanya nyusahin rakyat sendiri mulu",2040910631831064879,,,in,,0,0,0,https://x.com/MuchBsyrry/status/2040910631831064879,1581689802176356355,MuchBsyrry,30,id,keep_id_anchor,False,buzzer kontol lagian igrs tinggal akui kesalahannya mengapa gamau sih malah sekarang nyudutin steam itu sendiri emg our gov itu isinya orang tua bangka yang bisanya nyusahin rakyat sendiri mulu,[],0,0,193,30,0,0,1,0.2659,0.0129,1,0.5,9.499722222222223,29,0.0,0.0,0.0,0.0,0,0,0.8217305,0.38193294,1.0066091,-0.23891243,156,-1,0.10443085,0,Non-Buzzer
2040909997157257424,2026-04-05 21:50:36+00:00,1,3+ IGRS Rating Be Like: https://t.co/sROvrB3Qr0,2040909997157257424,https://pbs.twimg.com/media/HFLEzQWaUAAI663.jpg,,en,,0,0,0,https://x.com/Rafi09210/status/2040909997157257424,1907800778435440640,Rafi09210,9,de,keep_id_anchor,False,igrs rating be like,[],0,0,19,4,0,1,1,0.4164,0.005,1,0.3333333333333333,5.846111111111111,29,1.0,0.0,0.0,0.0,1,0,0.8789669,0.3245734,-2.867276,1.6326041,157,-1,0.0124265645,0,Non-Buzzer
2040909050171490693,2026-04-05 21:46:50+00:00,0,"Negara lain terlatih kendali drone/rudal lewat game2 fps &amp; 3rd person view sejak dini, sedangkan IGRS @kemkomdigi cuma ngasih game masak2an 🗿 
.
Fix masa depan pasukan kita cocok di dapur SPPG 🥹 gnti loreng senada warna telor, oseng wortel, sama silver ompreng MBG 🍱 https://t.co/QDYdzftIKA",2040909050171490693,https://pbs.twimg.com/media/HFLD9NKaQAAXJHI.jpg,,in,,0,0,0,https://x.com/mudha_asmara/status/2040909050171490693,1449568806,mudha_asmara,46,id,keep_id_anchor,False,negara lain terlatih kendali drone rudal lewat game fps rd person view sejak dini sedangkan igrs cuma ngasih game masak an fix masa depan pasukan kita cocok di dapur sppg gnti loreng senada warna telor oseng wortel sama silver ompreng mbg,[],0,0,238,41,0,0,1,0.3215,0.0074,1,1.0,9.395,29,0.0,0.0,0.0,0.0,-1,0,0.61677885,0.29338023,0.5035989,-0.19172052,158,-1,0.00096576236,0,Non-Buzzer
2040908908563476776,2026-04-05 21:46:16+00:00,0,Apalah IGRS ini ganggu banget orang mau main. Biar apeeee?,2040908908563476776,,,in,,0,0,0,https://x.com/sssssidiq/status/2040908908563476776,1974657803437670400,sssssidiq,10,id,keep_id_anchor,False,apalah igrs ini ganggu banget orang mau main biar apeeee,[],0,0,56,10,0,0,1,0.3968,0.0203,1,1.0,9.385555555555555,29,0.0,0.0,0.0,0.0,0,0,0.81471574,0.3640052,1.4985002,0.1973065,159,-1,0.06551463,0,Non-Buzzer
2040757110951322044,2026-04-05 21:44:55+00:00,0,"@kurawa Sblm igrs pun adem ayem loh, emang tlol aja. Terus evaluasi evaluasi, uda pernah dibahas di tlm beberapa bulan lalu suruh dikaji lebih dalam, pas uda diaplikasikan hasilnya nol 🫪",2040908566794740222,,kurawa,in,,0,0,0,https://x.com/Syarp29/status/2040908566794740222,2160665804,Syarp29,30,id,keep_id_anchor,False,sblm igrs pun adem ayem loh emang tolol aja terus evaluasi evaluasi uda pernah dibahas di tlm beberapa bulan lalu suruh dikaji lebih dalam pas uda diaplikasikan hasilnya nol,[],0,1,173,29,0,0,1,0.2555,0.0068,1,1.0,9.363055555555556,29,1.0,0.0,0.0,0.0,-1,0,0.6931101,0.390865,0.07584272,0.048849553,160,-1,0.0019794097,0,Non-Buzzer
2040907752567160845,2026-04-05 21:41:41+00:00,648,"Oh lu ga bisa ya bantu negara cuci tangan dan gaslighting rakyat you ghoul son of a bitch, Pasal 6 dalam aturan IGRS menyebutkan PENERBIT BOLEH SECARA MANDIRI MELAKUKAN ASESMEN DAN ITU YANG DILAKUKAN STEAM.

MAKANYA KOORDINASY BIKIN ATURAN YANG BENER DASAR PENJILAT PEMERINTAH https://t.co/OFzCRkRCxq",2040907752567160845,https://pbs.twimg.com/media/HFLCx8Mb0AA5TBo.jpg,,in,,1,7,278,https://x.com/tilehopper/status/2040907752567160845,1249662133916192768,tilehopper,48,id,keep_id_anchor,False,oh kamu tidak bisa ya bantu negara cuci tangan dan gaslighting rakyat you ghoul son of a bitch pasal dalam aturan igrs menyebutkan penerbit boleh secara mandiri melakukan asesmen dan itu yang dilakukan steam makanya koordinasy bikin aturan yang benar dasar penjilat pemerintah,[],0,0,276,43,0,934,0,0.3295,0.0163,3,0.6,9.309166666666666,29,2.0,3.0,0.0,0.0,-1,0,0.6338064,0.32200405,0.6320581,-0.08119769,161,-1,0.011638987,0,Non-Buzzer
2040907393530503357,2026-04-05 21:40:15+00:00,0,GELO BUZZER IGRS BANYAK BETOL 😂👍,2040907393530503357,,,in,,0,0,0,https://x.com/IzumoSarut7893/status/2040907393530503357,1671055182233481216,IzumoSarut7893,5,en,keep_id_anchor,False,gelo buzzer igrs banyak betol,[],0,0,29,5,0,0,1,1.0,0.016,1,1.0,9.285277777777777,29,0.0,0.0,0.0,0.0,-1,0,0.7952253,0.23853187,0.7700194,0.48555338,162,-1,0.012555629,0,Non-Buzzer
2040579524979732744,2026-04-05 21:37:21+00:00,0,"@chaaphrodite igrs nii apa sii? kelewatan info, tlg jelaskan dgn bahasa bayi juseyo 🙇",2040906664673792157,,chaaphrodite,in,,0,1,0,https://x.com/cloplerr/status/2040906664673792157,1591491076526743554,cloplerr,13,id,keep_id_anchor,False,igrs nii apa sii kelewatan info tlg jelaskan dengan bahasa bayi juseyo,[],0,1,70,12,0,1,1,0.6214,0.0038,1,1.0,9.236944444444445,29,1.0,1.0,0.0,0.0,-1,0,0.6212541,0.33950913,0.6064278,0.68036556,163,-1,0.0028164617,0,Non-Buzzer
2040637611753320857,2026-04-05 21:36:55+00:00,16,@emyr_za1 Gamer yang ga dukung IGRS perlu dipertanyakan keyahudiannya🇮🇱,2040906556741747001,,emyr_za1,in,,0,0,0,https://x.com/ryoyabunap/status/2040906556741747001,1959135997368975360,ryoyabunap,9,id,keep_id_anchor,False,gamer yang tidak dukung igrs perlu dipertanyakan keyahudiannya,[],0,1,62,8,0,16,0,0.5624,0.0159,1,1.0,9.229722222222222,29,1.0,0.0,0.0,0.0,-1,0,0.7944921,0.34602034,0.49038544,-0.87433124,164,-1,0.019722925,0,Non-Buzzer
2040906403485987243,2026-04-05 21:36:19+00:00,0,Informasi resmi terkait sistem IGRS dan rating gim di Steam sudah dirilis. Yuk baca dulu isinya supaya pandangannya jadi lebih jelas https://t.co/073fR083UQ,2040906403485987243,,,in,,0,0,0,https://x.com/arsiamalia/status/2040906403485987243,2026965292442898432,arsiamalia,25,id,keep_id_anchor,False,informasi resmi terkait sistem igrs dan rating game di steam sudah dirilis yuk baca dulu isinya supaya pandangannya jadi lebih jelas,[],0,0,132,21,0,0,1,0.4566,0.0147,1,1.0,9.219722222222222,29,0.0,0.0,0.0,0.0,1,0,0.92528725,0.43459797,-1.281297,0.15330677,165,-1,0.9822925,1,Buzzer
2040869891876790651,2026-04-05 21:35:12+00:00,0,@lancashire1878_ @ezash Kasi balatro ama clover pit aja bro. (Balatro +3 IGRS btw wkwk),2040906123323248922,,lancashire1878_,in,,0,3,0,https://x.com/farkiw_/status/2040906123323248922,1159993879627624448,farkiw_,14,en,keep_id_anchor,False,kasi balatro sama clover pit aja bro balatro igrs btw wkwk,[],0,1,58,11,0,3,0,0.3754,0.0047,1,1.0,9.20111111111111,29,1.0,0.0,0.0,0.0,-1,0,0.6912768,0.18966362,0.8099111,1.6217363,166,-1,0.0009294535,0,Non-Buzzer
2040905844490186859,2026-04-05 21:34:06+00:00,0,"Buat yang ngikutin rame IGRS &amp; rating gim di Steam, penjelasan resminya ada di sini, boleh jadi bahan baca dulu: https://t.co/YHh9eqmPS2",2040905844490186859,,,in,,0,0,0,https://x.com/MohQym68316/status/2040905844490186859,2027985007986544640,MohQym68316,24,id,keep_id_anchor,False,buat yang ngikutin rame igrs rating game di steam penjelasan resminya ada di sini boleh jadi bahan baca dulu,[],0,0,108,19,0,0,1,0.8088,0.0111,1,1.0,9.182777777777778,29,0.0,0.0,0.0,0.0,1,1,0.9335116,0.48532686,-1.0558133,-0.02851533,167,-1,0.9748122,1,Buzzer
2040905380268831213,2026-04-05 21:32:15+00:00,0,"IGRS ISINYA BOOMER SEMUA, KNTL",2040905380268831213,,,in,,0,0,0,https://x.com/IriandiBudyanto/status/2040905380268831213,1311351780723232769,IriandiBudyanto,5,id,keep_id_anchor,False,igrs isinya boomer semua kontol,[],0,0,31,5,0,0,1,0.6592,0.0074,1,1.0,9.151944444444444,29,0.0,0.0,0.0,0.0,-1,0,0.78024524,0.2743938,1.5223229,0.3430304,168,-1,0.0012155216,0,Non-Buzzer
2040904332305150203,2026-04-05 21:28:05+00:00,1,"Aku setuju banget sih sama IGRS, 
Game Nekopara Volume 4 :
POPULAR USER-DEFINED TAG : SEXUAL CONTENT, HENTAI, NUDITY.
WAHH JELAS INI untuk 3++ tahun

Geometry Dash 
Difficult, Game editor 
ini 18++ tahun

node : kenapa IGRS masukin geometri dash ke kategori game chat.",2040904332305150203,,,in,,0,0,0,https://x.com/dabluewd/status/2040904332305150203,1139140040259334150,dabluewd,42,id,keep_id_anchor,False,aku setuju banget sih sama igrs game nekopara volume popular user defined tag sexual content hentai nudity wahh jelas ini untuk tahun geometry dash difficult game editor ini tahun node mengapa igrs masukin geometri dash ke kategori game chat,[],0,0,241,39,0,1,1,0.5144,0.0056,1,1.0,9.0825,29,0.0,0.0,0.0,0.0,-1,0,0.6951752,0.33408096,-0.25390542,0.23656002,169,-1,0.0024642833,0,Non-Buzzer
2040640511946686843,2026-04-05 21:23:32+00:00,3,"@livingcitysim @kukuhya Lanjut aja mas perkembangan simulator di indo marketnya luas tapi produksi/pemain lokalnya masih dikit, selagi ga melanggar syarat dr igrs aman harusnya",2040903188480655509,,livingcitysim,in,,0,1,0,https://x.com/Asep_Shelby/status/2040903188480655509,1495367265440911366,Asep_Shelby,25,id,keep_id_anchor,False,lanjut aja mas perkembangan simulator di indo marketnya luas tapi produksi pemain lokalnya masih dikit selagi tidak melanggar syarat dari igrs aman harusnya,[],0,1,156,23,0,4,0,0.2976,0.0179,1,1.0,9.006666666666666,29,1.0,0.0,0.0,0.0,-1,0,0.60103583,0.24864587,-0.26910883,-0.32609493,170,-1,0.0022924992,0,Non-Buzzer
2040757110951322044,2026-04-05 21:22:37+00:00,1,"@kurawa Steam melakukan rating palsu trus uang pajak kita yg masuk buat IGRS buat apa dong???????????????????
Bubarin aja ga sih alias ga guna????

Punya kompetensi apa di bidang game stafsus komdigi ini?",2040902954480496745,,kurawa,in,,0,0,0,https://x.com/neitee/status/2040902954480496745,55167470,neitee,32,id,keep_id_anchor,False,steam melakukan rating palsu trus uang pajak kita yang masuk buat igrs buat apa dong bubarin aja tidak sih alias tidak guna punya kompetensi apa di bidang game stafsus komdigi ini,[],0,1,179,31,0,1,1,0.3735,0.0211,1,0.5,4.382777777777778,29,1.0,0.0,0.0,0.0,1,0,0.8036758,0.44772014,-0.114380926,-0.4092729,171,-1,0.5840398,0,Non-Buzzer
2040902939011948748,2026-04-05 21:22:33+00:00,0,"The PC/Steam version of the Blue Archive game cannot be played by players in Indonesia due to IGRS game rating regulations such as the RC (Refused Classification) rating.
https://t.co/3Sm6YK9wqF",2040902939011948748,,,en,,0,0,0,https://x.com/ckfoakas/status/2040902939011948748,1527538063060398080,ckfoakas,33,en,keep_id_anchor,False,the pc steam version of the blue archive game cannot be played by players in indonesia due to igrs game rating regulations such as the rc refused classification rating,[],0,0,167,29,0,0,1,0.367,0.0194,2,1.0,8.898055555555555,29,1.0,0.0,0.0,0.0,-1,0,0.71585107,0.29319468,-1.3628701,-0.45034796,172,-1,0.0019220619,0,Non-Buzzer
2040902768106557834,2026-04-05 21:21:52+00:00,2,"""Steam telah melakukan rating palsu"".

😂😂😂😂😂

Dari dulu steam ngasih keterangan game dengan jelas, lebih percaya steam lah daripada IGRS ngawur..",2040902768106557834,,,in,,0,0,0,https://x.com/YusrilEka411/status/2040902768106557834,1314936178097885185,YusrilEka411,20,id,keep_id_anchor,False,steam telah melakukan rating palsu dari dulu steam ngasih keterangan game dengan jelas lebih percaya steam lah daripada igrs ngawur,[],0,0,131,20,0,2,0,0.5419,0.0077,1,1.0,8.97888888888889,29,0.0,0.0,0.0,0.0,1,0,0.851835,0.34025902,-0.08307981,-1.108572,173,-1,0.2715842,0,Non-Buzzer
2040901834660045259,2026-04-05 21:19:57+00:00,2,"Game Mortal kombat 11 batal dikeluarkan di market Indonesia, karena melanggar aturan lokal di sini.
Tau sendiri fatality di Mortal Kombat seperti apa?
Nah takutnya IGRS juga ke depan akan seperti ini, makin banyak game dicekal buat di edarkan di Indonesia. https://t.co/buBW6c7kW7",2040902284633419905,https://pbs.twimg.com/media/HFK9z0kbAAAFz8A.jpg,tekarok007,in,,0,2,0,https://x.com/tekarok007/status/2040902284633419905,1184695438365974528,tekarok007,45,id,keep_id_anchor,False,game mortal kombat batal dikeluarkan di market indonesia karena melanggar aturan lokal di sini tau sendiri fatality di mortal kombat seperti apa nah takutnya igrs juga ke depan akan seperti ini makin banyak game dicekal buat di edarkan di indonesia,[],0,1,248,40,0,4,0,0.4034,0.0131,2,0.6666666666666666,8.917222222222222,29,0.0,1.0,0.0,0.0,-1,0,0.6486509,0.29406846,0.32707155,-0.63357645,174,-1,0.002225354,0,Non-Buzzer
2040901834660045259,2026-04-05 21:18:10+00:00,10,"Yah karena game itu juga kan aslinya bisa jadi alat propaganda seperti film juga.

Seperti game Concord yang ditarik karena terlalu banyak agenda ""Woke"" akhirnya ditolak user.

Nah kasus IGRS ini mengapa ditolak? Karena mereka ingin ratingnya ikut rating luar negri, bukan ikutan https://t.co/iYxr2ORpib",2040901834660045259,https://pbs.twimg.com/media/HFK9ZyFbwAAvVol.jpg,,in,,0,3,2,https://x.com/tekarok007/status/2040901834660045259,1184695438365974528,tekarok007,47,id,keep_id_anchor,False,yah karena game itu juga kan aslinya bisa jadi alat propaganda seperti film juga seperti game concord yang ditarik karena terlalu banyak agenda woke akhirnya ditolak user nah kasus igrs ini mengapa ditolak karena mereka ingin ratingnya ikut rating luar negri bukan ikutan,[],0,0,271,43,0,15,0,0.4895,0.0101,2,0.6666666666666666,8.917222222222222,29,0.0,1.0,0.0,0.0,-1,0,0.7601621,0.41350472,-0.40911096,-0.9392692,175,-1,0.005488059,0,Non-Buzzer
2040761738715713572,2026-04-05 21:17:01+00:00,9,"@PlaymenID Tadi komunitas genshin Ama zzz udah mulai tau juga Ama masalah igrs ini https://t.co/ZE0M5BPNim
https://t.co/B1cjUtaOrr",2040901548017111161,,PlaymenID,in,,0,0,0,https://x.com/ckfoakas/status/2040901548017111161,1527538063060398080,ckfoakas,22,id,keep_id_anchor,False,tadi komunitas genshin sama zzz sudah mulai tau juga sama masalah igrs ini,[],0,1,74,13,0,9,0,0.5638,0.0052,2,1.0,8.898055555555555,29,1.0,0.0,0.0,0.0,-1,0,0.62683237,0.32856023,0.57213026,0.08512032,176,-1,0.0025571305,0,Non-Buzzer
2040900644274634982,2026-04-05 21:13:26+00:00,0,"SIARAN PERS
​Menanggapi diskusi publik terkait IGRS &amp; sistem rating gim di Steam, Pnjlsan resmi mengenai kesesuaian regulasi trsbt dg ktntun hkm di Indonesia. Sgt disarankan tuk menyimak informasi lengkap lebih dl guna mndapatkn perspektif yg menyeluruh:
​https://t.co/wm3rHweS6F",2040900644274634982,,,in,,0,0,0,https://x.com/rosyidsmile_net/status/2040900644274634982,229233321,rosyidsmile_net,41,id,keep_id_anchor,False,siaran pers menanggapi diskusi publik terkait igrs sistem rating game di steam pnjlsan resmi mengenai kesesuaian regulasi trsbt dg ktntun hkm di indonesia sgt disarankan tuk menyimak informasi lengkap lebih dl guna mndapatkn perspektif yang menyeluruh,[],0,0,251,36,0,0,1,0.3969,0.0232,1,1.0,8.838333333333333,29,0.0,0.0,0.0,0.0,1,0,0.82882077,0.37234017,-0.6743594,-0.11353978,177,-1,0.043479748,0,Non-Buzzer
2040900269324824649,2026-04-05 21:13:23+00:00,0,Gue mainin ini game malah berujung mata bengkak yeee nangis coy gileee alurnya bagus. Malah kena sikat juga sama igrs. Gak jelas wallahi,2040900634359312638,,dadarkeju,in,,0,0,0,https://x.com/dadarkeju/status/2040900634359312638,2642781120,dadarkeju,23,id,keep_id_anchor,False,saya mainin ini game malah berujung mata bengkak yeee nangis coy gileee alurnya bagus malah kena sikat juga sama igrs tidak jelas wallahi,[],0,1,137,23,0,0,1,0.3546,0.016,1,1.0,8.8375,29,0.0,0.0,0.0,0.0,-1,0,0.6781084,0.33080423,0.90593916,-0.16633125,178,-1,0.0035310558,0,Non-Buzzer
2040601527241626092,2026-04-05 21:10:21+00:00,2,"@Otaku_Anime_Ind Igrs review nuktashi:"" oh ini game baik buat anak anak mengajarka car berinteraksi dengan lawan jenis ""

Igrs review A space for the u bound: "" game apa ini? Ini game khayalan nya terlalu liar,manusia sehat ga mungkin bisa berhayal se liar ini,berarti make obat nih karakternya """,2040899868823376171,,Otaku_Anime_Ind,in,,0,0,0,https://x.com/Mercatman_/status/2040899868823376171,853495002499907584,Mercatman_,48,id,keep_id_anchor,False,igrs review nuktashi oh ini game baik buat anak anak mengajarka car berinteraksi dengan lawan jenis igrs review a space for the u bound game apa ini ini game khayalan nya terlalu liar manusia sehat tidak mungkin bisa berhayal se liar ini berarti make obat ini karakternya,[],0,1,271,47,0,2,0,0.3949,0.0184,1,0.5,3.2380555555555555,29,2.0,0.0,0.0,0.0,-1,0,0.7550508,0.35127366,-0.07971886,-0.42094725,179,-1,0.0058605494,0,Non-Buzzer
2040677319422173478,2026-04-05 20:57:51+00:00,5,@haisayahaisa Itu head team IGRS loh ya 😹,2040896721480499505,,haisayahaisa,in,,0,0,0,https://x.com/lancashire1878_/status/2040896721480499505,1629982821812166656,lancashire1878_,7,id,keep_id_anchor,False,itu head team igrs loh ya,[],0,1,25,6,0,5,0,0.3881,0.0026,1,1.0,8.578611111111112,16,1.0,1.0,0.0,0.0,-1,0,0.7050584,0.29972127,1.0974786,0.46120054,180,-1,0.0010948871,0,Non-Buzzer
2040895788944183713,2026-04-05 20:54:08+00:00,0,IGRS JUMP BOAT,2040895788944183713,,,en,,0,0,0,https://x.com/Cyanbluuu_/status/2040895788944183713,1990418260475691008,Cyanbluuu_,3,id,keep_id_anchor,False,igrs jump boat,[],0,0,14,3,0,0,1,0.0,0.0,1,1.0,8.516666666666667,16,0.0,0.0,0.0,0.0,-1,0,0.7300024,0.16654699,-0.6923158,1.9789876,181,-1,0.0008857602,0,Non-Buzzer
2040895722930000008,2026-04-05 20:53:53+00:00,0,org2 lbh percaya steam drpd igrs mas bffr,2040895722930000008,,,in,,0,0,0,https://x.com/_16553/status/2040895722930000008,1141216999206313984,_16553,8,en,keep_id_anchor,False,orang lbh percaya steam drpd igrs mas bffr,[],0,0,42,8,0,0,1,0.4264,0.0089,1,1.0,8.5125,16,0.0,0.0,0.0,0.0,-1,0,0.64282966,0.28041682,0.2467961,0.3753517,182,-1,0.0015960003,0,Non-Buzzer
2040894495164891512,2026-04-05 20:49:00+00:00,1,"cok… masalah igrs ini pun ada buzzernya anjngggg wkakwkaka.

kata kuncinya “gamer, developer, dan pemerintah sama2 punya kepentingan”, “dialog”, “diskusi”, dan “meluruskan”",2040894495164891512,,,in,,0,0,0,https://x.com/kyobiiii/status/2040894495164891512,1612515222773968898,kyobiiii,22,id,keep_id_anchor,False,cok masalah igrs ini pun ada buzzernya anjngggg wkakwkaka kata kuncinya gamer developer dan pemerintah sama punya kepentingan dialog diskusi dan meluruskan,[],0,0,155,22,0,1,1,0.4015,0.0092,1,1.0,8.431111111111111,16,0.0,0.0,0.0,0.0,-1,0,0.7068049,0.36730772,0.066885754,-0.43587843,183,-1,0.0012730713,0,Non-Buzzer
2040894355767185667,2026-04-05 20:48:27+00:00,8537,mereka ga tau kayanya ya kalau komunitas game itu tight knit banget dan ngecek apa-apa ke satu sama lain via banyak jalur itu gampang. bakal kebongkar semua ini ngibul-ngibulnya. malapetaka humas banget IGRS ini,2040894355767185667,,,in,,28,47,2042,https://x.com/wordfangs/status/2040894355767185667,185639687,wordfangs,36,id,keep_id_anchor,False,mereka tidak tau kayanya ya kalau komunitas game itu tight knit banget dan ngecek apa apa ke satu sama lain via banyak jalur itu gampang bakal kebongkar semua ini ngibul ngibulnya malapetaka humas banget igrs ini,[],0,0,212,36,0,10654,0,0.3846,0.0112,1,1.0,8.421944444444444,16,0.0,5.0,0.0,0.0,-1,0,0.6982905,0.2504536,1.0009812,-1.2373507,184,-1,0.0017862243,0,Non-Buzzer
2040893499634246106,2026-04-05 20:45:02+00:00,0,"IGRS Iki opo
instagram Rumah Sakit ta?",2040893499634246106,,,in,,0,0,0,https://x.com/Cak_Alail/status/2040893499634246106,746695061451071488,Cak_Alail,7,id,keep_id_anchor,False,igrs iki opo instagram rumah sakit ta,[],0,0,37,7,0,0,1,0.4223,0.001,1,1.0,8.365,16,0.0,0.0,0.0,0.0,-1,0,0.5213579,0.18130217,0.5254773,1.691413,185,-1,0.0012609421,0,Non-Buzzer
2040792704175513733,2026-04-05 20:43:57+00:00,3,@maiemi51alt @GenshinUniverse iarc and igrs is different. international is not indonesia,2040893225003778507,,maiemi51alt,en,,0,1,0,https://x.com/yorha_y0/status/2040893225003778507,2025126312155959296,yorha_y0,11,en,keep_id_anchor,False,iarc and igrs is different international is not indonesia,[],0,1,57,9,0,4,0,0.4947,0.0151,1,1.0,8.346944444444444,16,1.0,0.0,0.0,0.0,-1,0,0.6963893,0.16258416,-0.9341361,1.4331495,186,-1,0.0091498755,0,Non-Buzzer
2040891958961594422,2026-04-05 20:38:55+00:00,0,"wkwkwkwk lucu bgt si bro, ketauan bgt gk pernah liat steam. bisa-bisanya bilang ngasih rating palsu dan bilang meresahkan publik, gua rasa yg meresahkan publik malah rating amburadul IGRS kali wkwkwk. rating steam gua yakin udh ngikut pegi ato esrb",2040891958961594422,,,in,,0,0,0,https://x.com/futuretecnokrat/status/2040891958961594422,1247819541964451840,futuretecnokrat,41,id,keep_id_anchor,False,wkwkwkwk lucu banget si bro ketauan banget gk pernah liat steam bisa bisanya bilang ngasih rating palsu dan bilang meresahkan publik saya rasa yang meresahkan publik malah rating amburadul igrs kali wkwkwk rating steam saya yakin sudah ngikut pegi ato esrb,[],0,0,256,41,0,0,1,0.2637,0.0133,1,1.0,8.263055555555555,16,0.0,0.0,0.0,0.0,1,0,0.8228543,0.3815567,0.5822716,-0.40207386,187,-1,0.058828663,0,Non-Buzzer
2040891841873387556,2026-04-05 20:38:27+00:00,0,We got IGRS before GTA release😮‍💨,2040891841873387556,,,en,,0,0,0,https://x.com/aliffurqonasdya/status/2040891841873387556,914405286,aliffurqonasdya,6,en,keep_id_anchor,False,we got igrs before gta release,[],0,0,30,6,0,0,1,0.4298,0.0043,1,1.0,8.255277777777778,16,0.0,0.0,0.0,0.0,-1,0,0.685973,0.25022292,-1.6199455,1.7869866,188,-1,0.0015833082,0,Non-Buzzer
2040891809799549318,2026-04-05 20:38:20+00:00,0,"Kalau lagi ngikutin diskusi tentang IGRS, mungkin bisa lihat dulu penjelasan resminya di sini sebelum ambil kesimpulan:
https://t.co/JV2vb9YkP3",2040891809799549318,,,in,,0,0,0,https://x.com/rahmi_syahid/status/2040891809799549318,1357625909423968257,rahmi_syahid,21,id,keep_id_anchor,False,kalau lagi ngikutin diskusi tentang igrs mungkin bisa lihat dulu penjelasan resminya di sini sebelum ambil kesimpulan,[],0,0,117,17,0,0,1,0.7613,0.0103,1,1.0,8.253333333333334,16,0.0,0.0,0.0,0.0,-1,0,0.782068,0.34996298,-0.26941928,0.35913426,189,-1,0.0025235957,0,Non-Buzzer
2040890687038902297,2026-04-05 20:33:52+00:00,0,"Penasaran gw, rating hsr, zzz, genshin, hi3, wuwa, dan games2 sejenis nya kena berapa di igrs ya?",2040890687038902297,,,in,,0,0,0,https://x.com/Zee_Takegami59/status/2040890687038902297,1576735716,Zee_Takegami59,17,id,keep_id_anchor,False,penasaran saya rating hsr zzz genshin hi wuwa dan games sejenis nya kena berapa di igrs ya,[],0,0,90,17,0,0,1,0.5638,0.0057,1,1.0,8.178888888888888,16,0.0,0.0,0.0,0.0,-1,0,0.78777415,0.37624684,-0.9755878,0.35020816,190,-1,0.0027726225,0,Non-Buzzer
2040890262554313127,2026-04-05 20:32:11+00:00,25,"Steam hanya input rating dari third party providers macam PEGI dan ESRB

IGRS termasuk third party provider (regional compliance) yang punya basis rating sendiri

Jadi kalo ada incorrect rating ya salah provider yang ngasih data prematur, bukan Steam",2040890262554313127,,,in,,0,1,6,https://x.com/fialamsyah/status/2040890262554313127,1687770055,fialamsyah,38,id,keep_id_anchor,False,steam hanya input rating dari third party providers macam pegi dan esrb igrs termasuk third party provider regional compliance yang punya basis rating sendiri jadi kalau ada incorrect rating ya salah provider yang ngasih data prematur bukan steam,[],0,0,246,38,0,32,0,0.4221,0.0148,1,1.0,8.150833333333333,16,0.0,0.0,0.0,0.0,-1,0,0.71860814,0.28611785,-1.2979624,-0.16068237,191,-1,0.0048326245,0,Non-Buzzer
2040889015063441714,2026-04-05 20:27:13+00:00,4,"Sudah ada rating dari PEGI dan ESRB yang sudah lama, jelas dan tersedia untuk umum... malah buang2 anggaran bikin IGRS yang ga jelas. Padahal sebenarnya tinggal tingkatkan literatur aja supaya paham batasan game sesuai umur.
Segampang itu https://t.co/VV6rrE58oH",2040889015063441714,https://pbs.twimg.com/media/HFKxvY_aIAA6RG-.jpg,,in,,0,0,0,https://x.com/KrispyWater5/status/2040889015063441714,1637141057082368000,KrispyWater5,41,id,keep_id_anchor,False,sudah ada rating dari pegi dan esrb yang sudah lama jelas dan tersedia untuk umum malah buang anggaran bikin igrs yang tidak jelas padahal sebenarnya tinggal tingkatkan literatur aja supaya paham batasan game sesuai umur segampang itu,[],0,0,234,37,0,4,0,0.3036,0.0168,1,1.0,8.068055555555556,16,0.0,0.0,0.0,0.0,-1,0,0.7623521,0.42753628,-0.5336741,-0.97146106,192,-1,0.0033324033,0,Non-Buzzer
2040887763474727212,2026-04-05 20:22:15+00:00,1,"Kalo mereka buat sistem nya pake AI, fuck IGRS",2040887763474727212,,,in,,0,0,0,https://x.com/esp_sevens/status/2040887763474727212,1703315934541496320,esp_sevens,9,id,keep_id_anchor,False,kalau mereka buat sistem nya pake ai fuck igrs,[],0,0,46,9,0,1,1,0.4866,0.0113,1,1.0,7.985277777777778,16,0.0,0.0,0.0,0.0,-1,0,0.6587075,0.3752161,0.7196594,0.26309103,193,-1,0.009972665,0,Non-Buzzer
2040887538639085662,2026-04-05 20:21:21+00:00,1,"Muak sama berita IGRS :"") kaga ada gitu berita yang lebih bagus lagi? Kekk ppn pas beli Game berkurang gitu? Elah gini amat wni 😭👍🏻 negara gonjang ganjing, game gua pun disenggol. Mending senggol judol sana kocak. Jangan senggol dunia game gua dong.",2040887538639085662,,,in,,0,0,0,https://x.com/AlxndrieJeremia/status/2040887538639085662,819773268190052353,AlxndrieJeremia,41,id,keep_id_anchor,False,muak sama berita igrs kaga ada gitu berita yang lebih bagus lagi kekk ppn pas beli game berkurang gitu elah gini amat wni negara gonjang ganjing game saya pun disenggol mending senggol judol sana kocak jangan senggol dunia game saya dong,[],0,0,237,41,0,1,1,0.3162,0.0137,1,1.0,7.970277777777778,16,0.0,0.0,0.0,0.0,-1,0,0.7229552,0.35941187,0.89762104,-0.58016837,194,-1,0.0013162663,0,Non-Buzzer
2040641664084328670,2026-04-05 20:00:24+00:00,0,@safenetvoice @kemkomdigi Secara ga langsung Komdongo dan Igrs mengajak kita untuk kembali bertani. Yuk nabung buat beli PC khusus bertani. 😇,2040882265035796642,,safenetvoice,in,,0,0,0,https://x.com/suirets/status/2040882265035796642,101384201,suirets,20,id,keep_id_anchor,False,secara tidak langsung komdongo dan igrs mengajak kita untuk kembali bertani yuk nabung buat beli pc khusus bertani,[],0,1,114,18,0,0,1,0.5767,0.0126,2,0.6666666666666666,7.243888888888889,16,3.0,0.0,0.0,0.0,-1,0,0.5318705,0.23380123,0.83186245,0.33759433,195,-1,0.008684594,0,Non-Buzzer
2040757110951322044,2026-04-05 19:56:48+00:00,0,@kurawa Steam salah? SISTEM RATING IGRS MU DLU YG KUDU DIBENERIN!!,2040881360588730616,,kurawa,in,,0,0,0,https://x.com/shimoneta1601/status/2040881360588730616,1259196185614532608,shimoneta1601,11,id,keep_id_anchor,False,steam salah sistem rating igrs mu dlu yang kudu dibenerin,[],0,1,57,10,0,0,1,0.3283,0.0101,1,1.0,7.561111111111111,25,1.0,0.0,0.0,0.0,1,0,0.84979534,0.44123536,0.016984342,0.06234647,196,-1,0.24425763,0,Non-Buzzer
2040881315390853587,2026-04-05 19:56:37+00:00,0,igrs haters EA keknya,2040881315390853587,,,in,,0,0,0,https://x.com/eepytome/status/2040881315390853587,1812838699622912000,eepytome,4,hu,keep_id_anchor,False,igrs haters ea keknya,[],0,0,21,4,0,0,1,0.6121,0.0015,1,1.0,7.558055555555556,25,0.0,0.0,0.0,0.0,-1,0,0.5976577,0.1541404,0.6141542,0.74741477,197,-1,0.0012015136,0,Non-Buzzer
2040634554009158040,2026-04-05 19:56:33+00:00,3,"@virtualballers Lebih ironisnya, setiap kita beli game original di steam itu kena pajak loh. Secara ga langsung kita membantu Komdongo dan IGRS. Secara ga langsung kita diminta kembali bertani ga sih? :/",2040881296294248622,,virtualballers,in,,0,0,0,https://x.com/suirets/status/2040881296294248622,101384201,suirets,31,id,keep_id_anchor,False,lebih ironisnya setiap kita beli game original di steam itu kena pajak loh secara tidak langsung kita membantu komdongo dan igrs secara tidak langsung kita diminta kembali bertani tidak sih,[],0,1,189,30,0,3,0,0.5767,0.0244,2,0.6666666666666666,7.243888888888889,25,3.0,0.0,0.0,0.0,-1,0,0.7611474,0.33025363,0.60682577,-1.0865473,198,-1,0.020217365,0,Non-Buzzer
2040880253229551720,2026-04-05 19:52:24+00:00,0,Drama igrs disengaja oleh pihak pemerintahan. Tes ombak siapa yg vocal,2040880253229551720,,,in,,0,0,0,https://x.com/yossaa_/status/2040880253229551720,1299612884,yossaa_,11,id,keep_id_anchor,False,drama igrs disengaja oleh pihak pemerintahan tes ombak siapa yang vocal,[],0,0,71,11,0,0,1,0.3882,0.0009,1,1.0,7.487777777777778,25,0.0,0.0,0.0,0.0,-1,0,0.5272947,0.2783543,0.025662836,0.6879416,199,-1,0.0009921489,0,Non-Buzzer
2040880167703531636,2026-04-05 19:52:04+00:00,0,igrs ngajarin maen hentong sejak dini anjeng,2040880167703531636,,,in,,0,0,0,https://x.com/pathethickidd/status/2040880167703531636,769719858321686528,pathethickidd,7,id,keep_id_anchor,False,igrs ngajarin maen hentong sejak dini anjeng,[],0,0,44,7,0,0,1,0.258,0.0016,2,1.0,7.186111111111111,25,0.0,0.0,0.0,0.0,-1,0,0.66768813,0.19616745,1.4721767,0.56257105,200,-1,0.0008982466,0,Non-Buzzer
2040879945904214273,2026-04-05 19:51:11+00:00,0,Ditambah game2 LN hentai jugaa dapet rating 3+ oleh igrs,2040879945904214273,,,in,,0,0,0,https://x.com/mhn_ziziz/status/2040879945904214273,985310141393256448,mhn_ziziz,10,id,keep_id_anchor,False,ditambah game ln hentai jugaa dapet rating oleh igrs,[],0,0,52,9,0,0,1,0.4754,0.004,1,1.0,7.4675,25,0.0,0.0,0.0,0.0,-1,0,0.78618395,0.37630263,-1.2771237,0.66664386,201,-1,0.002116228,0,Non-Buzzer
2040877710164316398,2026-04-05 19:42:18+00:00,0,"gw lagi nunggu streamers gaming indo pada bersuara soal igrs ini, they have a BIG influence, loh...",2040877710164316398,,,in,,0,1,0,https://x.com/pretzelsyy/status/2040877710164316398,1637512151039614976,pretzelsyy,17,en,keep_id_anchor,False,saya lagi nunggu streamers gaming indo pada bersuara soal igrs ini they have a big influence loh,[],0,0,96,17,0,1,1,0.3108,0.0073,1,1.0,7.319444444444445,25,0.0,0.0,0.0,0.0,-1,0,0.78704226,0.31840423,-0.09820211,0.032267783,202,-1,0.0009249283,0,Non-Buzzer
2040866603336970413,2026-04-05 19:37:46+00:00,91,"@mhuseinali Buzzer udah dapat instruksi nih kayaknya. Tujuan jelas, lempar kesalahan ke orang lain dan moving goal post. Terus desak perbaikan di tubuh IGRS! Sekarang hanya berhenti di game saja, tapi kedepannya ini bisa merembet ke anime / manga juga.",2040876571142365201,,mhuseinali,in,,0,0,7,https://x.com/suirets/status/2040876571142365201,101384201,suirets,39,id,keep_id_anchor,False,buzzer sudah dapat instruksi ini kayaknya tujuan jelas lempar kesalahan ke orang lain dan moving goal post terus desak perbaikan di tubuh igrs sekarang hanya berhenti di game saja tapi kedepannya ini bisa merembet ke anime manga juga,[],0,1,233,38,0,98,0,0.3456,0.013,2,0.6666666666666666,7.243888888888889,25,3.0,0.0,0.0,0.0,-1,0,0.6278293,0.35914844,-0.023607004,-0.027730972,203,-1,0.005182758,0,Non-Buzzer
2040875697804280019,2026-04-05 19:34:18+00:00,0,IGRS tolol anjing,2040875697804280019,,,in,,0,0,0,https://x.com/pathethickidd/status/2040875697804280019,769719858321686528,pathethickidd,3,hr,keep_id_anchor,False,igrs tolol anjing,[],0,0,17,3,0,0,1,0.6794,0.0106,2,1.0,7.186111111111111,25,0.0,0.0,0.0,0.0,6,0,0.8338208,0.3012249,1.0461832,1.5285594,204,-1,0.0153760305,0,Non-Buzzer
2040730989740339579,2026-04-05 19:26:31+00:00,1,"@kerissakti berarti yg udah isi secara mandiri di Steam harusnya udh otomatis dapet rating yg sesuai IGRS kan bang?
tapi kenapa yg katanya game2 yg kategorinya ""salah"" kok bisa di nilai duluan?
udah gitu nyalahin Steam lagi.
Prioritas mereka dimana? ABS kah?",2040873740213645455,,kerissakti,in,,0,0,0,https://x.com/nonmicin_/status/2040873740213645455,1909862789822459904,nonmicin_,42,id,keep_id_anchor,False,berarti yang sudah isi secara mandiri di steam harusnya sudah otomatis dapet rating yang sesuai igrs kan bang tapi mengapa yang katanya game yang kategorinya salah kok bisa di nilai duluan sudah gitu nyalahin steam lagi prioritas mereka dimana abs kah,[],0,1,251,41,0,1,1,0.2801,0.0128,1,1.0,7.056388888888889,25,1.0,0.0,0.0,0.0,1,0,0.85538673,0.42627785,-0.47440368,-1.1907282,205,-1,0.09523687,0,Non-Buzzer
2040873434775965871,2026-04-05 19:25:19+00:00,0,"Buat yang ngikutin ramenya IGRS &amp; rating gim di Steam, sebelum berdebat baiknya baca penjelasan resminya dulu ya..
https://t.co/NPrgHwDRAw",2040873434775965871,,,in,,0,0,0,https://x.com/delik_store/status/2040873434775965871,732576888619556864,delik_store,22,id,keep_id_anchor,False,buat yang ngikutin ramenya igrs rating game di steam sebelum berdebat baiknya baca penjelasan resminya dulu ya,[],0,0,110,17,0,0,1,0.4159,0.0109,1,1.0,7.036388888888889,25,0.0,0.0,0.0,0.0,1,0,0.90917313,0.51997256,-0.21784736,-0.21780287,206,-1,0.97233486,1,Buzzer
2040723293934858337,2026-04-05 19:23:59+00:00,0,"@toshibatv_id ketika brand TV sampe ngomongin masalah igrs, emang igrs ini sangat bermasalah",2040873099688812556,,toshibatv_id,in,,0,0,0,https://x.com/wWinecell/status/2040873099688812556,1689236571755843584,wWinecell,13,id,keep_id_anchor,False,ketika brand tv sampe ngomongin masalah igrs emang igrs ini sangat bermasalah,[],0,1,77,12,0,0,1,0.4656,0.0067,1,1.0,7.014166666666667,25,1.0,0.0,0.0,0.0,-1,0,0.65603423,0.30776337,0.78613144,-0.7523561,207,-1,0.0016327245,0,Non-Buzzer
2040871870808076677,2026-04-05 19:19:06+00:00,0,"Persona 5 and 4 penyiksa brutal??? 
PEAK dianggap vulgar?

apasih?! blm tau alur cerita/gamenya gmn kek berasa main2 taro. Ya IGRS Hampir semua game vulgar di 3+. ""But WHY"", let me guess? you like yaa? WKWKWK

""Go Find Yourself""

My fav game TSDS and metal solid di ""merahin"" 🥲",2040871870808076677,,,in,,0,0,0,https://x.com/naarawikuY/status/2040871870808076677,1598865445477441536,naarawikuY,49,id,keep_id_anchor,False,persona and penyiksa brutal peak dianggap vulgar apasih belum tau alur cerita gamenya gmn kek berasa main taro ya igrs hampir semua game vulgar di but why let me guess you like yaa wkwkwk go find yourself my fav game tsds and metal solid di merahin,[],0,0,248,46,0,0,1,0.2618,0.016,1,1.0,6.932777777777778,25,0.0,0.0,0.0,0.0,-1,0,0.7280106,0.30446723,0.78805286,0.3354935,208,-1,0.0040544556,0,Non-Buzzer
2040871713978908698,2026-04-05 19:18:28+00:00,0,IGRS apaan lagi ini? Gua tinggal motoran bentar ada aja kelakuan @kemkomdigi,2040871713978908698,,,in,,0,1,0,https://x.com/markucal/status/2040871713978908698,105848286,markucal,12,id,keep_id_anchor,False,igrs apaan lagi ini saya tinggal motoran bentar ada aja kelakuan,[],0,0,64,11,0,1,1,0.776,0.003,1,1.0,6.9222222222222225,25,0.0,0.0,0.0,0.0,-1,0,0.64897674,0.18998855,1.6609423,0.042782027,209,-1,0.0011330314,0,Non-Buzzer
2040871389658554865,2026-04-05 19:17:11+00:00,0,"Uda gw was was dari dulu... Kalo rating ya rating aja anjeng.. ngapain blokir blokir

IGRS kntl https://t.co/MpEoz9cIW8",2040871389658554865,https://pbs.twimg.com/media/HFKhtrcboAAcrNC.jpg,,in,,0,0,0,https://x.com/gygaamerta/status/2040871389658554865,1583807618539061248,gygaamerta,21,id,keep_id_anchor,False,uda saya was was dari dulu kalau rating ya rating aja anjeng ngapain blokir blokir igrs kontol,[],0,0,94,17,0,0,1,0.5047,0.0068,1,0.5,6.378611111111111,25,0.0,0.0,0.0,0.0,-1,0,0.7661372,0.3775575,0.30275905,0.69675255,210,-1,0.003997249,0,Non-Buzzer
2040757110951322044,2026-04-05 19:13:55+00:00,88,"@kurawa Argumen paling plenger yang pernah saya baca.

1. ESRB itu jauh lebih tua ketimbang IGRS-nya Komdigi dan udah lama dijadikan patokan global.

2. Kalo Steam membuat rating palsu, harusnya semua game dibikin 3+ biar semua bisa beli.

Nalar itu dipake mas, kamu udah tua kan?",2040870567579099343,,kurawa,in,,0,2,9,https://x.com/FarrelFranqois/status/2040870567579099343,871553148,FarrelFranqois,47,id,keep_id_anchor,False,argumen paling plenger yang pernah saya baca esrb itu jauh lebih tua ketimbang igrs nya komdigi dan sudah lama dijadikan patokan global kalau steam membuat rating palsu harusnya semua game dibikin biar semua bisa beli nalar itu dipake mas kamu sudah tua kan,[],0,1,257,43,0,99,0,0.2417,0.0144,1,1.0,6.846388888888889,25,1.0,0.0,0.0,0.0,-1,0,0.73846906,0.42045292,0.23211779,-0.74116874,211,-1,0.0018358573,0,Non-Buzzer
2040870544334283141,2026-04-05 19:13:49+00:00,0,"Apa hrs gw bikin game judol simulator, lalu bang windah main di yutubnya, habis itu komdigi mau ngeblokir game nya tapi karena bang windah belom namatin gamenya, kantor komdigi di grebek bocil kematian, lalu ketua komdigi digantikan bang windah, habis itu bang windah cancel IGRS",2040870544334283141,,,in,,0,0,0,https://x.com/Apanjelio/status/2040870544334283141,1678309038461976577,Apanjelio,45,id,keep_id_anchor,False,apa hrs saya bikin game judol simulator lalu bang windah main di yutubnya habis itu komdigi mau ngeblokir game nya tapi karena bang windah belum namatin gamenya kantor komdigi di grebek bocil kematian lalu ketua komdigi digantikan bang windah habis itu bang windah cancel igrs,[],0,0,276,45,0,0,1,0.4953,0.0147,1,1.0,6.844722222222222,25,0.0,0.0,0.0,0.0,-1,0,0.6872366,0.31864604,0.5714914,0.0870743,212,-1,0.012306425,0,Non-Buzzer
2040870432467800429,2026-04-05 19:13:23+00:00,0,"🤬 ""GTA and erotica are now for kids?"" — Indonesian gamers react to bizarre new age ratings

Indonesia has launched an updated government rating system, IGRS — and the results are… very questionable.

Some of the strangest ratings:
— A controversial visual novel about a ""horny https://t.co/BitmQ1gSPn",2040870432467800429,https://pbs.twimg.com/media/HFKg0JdbMAAUD4-.jpg,,en,,0,0,0,https://x.com/VGTimes/status/2040870432467800429,293649943,VGTimes,46,en,keep_id_anchor,False,gta and erotica are now for kids indonesian gamers react to bizarre new age ratings indonesia has launched an updated government rating system igrs and the results are very questionable some of the strangest ratings a controversial visual novel about a horny,[],0,0,258,42,0,0,1,0.2763,0.0192,1,1.0,6.8375,25,0.0,0.0,0.0,0.0,-1,0,0.7539524,0.35349065,-1.2945808,0.24952462,213,-1,0.0017397245,0,Non-Buzzer
2040869715892224106,2026-04-05 19:10:32+00:00,0,"Indonesia Game Rating System (IGRS) di sejumlah game platform Steam bukan hasil klasifikasi resmi yang diverifikasi oleh pemerintah Indonesia?

Penjelasan/siaran pers resmi tentang IGRS &amp; rating gim di Steam, berikut info lebih lanjut, simak baik baik!
https://t.co/8XTuYCZJTK",2040869715892224106,,,in,,0,0,0,https://x.com/dapa442/status/2040869715892224106,1635908833636646912,dapa442,41,id,keep_id_anchor,False,indonesia game rating system igrs di sejumlah game platform steam bukan hasil klasifikasi resmi yang diverifikasi oleh pemerintah indonesia penjelasan siaran pers resmi tentang igrs rating game di steam berikut info lebih lanjut simak baik baik,[],0,0,244,36,0,0,1,0.5715,0.0295,1,1.0,6.79,25,0.0,0.0,0.0,0.0,1,0,0.9086136,0.40997842,-1.8659286,0.21035649,214,-1,0.98518616,1,Buzzer
2040685239228653915,2026-04-05 19:09:43+00:00,0,"@Diana0911097595 sudah ada ratingnya di steam
nggak perlu pakai igrs yang malah bikin kacau
nggak usah sok keminter kau buzzer https://t.co/36tX0NTjl0",2040869510165705162,https://pbs.twimg.com/tweet_video_thumb/HFKf_4MbQAEkk-Q.jpg,Diana0911097595,in,,0,0,0,https://x.com/black_k00k33/status/2040869510165705162,2032221811849773056,black_k00k33,24,id,keep_id_anchor,False,sudah ada ratingnya di steam tidak perlu pakai igrs yang malah bikin kacau tidak usah sok keminter kau buzzer,[],0,1,109,19,0,0,1,0.3652,0.0255,1,1.0,6.776388888888889,25,1.0,0.0,0.0,0.0,1,0,0.8437987,0.37291616,0.02265836,-0.42389148,215,-1,0.034574047,0,Non-Buzzer
2040869463629918682,2026-04-05 19:09:32+00:00,0,"perihal ini IGRS aja pake buzzer. gilaaaa. budaya pemerintah indonesia tuh kalo ga korup, sewa buzzer. nice.",2040869463629918682,,,in,,0,0,0,https://x.com/feromonguy/status/2040869463629918682,1932078769940086784,feromonguy,17,id,keep_id_anchor,False,perihal ini igrs aja pake buzzer gilaaaa budaya pemerintah indonesia itu kalau tidak korup sewa buzzer nice,[],0,0,107,17,0,0,1,0.4797,0.0213,1,1.0,6.773333333333333,25,0.0,0.0,0.0,0.0,-1,0,0.69947815,0.2451535,1.227922,0.16941243,216,-1,0.0027502482,0,Non-Buzzer
2040695307663818815,2026-04-05 19:08:58+00:00,1,@gacchand Gua lebih percaya orang-orang dari valve daripada orang-orang yang sekarang ada di IGRS dan KOMDIGI,2040869322978099583,,gacchand,in,,0,1,0,https://x.com/DaunBawang17/status/2040869322978099583,1081347003106222080,DaunBawang17,18,id,keep_id_anchor,False,saya lebih percaya orang orang dari valve daripada orang orang yang sekarang ada di igrs dan komdigi,[],0,1,100,17,0,2,0,0.4605,0.0168,1,1.0,6.763888888888889,25,1.0,0.0,0.0,0.0,-1,0,0.5507317,0.20803374,1.1316803,-0.50907004,217,-1,0.013247197,0,Non-Buzzer
2040869302719623628,2026-04-05 19:08:53+00:00,0,Emangnya anggaran komdigi kagak dipotong buat mbg kah? Igrs biayanya dari mana???,2040869302719623628,,,in,,0,0,0,https://x.com/Angelina_S_S/status/2040869302719623628,901511676,Angelina_S_S,12,id,keep_id_anchor,False,emangnya anggaran komdigi kagak dipotong buat mbg kah igrs biayanya dari mana,[],0,0,77,12,0,0,1,0.4337,0.0095,1,0.5,6.594166666666666,25,0.0,0.0,0.0,0.0,-1,0,0.5596932,0.16002601,0.6075088,-0.34519896,218,-1,0.002132419,0,Non-Buzzer
2040867999578784027,2026-04-05 19:03:43+00:00,0,Lu pada bisa diem dipojokan aja gak @kemkomdigi? IGRS lu nimbukin kekacauan ngerti gak monyet. Gak ada guna juga lu pada kerja. Kami minta dari duku berantas judol malah bikin IGRS. MONYET lo.,2040867999578784027,,,in,,0,0,0,https://x.com/curiousfangs_/status/2040867999578784027,1526265008895586304,curiousfangs_,33,id,keep_id_anchor,False,kamu pada bisa diem dipojokan aja tidak igrs kamu nimbukin kekacauan ngerti tidak monyet tidak ada guna juga kamu pada kerja kami minta dari duku berantas judol malah bikin igrs monyet kamu,[],0,0,189,32,0,0,1,0.4472,0.0271,1,1.0,6.676388888888889,25,0.0,0.0,0.0,0.0,-1,0,0.72902334,0.23463695,2.0107408,0.03283417,219,-1,0.0055373437,0,Non-Buzzer
2040867993568317616,2026-04-05 19:03:41+00:00,0,"@Kemenkomdigi_id kerjanya cuma ngebungkam pers, opini publik yg bertentangan sama bikin kebijakan tolol kaya IGRS. Sedangkan internet mahal, judol  &amp; spam/phising ngga diurusin. Cape banget jadi warga Indonesia!",2040867993568317616,,Kemenkomdigi_id,in,,0,0,0,https://x.com/renggastoic/status/2040867993568317616,42978942,renggastoic,29,id,keep_id_anchor,False,kerjanya cuma ngebungkam pers opini publik yang bertentangan sama bikin kebijakan tolol seperti igrs sedangkan internet mahal judol spam phising tidak diurusin cape banget jadi warga indonesia,[],0,1,192,27,0,0,1,0.304,0.0189,1,1.0,6.675833333333333,25,1.0,0.0,0.0,0.0,-1,0,0.66722333,0.2647642,0.6322938,-0.097642206,220,-1,0.0015289774,0,Non-Buzzer
2040867765255610418,2026-04-05 19:02:47+00:00,1,"Penjelasan resmi terkait IGRS dan tampilan rating gim di Steam sudah dirilis. Bisa dibaca dulu untuk menambah konteks sebelum menarik kesimpulan: 

https://t.co/VTRC9YAJsA https://t.co/sJfNCeqEye",2040867765255610418,https://pbs.twimg.com/media/HFKeS_Ca4AAEuEx.jpg,,in,,0,1,0,https://x.com/refiandryy/status/2040867765255610418,482012192,refiandryy,29,id,keep_id_anchor,False,penjelasan resmi terkait igrs dan tampilan rating game di steam sudah dirilis bisa dibaca dulu untuk menambah konteks sebelum menarik kesimpulan,[],0,0,144,21,0,2,0,0.7847,0.0138,1,1.0,6.660833333333334,25,0.0,0.0,0.0,0.0,1,0,0.93953824,0.4061089,-1.4222547,-0.1448306,221,-1,0.990324,1,Buzzer
2040867685412790367,2026-04-05 19:02:28+00:00,2,"buzzer says,  ""IGRS rating are messy because its the developer self declare that at fault!""

the developer :",2040867685412790367,,,en,,0,0,0,https://x.com/leonthecatto/status/2040867685412790367,1055516661413896192,leonthecatto,17,en,keep_id_anchor,False,buzzer says igrs rating are messy because its the developer self declare that at fault the developer,[],0,0,100,17,0,2,0,0.4681,0.0216,1,0.5,6.014722222222222,25,1.0,0.0,0.0,0.0,-1,0,0.6783507,0.3164994,-1.5118979,0.584788,222,-1,0.006901112,0,Non-Buzzer
2040866757909573947,2026-04-05 18:58:47+00:00,0,"Gaya bener bikin igrs -_______- negara punya urusan lebih mendesak dan serius daripada sensor game-game berkualitas yg bahkan negara sendiri gabisa bikin ekosistem digital yg baik, seperti menumpas judol. Halo halo bisa saya bicara dengan otak?",2040866757909573947,,,in,,0,0,0,https://x.com/Angelina_S_S/status/2040866757909573947,901511676,Angelina_S_S,37,id,keep_id_anchor,False,gaya benar bikin igrs negara punya urusan lebih mendesak dan serius daripada sensor game game berkualitas yang bahkan negara sendiri gabisa bikin ekosistem digital yang baik seperti menumpas judol halo halo bisa saya bicara dengan otak,[],0,0,235,36,0,0,1,0.3125,0.0101,1,0.5,6.594166666666666,34,0.0,0.0,0.0,0.0,-1,0,0.7695101,0.37507373,0.0045439247,-1.0049664,223,-1,0.0020965831,0,Non-Buzzer
2040823276428300710,2026-04-05 18:58:26+00:00,0,"@kukuhya Iya tau maksud IGRS baik tapi membiarkan eroge dan Guro apakah itu melindungi anak kecil sekarang? Malah game mendidik aja yang mengajari tani dapat 18+. ""Tapi ini kan data awal"", bullshit kalau udah masuk steam itu artinya udah jalan dan bukan data awal lagi.",2040866672534585820,,steven20260934,in,,0,1,0,https://x.com/steven20260934/status/2040866672534585820,973236170476814336,steven20260934,45,id,keep_id_anchor,False,iya tau maksud igrs baik tapi membiarkan eroge dan guro apakah itu melindungi anak kecil sekarang malah game mendidik aja yang mengajari tani dapat tapi ini kan data awal bullshit kalau sudah masuk steam itu artinya sudah jalan dan bukan data awal lagi,[],0,1,252,43,0,1,1,0.3106,0.0178,2,1.0,6.305555555555555,34,0.0,0.0,0.0,0.0,-1,0,0.76310617,0.39415094,0.07320613,-1.267913,224,-1,0.0062948186,0,Non-Buzzer
2040866603336970413,2026-04-05 18:58:10+00:00,4896,"Saya yakin 100% user Steam lebih percaya Gaben daripada IGRS.

Steam terbukti bersikap etis selama puluhan tahun. Mau digoyang Epic aja gagal.

Narasi ini malah tambah blunder dan keliatan banget gak paham landscape gaming wk. Mending besok dimeetingin dulu bang PR responsenya.",2040866603336970413,,,in,,21,53,1645,https://x.com/mhuseinali/status/2040866603336970413,177760518,mhuseinali,42,id,keep_id_anchor,False,saya yakin user steam lebih percaya gaben daripada igrs steam terbukti bersikap etis selama puluhan tahun mau digoyang epic aja gagal narasi ini malah tambah blunder dan keliatan banget tidak paham landscape gaming wk mending besok dimeetingin dulu bang pr responsenya,[],0,0,268,41,0,6615,0,0.2464,0.014,1,1.0,6.583888888888889,34,0.0,6.0,0.0,0.0,-1,0,0.7804953,0.4244779,0.11260677,-0.9434488,225,-1,0.0019133796,0,Non-Buzzer
2040866055888011723,2026-04-05 18:55:59+00:00,1,"Yapping dikit tentang IGRS, ini gua ngerti banget tujuan nya apa tapi ayo lah. Yang gak bisa baca tuh bukan anak kalian tapi kalian ini ortu² yg gagal parenting tentang game.

Masa iya rating COD blar der dor darah dimana² rating 3+? Aneh banget ajg",2040866055888011723,,,in,,0,1,0,https://x.com/OxygenSunshinee/status/2040866055888011723,1081400287133294593,OxygenSunshinee,45,id,keep_id_anchor,False,yapping dikit tentang igrs ini saya ngerti banget tujuan nya apa tapi ayo lah yang tidak bisa baca itu bukan anak kalian tapi kalian ini ortu yang gagal parenting tentang game masa iya rating cod blar der dor darah dimana rating aneh banget anjing,[],0,0,247,44,0,2,0,0.2033,0.0179,2,1.0,6.3175,34,0.0,0.0,0.0,0.0,-1,0,0.7204286,0.3865613,0.77282196,-0.44741496,226,-1,0.0051383898,0,Non-Buzzer
2040865995540353494,2026-04-05 18:55:45+00:00,0,Bran bran benerin noh igrs,2040865995540353494,,,in,,0,0,0,https://x.com/Albert2844/status/2040865995540353494,1983754592061157377,Albert2844,5,nl,keep_id_anchor,False,bran bran benerin noh igrs,[],0,0,26,5,0,0,1,1.0,0.0032,2,1.0,6.5377777777777775,34,1.0,0.0,0.0,0.0,0,1,0.9680432,0.26929334,1.4499269,0.9382354,227,-1,0.0066157496,0,Non-Buzzer
1747603121126420824,2026-04-05 18:55:24+00:00,0,@gibran_tweet Bran benerin noh igrs,2040865905656344948,,gibran_tweet,in,,0,0,0,https://x.com/Albert2844/status/2040865905656344948,1983754592061157377,Albert2844,5,nl,keep_id_anchor,False,bran benerin noh igrs,[],0,1,21,4,0,0,1,1.0,0.0032,2,1.0,6.5377777777777775,34,1.0,0.0,0.0,0.0,0,1,0.9680432,0.29869455,1.5674865,0.8293152,228,-1,0.008654347,0,Non-Buzzer
2040865861842649221,2026-04-05 18:55:13+00:00,0,igrs g nya gooner gila,2040865861842649221,,,in,,0,0,0,https://x.com/hrenyue/status/2040865861842649221,1604350645800095744,hrenyue,5,tl,keep_id_anchor,False,igrs g nya gooner gila,[],0,0,22,5,0,0,1,0.6665,0.0032,1,1.0,6.534722222222222,34,0.0,0.0,0.0,0.0,0,0,0.8335643,0.3836547,0.86226046,1.2176614,229,-1,0.019088332,0,Non-Buzzer
2040865626839998494,2026-04-05 18:54:17+00:00,1,"liat Rating IGRS yang ngaco, makin yakin kalau boomer ini nanya chat GPT buat klasifikasinya 👀",2040865626839998494,,,in,,0,0,0,https://x.com/arekekesel/status/2040865626839998494,1220727223,arekekesel,15,id,keep_id_anchor,False,liat rating igrs yang ngaco makin yakin kalau boomer ini nanya chat gpt buat klasifikasinya,[],0,0,91,15,0,1,1,0.386,0.0074,1,1.0,6.519166666666667,34,0.0,0.0,0.0,0.0,-1,0,0.7031586,0.36226985,-0.50095326,0.20982029,230,-1,0.0018682791,0,Non-Buzzer
2040864714515988774,2026-04-05 18:50:40+00:00,0,y Allah crashing out bgt gue gara gara igrs konyol dan skz bergantian,2040864714515988774,,,in,,0,0,0,https://x.com/_aridean/status/2040864714515988774,68969660,_aridean,13,id,keep_id_anchor,False,y allah crashing out banget saya gara gara igrs konyol dan skz bergantian,[],0,0,73,13,0,0,1,0.7209,0.0056,1,1.0,6.458888888888889,34,0.0,0.0,0.0,0.0,-1,0,0.7564074,0.28212968,1.5539684,0.67705834,231,-1,0.0012155216,0,Non-Buzzer
2040863624043127270,2026-04-05 18:46:20+00:00,0,"IGRS niatnya baik tapi sistem rating nya ngawur parah
Masa iya game 4no lolos dikasih rating 3+ dan giliran persona 5 nggak lolos standar

Ketika gue udah tobat jadi bajak laut dan beli game di platform legal eh malah dipersulit sama suatu lembaga 

Gini amat jadi gamer di indo https://t.co/w1ao1NosPb",2040863624043127270,https://pbs.twimg.com/media/HFKapXda8AAKcKs.jpg,,in,,0,1,0,https://x.com/nakanom42/status/2040863624043127270,2017520488470446080,nakanom42,53,id,keep_id_anchor,False,igrs niatnya baik tapi sistem rating nya ngawur parah masa iya game no lolos dikasih rating dan giliran persona tidak lolos standar ketika saya sudah tobat jadi bajak laut dan beli game di platform legal eh malah dipersulit sama suatu lembaga gini amat jadi gamer di indo,[],0,0,271,47,0,1,1,0.2305,0.0174,1,1.0,6.386666666666667,34,0.0,0.0,0.0,0.0,-1,0,0.78916645,0.38799125,0.027578214,-0.7862788,232,-1,0.006537716,0,Non-Buzzer
2040863504505491533,2026-04-05 18:45:51+00:00,0,"Kalo ga becus... Meding dihapus..

IGRS kntl",2040863504505491533,,,in,,0,0,0,https://x.com/gygaamerta/status/2040863504505491533,1583807618539061248,gygaamerta,7,id,keep_id_anchor,False,kalau tidak becus meding dihapus igrs kontol,[],0,0,44,7,0,0,1,0.4924,0.0136,1,0.5,6.378611111111111,34,0.0,0.0,0.0,0.0,-1,0,0.71989405,0.34327862,1.2473286,0.13895504,233,-1,0.008447348,0,Non-Buzzer
2040863500483125733,2026-04-05 18:45:50+00:00,1,woi @kemkomdigi tolol IGRS lo kek kontol age ratingnya ngaco mending apus aja anjing IGRS IGRS MEMEK,2040863500483125733,,,in,,0,0,0,https://x.com/fleurishism/status/2040863500483125733,1684437911012507648,fleurishism,17,id,keep_id_anchor,False,woi tolol igrs kamu kek kontol age ratingnya ngaco mending apus aja anjing igrs igrs memek,[],0,0,90,16,0,1,1,0.469,0.0149,1,1.0,6.378333333333333,34,0.0,0.0,0.0,0.0,-1,0,0.70920694,0.34135655,0.9622817,0.11673797,234,-1,0.0144244395,0,Non-Buzzer
2040863410473320672,2026-04-05 18:45:29+00:00,0,"Real patriot dukung igrs, video game dibuat yahudi buat mendistraksi ummat islam dari ibadah",2040863410473320672,,,in,,0,0,0,https://x.com/Betspr/status/2040863410473320672,479738892,Betspr,14,id,keep_id_anchor,False,real patriot dukung igrs video game dibuat yahudi buat mendistraksi ummat islam dari ibadah,[],0,0,91,14,0,0,1,0.5624,0.002,1,1.0,6.3725,34,0.0,0.0,0.0,0.0,-1,0,0.5829327,0.20062143,0.63697505,0.032282244,235,-1,0.0011619759,0,Non-Buzzer
2040805440833949889,2026-04-05 18:45:04+00:00,0,"@AZulfajrin @i_ervans @letsplayhahaha @tanyarlfes Bagus? Dunia gamer hari ini lagi carut marut gara² IGRS aturan komdigi yang baru, ngasih rating ke game ga pada tempatnya. Imbasnya game² yang tidak sesuai rating usia bakal ke banned dan ga masuk di region indo",2040863305280127453,,AZulfajrin,in,,0,0,0,https://x.com/trelrANartsA/status/2040863305280127453,1265511884649791493,trelrANartsA,41,id,keep_id_anchor,False,bagus dunia gamer hari ini lagi carut marut gara igrs aturan komdigi yang baru ngasih rating ke game tidak pada tempatnya imbasnya game yang tidak sesuai rating usia bakal ke banned dan tidak masuk di region indo,[],0,1,212,37,0,0,1,0.3363,0.0303,1,1.0,6.365555555555556,34,1.0,0.0,0.0,0.0,-1,0,0.7887871,0.39925233,-0.30451918,-1.019966,236,-1,0.005847715,0,Non-Buzzer
2040862580013756782,2026-04-05 18:42:11+00:00,0,"Intinya, IGRS ada ini buat orang tua yg gagal parenting tentang game. Udah gagal + di missleading pula, anjir keren kata gua dan sekarang intinya lepas tanggung jawab. ""Bukan urusan kami, intinya ada RC yg berarti gk tampil"" ya elu dongok jembut lurus.",2040862580013756782,,,in,,0,1,0,https://x.com/OxygenSunshinee/status/2040862580013756782,1081400287133294593,OxygenSunshinee,42,id,keep_id_anchor,False,intinya igrs ada ini buat orang tua yang gagal parenting tentang game sudah gagal di missleading pula anjir keren kata saya dan sekarang intinya lepas tanggung jawab bukan urusan kami intinya ada rc yang berarti gk tampil ya elu dongok jembut lurus,[],0,0,248,42,0,1,1,0.5877,0.0095,2,1.0,6.3175,34,0.0,0.0,0.0,0.0,9,0,0.80943596,0.40185034,0.48253664,-0.8271806,237,-1,0.030600926,0,Non-Buzzer
2040718966868611290,2026-04-05 18:41:28+00:00,0,"@WisnuKumoro Kalau misalkan IGRS itu dibuat steam oklah ini valid steam yang meminta maaf, tapi ini nyatanya IGRS dibuat komdigi sendiri lah steam perannya cuma mengikuti aturan komdigi buat karena mereka ingin jualan di Indonesia istilahnya bukan sebagai pemilik pasar Indonesia.",2040862402783404129,,steven20260934,in,,0,1,0,https://x.com/steven20260934/status/2040862402783404129,973236170476814336,steven20260934,41,id,keep_id_anchor,False,kalau misalkan igrs itu dibuat steam oklah ini valid steam yang meminta maaf tapi ini nyatanya igrs dibuat komdigi sendiri lah steam perannya cuma mengikuti aturan komdigi buat karena mereka ingin jualan di indonesia istilahnya bukan sebagai pemilik pasar indonesia,[],0,1,265,40,0,1,1,0.4323,0.0261,2,1.0,6.305555555555555,34,0.0,0.0,0.0,0.0,-1,0,0.69944817,0.33643022,0.16035272,0.17200847,238,-1,0.0063746125,0,Non-Buzzer
2040860669684412562,2026-04-05 18:40:48+00:00,2,"Walau ga menutup kemungkinan, like any bureaucrat adding one extra red tape in any industry, tujuan IGRS ini malah sejatinya satu: memalak rente 😂😂",2040862231810953570,,xathrya,in,,0,2,0,https://x.com/xathrya/status/2040862231810953570,324439645,xathrya,23,id,keep_id_anchor,False,walau tidak menutup kemungkinan like any bureaucrat adding one extra red tape in any industry tujuan igrs ini malah sejatinya satu memalak rente,[],0,1,144,23,0,4,0,0.3146,0.0119,2,1.0,6.190833333333333,34,0.0,0.0,0.0,0.0,-1,0,0.5796425,0.25806168,0.52487665,-0.6028512,239,-1,0.001980776,0,Non-Buzzer
2040862204854227429,2026-04-05 18:40:41+00:00,0,"So it goes like this:

- ID gov demands all games need to be rated
- Game data must be given for the rating
- Many devs think: better walk away than giving out data
- Steam panicked, learning from past experience
- Auto rating system launched
- IGRS rating system went viral",2040862204854227429,,,en,,0,0,0,https://x.com/reinofmiracle/status/2040862204854227429,1361928442657132546,reinofmiracle,47,en,keep_id_anchor,False,so it goes like this id gov demands all games need to be rated game data must be given for the rating many devs think better walk away than giving out data steam panicked learning from past experience auto rating system launched igrs rating system went viral,[],0,0,258,47,0,0,1,0.327,0.0164,1,1.0,6.2925,34,0.0,0.0,0.0,0.0,-1,0,0.7753817,0.42005497,-1.2008436,-0.5494871,240,-1,0.003830596,0,Non-Buzzer
2040862120179577320,2026-04-05 18:40:21+00:00,0,"Buat yang penasaran soal status rating IGRS di Steam, ini penjelasan resmi dari Kemkomdigi. Lebih baik simak dulu informasinya supaya lebih jelas Kemkomdigi: Rating Gim di Steam Bukan Rating Resmi, Berpotensi Langgar Ketentuan di Indonesia https://t.co/rSNQn71m1K… https://t.co/vnIHRbnbQl",2040862120179577320,https://pbs.twimg.com/media/HFKZR2ha4AAEUTB.jpg,,in,,0,0,0,https://x.com/Inara234/status/2040862120179577320,1912703815100649472,Inara234,43,id,keep_id_anchor,False,buat yang penasaran soal status rating igrs di steam ini penjelasan resmi dari kemkomdigi lebih baik simak dulu informasinya supaya lebih jelas kemkomdigi rating game di steam bukan rating resmi berpotensi langgar ketentuan di indonesia,[],0,0,236,35,0,0,1,1.0,0.0137,1,1.0,6.286944444444444,34,0.0,0.0,0.0,0.0,1,1,1.0000001,0.4404381,-0.8784458,-0.032382887,241,-1,0.9113509,1,Buzzer
2040860916372451444,2026-04-05 18:35:34+00:00,1,membeli bundling game steam IGRS 3+ yang sedang diskon. semoga aku bisa memainkan My Futanari Teacher dan My Futanari Stepsister dengan adik-adik sepupuku,2040860916372451444,,,in,,0,1,0,https://x.com/sennzebub/status/2040860916372451444,1511765575475032065,sennzebub,24,id,keep_id_anchor,False,membeli bundling game steam igrs yang sedang diskon semoga aku bisa memainkan my futanari teacher dan my futanari stepsister dengan adik adik sepupuku,[],0,0,150,23,0,2,0,0.4521,0.0041,1,1.0,6.207222222222223,34,0.0,0.0,0.0,0.0,-1,0,0.74878854,0.29144505,0.24416141,-0.33212915,242,-1,0.0017164561,0,Non-Buzzer
2040860843769049292,2026-04-05 18:35:17+00:00,0,Seru banget liat semua pada ngata²in IGRS wkwkw,2040860843769049292,,,in,,0,0,0,https://x.com/AlFD_Fajarid/status/2040860843769049292,303012287,AlFD_Fajarid,8,id,keep_id_anchor,False,seru banget liat semua pada ngata in igrs wkwkw,[],0,0,47,9,0,0,1,0.4819,0.0075,1,1.0,6.2025,34,0.0,0.0,0.0,0.0,0,0,0.88723457,0.2848042,1.5656563,0.514789,243,-1,0.035743676,0,Non-Buzzer
2040632418840031503,2026-04-05 18:35:09+00:00,0,@MangAgus_10 Ah pantek igrs,2040860810952708471,,MangAgus_10,sl,,0,0,0,https://x.com/WahyuAr19799578/status/2040860810952708471,1875962359887601664,WahyuAr19799578,4,id,keep_id_anchor,False,ah pantek igrs,[],0,1,14,3,0,0,1,0.467,0.001,1,1.0,6.200277777777778,34,1.0,0.0,0.0,0.0,0,0,0.8755331,0.28974235,1.70464,0.9889651,244,-1,0.020975307,0,Non-Buzzer
2040860669684412562,2026-04-05 18:34:35+00:00,10,"IGRS ini easy win buat govt

Keliatan doing something yg looks morally correct, tp gol yg dirugikan cuma 1%ter tanpa keterwakilan politik (pc/cons gamer)

Yekan daripada ngutak-atik judol perlu political will gede

😂😂",2040860669684412562,,,in,,0,1,2,https://x.com/xathrya/status/2040860669684412562,324439645,xathrya,35,id,keep_id_anchor,False,igrs ini easy win buat govt keliatan doing something yang looks morally correct tp gol yang dirugikan cuma ter tanpa keterwakilan politik pc cons gamer yekan daripada ngutak atik judol perlu political will gede,[],0,0,210,34,0,13,0,0.2042,0.0094,2,1.0,6.190833333333333,34,0.0,0.0,0.0,0.0,-1,0,0.7004229,0.34677744,0.40888977,-1.1119449,245,-1,0.0013033219,0,Non-Buzzer
2040839260694364442,2026-04-05 18:24:01+00:00,11,"@awaasaurus @kemkomdigi custom maid 3D...
genre sexual content, nudity...ini self claimnya...

IGRS : oh itu buat 3+",2040858011091251580,,awaasaurus,in,,0,2,0,https://x.com/leonthecatto/status/2040858011091251580,1055516661413896192,leonthecatto,17,id,keep_id_anchor,False,custom maid d genre sexual content nudity ini self claimnya igrs oh itu buat,[],0,1,76,14,0,13,0,0.5475,0.0059,1,0.5,6.014722222222222,34,1.0,0.0,0.0,0.0,-1,0,0.6198586,0.1780288,1.1915303,0.57477003,246,-1,0.0019555413,0,Non-Buzzer
2040857620513435772,2026-04-05 18:22:28+00:00,0,IGRS rating sampah yang harus digodok ulang. Lebih baik dibenerin bukan malah sewa buzzer buat nutupin suara rakyat hey komdigi,2040857620513435772,,,in,,0,0,0,https://x.com/tigor_na70/status/2040857620513435772,99508535,tigor_na70,20,id,keep_id_anchor,False,igrs rating sampah yang harus digodok ulang lebih baik dibenerin bukan malah sewa buzzer buat nutupin suara rakyat hey komdigi,[],0,0,126,20,0,0,1,0.4263,0.0146,1,1.0,5.988888888888889,34,0.0,0.0,0.0,0.0,-1,0,0.7708512,0.4404783,-0.49629155,0.19850239,247,-1,0.033096317,0,Non-Buzzer
2040857520655482926,2026-04-05 18:22:04+00:00,1,"IGRS

Idiotic
Gaming
Rating
System",2040857520655482926,,,en,,0,0,1,https://x.com/z___vyi/status/2040857520655482926,1479048668,z___vyi,5,en,keep_id_anchor,False,igrs idiotic gaming rating system,[],0,0,33,5,0,2,0,0.6021,0.0089,1,1.0,5.982222222222222,34,0.0,0.0,0.0,0.0,1,0,0.8115562,0.39473218,-2.1283214,0.41631845,248,-1,0.027430825,0,Non-Buzzer
2040856827240542377,2026-04-05 18:19:19+00:00,0,"KOMDIGI IGRS goblok bin tolol, steam diurusin apalagi JUDOL masuk kas pribadi. Cocok ini bikin seperti kitabisa pada patungan kasih ke hitman jadikan meutya hafid seperti saddam hussein.",2040856827240542377,,,in,,0,0,0,https://x.com/Kurirputaw/status/2040856827240542377,86294756,Kurirputaw,28,id,keep_id_anchor,False,komdigi igrs goblok bin tolol steam diurusin apalagi judol masuk kas pribadi cocok ini bikin seperti kitabisa pada patungan kasih ke hitman jadikan meutya hafid seperti saddam hussein,[],0,0,183,28,0,0,1,0.3879,0.0182,1,1.0,5.936388888888889,34,0.0,0.0,0.0,0.0,-1,0,0.73994505,0.35563833,1.1908573,-0.060638946,249,-1,0.0020483092,0,Non-Buzzer
2040856742062669940,2026-04-05 18:18:59+00:00,1,"Kalo masih coba"" dan belum final jangan implementasi dulu ke masyarakat, lu kira kita kelinci percobaan?
ngga pse, ngga igrs bodoh semua implementasi program lu. Kaya boomer yang ejakulasi denger kata digitalisasi komdigi ini",2040856742062669940,,,in,,0,0,0,https://x.com/asyi_i/status/2040856742062669940,1382376234152202242,asyi_i,34,id,keep_id_anchor,False,kalau masih coba dan belum final jangan implementasi dulu ke masyarakat kamu kira kita kelinci percobaan tidak pse tidak igrs bodoh semua implementasi program kamu seperti boomer yang ejakulasi denger kata digitalisasi komdigi ini,[],0,0,230,34,0,1,1,0.2781,0.0297,1,1.0,5.930833333333333,34,0.0,0.0,0.0,0.0,-1,0,0.6515919,0.33273116,0.5571099,-0.75126815,250,-1,0.0046745576,0,Non-Buzzer
2040570460912676988,2026-04-05 18:18:01+00:00,0,"@BK_Satellite Oh ini yang tadi bela IGRS ya?

Pantesan kaya gak asing",2040856499879313757,,BK_Satellite,in,,0,0,0,https://x.com/mingdinkiw/status/2040856499879313757,2883511404,mingdinkiw,12,id,keep_id_anchor,False,oh ini yang tadi bela igrs ya pantesan seperti tidak asing,[],0,1,58,11,0,0,1,0.2786,0.0139,1,1.0,5.914722222222222,34,1.0,0.0,0.0,0.0,-1,0,0.7521324,0.26275524,1.4619929,0.06814082,251,-1,0.0014923129,0,Non-Buzzer
2040856460264149115,2026-04-05 18:17:52+00:00,1,Emang tolol ini pengaplikasian IGRS. Udah paling bener bikin second account steam region singapore/HK (atau manapun yang selain Indo). Jaga2 kalau kiamat game Indonesia beneran kejadian gara2 komdongo setan. https://t.co/MmASiKUJOI,2040856460264149115,https://pbs.twimg.com/media/HFKUIn5aUAAC9Lz.jpg,,in,,0,0,0,https://x.com/Ridho262/status/2040856460264149115,1716095582,Ridho262,34,id,keep_id_anchor,False,emang tolol ini pengaplikasian igrs sudah paling benar bikin second account steam region singapore hk atau manapun yang selain indo jaga kalau kiamat game indonesia beneran kejadian gara komdongo setan,[],0,0,201,30,0,1,1,0.3114,0.0178,1,1.0,5.912222222222222,34,0.0,0.0,0.0,0.0,-1,0,0.660934,0.3789597,0.098124705,0.82512814,252,-1,0.0038783413,0,Non-Buzzer
2040855975884923058,2026-04-05 18:17:32+00:00,0,connor shoot igrs theyre deleting yo shit 😹😹😹😹😹😹😹,2040856378181570608,,makominato,en,,0,0,0,https://x.com/makominato/status/2040856378181570608,2027822543361740803,makominato,7,en,keep_id_anchor,False,connor shoot igrs theyre deleting yo shit,[],0,1,41,7,0,0,1,0.5778,0.002,1,1.0,5.906666666666666,34,0.0,0.0,0.0,0.0,-1,0,0.61951315,0.26092878,0.15153193,1.4154003,253,-1,0.0011619759,0,Non-Buzzer
2040856239446585369,2026-04-05 18:16:59+00:00,0,"halaaah, kaya yg punya dan pernah pake steam aja lu buzzer. coba main2 dulu aja ke steam-nya. IGRS-nya yg ngablu, malah nyalahin steam. di steam gamenya udah ditag sexual content, sama IGRS dikasih rating 3+. meanwhile upin ipin dikasih rating 18+, lawak.",2040856239446585369,,,in,,0,0,1,https://x.com/goldensunfyre/status/2040856239446585369,593667495,goldensunfyre,44,id,keep_id_anchor,False,halaaah seperti yang punya dan pernah pake steam aja kamu buzzer coba main dulu aja ke steam nya igrs nya yang ngablu malah nyalahin steam di steam gamenya sudah ditag sexual content sama igrs dikasih rating meanwhile upin ipin dikasih rating lawak,[],0,0,248,42,0,1,1,0.4052,0.0122,1,1.0,5.8975,34,0.0,0.0,0.0,0.0,1,0,0.8021517,0.38706762,0.482618,-0.4233101,254,-1,0.00403644,0,Non-Buzzer
2040718966868611290,2026-04-05 18:16:30+00:00,0,"@WisnuKumoro Kemungkinan besar susunan tim IGRS tidak ada satu pun yang benar-benar kompeten di bidang rating game. 

Hasilnya ya sesuai ekspektasi sistem prematur, implementasi berantakan, dan malah jadi bahan olok-olok publik.",2040856117258146222,,WisnuKumoro,in,,0,0,0,https://x.com/bmawjy/status/2040856117258146222,1976142049222197250,bmawjy,33,id,keep_id_anchor,False,kemungkinan besar susunan tim igrs tidak ada satu pun yang benar benar kompeten di bidang rating game hasilnya ya sesuai ekspektasi sistem prematur implementasi berantakan dan malah jadi bahan olok olok publik,[],0,1,209,32,0,0,1,0.2747,0.015,2,1.0,5.6325,34,2.0,0.0,0.0,0.0,1,1,0.83077323,0.43715978,-0.9255907,-0.87607086,255,-1,0.20758776,0,Non-Buzzer
2040855556639126008,2026-04-05 18:14:16+00:00,0,"Serius lu nyalahin steam? Steam yang sudah berdiri sejak 2003?? Steam yang punyanya bapak gaben??? Dibandingkan dengan igrs yang baru diinisiasi beberapa tahun belakangan?????????????
Ngacooo",2040855556639126008,,,in,,0,0,1,https://x.com/saxophonistkawe/status/2040855556639126008,1860843452977799168,saxophonistkawe,25,id,keep_id_anchor,False,serius kamu nyalahin steam steam yang sudah berdiri sejak steam yang punyanya bapak gaben dibandingkan dengan igrs yang baru diinisiasi beberapa tahun belakangan ngacooo,[],0,0,169,24,0,1,1,0.5603,0.0042,1,1.0,5.852222222222222,34,0.0,0.0,0.0,0.0,5,0,0.83218634,0.2688173,0.7227401,-0.4295707,256,-1,0.005778819,0,Non-Buzzer
2040855517481095289,2026-04-05 18:14:07+00:00,0,how komdigi feels after giving nekopara igrs 3+ A LITERAL PORN GAME 😭 https://t.co/i5WESloiMX,2040855517481095289,https://pbs.twimg.com/tweet_video_thumb/HFKTRYwbsAA7JN1.jpg,,da,,0,1,0,https://x.com/ecco2kfarts/status/2040855517481095289,1281563071501107200,ecco2kfarts,16,da,keep_id_anchor,False,how komdigi feels after giving nekopara igrs a literal porn game,[],0,0,64,11,0,1,1,0.3099,0.0068,1,1.0,5.849722222222222,34,0.0,0.0,0.0,0.0,-1,0,0.612677,0.27224368,0.36534092,0.42073286,257,-1,0.0008214348,0,Non-Buzzer
2040494659814993991,2026-04-05 18:13:54+00:00,2,"@RosemaryFrie124 betul, toh igrs itu adalah bagian implementasi dari pp tunas yang dimana itu adalah kebijakan social media ban di indonesia yang dimana kita harus verifikasi usia pakai ktp wajah data bisa bocor.
https://t.co/TGs3rj2EOs https://t.co/iO6bjmdbqt",2040855465417195714,https://pbs.twimg.com/media/HFKTOcbaMAADb5W.png,RosemaryFrie124,in,,0,0,0,https://x.com/Rafi09210/status/2040855465417195714,1907800778435440640,Rafi09210,41,id,keep_id_anchor,False,betul toh igrs itu adalah bagian implementasi dari pp tunas yang dimana itu adalah kebijakan social media ban di indonesia yang dimana kita harus verifikasi usia pakai ktp wajah data bisa bocor,[],0,1,193,32,0,2,0,0.2148,0.012,1,0.3333333333333333,5.846111111111111,34,1.0,0.0,0.0,0.0,-1,0,0.6508224,0.32089344,-0.5039976,0.43651953,258,-1,0.0033975034,0,Non-Buzzer
2040854842370126216,2026-04-05 18:11:26+00:00,0,"Perlu diketahui bahwa IGRS telah bekerja sama dengan Steam untuk memberikan rating pada gim yang tersedia di platform tersebut, silakan cek rating IGRS sebelum membeli atau memainkan gim di Steam. Klik link di bawah ini👇 
https://t.co/JRnlI9EdFb",2040854842370126216,,,in,,0,0,0,https://x.com/ONarsen/status/2040854842370126216,1296241505384796160,ONarsen,39,id,keep_id_anchor,False,perlu diketahui bahwa igrs telah bekerja sama dengan steam untuk memberikan rating pada game yang tersedia di platform tersebut silakan cek rating igrs sebelum membeli atau memainkan game di steam klik link di bawah ini,[],0,0,219,35,0,0,1,0.3469,0.0065,1,1.0,5.805,34,0.0,0.0,0.0,0.0,1,0,0.85010886,0.40429145,-1.6438601,0.19657898,259,-1,0.086126044,0,Non-Buzzer
2040852722501759358,2026-04-05 18:03:00+00:00,0,"""IGRS dan rating gim di Steam sedang jadi topik hangat! 🌟 Cek dulu penjelasan resmi di sini sebelum kita bahas lebih lanjut: 
https://t.co/8CV667dBth",2040852722501759358,,,in,,0,0,0,https://x.com/Nisarahman2327/status/2040852722501759358,1861372663010336774,Nisarahman2327,25,id,keep_id_anchor,False,igrs dan rating game di steam sedang jadi topik hangat cek dulu penjelasan resmi di sini sebelum kita bahas lebih lanjut,[],0,0,120,21,0,0,1,0.6626,0.017,2,0.6666666666666666,5.5313888888888885,34,1.0,0.0,0.0,0.0,1,0,0.9646963,0.47582042,-1.1668717,-0.3345894,260,-1,0.9972262,1,Buzzer
2040691915184812518,2026-04-05 18:01:05+00:00,1,"@reruzensky @kemkomdigi Sangat ironis. Ini cerminan betapa bobroknya pengelolaan banyak proyek digital yang menggunakan APBN. Sangat Memalukan.

Kemkomdigi mengeluarkan pernyataan panjang lebar hanya untuk mengatakan bahwa sistem rating IGRS yang mereka banggakan ternyata belum siap dan masih “dalam",2040852239972233291,,reruzensky,in,,0,0,0,https://x.com/bmawjy/status/2040852239972233291,1976142049222197250,bmawjy,38,id,keep_id_anchor,False,sangat ironis ini cerminan betapa bobroknya pengelolaan banyak proyek digital yang menggunakan apbn sangat memalukan kemkomdigi mengeluarkan pernyataan panjang lebar hanya untuk mengatakan bahwa sistem rating igrs yang mereka banggakan ternyata belum siap dan masih dalam,[],0,1,271,36,0,1,1,0.3555,0.0165,2,1.0,5.6325,34,2.0,0.0,0.0,0.0,-1,0,0.7323831,0.39609036,-0.41070598,-0.056101784,261,-1,0.016484665,0,Non-Buzzer
2040851955187409281,2026-04-05 17:59:57+00:00,0,"Daripada debat panjang soal IGRS tanpa arah, yuk luangkan waktu sebentar untuk baca siaran pers resminya dulu. Supaya obrolan kita lebih jelas dan berisi
Kemkomdigi: Rating Gim di Steam Bukan Rating Resmi, Berpotensi Langgar Ketentuan di Indonesia https://t.co/aG5tpTFsr0",2040851955187409281,,,in,,0,0,0,https://x.com/AdhietyaTh33187/status/2040851955187409281,2018322737417306112,AdhietyaTh33187,41,id,keep_id_anchor,False,daripada debat panjang soal igrs tanpa arah yuk luangkan waktu sebentar untuk baca siaran pers resminya dulu supaya obrolan kita lebih jelas dan berisi kemkomdigi rating game di steam bukan rating resmi berpotensi langgar ketentuan di indonesia,[],0,0,244,37,0,0,1,0.6419,0.0181,2,1.0,5.583888888888889,74,0.0,0.0,0.0,0.0,-1,0,0.7660965,0.3978917,-0.041347254,-0.10521489,262,-1,0.012753321,0,Non-Buzzer
2040851505843216537,2026-04-05 17:58:10+00:00,0,"Daripada debat panjang soal IGRS tanpa arah, yuk luangkan waktu sebentar untuk baca siaran pers resminya dulu. Supaya obrolan kita lebih jelas dan berisi https://t.co/aG5tpTFsr0",2040851505843216537,,,in,,0,0,0,https://x.com/AdhietyaTh33187/status/2040851505843216537,2018322737417306112,AdhietyaTh33187,28,id,keep_id_anchor,False,daripada debat panjang soal igrs tanpa arah yuk luangkan waktu sebentar untuk baca siaran pers resminya dulu supaya obrolan kita lebih jelas dan berisi,[],0,0,151,24,0,0,1,0.7368,0.0154,2,1.0,5.583888888888889,74,0.0,0.0,0.0,0.0,2,0,0.8739115,0.28139997,0.8856604,-0.16474119,263,-1,0.9369701,1,Buzzer
2040851478240460941,2026-04-05 17:58:04+00:00,0,"yang kemarin kepo banget sama IGRS &amp; rating gim di Steam, bisa dibaca  penjelasan resminya ada di sini yaa https://t.co/T39r0VCLN9",2040851478240460941,,,in,,0,0,0,https://x.com/nrlfadila_/status/2040851478240460941,1004042648607383557,nrlfadila_,23,id,keep_id_anchor,False,yang kemarin kepo banget sama igrs rating game di steam bisa dibaca penjelasan resminya ada di sini yaa,[],0,0,103,18,0,0,1,0.4796,0.0114,1,1.0,5.582222222222223,74,0.0,0.0,0.0,0.0,1,0,0.8937913,0.48572338,-0.5393751,-0.05547359,264,-1,0.8875885,1,Buzzer
2040851413417525610,2026-04-05 17:57:48+00:00,0,IGRS ngaconya udah kebangetan sumpah!,2040851413417525610,,,in,,0,0,0,https://x.com/noircinder/status/2040851413417525610,973803007,noircinder,5,id,keep_id_anchor,False,igrs ngaconya sudah kebangetan sumpah,[],0,0,37,5,0,0,1,0.6679,0.0016,1,1.0,5.5777777777777775,74,0.0,0.0,0.0,0.0,-1,0,0.71969175,0.2533805,1.506939,0.48666987,265,-1,0.0011703294,0,Non-Buzzer
2040851123427512576,2026-04-05 17:56:39+00:00,0,"Lumer di wajah
https://t.co/gr01amy4ME
https://t.co/inynRZR7Iz
https://t.co/7uaqS1aTUC
Risih tidur senin malam selasa igrs",2040851123427512576,,,in,,0,0,0,https://x.com/luctvie/status/2040851123427512576,1581568910,luctvie,21,id,keep_id_anchor,False,lumer di wajah risih tidur senin malam selasa igrs,[],0,0,50,9,0,0,1,0.8165,0.0018,1,0.5,5.558611111111111,74,0.0,0.0,0.0,0.0,-1,0,0.68063515,0.21158646,1.451661,0.42574632,266,-1,0.0018187229,0,Non-Buzzer
2040619090038194329,2026-04-05 17:56:05+00:00,0,"@kerissakti ""IGRS di Steam emang lagi bingungin ya, guys 😅. Tapi kayaknya sistemnya masih dalam penyesuaian, perlu waktu buat lebih stabil. Yang penting, semoga Valve bisa jelasin lebih rinci dan transparan tentang kriteria ratingnya, biar kita semua ngerti 🤑. Keep improving, Steam!",2040850979596460447,,kerissakti,in,,0,0,0,https://x.com/Nisarahman2327/status/2040850979596460447,1861372663010336774,Nisarahman2327,40,id,keep_id_anchor,False,igrs di steam emang lagi bingungin ya guys tapi kayaknya sistemnya masih dalam penyesuaian perlu waktu buat lebih stabil yang penting semoga valve bisa jelasin lebih rinci dan transparan tentang kriteria ratingnya biar kita semua ngerti keep improving steam,[],0,1,257,39,0,0,1,1.0,0.0156,2,0.6666666666666666,5.5313888888888885,74,1.0,0.0,0.0,0.0,1,1,1.0000001,0.3721,-0.6044833,-0.3656226,267,-1,0.9599752,1,Buzzer
2040850933521998280,2026-04-05 17:55:54+00:00,1,I'm buying a game rated 3+ by IGRS,2040850933521998280,,,en,,1,0,0,https://x.com/stelleturu/status/2040850933521998280,1690190530762653696,stelleturu,9,en,keep_id_anchor,False,i m buying a game rated by igrs,[],0,0,31,8,0,2,0,0.7087,0.0036,1,1.0,5.546111111111111,74,0.0,0.0,0.0,0.0,1,0,0.822137,0.3281753,-1.7824064,0.3558258,268,-1,0.016353752,0,Non-Buzzer
2040619090038194329,2026-04-05 17:55:01+00:00,0,"@kerissakti ""IGRS di Steam emang lagi bingungin ya, guys 😅. Tapi kayaknya sistemnya masih dalam penyesuaian, perlu waktu buat lebih stabil. Yang penting, semoga Valve bisa jelasin lebih rinci dan transparan tentang kriteria ratingnya, biar kita semua ngerti 🤑. Keep improving, Steam! 💪",2040850712935170319,,kerissakti,in,,0,1,0,https://x.com/Nisarahman2327/status/2040850712935170319,1861372663010336774,Nisarahman2327,40,id,keep_id_anchor,False,igrs di steam emang lagi bingungin ya guys tapi kayaknya sistemnya masih dalam penyesuaian perlu waktu buat lebih stabil yang penting semoga valve bisa jelasin lebih rinci dan transparan tentang kriteria ratingnya biar kita semua ngerti keep improving steam,[],0,1,257,39,0,1,1,1.0,0.0156,2,0.6666666666666666,5.5313888888888885,74,1.0,0.0,0.0,0.0,1,1,1.0000001,0.3721,-0.6044833,-0.3656226,269,-1,0.9599752,1,Buzzer
2040718966868611290,2026-04-05 17:54:37+00:00,0,"@WisnuKumoro komdigi kalo mau cuman biar terlihat kerja mah harusnya contek rating yg udah ada aja. orang2 juga bakal liatnya lebih positif.

responnya mungkin jadi, ""wah keren igrs ratingnya sesuai ama esrb/pegi, keliatan nih yg di igrs isinya orang2 ngerti gaming""",2040850609700741450,,WisnuKumoro,in,,0,0,0,https://x.com/1RONiC_/status/2040850609700741450,1240627667860197376,1RONiC_,42,id,keep_id_anchor,False,komdigi kalau mau cuman biar terlihat kerja mah harusnya contek rating yang sudah ada aja orang juga bakal liatnya lebih positif responnya mungkin jadi wah keren igrs ratingnya sesuai sama esrb pegi keliatan ini yang di igrs isinya orang ngerti gaming,[],0,1,251,41,0,0,1,0.2817,0.0225,1,1.0,5.5247222222222225,74,1.0,0.0,0.0,0.0,1,0,0.8058332,0.4305216,-0.10561325,-0.8437079,270,-1,0.020285694,0,Non-Buzzer
2040850568676257919,2026-04-05 17:54:27+00:00,0,"Buat yang mengikuti rame IGRS &amp; rating gim di Steam, berikut ini penjelasan resminya di sini, silakan dibaca-baca dulu: https://t.co/0B133jbQ9N",2040850568676257919,,,in,,0,0,0,https://x.com/mrplent21/status/2040850568676257919,233180657,mrplent21,24,id,keep_id_anchor,False,buat yang mengikuti rame igrs rating game di steam berikut ini penjelasan resminya di sini silakan dibaca baca dulu,[],0,0,115,19,0,0,1,0.5709,0.0137,1,1.0,5.521944444444444,74,0.0,0.0,0.0,0.0,1,0,0.93017316,0.47330043,-0.9750193,0.09830035,271,-1,0.9932499,1,Buzzer
2040850524912972138,2026-04-05 17:54:16+00:00,1,Indonesia Gooner Rating System (IGRS),2040850524912972138,,,in,,0,1,1,https://x.com/0p_py/status/2040850524912972138,1487885105888915456,0p_py,5,en,keep_id_anchor,False,indonesia gooner rating system igrs,[],0,0,35,5,0,3,0,1.0,0.0127,1,0.5,0.08277777777777778,74,0.0,0.0,0.0,0.0,1,1,0.98954946,0.3280844,-2.13542,1.3926262,272,-1,0.057274766,0,Non-Buzzer
2040850238089666860,2026-04-05 17:53:08+00:00,0,"Buat yang lagi mengikuti diskusi soal IGRS dan rating gim di Steam, ada penjelasan resminya di sini, mungkin bisa dibaca dulu biar konteksnya lebih jelas: 
https://t.co/gDHcVJ2ufu",2040850238089666860,,,in,,0,0,0,https://x.com/EndiD21883/status/2040850238089666860,1899432576496091136,EndiD21883,29,id,keep_id_anchor,False,buat yang lagi mengikuti diskusi soal igrs dan rating game di steam ada penjelasan resminya di sini mungkin bisa dibaca dulu biar konteksnya lebih jelas,[],0,0,152,25,0,0,1,0.5045,0.0143,2,1.0,5.468055555555556,74,1.0,0.0,0.0,0.0,1,0,0.9462447,0.4642595,-1.0353571,-0.26328424,273,-1,0.989707,1,Buzzer
2040479018034630743,2026-04-05 17:51:13+00:00,0,"@cryofantasia Jujur saja tampilan rating IGRS di Steam sekarang memang bikin banyak orang bingung, tapi karena ini masih fase penyesuaian, mungkin yang paling penting sekarang adalah penjelasan rutin, transparansi kriteria, dan perbaikan bertahap supaya publik bisa ikut memahami prosesnya.",2040849755249824118,,cryofantasia,in,,0,8,0,https://x.com/EndiD21883/status/2040849755249824118,1899432576496091136,EndiD21883,39,id,keep_id_anchor,False,jujur saja tampilan rating igrs di steam sekarang memang bikin banyak orang bingung tapi karena ini masih fase penyesuaian mungkin yang paling penting sekarang adalah penjelasan rutin transparansi kriteria dan perbaikan bertahap supaya publik bisa ikut memahami prosesnya,[],0,1,271,38,0,8,0,0.7017,0.0164,2,1.0,5.468055555555556,74,1.0,0.0,0.0,0.0,1,0,0.9485592,0.4118979,-1.0178845,-0.45929596,274,-1,0.9979145,1,Buzzer
2040718966868611290,2026-04-05 17:49:48+00:00,1,"@WisnuKumoro BATALLL lagian rating udah ada ESRB dan PEGI.

Manusia di kantor IGRS dibidangnya kaya gak pernah main game malah nyusahin manusia lain doang nanti di akhirat emangnya mau disusahin Allah? hati-hati😏",2040849400751432028,,WisnuKumoro,in,,0,0,0,https://x.com/yurayurei/status/2040849400751432028,1498260233789243395,yurayurei,33,id,keep_id_anchor,False,batalll lagian rating sudah ada esrb dan pegi manusia di kantor igrs dibidangnya seperti tidak pernah main game malah nyusahin manusia lain doang nanti di akhirat emangnya mau disusahin allah hati hati,[],0,1,201,32,0,1,1,0.3069,0.013,1,1.0,5.444444444444445,74,1.0,0.0,0.0,0.0,-1,0,0.61742276,0.36030123,0.6684032,-0.1443979,275,-1,0.001574368,0,Non-Buzzer
2040849073255911744,2026-04-05 17:48:30+00:00,0,"Sebelum debat soal IGRS ke mana‑mana, baca dulu siaran pers resminya di sini: https://t.co/ttpo9m78KN https://t.co/Ves7SqPIRI",2040849073255911744,https://pbs.twimg.com/media/HFKNaqjasAAdCo7.jpg,,in,,0,0,0,https://x.com/KomariahKo26005/status/2040849073255911744,1958367524581732352,KomariahKo26005,22,id,keep_id_anchor,False,sebelum debat soal igrs ke mana mana baca dulu siaran pers resminya di sini,[],0,0,75,14,0,0,1,1.0,0.0157,1,1.0,5.422777777777778,74,0.0,0.0,0.0,0.0,2,1,0.9137209,0.2749321,0.538154,0.20972832,276,-1,0.93188864,1,Buzzer
2040849011431862762,2026-04-05 17:48:16+00:00,1,IGRS dongo banget anjir wkwkwk https://t.co/dmIRytCnpE,2040849011431862762,https://pbs.twimg.com/ext_tw_video_thumb/2040848993199276032/pu/img/tKSL_pnmgkNvtOQB.jpg,,in,,0,1,1,https://x.com/R4ZESKY/status/2040849011431862762,1399683003467460611,R4ZESKY,9,id,keep_id_anchor,False,igrs dongo banget anjir wkwkwk,[],0,0,30,5,0,3,0,0.5641,0.004,1,1.0,5.418888888888889,74,0.0,0.0,0.0,0.0,0,0,0.8465426,0.3191785,1.3449144,0.782384,277,-1,0.0075884294,0,Non-Buzzer
2040593488350515441,2026-04-05 17:47:02+00:00,2,"@kemkomdigi IGRS nya woy dibenerin, game yang ada unsur dewasa masa dikasih rating 3+ logikanya dimana. 
Kalo sistem ratingnya aja ngelawak kek gitu, ngapain di kasih rating aneh",2040848701825118256,,kemkomdigi,in,,0,0,0,https://x.com/jamal8204/status/2040848701825118256,1749677609070563328,jamal8204,28,id,keep_id_anchor,False,igrs nya woy dibenerin game yang ada unsur dewasa masa dikasih rating logikanya dimana kalau sistem ratingnya aja ngelawak kek gitu ngapain di kasih rating aneh,[],0,1,160,26,0,2,0,0.3141,0.0139,1,1.0,5.398333333333333,74,1.0,0.0,0.0,0.0,1,0,0.8421556,0.45572433,-0.6356869,-0.5074603,278,-1,0.1376356,0,Non-Buzzer
2040848620879270076,2026-04-05 17:46:43+00:00,0,Sekilas informasi guys sebelum kaliann mengikuti igrs sebaiknya kalian pahami dan pelajari dulu konferensi pers brikut agar tidak salah pngertian dan pemahaman dibwah ini https://t.co/scFpGIjESa,2040848620879270076,,,in,,0,0,0,https://x.com/sulistia2323/status/2040848620879270076,2015224951150895104,sulistia2323,28,id,keep_id_anchor,False,sekilas informasi guys sebelum kaliann mengikuti igrs sebaiknya kalian pahami dan pelajari dulu konferensi pers brikut agar tidak salah pngertian dan pemahaman dibwah ini,[],0,0,170,24,0,0,1,0.3918,0.0189,1,1.0,5.393055555555556,74,0.0,0.0,0.0,0.0,-1,0,0.7331184,0.2884738,0.47755134,-0.3283723,279,-1,0.0017749615,0,Non-Buzzer
2040848596745294288,2026-04-05 17:46:37+00:00,4,IGRS = Indonesia Goblok Retarded System,2040848596745294288,,,in,,0,0,0,https://x.com/chudjawa/status/2040848596745294288,1999871773794611200,chudjawa,5,en,keep_id_anchor,False,igrs indonesia goblok retarded system,[],0,0,37,5,0,4,0,0.714,0.0171,1,1.0,5.391388888888889,74,0.0,0.0,0.0,0.0,-1,0,0.7002985,0.25692606,-0.5802403,1.3392527,280,-1,0.014159021,0,Non-Buzzer
2040848244755017986,2026-04-05 17:45:13+00:00,0,Ealah anj lah IGRS aja ada buzzernya,2040848244755017986,,,in,,0,0,0,https://x.com/DViolett_/status/2040848244755017986,1491596371647877126,DViolett_,7,id,keep_id_anchor,False,ealah anj lah igrs aja ada buzzernya,[],0,0,36,7,0,0,1,0.5888,0.0022,2,1.0,5.332777777777777,74,0.0,0.0,0.0,0.0,0,0,0.9011446,0.30895,1.5665641,0.34010422,281,-1,0.018938767,0,Non-Buzzer
2040848036734411145,2026-04-05 17:44:23+00:00,0,"Ini penjelasan resmi terkait IGRS dan sistem rating gim di Steam, bisa dicek dulu sebagai referensi sebelum menilai lebih jauh
https://t.co/E1dL49ojo1",2040848036734411145,,,in,,0,0,0,https://x.com/RizkyArdia29527/status/2040848036734411145,1710042400415236096,RizkyArdia29527,24,id,keep_id_anchor,False,ini penjelasan resmi terkait igrs dan sistem rating game di steam bisa dicek dulu sebagai referensi sebelum menilai lebih jauh,[],0,0,126,20,0,0,1,0.5896,0.0155,1,1.0,5.354166666666667,74,0.0,0.0,0.0,0.0,1,0,0.9510437,0.4245659,-1.56585,-0.34029263,282,-1,0.993236,1,Buzzer
2040847713999389013,2026-04-05 17:43:06+00:00,0,"Stop nyimeng deh komdigi, itu IGRS lu dikerjain sambil ngefly apa kek gimana blokk",2040847713999389013,,,in,,0,0,0,https://x.com/DViolett_/status/2040847713999389013,1491596371647877126,DViolett_,14,id,keep_id_anchor,False,stop nyimeng deh komdigi itu igrs kamu dikerjain sambil ngefly apa kek bagaimana blokk,[],0,0,86,14,0,0,1,0.3615,0.0121,2,1.0,5.332777777777777,74,0.0,0.0,0.0,0.0,0,0,0.81333745,0.28447947,1.7576602,0.1351093,283,-1,0.026273368,0,Non-Buzzer
2040847549624721574,2026-04-05 17:42:27+00:00,0,"semisal igrs masih kayak asu berarti itu juga ngaruh ke industri laptop dong, kan mereka juga optimize device buat bisa mainin game triple A. semisal mayoritas game itu kena rc atau rating 18+ ya jadi pada males gk si mereka (cmiiw)",2040847549624721574,,,in,,0,0,0,https://x.com/1ladytypeofguy/status/2040847549624721574,1553361006889701376,1ladytypeofguy,41,id,keep_id_anchor,False,semisal igrs masih seperti asu berarti itu juga ngaruh ke industri laptop dong kan mereka juga optimize device buat bisa mainin game triple a semisal mayoritas game itu kena rc atau rating ya jadi pada males gk si mereka cmiiw,[],0,0,226,40,0,0,1,0.3641,0.0127,1,1.0,5.321944444444444,74,0.0,0.0,0.0,0.0,-1,0,0.7250734,0.34939626,-0.25106013,-0.5848122,284,-1,0.0015169574,0,Non-Buzzer
2040847245067894805,2026-04-05 17:41:14+00:00,0,IGRS is a joke! they literally makan gaji buta ASU!!!,2040847245067894805,,,in,,0,0,0,https://x.com/groflokash/status/2040847245067894805,1484181527936528384,groflokash,10,en,keep_id_anchor,False,igrs is a joke they literally makan gaji buta asu,[],0,0,49,10,0,0,1,0.3969,0.0058,1,1.0,5.301666666666667,74,0.0,0.0,0.0,0.0,-1,0,0.7857504,0.3363957,0.010794578,1.85643,285,-1,0.0014845782,0,Non-Buzzer
2040847151992095128,2026-04-05 17:40:52+00:00,0,"Lebih flexible (dari sisi pemerintahan kita nya kalo mau nganuin game tertentu yang ""mengganggu ketertiban umum"" atau ""meresahkan masyarakat"") haha. Ironis nya IGRS ini bagian dari ""Percepatan Pengembangan Industri Gim Nasional"" 🤷‍♂️.",2040847151992095128,,,in,,0,0,0,https://x.com/klawd___/status/2040847151992095128,309609509,klawd___,31,id,keep_id_anchor,False,lebih flexible dari sisi pemerintahan kita nya kalau mau nganuin game tertentu yang mengganggu ketertiban umum atau meresahkan masyarakat haha ironis nya igrs ini bagian dari percepatan pengembangan industri game nasional,[],0,0,221,31,0,0,1,0.3882,0.0031,1,1.0,5.295555555555556,74,0.0,0.0,0.0,0.0,-1,0,0.7695101,0.31724083,0.38644424,-1.8084246,286,-1,0.0010947546,0,Non-Buzzer
2040748319144886364,2026-04-05 17:40:49+00:00,2,"@ChouSenka Udah pengetahuan publik kalo sistem Steam itu bagus banget dan governance nya nuga top, ini malah nyalahin Steam karena gak sesuai sama kriteria IGRS, yang harusnya dibenerin itu komdigi bukan Steamnya, emang boomer kolot PNS hasil bagi kursi dan beli jabatan gini hasilnya",2040847138612232255,,ChouSenka,in,,0,0,0,https://x.com/Kentato_3/status/2040847138612232255,498874915,Kentato_3,44,id,keep_id_anchor,False,sudah pengetahuan publik kalau sistem steam itu bagus banget dan governance nya nuga top ini malah nyalahin steam karena tidak sesuai sama kriteria igrs yang harusnya dibenerin itu komdigi bukan steamnya emang boomer kolot pns hasil bagi kursi dan beli jabatan gini hasilnya,[],0,1,274,43,0,2,0,0.2388,0.0245,1,1.0,5.294722222222222,74,1.0,0.0,0.0,0.0,-1,0,0.7154536,0.33185056,0.2483288,-0.7022209,287,-1,0.0026697195,0,Non-Buzzer
2040847020467085610,2026-04-05 17:40:21+00:00,0,"IGRS ini lawak deh selain masih salah sasaran menurutku RC itu malah jangan dibuat kayak ban, mending 21+ dah",2040847020467085610,,,in,,0,0,0,https://x.com/GlazedLight/status/2040847020467085610,1924783003089436672,GlazedLight,19,id,keep_id_anchor,False,igrs ini lawak deh selain masih salah sasaran menurutku rc itu malah jangan dibuat seperti ban mending dah,[],0,0,106,18,0,0,1,0.3746,0.0181,1,1.0,5.286944444444444,74,0.0,0.0,0.0,0.0,-1,0,0.75858265,0.42109054,0.91200554,0.029542947,288,-1,0.002918818,0,Non-Buzzer
2040846608678658157,2026-04-05 17:38:43+00:00,1,Dem Yakuza kena block ama IGRS? Sedangkan game2 cewe yang nsfw lulus? Otw di serang massal keknya komdigi sih,2040846608678658157,,,in,,0,0,0,https://x.com/_sennav/status/2040846608678658157,730661615608041473,_sennav,19,id,keep_id_anchor,False,dem yakuza kena block sama igrs sedangkan game cewe yang nsfw lulus otw di serang massal keknya komdigi sih,[],0,0,107,19,0,1,1,0.5156,0.0112,1,0.5,3.622777777777778,74,1.0,0.0,0.0,0.0,-1,0,0.7072464,0.37450543,0.73359317,0.14324492,289,-1,0.013968045,0,Non-Buzzer
2040846441816686839,2026-04-05 17:38:03+00:00,0,IGRS aja pake buzzer segala lu goblok @kemkomdigi,2040846441816686839,,,in,,0,0,0,https://x.com/Serenz0_/status/2040846441816686839,282494974,Serenz0_,8,sl,keep_id_anchor,False,igrs aja pake buzzer segala kamu goblok,[],0,0,39,7,0,0,1,0.4706,0.0124,1,1.0,5.248611111111111,74,0.0,0.0,0.0,0.0,0,0,0.87695783,0.3468687,1.4446236,0.40989706,290,-1,0.22655332,0,Non-Buzzer
2040827262686372264,2026-04-05 17:36:41+00:00,0,@RanggaWidigda Penasaran gak mas ini game di kasih ranting berapa kalau IGRS masuk ke playstore https://t.co/hC9Xr4Qa9r,2040846099716657155,https://pbs.twimg.com/media/HFKKtkvaUAAQWlL.jpg,RanggaWidigda,in,,0,1,0,https://x.com/iambayu48/status/2040846099716657155,1711310667012300800,iambayu48,19,id,keep_id_anchor,False,penasaran tidak mas ini game di kasih ranting berapa kalau igrs masuk ke playstore,[],0,1,82,14,0,1,1,0.3697,0.0153,1,1.0,5.225833333333333,74,1.0,0.0,0.0,0.0,-1,0,0.71180665,0.3816626,0.3624478,-0.4489002,291,-1,0.002615976,0,Non-Buzzer
2040579308373332239,2026-04-05 17:36:16+00:00,0,"@ezash Kekhawatiran soal dampak regulasi ini sangat valid, makanya kita perlu kawal agar sistem IGRS yang baru ini segera diperbaiki teknisnya dan lebih transparan informasinya supaya tidak terus membingungkan",2040845994674495856,,ezash,in,,0,0,0,https://x.com/ikaikuikok/status/2040845994674495856,620724276,ikaikuikok,29,id,keep_id_anchor,False,kekhawatiran soal dampak regulasi ini sangat valid makanya kita perlu kawal agar sistem igrs yang baru ini segera diperbaiki teknisnya dan lebih transparan informasinya supaya tidak terus membingungkan,[],0,1,201,28,0,0,1,0.457,0.015,2,0.6666666666666666,3.713888888888889,74,2.0,0.0,0.0,0.0,-1,0,0.86431193,0.2833937,-0.64189506,-0.1474117,292,-1,0.8576151,1,Buzzer
2040845384252313651,2026-04-05 17:33:51+00:00,1,"Penjelasan resmi terkait IGRS dan sistem rating gim di Steam sudah dirilis dan bisa jadi rujukan yang lebih jelas. Sebaiknya dibaca dulu sebelum menarik kesimpulan lebih jauh: 
https://t.co/j5XWVDwm3u",2040845384252313651,,,in,,0,0,0,https://x.com/Reejanuari/status/2040845384252313651,1282300795342303232,Reejanuari,31,id,keep_id_anchor,False,penjelasan resmi terkait igrs dan sistem rating game di steam sudah dirilis dan bisa jadi rujukan yang lebih jelas sebaiknya dibaca dulu sebelum menarik kesimpulan lebih jauh,[],0,0,174,27,0,1,1,0.7847,0.0164,1,1.0,5.1786111111111115,74,0.0,0.0,0.0,0.0,1,0,0.9485138,0.43242103,-1.4313923,-0.2169644,293,-1,0.99378526,1,Buzzer
2040844572545384788,2026-04-05 17:30:37+00:00,0,igrs is such a joke,2040844572545384788,,,en,,0,0,0,https://x.com/Kotaro_4844/status/2040844572545384788,1504478782928797709,Kotaro_4844,5,en,keep_id_anchor,False,igrs is such a joke,[],0,0,19,5,0,0,1,0.8577,0.0059,1,1.0,5.124722222222222,74,0.0,0.0,0.0,0.0,-1,0,0.95869863,0.35940012,-0.39491853,1.6980458,294,-1,0.023007238,0,Non-Buzzer
2040843661727215798,2026-04-05 17:27:00+00:00,0,uang pajak kita dipake buat bayar buzzer IGRS bener2 culas se culas2nya,2040843661727215798,,,in,,0,0,0,https://x.com/Cyanpile007/status/2040843661727215798,1431803689086246912,Cyanpile007,12,id,keep_id_anchor,False,uang pajak kita dipake buat bayar buzzer igrs benar culas se culas nya,[],0,0,70,13,0,0,1,0.5653,0.0086,1,1.0,5.064444444444445,74,0.0,0.0,0.0,0.0,-1,0,0.7517357,0.264138,0.87851375,-0.09406697,295,-1,0.0011277448,0,Non-Buzzer
2040579308373332239,2026-04-05 17:25:48+00:00,0,@ezash Justru karena itu rating kayak IGRS perlu dibikin makin jelas dan rapi.,2040843359422673320,,ezash,in,,0,1,0,https://x.com/zai25452114159/status/2040843359422673320,1715253038930378752,zai25452114159,13,id,keep_id_anchor,False,justru karena itu rating seperti igrs perlu dibikin makin jelas dan rapi,[],0,1,72,12,0,1,1,0.6052,0.0029,1,1.0,5.044444444444444,74,1.0,0.0,0.0,0.0,1,0,0.86684763,0.41892105,-0.80524623,-0.18765517,296,-1,0.18131705,0,Non-Buzzer
2040491792295186826,2026-04-05 17:23:33+00:00,0,"@badakmeledak_ Info yang beredar, rating IGRS di Steam sekarang sebagian masih tahap awal/selfdeclare dan belum final. Harapannya nanti setelah dikurasi bisa lebih akurat sesuai kelompok usia pemain.",2040842791769772093,,badakmeledak_,in,,0,0,0,https://x.com/DazzZulia/status/2040842791769772093,1706181116791795712,DazzZulia,28,id,keep_id_anchor,False,info yang beredar rating igrs di steam sekarang sebagian masih tahap awal self declare dan belum final harapannya nanti setelah dikurasi bisa lebih akurat sesuai kelompok usia pemain,[],0,1,182,28,0,0,1,0.5375,0.0254,2,0.5,3.4133333333333336,74,3.0,0.0,0.0,0.0,1,1,0.8647488,0.4080048,-1.4447997,0.031634603,297,-1,0.9894533,1,Buzzer
2040645711650509022,2026-04-05 17:21:54+00:00,0,"@rayrestufauzi Sejauh ini yang terlihat di Steam katanya masih banyak yang berupa input awal (selfdeclare), jadi belum hasil kurasi final dari IGRS. Semoga nanti saat sudah final bisa lebih objektif dan sesuai dengan target usia pemain.",2040842375799730570,,rayrestufauzi,in,,0,1,0,https://x.com/DazzZulia/status/2040842375799730570,1706181116791795712,DazzZulia,36,id,keep_id_anchor,False,sejauh ini yang terlihat di steam katanya masih banyak yang berupa input awal self declare jadi belum hasil kurasi final dari igrs semoga nanti saat sudah final bisa lebih objektif dan sesuai dengan target usia pemain,[],0,1,217,36,0,1,1,0.4927,0.0213,2,0.5,3.4133333333333336,74,3.0,0.0,0.0,0.0,1,1,0.8387089,0.37761837,-0.529791,-0.4685808,298,-1,0.94809395,1,Buzzer
2040841990728995043,2026-04-05 17:20:22+00:00,0,ni emang kontol apa ya igrs memek,2040841990728995043,,,in,,0,0,0,https://x.com/__byyyyyy/status/2040841990728995043,1489643975648870401,__byyyyyy,7,id,keep_id_anchor,False,ini emang kontol apa ya igrs memek,[],0,0,34,7,0,0,1,0.8302,0.0088,1,1.0,4.953888888888889,74,0.0,0.0,0.0,0.0,0,1,0.9124925,0.32120454,1.6780746,0.42012042,299,-1,0.03784255,0,Non-Buzzer
1940054491275174036,2026-04-05 17:20:18+00:00,0,"Sir I have Registered my Grievance several times on the IGRS portal but Justice still remains to be done. In spite of hardships my faith in you remains unshaken. H.Sir, I had sent a speedpost to your Office along with Necessary Documents for your reference. Kindly do the needful.",2040841974266376341,,HSBITTA,en,,0,0,0,https://x.com/HSBITTA/status/2040841974266376341,1879900658687729664,HSBITTA,50,en,keep_id_anchor,False,sir i have registered my grievance several times on the igrs portal but justice still remains to be done in spite of hardships my faith in you remains unshaken h sir i had sent a speedpost to your office along with necessary documents for your reference kindly do the needful,[],0,1,275,50,0,0,1,1.0,0.0171,2,1.0,4.933611111111111,74,0.0,0.0,0.0,0.0,-1,0,1.0,0.16987254,0.15992677,1.1294292,300,-1,0.6223242,0,Non-Buzzer
2040841878674042969,2026-04-05 17:19:55+00:00,0,Ada info loker tim IGRS gak? 🙏🏼✨️,2040841878674042969,,,in,,0,2,0,https://x.com/nipoonie/status/2040841878674042969,97179005,nipoonie,6,id,keep_id_anchor,False,ada info loker tim igrs tidak,[],0,0,29,6,0,2,0,0.6214,0.0167,2,1.0,4.8805555555555555,74,0.0,0.0,0.0,0.0,-1,0,0.7050584,0.28667095,0.50203663,0.08855167,301,-1,0.019715713,0,Non-Buzzer
2040619090038194329,2026-04-05 17:19:26+00:00,6,"@kerissakti Sometimes I wanted to open their heads to see if they still have brains. 
If I'm being too lazy and just wanted project money, I just follow ESRB ratings of a game, slap the same IGRS rating, and 'ongkang-ongkang kaki'. 
But no, those idiots have to make it harder for all of us. https://t.co/7sZqWIDGEp",2040841757789663507,https://pbs.twimg.com/media/HFKGw1GW8AAo8uo.jpg,kerissakti,en,,0,0,0,https://x.com/Red_Rackham87/status/2040841757789663507,3292305323,Red_Rackham87,60,en,keep_id_anchor,False,sometimes i wanted to open their heads to see if they still have brains if i m being too lazy and just wanted project money i just follow esrb ratings of a game slap the same igrs rating and ongkang ongkang kaki but no those idiots have to make it harder for all of us,[],0,1,268,55,0,6,0,0.4041,0.0166,1,1.0,4.9383333333333335,74,1.0,0.0,0.0,0.0,-1,0,0.5995942,0.31698766,0.21424307,-0.72599053,302,-1,0.0031748067,0,Non-Buzzer
1962376380391546953,2026-04-05 17:19:09+00:00,0,"@myogioffice @myogiadityanath Sir I have Registered my Grievance several times on the IGRS portal but Justice still remains to be done. In spite of hardships my faith in you remains unshaken. H.Sir, I had sent a speedpost to your Office along with Necessary Documents for your reference. Kindly do the needful.",2040841686973313467,,HSBITTA,en,,0,0,0,https://x.com/HSBITTA/status/2040841686973313467,1879900658687729664,HSBITTA,52,en,keep_id_anchor,False,sir i have registered my grievance several times on the igrs portal but justice still remains to be done in spite of hardships my faith in you remains unshaken h sir i had sent a speedpost to your office along with necessary documents for your reference kindly do the needful,[],0,1,275,50,0,0,1,1.0,0.0171,2,1.0,4.933611111111111,74,0.0,0.0,0.0,0.0,-1,0,1.0,0.16987254,0.15992677,1.1294292,303,-1,0.6223242,0,Non-Buzzer
2040841528244109547,2026-04-05 17:18:31+00:00,0,"Buat yang lagi bahas IGRS &amp; rating gim di Steam, ini ada siaran pers resminya, coba cek dulu ya
https://t.co/H5I1r4UepX",2040841528244109547,,,in,,0,0,0,https://x.com/AbcDef38782297/status/2040841528244109547,1580001297410846720,AbcDef38782297,23,id,keep_id_anchor,False,buat yang lagi bahas igrs rating game di steam ini ada siaran pers resminya coba cek dulu ya,[],0,0,92,18,0,0,1,0.5746,0.0155,1,1.0,4.923055555555556,74,0.0,0.0,0.0,0.0,1,0,0.9236231,0.4571276,-0.8158436,0.0995639,304,-1,0.99703133,1,Buzzer
2040685239228653915,2026-04-05 17:18:23+00:00,0,"@iPoopBased ""Biarin dulu emosi, fokus ke solusi. Gamer, dev, pemerintah, semua punya kepentingan sama. Mending kita sama-sama cari jalan buat IGRS yang lebih jelas dan rapi🔥""",2040841491363533048,,iPoopBased,in,,0,9,0,https://x.com/IraAsri325610/status/2040841491363533048,1972267683854069760,IraAsri325610,27,id,keep_id_anchor,False,biarin dulu emosi fokus ke solusi gamer dev pemerintah semua punya kepentingan sama mending kita sama sama cari jalan buat igrs yang lebih jelas dan rapi,[],0,1,153,26,0,9,0,0.3008,0.0085,1,0.5,4.46,74,1.0,0.0,0.0,0.0,-1,0,0.74198294,0.3529369,0.37407595,-0.9553745,305,-1,0.0016294321,0,Non-Buzzer
2040841436275569122,2026-04-05 17:18:10+00:00,1,"buzzer2 yg bela IGRS belom final lah self declare developer lah tai kucing, kirim sini link profil steam lo baru boleh ngomong",2040841436275569122,,,in,,0,2,1,https://x.com/nikiritsu/status/2040841436275569122,2192230622,nikiritsu,22,id,keep_id_anchor,False,buzzer yang bela igrs belum final lah self declare developer lah tai kucing kirim sini link profil steam kamu baru boleh ngomong,[],0,0,128,22,0,4,0,0.5796,0.0233,1,1.0,4.917222222222223,74,0.0,0.0,0.0,0.0,-1,0,0.7388034,0.37344366,-0.15712944,0.30468082,306,-1,0.009937808,0,Non-Buzzer
2040823276428300710,2026-04-05 17:18:09+00:00,1,@kukuhya beneris sistem IGRS ❌ sewa buzzer buat counter narasi ✅,2040841435550011635,,kukuhya,in,,0,0,0,https://x.com/PCM56DAC/status/2040841435550011635,1815786641094766593,PCM56DAC,9,id,keep_id_anchor,False,beneris sistem igrs sewa buzzer buat counter narasi,[],0,1,51,8,0,1,1,0.528,0.012,1,1.0,4.916944444444445,74,1.0,0.0,0.0,0.0,-1,0,0.7057065,0.35404766,0.52495,0.108319506,307,-1,0.008861119,0,Non-Buzzer
2040841310920483320,2026-04-05 17:17:40+00:00,1,"Emosi banget ngikutin berita IGRS, mana buzzer sudah dikerahkan.

Uang pajak kalian tuh ges",2040841310920483320,,,in,,0,0,0,https://x.com/MillastoElhart/status/2040841310920483320,1842712648712093696,MillastoElhart,14,id,keep_id_anchor,False,emosi banget ngikutin berita igrs mana buzzer sudah dikerahkan uang pajak kalian itu ges,[],0,0,88,14,0,1,1,0.5482,0.0092,1,1.0,4.908888888888889,74,0.0,0.0,0.0,0.0,-1,0,0.7517357,0.2796712,1.1753252,-0.17680332,308,-1,0.001245208,0,Non-Buzzer
2040841309402087498,2026-04-05 17:17:39+00:00,0,"Buat yang butuh referensi soal isu IGRS dan rating di Steam, ini penjelasan resminya sudah dirilis. Mungkin baik dibaca dulu biar informasinya lebih lengkap: https://t.co/4T2jvsG71A…",2040841309402087498,,,in,,0,0,0,https://x.com/lina_fajri737/status/2040841309402087498,1693505473830678529,lina_fajri737,28,id,keep_id_anchor,False,buat yang butuh referensi soal isu igrs dan rating di steam ini penjelasan resminya sudah dirilis mungkin baik dibaca dulu biar informasinya lebih lengkap,[],0,0,154,24,0,0,1,1.0,0.0131,1,1.0,4.908611111111111,74,0.0,0.0,0.0,0.0,1,1,0.9999999,0.40412664,-0.6990093,0.4528689,309,-1,0.8611599,1,Buzzer
2040841079105470684,2026-04-05 17:16:44+00:00,0,"Minta klarifikasi steam? Perlindungan konsumen? Kita orang pengennya dilindungi dari kedongoan igrs sih btw. Steam bukan anak kemaren sore. Ga perlu ngajarin ikan berenang. Yang ngaco kasih rating itu lu pada, anying.",2040841079105470684,,,in,,0,1,0,https://x.com/soulsinders/status/2040841079105470684,966633618415079429,soulsinders,32,id,keep_id_anchor,False,minta klarifikasi steam perlindungan konsumen kita orang pengennya dilindungi dari kedongoan igrs sih btw steam bukan anak kemaren sore tidak perlu ngajarin ikan berenang yang ngaco kasih rating itu kamu pada anying,[],0,0,215,32,0,1,1,0.3174,0.0216,1,1.0,4.8933333333333335,74,0.0,0.0,0.0,0.0,-1,0,0.76706344,0.31876767,0.57885045,-0.471282,310,-1,0.00206019,0,Non-Buzzer
2040840885328621710,2026-04-05 17:15:58+00:00,0,"Gray parts is not new in IGRS, we always have this ✨️Gray Parts✨️ in every life aspects as Indonesian.",2040840885328621710,,,en,,0,0,0,https://x.com/nipoonie/status/2040840885328621710,97179005,nipoonie,19,en,keep_id_anchor,False,gray parts is not new in igrs we always have this gray parts in every life aspects as indonesian,[],0,0,96,19,0,0,1,0.3061,0.0122,2,1.0,4.8805555555555555,74,0.0,0.0,0.0,0.0,-1,0,0.45714104,0.21424584,0.04832156,0.90032643,311,-1,0.001980776,0,Non-Buzzer
2040823276428300710,2026-04-05 17:15:46+00:00,0,"@kukuhya 2 kata lucu, Buzzer IGRS",2040840832237068488,,kukuhya,sl,,0,0,0,https://x.com/debugwithcare/status/2040840832237068488,1076357639854936064,debugwithcare,6,sw,keep_id_anchor,False,kata lucu buzzer igrs,[],0,1,21,4,0,0,1,0.5378,0.01,1,1.0,4.877222222222223,74,1.0,0.0,0.0,0.0,0,0,0.8856393,0.33198407,1.5534798,0.40004742,312,-1,0.06363863,0,Non-Buzzer
2040840429856559105,2026-04-05 17:15:27+00:00,0,Intinya IGRS taik.,2040840752763429084,,hanadee_20,in,,0,0,0,https://x.com/hanadee_20/status/2040840752763429084,536247521,hanadee_20,3,id,keep_id_anchor,False,intinya igrs taik,[],0,1,17,3,0,0,1,0.5877,0.0017,1,1.0,4.871944444444445,74,0.0,0.0,0.0,0.0,0,0,0.89582217,0.34852323,1.1746485,0.57494843,313,-1,0.021197908,0,Non-Buzzer
2040685239228653915,2026-04-05 17:15:09+00:00,0,"@iPoopBased ""Semua pihak pasti punya kepentingannya masing-masing, dan yang pasti kita semua sama-sama ingin yang terbaik. Daripada makin panas, mending kita dorong aja dialog terbuka dan perbaikan bareng-bareng. Biar IGRS bisa jadi sistem yang lebih baik buat semua😊""",2040840678868156469,,iPoopBased,in,,0,1,0,https://x.com/Tessa44ut/status/2040840678868156469,2008760662961647625,Tessa44ut,41,id,keep_id_anchor,False,semua pihak pasti punya kepentingannya masing masing dan yang pasti kita semua sama sama ingin yang terbaik daripada makin panas mending kita dorong aja dialog terbuka dan perbaikan bareng bareng biar igrs bisa jadi sistem yang lebih baik buat semua,[],0,1,249,40,0,1,1,0.4659,0.009,1,0.5,4.552777777777778,74,1.0,0.0,0.0,0.0,-1,0,0.664166,0.28348735,0.16158126,-0.17754984,314,-1,0.0021896649,0,Non-Buzzer
2040839995393769482,2026-04-05 17:15:06+00:00,0,"btw gak usah ditanggepin buzzer-nya guys

blokir sama report aja udah

gak usah buang waktu dan energi kalian untuk buzzer igrs dongo ini",2040840665442222144,,badakmeledak_,in,,0,1,0,https://x.com/badakmeledak_/status/2040840665442222144,1683034008282857472,badakmeledak_,24,id,keep_id_anchor,False,btw tidak usah ditanggepin buzzer nya guys blokir sama report aja sudah tidak usah buang waktu dan energi kalian untuk buzzer igrs dongo ini,[],0,1,140,24,0,1,1,0.4941,0.0257,2,1.0,4.821666666666666,74,0.0,8.0,0.0,0.07142857142857142,0,0,0.8055407,0.3575329,1.4119121,-0.14740027,315,-1,0.062129054,0,Non-Buzzer
2040837477565595660,2026-04-05 17:14:35+00:00,17,"@madeltangapung buzzer2 pukimay, mereka menyamakan rating steam yang dari dulu berjalan dengan lancar, dengan IGRS yang sistemnya sampah🤣🤣🤣

orang dari awal yang dipermasalhin sistemnya, bukan censorshipnya",2040840538384203864,,madeltangapung,in,,0,1,3,https://x.com/ChouSenka/status/2040840538384203864,1674041203657166849,ChouSenka,26,id,keep_id_anchor,False,buzzer pukimay mereka menyamakan rating steam yang dari dulu berjalan dengan lancar dengan igrs yang sistemnya sampah orang dari awal yang dipermasalhin sistemnya bukan censorshipnya,[],0,1,182,25,0,21,0,0.4437,0.0172,1,1.0,4.8575,74,1.0,3.0,0.0,0.0,1,0,0.80639386,0.4084664,-0.5161379,-0.35656604,316,-1,0.10269332,0,Non-Buzzer
2040840357844500671,2026-04-05 17:13:52+00:00,0,Untung gw main game ginian doang di steam :v pada ribut semua ama IGRS https://t.co/KFDEoBCCPh,2040840357844500671,https://pbs.twimg.com/media/HFKFfXba4AAYBjs.jpg,,in,,0,0,0,https://x.com/ALZgamin/status/2040840357844500671,1473530533934075905,ALZgamin,18,id,keep_id_anchor,False,untung saya main game ginian doang di steam v pada ribut semua sama igrs,[],0,0,72,14,0,0,1,0.359,0.0069,1,1.0,4.845555555555555,74,0.0,0.0,0.0,0.0,-1,0,0.6724272,0.29937655,0.49793357,-0.22271971,317,-1,0.00095596636,0,Non-Buzzer
2040685239228653915,2026-04-05 17:13:39+00:00,0,"@iPoopBased Kesalnya paham sih, TAPI karena gamer, developer, dan regulator sama-sama terdampak Dorongterus klarifikasi dan perbaikan bareng daripada makin panas. 
IGRS busa.",2040840299858280550,,iPoopBased,in,,0,0,0,https://x.com/noviarguna72100/status/2040840299858280550,2004965320587706370,noviarguna72100,23,id,keep_id_anchor,False,kesalnya paham sih tapi karena gamer developer dan regulator sama sama terdampak dorongterus klarifikasi dan perbaikan bareng daripada makin panas igrs busa,[],0,1,156,22,0,0,1,0.4659,0.0093,6,0.6666666666666666,3.2152777777777777,74,7.0,0.0,0.0,0.0,-1,0,0.70369303,0.3649476,-0.18039457,-1.279021,318,-1,0.0153319035,0,Non-Buzzer
2040840246364131780,2026-04-05 17:13:26+00:00,0,"Ini bukan sekadar kabar yg dipelintir, tapi penjelasan resmi melalui siaran pers terkait IGRS dan rating gim di Steam. Ada regulasi yg melatarbelakanginya dan itu penting utk dipahami secara utuh lebih baik kita baca dulu isi siaran persnya. Link berita 👇
https://t.co/ZqxYukqDuP",2040840246364131780,,,in,,0,0,0,https://x.com/uchihagaming321/status/2040840246364131780,1895346672915587072,uchihagaming321,44,id,keep_id_anchor,False,ini bukan sekadar kabar yang dipelintir tapi penjelasan resmi melalui siaran pers terkait igrs dan rating game di steam ada regulasi yang melatarbelakanginya dan itu penting untuk dipahami secara utuh lebih baik kita baca dulu isi siaran persnya link berita,[],0,0,257,40,0,0,1,0.4132,0.022,1,1.0,4.838333333333333,74,0.0,0.0,0.0,0.0,1,0,0.8583647,0.40686557,-0.36916164,-0.6486875,319,-1,0.7187233,0,Non-Buzzer
2040839995393769482,2026-04-05 17:12:26+00:00,144,"bukti kalo pemerintah indon lebih peduli sama reputasinya sendiri daripada sama warganya

bukannya dengerin suara warga, mengakui kesalahan, minta maaf, lalu memperbaiki sistem

si kocak malah BAYAR BUZZER

dua kata lucu: ""buzzer igrs"" https://t.co/GVrbK1ZZdm",2040839995393769482,https://pbs.twimg.com/media/HFKEMBkaEAAWiAd.jpg,,in,,1,1,44,https://x.com/badakmeledak_/status/2040839995393769482,1683034008282857472,badakmeledak_,37,id,keep_id_anchor,False,bukti kalau pemerintah indon lebih peduli sama reputasinya sendiri daripada sama warganya bukannya dengerin suara warga mengakui kesalahan minta maaf lalu memperbaiki sistem si kocak malah bayar buzzer dua kata lucu buzzer igrs,[],0,0,227,33,0,190,0,0.403,0.0158,2,1.0,4.821666666666666,74,0.0,8.0,0.0,0.07142857142857142,-1,0,0.66411793,0.25996432,0.43269035,-0.43829635,320,-1,0.0031668565,0,Non-Buzzer
2040839708218138827,2026-04-05 17:11:18+00:00,1,temenku bilang igrs ntu indonesian gooner rating system 😭,2040839708218138827,,,in,,0,0,0,https://x.com/yeojinwibu/status/2040839708218138827,1763175669830397953,yeojinwibu,8,id,keep_id_anchor,False,temenku bilang igrs ntu indonesian gooner rating system,[],0,0,55,8,0,1,1,0.629,0.0099,1,1.0,4.802777777777778,74,0.0,0.0,0.0,0.0,1,0,0.9066695,0.33370003,-1.1185668,0.89661753,321,-1,0.18180461,0,Non-Buzzer
2040579308373332239,2026-04-05 17:11:11+00:00,0,"@ezash Aku juga ngerti poin politik tapi ya biasa az menurut ku,  karena  rating  IGRS perlu dibikin makin jelas dan rapi.",2040839681324257423,,ezash,in,,0,0,0,https://x.com/Ranti130920/status/2040839681324257423,1855364957027876864,Ranti130920,21,id,keep_id_anchor,False,aku juga ngerti poin politik tapi ya biasa az menurut ku karena rating igrs perlu dibikin makin jelas dan rapi,[],0,1,110,20,0,0,1,0.6534,0.0052,3,0.75,3.870277777777778,74,3.0,0.0,0.0,0.0,-1,0,0.87617135,0.34606412,-0.0148218535,-0.5307055,322,-1,0.17631215,0,Non-Buzzer
2040685239228653915,2026-04-05 17:11:04+00:00,0,"@iPoopBased Niatnya mungkin bagus, tapi implementasi rating IGRS di Steam saat ini masih belum mudah dipahami. Perlu penjelasan yang lebih terbuka biar publik nggak salah tafsir",2040839653230809323,,iPoopBased,in,,0,0,0,https://x.com/Deewwiiiii/status/2040839653230809323,1171267827736571904,Deewwiiiii,26,id,keep_id_anchor,False,niatnya mungkin bagus tapi implementasi rating igrs di steam saat ini masih belum mudah dipahami perlu penjelasan yang lebih terbuka biar publik tidak salah tafsir,[],0,1,163,25,0,0,1,0.2477,0.0267,7,0.7,3.183611111111111,74,9.0,0.0,0.0,0.027777777777777776,1,1,0.8852247,0.42878246,-1.1414976,-0.3201409,323,-1,0.9885039,1,Buzzer
2040839366311125177,2026-04-05 17:09:56+00:00,2,"Aku yg kuliah jurusan teknologi game mulai muak banget denger berita huru hara game di Indonesia. 
Pertama masalah toge yang kemarin, terus IGRS ini.. Allahuakbar",2040839366311125177,,,in,,0,0,0,https://x.com/someeothrthing/status/2040839366311125177,1943994111402684418,someeothrthing,25,id,keep_id_anchor,False,aku yang kuliah jurusan teknologi game mulai muak banget denger berita huru hara game di indonesia pertama masalah toge yang kemarin terus igrs ini allahuakbar,[],0,0,159,25,0,2,0,0.3747,0.0076,1,1.0,4.78,74,0.0,0.0,0.0,0.0,-1,0,0.71791327,0.34020162,0.44275552,-0.51759976,324,-1,0.001980677,0,Non-Buzzer
2040839333054427390,2026-04-05 17:09:48+00:00,0,Komdigi sialan duit pajak bukan nya benerin sistem rating IGRS malah di pake nge buzzer,2040839333054427390,,,in,,0,0,0,https://x.com/Pintu_Macet/status/2040839333054427390,1553201791508320256,Pintu_Macet,15,id,keep_id_anchor,False,komdigi sialan duit pajak bukan nya benerin sistem rating igrs malah di pake nge buzzer,[],0,0,87,15,0,0,1,0.4278,0.0216,1,1.0,4.777777777777778,74,0.0,0.0,0.0,0.0,-1,0,0.74671316,0.34652656,0.1572562,-0.26735646,325,-1,0.0032120172,0,Non-Buzzer
2040579308373332239,2026-04-05 17:08:09+00:00,0,"@ezash ""Bener banget, politik dan regulasi emang ngaruh ke hidup kita, jadi wajar kalo banyak yang penasaran. Mungkin IGRS bisa lebih transparan dan rapi lagi, biar kita semua lebih paham. Sistem baru emang butuh waktu, tapi perbaikan dan penjelasan yang jelas pasti lebih membantu🔥""",2040838918489456697,,ezash,in,,0,0,0,https://x.com/Ginanadia67421/status/2040838918489456697,1715676531035635712,Ginanadia67421,44,id,keep_id_anchor,False,benar banget politik dan regulasi emang ngaruh ke hidup kita jadi wajar kalau banyak yang penasaran mungkin igrs bisa lebih transparan dan rapi lagi biar kita semua lebih paham sistem baru emang butuh waktu tapi perbaikan dan penjelasan yang jelas pasti lebih membantu,[],0,1,268,43,0,0,1,0.4029,0.0177,3,0.75,4.029166666666667,74,3.0,0.0,0.0,0.0,3,1,0.84752953,0.24911106,0.50099266,-1.088876,326,-1,0.88412786,1,Buzzer
2040838732836958217,2026-04-05 17:07:25+00:00,6,"Udah dibilang, kemarin pas penangkapan barbuknya malah komik miiko aja dah ketauan arahnya di mana. Sekarang malah IGRS bikin ulah, emang anjing aja satu rezim ini gila.",2040838732836958217,,,in,,0,2,0,https://x.com/boiebe/status/2040838732836958217,2485568305,boiebe,27,id,keep_id_anchor,False,sudah dibilang kemarin pas penangkapan barbuknya malah komik miiko aja dah ketauan arahnya di mana sekarang malah igrs bikin ulah emang anjing aja satu rezim ini gila,[],0,0,166,27,0,8,0,0.2648,0.0118,1,1.0,4.7380555555555555,74,0.0,0.0,0.0,0.0,-1,0,0.6437472,0.23249461,1.7155966,0.18770051,327,-1,0.0019036671,0,Non-Buzzer
2040838728525152609,2026-04-05 17:07:24+00:00,0,"https://t.co/RLj0QqxCZf

IGRS",2040838728525152609,,,sl,,0,0,0,https://x.com/textcbnkuningan/status/2040838728525152609,1837521622540210180,textcbnkuningan,5,id,keep_id_anchor,False,igrs,[],0,0,4,1,1,0,1,0.0,0.0,1,1.0,4.737777777777778,74,0.0,0.0,0.0,0.0,0,0,1.0000001,0.28146854,-0.78018814,2.30597,328,-1,0.006758657,0,Non-Buzzer
2040579308373332239,2026-04-05 17:07:06+00:00,0,"@ezash Wajar kalau isu politik dan regulasi bikin resah, tapi justru karena itu sistem kayak IGRS perlu dibenahi secara teknis dan dijelasin lebih transparan, karena namanya juga sistem baru pasti masih butuh waktu buat rapi.",2040838653099073725,,ezash,in,,0,1,0,https://x.com/PutriRahma32820/status/2040838653099073725,1908370125050568704,PutriRahma32820,35,id,keep_id_anchor,False,wajar kalau isu politik dan regulasi bikin resah tapi justru karena itu sistem seperti igrs perlu dibenahi secara teknis dan dijelasin lebih transparan karena namanya juga sistem baru pasti masih butuh waktu buat rapi,[],0,1,217,34,0,1,1,0.4825,0.0191,5,0.8333333333333334,3.6463888888888887,74,5.0,0.0,0.0,0.0,3,1,0.88185763,0.3078156,-0.011342275,-0.6809939,329,-1,0.9350036,1,Buzzer
2040579308373332239,2026-04-05 17:06:41+00:00,0,"@ezash Kekhawatiran soal dampak politik itu valid, tapi arah diskusinya mungkin lebih baik ke dorong perbaikan teknis dan keterbukaan informasi IGRS, karena fase awal sistem baru memang biasanya masih banyak penyesuaian.",2040838548287549790,,ezash,in,,0,1,0,https://x.com/Adiety333/status/2040838548287549790,1202870884165242880,Adiety333,31,id,keep_id_anchor,False,kekhawatiran soal dampak politik itu valid tapi arah diskusinya mungkin lebih baik ke dorong perbaikan teknis dan keterbukaan informasi igrs karena fase awal sistem baru memang biasanya masih banyak penyesuaian,[],0,1,210,30,0,1,1,0.3124,0.0153,5,0.8333333333333334,3.651666666666667,74,5.0,0.0,0.0,0.0,-1,0,0.7674196,0.2759621,-0.20831782,-0.6884467,330,-1,0.014555757,0,Non-Buzzer
2040838423226036651,2026-04-05 17:06:11+00:00,0,"NBA 2K26 18+ KARENA ADA SIMULASI JUDOL?!!

DI MYCAREER ADA ADEGAN LEBRON MAIN SLOT GACOR KAHHH???

ADA ADEGAN KD DAPET SCATTER KAHHH???!!!

Bajingan lo IGRS https://t.co/FvhqKCRcsI",2040838423226036651,https://pbs.twimg.com/media/HFKDutzboAA_a7e.jpg,,in,,0,0,0,https://x.com/woodyinhow/status/2040838423226036651,1164835488,woodyinhow,29,so,keep_id_anchor,False,nba k karena ada simulasi judol di mycareer ada adegan lebron main slot gacor kahhh ada adegan kd dapet scatter kahhh bajingan kamu igrs,[],0,0,136,24,0,0,1,0.3314,0.0066,1,1.0,4.7175,74,0.0,0.0,0.0,0.0,-1,0,0.6872366,0.32231817,0.66037494,0.24871409,331,-1,0.0009072061,0,Non-Buzzer
2040838179759271979,2026-04-05 17:05:13+00:00,0,"Buzzer langsung dikerahkan untuk IGRS 🤣🤣🤣,  mantap komdigi",2040838179759271979,,,in,,0,0,0,https://x.com/SKspammer/status/2040838179759271979,1413436820063330304,SKspammer,7,id,keep_id_anchor,False,buzzer langsung dikerahkan untuk igrs mantap komdigi,[],0,0,52,7,0,0,1,0.5238,0.021,1,1.0,4.701388888888889,74,0.0,0.0,0.0,0.0,-1,0,0.7066437,0.25237334,0.7710631,0.46423104,332,-1,0.0022333357,0,Non-Buzzer
2040579308373332239,2026-04-05 17:05:10+00:00,0,"@ezash Memang masuk akal kalau orang khawatir soal regulasi, tapi di sisi lain IGRS ini masih proses, jadi penting didorong ke arah transparansi dan penyempurnaan.",2040838166257803699,,ezash,in,,0,0,0,https://x.com/Fatiyazean/status/2040838166257803699,1936732324785467392,Fatiyazean,25,id,keep_id_anchor,False,memang masuk akal kalau orang khawatir soal regulasi tapi di sisi lain igrs ini masih proses jadi penting didorong ke arah transparansi dan penyempurnaan,[],0,1,153,24,0,0,1,0.2864,0.0148,2,0.6666666666666666,4.380833333333333,74,2.0,0.0,0.0,0.0,-1,0,0.7434937,0.27024132,0.09532683,-1.1718225,333,-1,0.0031059182,0,Non-Buzzer
2040684902866411853,2026-04-05 17:04:39+00:00,0,"@RRDelusi Kalau tidak salah yang muncul di Steam itu banyak yang masih data awal dari sistem self-declare developer, jadi belum tentu rating final dari IGRS. Memang di tahap awal biasanya masih ada penyesuaian, tujuan utamanya sebenarnya supaya ada panduan umur dan melindungi pemain muda",2040838036456640839,,RRDelusi,in,,0,5,0,https://x.com/yani09842577669/status/2040838036456640839,1930164158227722241,yani09842577669,45,id,keep_id_anchor,False,kalau tidak salah yang muncul di steam itu banyak yang masih data awal dari sistem self declare developer jadi belum tentu rating final dari igrs memang di tahap awal biasanya masih ada penyesuaian tujuan utamanya sebenarnya supaya ada panduan umur dan melindungi pemain muda,[],0,1,275,44,0,5,0,0.54,0.039,2,1.0,4.6627777777777775,74,1.0,0.0,0.0,0.0,1,0,0.9114841,0.39489785,-1.2207271,-0.5976157,334,-1,0.9926311,1,Buzzer
2040579308373332239,2026-04-05 17:04:33+00:00,0,"@ezash Poin politik ngaruh ke hidup kita, itu bener. Justru karena itu rating kayak IGRS perlu dibikin makin jelas dan rapi.",2040838012251283541,,ezash,in,,0,0,0,https://x.com/noviarguna72100/status/2040838012251283541,2004965320587706370,noviarguna72100,21,id,keep_id_anchor,False,poin politik ngaruh ke hidup kita itu benar justru karena itu rating seperti igrs perlu dibikin makin jelas dan rapi,[],0,1,116,20,0,0,1,0.7314,0.005,6,0.6666666666666666,3.2152777777777777,74,7.0,0.0,0.0,0.0,-1,0,0.87617135,0.32355335,0.18288551,-0.6601652,335,-1,0.10364348,0,Non-Buzzer
2040579308373332239,2026-04-05 17:04:10+00:00,0,"@ezash Setuju kalau isu regulasi penting, tapi IGRS ini juga masih berkembang, jadi perlu waktu sambil terus didorong agar lebih jelas dan konsisten.",2040837914524111028,,ezash,in,,0,0,0,https://x.com/hilyazu/status/2040837914524111028,1811992986022211584,hilyazu,23,id,keep_id_anchor,False,setuju kalau isu regulasi penting tapi igrs ini juga masih berkembang jadi perlu waktu sambil terus didorong agar lebih jelas dan konsisten,[],0,1,139,22,0,0,1,0.2736,0.013,4,0.8,3.976111111111111,74,4.0,0.0,0.0,0.0,-1,0,0.79885924,0.2986304,-0.19578077,-0.68665916,336,-1,0.014089735,0,Non-Buzzer
2040837893791617226,2026-04-05 17:04:05+00:00,0,"Buat yang mengikuti isu rating gim di Steam dan IGRS, penjelasan resmi sudah dirilis. Sebaiknya dibaca dulu biar dapat gambaran utuh https://t.co/dHJl301M73",2040837893791617226,,,in,,0,0,0,https://x.com/Florestone16736/status/2040837893791617226,2009593598195666944,Florestone16736,25,id,keep_id_anchor,False,buat yang mengikuti isu rating game di steam dan igrs penjelasan resmi sudah dirilis sebaiknya dibaca dulu biar dapat gambaran utuh,[],0,0,131,21,0,0,1,0.628,0.0127,2,1.0,4.645,74,1.0,0.0,0.0,0.0,1,0,0.9202864,0.4790414,-0.42229915,-0.2022514,337,-1,0.99304813,1,Buzzer
2040579308373332239,2026-04-05 17:03:48+00:00,0,"@ezash Aku mengerti kok poin politik ngaruh ke hidup kita, itu benar sekali. Justru karena itu rating kayak IGRS perlu dibikin makin jelas dan rapi agar IGRS regulasinya bisa tepat di seluruh masyarakat Indonesia baik anak kecil, maupun orang dewasa. Tolong sistem IGRS lebih dibenahi.",2040837822438080955,,ezash,in,,0,0,0,https://x.com/andybalala19/status/2040837822438080955,1399951844000997378,andybalala19,45,id,keep_id_anchor,False,aku mengerti kok poin politik ngaruh ke hidup kita itu benar sekali justru karena itu rating seperti igrs perlu dibikin makin jelas dan rapi agar igrs regulasinya bisa tepat di seluruh masyarakat indonesia baik anak kecil maupun orang dewasa tolong sistem igrs lebih dibenahi,[],0,1,275,44,0,0,1,0.7314,0.0149,4,0.6666666666666666,3.713611111111111,74,5.0,0.0,0.0,0.0,-1,0,0.77452767,0.3369343,-0.2828288,-0.25291282,338,-1,0.050895076,0,Non-Buzzer
2040837596113473569,2026-04-05 17:02:54+00:00,0,"Biar diskusi soal IGRS &amp; rating gim di Steam lebih lengkap, ada siaran pers resmi yang menjelaskan konteksnya. Silakan dibaca dulu di sini: 
https://t.co/ktb0fsIdZv",2040837596113473569,,,in,,0,1,0,https://x.com/yani09842577669/status/2040837596113473569,1930164158227722241,yani09842577669,27,id,keep_id_anchor,False,biar diskusi soal igrs rating game di steam lebih lengkap ada siaran pers resmi yang menjelaskan konteksnya silakan dibaca dulu di sini,[],0,0,135,22,0,1,1,0.7017,0.0186,2,1.0,4.6627777777777775,74,1.0,0.0,0.0,0.0,1,0,0.9406271,0.45113084,-1.3495046,0.09650336,339,-1,0.987954,1,Buzzer
2040579308373332239,2026-04-05 17:02:37+00:00,0,"@ezash Keresahan publik soal regulasi ini sangat valid, namun sebaiknya kita fokus mendorong transparansi teknis agar sistem IGRS yang baru ini bisa segera diperbaiki",2040837523698815246,,ezash,in,,0,0,0,https://x.com/carapaklek/status/2040837523698815246,230755427,carapaklek,24,id,keep_id_anchor,False,keresahan publik soal regulasi ini sangat valid namun sebaiknya kita fokus mendorong transparansi teknis agar sistem igrs yang baru ini bisa segera diperbaiki,[],0,1,158,23,0,0,1,0.457,0.0097,7,0.7777777777777778,3.303611111111111,74,8.0,0.0,0.0,0.0,-1,0,0.86431193,0.23942633,-0.5956517,-0.23820162,340,-1,0.2683805,0,Non-Buzzer
2040837383814517210,2026-04-05 17:02:03+00:00,0,"Kalau kalian pengin lihat sisi resminya, ada siaran pers yang jelasin posisi pemerintah soal rating di Steam &amp; IGRS. Saran gue, baca dulu, habis itu silakan kritis, tapi dengan info yang lebih lengkap. Biar suaranya nyampe dan susah diabaikan.

https://t.co/olg4CMT05K",2040837383814517210,,,in,,0,0,0,https://x.com/masgah_/status/2040837383814517210,1325068002979504133,masgah_,43,id,keep_id_anchor,False,kalau kalian pengin lihat sisi resminya ada siaran pers yang jelasin posisi pemerintah soal rating di steam igrs saran saya baca dulu habis itu silakan kritis tapi dengan info yang lebih lengkap biar suaranya nyampe dan susah diabaikan,[],0,0,235,38,0,0,1,0.3503,0.0162,2,0.6666666666666666,4.5777777777777775,74,0.0,0.0,0.0,0.0,-1,0,0.71835047,0.31646693,0.06729329,-0.0077228704,341,-1,0.004265362,0,Non-Buzzer
2040837372775178540,2026-04-05 17:02:01+00:00,0,"Agar diskursus mengenai klasifikasi gim lebih berimbang, silakan simak siaran pers resmi terkait IGRS dan kebijakan rating di Steam melalui tautan ini. Yuk, baca dulu detailnya: 
https://t.co/0JRqz9XkXf…
#IGRS #SteamRating #IndustriGim #AkuSukaDiHumilateCeweYangLebihTua",2040837372775178540,,,in,,0,1,1,https://x.com/mniirtjak/status/2040837372775178540,1617165458440081408,mniirtjak,34,id,keep_id_anchor,False,agar diskursus mengenai klasifikasi game lebih berimbang silakan simak siaran pers resmi terkait igrs dan kebijakan rating di steam melalui tautan ini yuk baca dulu detailnya igrs steamrating industrigim akusukadihumilateceweyanglebihtua,[],0,0,237,30,0,2,0,1.0,0.0154,1,1.0,4.648055555555556,74,0.0,0.0,0.0,0.0,1,1,0.9868238,0.41540876,-0.69102955,-0.46406874,342,-1,0.954272,1,Buzzer
2040579308373332239,2026-04-05 17:01:54+00:00,0,"@ezash Keresahannya valid, tapi justru karena ini ngaruh ke publik, sistem seperti IGRS perlu terus dibenahi dengan penjelasan yang lebih terbuka dan teknis yang lebih rapi.",2040837344992039033,,ezash,in,,0,0,0,https://x.com/ratihzatil1993/status/2040837344992039033,1869415215227650048,ratihzatil1993,26,id,keep_id_anchor,False,keresahannya valid tapi justru karena ini ngaruh ke publik sistem seperti igrs perlu terus dibenahi dengan penjelasan yang lebih terbuka dan teknis yang lebih rapi,[],0,1,163,25,0,0,1,0.4237,0.0118,1,1.0,4.646111111111111,74,1.0,0.0,0.0,0.0,3,0,0.81482804,0.32558367,-0.09191205,-0.52346134,343,-1,0.62284434,0,Non-Buzzer
2040579308373332239,2026-04-05 17:01:52+00:00,0,"@ezash Gue paham kok keresahan soal politik dan regulasi itu valid, justru karena itu sistem kayak IGRS perlu terus dibenahi dan dijelasin lebih terbuka, karena wajar kalau di fase awal masih banyak yang belum rapi dan butuh waktu buat disempurnakan.",2040837334762156529,,ezash,in,,0,0,0,https://x.com/rpramestaa12/status/2040837334762156529,227248005,rpramestaa12,40,id,keep_id_anchor,False,saya paham kok keresahan soal politik dan regulasi itu valid justru karena itu sistem seperti igrs perlu terus dibenahi dan dijelasin lebih terbuka karena wajar kalau di fase awal masih banyak yang belum rapi dan butuh waktu buat disempurnakan,[],0,1,243,39,0,0,1,0.4825,0.0179,4,0.6666666666666666,3.430277777777778,74,5.0,0.0,0.0,0.0,3,1,0.88185763,0.30034003,-0.0626052,-0.5629459,344,-1,0.975998,1,Buzzer
2040579308373332239,2026-04-05 17:01:50+00:00,0,"@ezash Dari sisi pengguna, sistem rating IGRS di Steam sekarang masih terasa kurang jelas. Tapi kalau ini bagian dari proses, semoga ada evaluasi dan penyempurnaan yang konsisten",2040837326860153122,,ezash,in,,0,0,0,https://x.com/Florestone16736/status/2040837326860153122,2009593598195666944,Florestone16736,27,id,keep_id_anchor,False,dari sisi pengguna sistem rating igrs di steam sekarang masih terasa kurang jelas tapi kalau ini bagian dari proses semoga ada evaluasi dan penyempurnaan yang konsisten,[],0,1,168,26,0,0,1,1.0,0.0109,2,1.0,4.645,74,1.0,0.0,0.0,0.0,1,1,0.99999976,0.42299807,-1.5749254,-0.08311799,345,-1,0.7607467,0,Non-Buzzer
2040837264578953401,2026-04-05 17:01:35+00:00,0,"bisa ga di laporin aja kehukum ini igrs, alias ngaco bat",2040837264578953401,,,in,,0,0,0,https://x.com/yourlulllaby/status/2040837264578953401,1930912940938653696,yourlulllaby,11,id,keep_id_anchor,False,bisa tidak di laporin aja kehukum ini igrs alias ngaco bat,[],0,0,58,11,0,0,1,0.6113,0.0181,1,1.0,4.640833333333333,74,0.0,0.0,0.0,0.0,-1,0,0.7538089,0.33020028,1.3956064,0.42244452,346,-1,0.004534192,0,Non-Buzzer
2040579308373332239,2026-04-05 17:00:47+00:00,0,"@ezash Dari sisi pengguna, sistem rating IGRS di Steam sekarang masih terasa kurang jelas. Tapi kalau ini bagian dari proses, semoga ada evaluasi dan penyempurnaan yang konsisten",2040837061977210995,,ezash,in,,0,0,0,https://x.com/Deewwiiiii/status/2040837061977210995,1171267827736571904,Deewwiiiii,27,id,keep_id_anchor,False,dari sisi pengguna sistem rating igrs di steam sekarang masih terasa kurang jelas tapi kalau ini bagian dari proses semoga ada evaluasi dan penyempurnaan yang konsisten,[],0,1,168,26,0,0,1,1.0,0.0109,7,0.7,3.183611111111111,74,9.0,0.0,0.0,0.027777777777777776,1,1,0.99999976,0.42299807,-1.5749254,-0.08311799,347,-1,0.9747131,1,Buzzer
2040836922365628643,2026-04-05 17:00:13+00:00,0,"Konsep rating nasional seperti IGRS ada bagusnya: bantu orang tua, kasih batas umur, jadi aturan developer.
Masalahnya di penerapan IGRS: ada gim besar kena status gak jelas, sementara yg lain ratingnya membingungkan. Ini tanda regulasi perlu diperbaiki, bkn cuma dibilang jelek.",2040836922365628643,,,in,,0,0,0,https://x.com/masgah_/status/2040836922365628643,1325068002979504133,masgah_,41,id,keep_id_anchor,False,konsep rating nasional seperti igrs ada bagusnya bantu orang tua kasih batas umur jadi aturan developer masalahnya di penerapan igrs ada game besar kena status tidak jelas sementara yang lain ratingnya membingungkan ini tanda regulasi perlu diperbaiki bkn cuma dibilang jelek,[],0,0,275,41,0,0,1,0.2699,0.0184,2,0.6666666666666666,4.5777777777777775,74,0.0,0.0,0.0,0.0,1,0,0.80595183,0.4286744,-1.0722163,-0.48183107,348,-1,0.022850364,0,Non-Buzzer
2040836783051837526,2026-04-05 16:59:40+00:00,0,"hei jembut @kemkomdigi ga usah sok sokan bikin IGRS, kau urus judol saja ga becus",2040836783051837526,,,in,,0,0,0,https://x.com/8120_DAF/status/2040836783051837526,816488894711504896,8120_DAF,15,id,keep_id_anchor,False,hei jembut tidak usah sok sokan bikin igrs kau urus judol saja tidak becus,[],0,0,74,14,0,0,1,0.6978,0.0182,1,1.0,4.608888888888889,116,0.0,0.0,0.0,0.0,0,0,0.80654144,0.30692926,1.6610682,-0.11666409,349,-1,0.01763678,0,Non-Buzzer
2040806491507319133,2026-04-05 16:59:19+00:00,0,@iPoopBased kebengs sahabat igrs,2040836694472360401,,iPoopBased,in,,0,0,0,https://x.com/theycallmee_G/status/2040836694472360401,585784047,theycallmee_G,4,id,keep_id_anchor,False,kebengs sahabat igrs,[],0,1,20,3,0,0,1,1.0,0.0011,1,1.0,4.603055555555556,116,1.0,0.0,0.0,0.0,-1,0,0.90744483,0.18582064,1.3556517,0.9577164,350,-1,0.012221757,0,Non-Buzzer
2040836376560795908,2026-04-05 16:58:03+00:00,1,Kaget upin-ipin malah IGRS 18+,2040836376560795908,,,sl,,0,0,0,https://x.com/foolyyn/status/2040836376560795908,2019434506982432768,foolyyn,6,id,keep_id_anchor,False,kaget upin ipin malah igrs,[],0,0,26,5,0,1,1,0.628,0.0016,1,1.0,4.581944444444445,116,0.0,0.0,0.0,0.0,-1,0,0.7361418,0.3790598,0.99473315,0.3947948,351,-1,0.0029113726,0,Non-Buzzer
2040836362283393082,2026-04-05 16:58:00+00:00,2,"Buset dah IGRS ada buzzer nya wkwkw
Hadeh... https://t.co/WbfZ8YzRhM",2040836362283393082,https://pbs.twimg.com/tweet_video_thumb/HFKB2a0bUAAMTal.jpg,,in,,0,0,0,https://x.com/serafioz/status/2040836362283393082,742819417,serafioz,12,id,keep_id_anchor,False,buset dah igrs ada buzzer nya wkwkw hadeh,[],0,0,41,8,0,2,0,0.6668,0.0101,1,1.0,4.581111111111111,116,0.0,0.0,0.0,0.0,-1,0,0.5555724,0.122664064,1.2692426,0.44797003,352,-1,0.0012345186,0,Non-Buzzer
2040836332076028240,2026-04-05 16:57:53+00:00,0,Lucu bet ini mulai ada buzzer receh hijack ttg igrs sampe di anjing2in dibilang sebar hoax,2040836332076028240,,,in,,0,0,0,https://x.com/Pirangunter21/status/2040836332076028240,4317351083,Pirangunter21,16,id,keep_id_anchor,False,lucu bet ini mulai ada buzzer receh hijack ttg igrs sampe di anjing in dibilang sebar hoax,[],0,0,90,17,0,0,1,0.425,0.0105,1,1.0,4.579166666666667,116,0.0,0.0,0.0,0.0,-1,0,0.69588566,0.3253442,1.3584489,-0.2560128,353,-1,0.0036032675,0,Non-Buzzer
2040836314141237544,2026-04-05 16:57:48+00:00,0,"Jujur, rame soal IGRS &amp; rating gim di Steam bikin banyak orang khawatir. Gue juga kritis, tapi pengin lihat ini dengan kepala dingin.

Perlu dilurusin: rating di Steam bukan resmi pemerintah. Rating resmi di Indonesia pakai IGRS, buat batas usia, bukan asal blokir.",2040836314141237544,,,in,,0,0,0,https://x.com/masgah_/status/2040836314141237544,1325068002979504133,masgah_,43,id,keep_id_anchor,False,jujur rame soal igrs rating game di steam bikin banyak orang khawatir saya juga kritis tapi pengin lihat ini dengan kepala dingin perlu dilurusin rating di steam bukan resmi pemerintah rating resmi di indonesia pakai igrs buat batas usia bukan asal blokir,[],0,0,255,42,0,0,1,0.5364,0.0229,2,0.6666666666666666,4.5777777777777775,116,0.0,0.0,0.0,0.0,1,0,0.90115905,0.48582932,-0.8903306,-0.19257845,354,-1,0.84846175,0,Non-Buzzer
2040836248940822836,2026-04-05 16:57:33+00:00,0,kalo JUDOL tuh masuk kategori IGRS yang mana ya? https://t.co/6RiSTqZ6sW,2040836248940822836,https://pbs.twimg.com/media/HFKBwLSbAAAaRUd.jpg,,in,,0,0,0,https://x.com/gungdala/status/2040836248940822836,1070739302,gungdala,13,tl,keep_id_anchor,False,kalau judol itu masuk kategori igrs yang mana ya,[],0,0,48,9,0,0,1,0.3823,0.0068,1,1.0,4.573611111111111,116,0.0,0.0,0.0,0.0,-1,0,0.76120317,0.28352177,0.9427863,-0.3002349,355,-1,0.0010750521,0,Non-Buzzer
2040835934028222620,2026-04-05 16:56:18+00:00,0,"""Perlu klarifikasi tentang IGRS dan rating gim di Steam? Saran aku, cek siaran pers resmi ini dulu biar lebih paham dan dapat gambaran lengkap sebelum ikut diskusi. Info lengkapnya ada di sini: 
https://t.co/QkyzRkCBfi",2040835934028222620,,,in,,0,0,0,https://x.com/Tessa44ut/status/2040835934028222620,2008760662961647625,Tessa44ut,36,id,keep_id_anchor,False,perlu klarifikasi tentang igrs dan rating game di steam saran aku cek siaran pers resmi ini dulu biar lebih paham dan dapat gambaran lengkap sebelum ikut diskusi info lengkapnya ada di sini,[],0,0,189,32,0,0,1,0.4714,0.0187,1,0.5,4.552777777777778,116,1.0,0.0,0.0,0.0,1,0,0.92648107,0.4390107,-0.9952762,0.10273376,356,-1,0.9860071,1,Buzzer
2040835756214931617,2026-04-05 16:55:35+00:00,0,Bukannya ngebenerin IGRS malah bayar buzzer. Aneh lu @kemkomdigi,2040835756214931617,,,in,,0,0,0,https://x.com/iam__stanis/status/2040835756214931617,1682772108898885632,iam__stanis,9,id,keep_id_anchor,False,bukannya ngebenerin igrs malah bayar buzzer aneh kamu,[],0,0,53,8,0,0,1,0.6021,0.0107,1,1.0,4.5408333333333335,116,0.0,0.0,0.0,0.0,-1,0,0.7950894,0.3295747,1.296208,-0.31872904,357,-1,0.0055834213,0,Non-Buzzer
2040835675357151413,2026-04-05 16:55:16+00:00,0,"IGRS ISINYA BOOMER BOOMER KOLOT YANG SEMOGA MATI NANTI MASUK NERAKA LU KONTOLLLLL, GAME HARVEST SIMULATOR AJA KENA 18+ TOLOL BANGET SIAPA YANG SANGE SAMA TRAKTOR JINGGGG, INI BUKAN BIDANG LU IGRS KNTL JADI JANGAN IKUT CAMPUR / NGERUSAK COMMUNITY INI!!",2040835675357151413,,,in,,0,0,0,https://x.com/daniddarmawan15/status/2040835675357151413,1275469844222144516,daniddarmawan15,40,en,keep_id_anchor,False,igrs isinya boomer boomer kolot yang semoga mati nanti masuk neraka kamu kontolllll game harvest simulator aja kena tolol banget siapa yang sange sama traktor jingggg ini bukan bidang kamu igrs kontol jadi jangan ikut campur ngerusak community ini,[],0,0,247,39,0,0,1,0.6069,0.0154,1,1.0,4.535555555555556,116,0.0,0.0,0.0,0.0,-1,0,0.6928706,0.33342937,1.1961796,-0.46559924,358,-1,0.02361483,0,Non-Buzzer
2040835594549633368,2026-04-05 16:54:57+00:00,0,IGRS NGACO BANGET ANYINGG,2040835594549633368,,,in,,0,0,0,https://x.com/swtpty/status/2040835594549633368,1206088394016608256,swtpty,4,en,keep_id_anchor,False,igrs ngaco banget anyingg,[],0,0,25,4,0,0,1,0.6335,0.0062,1,1.0,4.530277777777778,116,0.0,0.0,0.0,0.0,0,0,0.8987917,0.3174835,1.5225971,0.6078401,359,-1,0.01762936,0,Non-Buzzer
2040582308789694688,2026-04-05 16:53:56+00:00,0,"@junwatu Saran dari kami team Bagus media Kita harus bedakan antara data awal dan keputusan final; rating IGRS di Steam masih self-declare. Tujuannya melindungi pemain muda, jadi wajar kalau tahap ini masih dikoreksi bersama",2040835339686941010,,junwatu,in,,0,0,0,https://x.com/Bagus_Media7/status/2040835339686941010,1641667244244733953,Bagus_Media7,35,id,keep_id_anchor,False,saran dari kami team bagus media kita harus bedakan antara data awal dan keputusan final rating igrs di steam masih self declare tujuannya melindungi pemain muda jadi wajar kalau tahap ini masih dikoreksi bersama,[],0,1,212,34,0,0,1,0.4708,0.0271,2,1.0,4.472222222222222,116,1.0,0.0,0.0,0.0,1,0,0.83770096,0.3728778,-0.8485518,-0.65061736,360,-1,0.16871572,0,Non-Buzzer
2040835201912410303,2026-04-05 16:53:23+00:00,0,"Kerjanya ga bener, malah nyewa buzzer tiap ada cuitan terkait IGRS.

Bener2 lo ya @kemkomdigi, anggaran negara malah lu kerahin buat ginian bukannya buat benerin sistem ato otak lo yg bobrok.",2040835201912410303,,,in,,0,0,0,https://x.com/seigeenomeekata/status/2040835201912410303,831687708556693504,seigeenomeekata,31,id,keep_id_anchor,False,kerjanya tidak benar malah nyewa buzzer tiap ada cuitan terkait igrs benar kamu ya anggaran negara malah kamu kerahin buat ginian bukannya buat benerin sistem ato otak kamu yang bobrok,[],0,0,184,30,0,0,1,0.3154,0.0168,1,1.0,4.504166666666666,116,0.0,0.0,0.0,0.0,-1,0,0.77138054,0.31902868,1.0700083,-0.59013134,361,-1,0.003675838,0,Non-Buzzer
2040443737466405115,2026-04-05 16:51:35+00:00,0,"@mog_mediaa Kalau lihat konteksnya, IGRS ini tujuannya baik untuk perlindungan usia pemain, jadi kalau sekarang masih ada yang belum pas itu bagian dari proses.",2040834747530957090,,mog_mediaa,in,,0,0,0,https://x.com/bobbymenra/status/2040834747530957090,1901532304541208576,bobbymenra,24,id,keep_id_anchor,False,kalau lihat konteksnya igrs ini tujuannya baik untuk perlindungan usia pemain jadi kalau sekarang masih ada yang belum pas itu bagian dari proses,[],0,1,145,23,0,0,1,0.4896,0.0164,2,1.0,4.239444444444445,116,1.0,0.0,0.0,0.0,-1,0,0.7958196,0.32502115,0.05117264,-1.0928425,362,-1,0.019455193,0,Non-Buzzer
2040834717029896600,2026-04-05 16:51:28+00:00,0,"Agar diskursus mengenai klasifikasi gim lebih berimbang, silakan simak siaran pers resmi terkait IGRS dan kebijakan rating di Steam melalui tautan ini. Yuk, baca dulu detailnya: 
https://t.co/BzxWABh2of
#IGRS #SteamRating #IndustriGim",2040834717029896600,,,in,,0,3,0,https://x.com/Bagus_Media7/status/2040834717029896600,1641667244244733953,Bagus_Media7,33,id,keep_id_anchor,False,agar diskursus mengenai klasifikasi game lebih berimbang silakan simak siaran pers resmi terkait igrs dan kebijakan rating di steam melalui tautan ini yuk baca dulu detailnya igrs steamrating industrigim,[],0,0,203,29,0,3,0,1.0,0.0154,2,1.0,4.472222222222222,116,1.0,0.0,0.0,0.0,1,1,0.9868238,0.41771272,-0.8247485,-0.39905635,363,-1,0.97735184,1,Buzzer
2040832582993228035,2026-04-05 16:51:10+00:00,0,"@kemkomdigi Kalo dengan logika @kemkomdigi, mungkin pisau dapur itu barang ilegal karena dapat membunuh orang dengan ketajamanya. Fuck igrs. Igrs i-nya israel",2040834641738002695,,sarungwadymor,in,,0,0,0,https://x.com/sarungwadymor/status/2040834641738002695,708297863898398721,sarungwadymor,23,id,keep_id_anchor,False,kalau dengan logika mungkin pisau dapur itu barang ilegal karena dapat membunuh orang dengan ketajamanya fuck igrs igrs i nya israel,[],0,1,132,21,0,0,1,0.5215,0.0102,1,1.0,4.467222222222222,116,0.0,0.0,0.0,0.0,-1,0,0.5685562,0.1659752,1.9321005,-0.057644274,364,-1,0.001200333,0,Non-Buzzer
2040834535492063587,2026-04-05 16:50:44+00:00,0,"https://t.co/qwttGoCnY5
""IGRS dan rating gim di Steam jadi hot topic? Baca penjelasan resmi di sini dulu biar gak salah paham.",2040834535492063587,,,in,,0,2,0,https://x.com/IraAsri325610/status/2040834535492063587,1972267683854069760,IraAsri325610,23,id,keep_id_anchor,False,igrs dan rating game di steam jadi hot topic baca penjelasan resmi di sini dulu biar tidak salah paham,[],0,0,102,19,0,2,0,0.5658,0.0217,1,0.5,4.46,116,1.0,0.0,0.0,0.0,1,0,0.9646963,0.48906586,-0.92314655,-0.40737453,365,-1,0.9833301,1,Buzzer
2040834519906005405,2026-04-05 16:50:41+00:00,0,"Yuk kita simak penjelasan/siaran pers resmi tentang IGRS &amp; rating gim di Steam di link berikut 
https://t.co/udO8E2wrsE",2040834519906005405,,,in,,0,0,0,https://x.com/Bbiyaku/status/2040834519906005405,1912342691763154944,Bbiyaku,21,id,keep_id_anchor,False,yuk kita simak penjelasan siaran pers resmi tentang igrs rating game di steam di link berikut,[],0,0,93,16,0,0,1,0.6551,0.0173,1,1.0,4.4591666666666665,116,0.0,0.0,0.0,0.0,1,0,0.9652399,0.45790836,-1.1708447,0.11758252,366,-1,0.9965892,1,Buzzer
2040479018034630743,2026-04-05 16:50:37+00:00,1,"@magicallovewrds ""ohh it's normal if IGRS is confusing or inaccurate it's still a transitional early phase we hope it works out for the better later""

ALL OF THEM ARE SAYING THE SAME THING WITH DIFFERENT WORDINGS

AND THIS ISNT AN EARLY PHASE IGRS HAS BEEN TALKED ABT SINCE 2016",2040834506622427445,,magicallovewrds,en,,0,1,0,https://x.com/cryofantasia/status/2040834506622427445,1043770714610790400,cryofantasia,51,en,keep_id_anchor,False,ohh it s normal if igrs is confusing or inaccurate it s still a transitional early phase we hope it works out for the better later all of them are saying the same thing with different wordings and this isnt an early phase igrs has been talked abt since,[],0,1,252,49,0,2,0,0.3469,0.0163,1,1.0,4.458055555555555,116,1.0,12.0,4.0160642570281125e-05,0.0,-1,0,0.69757545,0.31551182,-1.075088,0.72666913,367,-1,0.003279937,0,Non-Buzzer
2040834455724785868,2026-04-05 16:50:25+00:00,0,"https://t.co/Sc1iOATufe
Untuk yang sedang ikut bahas tentang IGRS dan rating game di Steam, yuk cek rilis resmi dari pihak terkait di sini dulu ya, jadi informasi yang kita dapetin lebih jelas dan akurat",2040834455724785868,,,in,,0,0,0,https://x.com/Fatiyazean/status/2040834455724785868,1936732324785467392,Fatiyazean,36,id,keep_id_anchor,False,untuk yang sedang ikut bahas tentang igrs dan rating game di steam yuk cek rilis resmi dari pihak terkait di sini dulu ya jadi informasi yang kita dapetin lebih jelas dan akurat,[],0,0,177,32,0,0,1,0.4875,0.0141,2,0.6666666666666666,4.380833333333333,116,2.0,0.0,0.0,0.0,1,1,0.9138006,0.47082862,-0.8217452,-0.18191747,368,-1,0.99464524,1,Buzzer
2040830006189043933,2026-04-05 16:49:34+00:00,0,"@buruhdesyain @muharafiansyah Wah, bayi dengerin ya sayang... IGRS itu kayak stiker umur buat game-game di Indonesia. Pemerintah bikin biar anak kecil nggak main game kasar atau ada yang nggak enak. 

Tapi baru kemarin, pas dipasang di Steam, ratingnya jadi aneh banget! Game seru kayak GTA V tiba-tiba",2040834242486141113,,buruhdesyain,in,,0,0,0,https://x.com/grok/status/2040834242486141113,1720665183188922368,grok,49,id,keep_id_anchor,False,wah bayi dengerin ya sayang igrs itu seperti stiker umur buat game game di indonesia pemerintah bikin biar anak kecil tidak main game kasar atau ada yang tidak enak tapi baru kemarin pas dipasang di steam ratingnya jadi aneh banget game seru seperti gta v tiba tiba,[],0,1,265,47,0,0,1,0.3219,0.0293,1,0.5,4.440555555555555,116,2.0,0.0,0.0,0.0,-1,0,0.7710855,0.4558845,0.37108386,-0.35547638,369,-1,0.07934194,0,Non-Buzzer
2040834046473941222,2026-04-05 16:48:48+00:00,0,"Buat yang butuh referensi soal isu IGRS dan rating di Steam, ini penjelasan resminya sudah dirilis. Mungkin baik dibaca dulu biar informasinya lebih lengkap: https://t.co/FQwzAZE5VF",2040834046473941222,,,in,,0,0,0,https://x.com/PPopurii/status/2040834046473941222,1860168566009630720,PPopurii,28,id,keep_id_anchor,False,buat yang butuh referensi soal isu igrs dan rating di steam ini penjelasan resminya sudah dirilis mungkin baik dibaca dulu biar informasinya lebih lengkap,[],0,0,154,24,0,0,1,1.0,0.0131,1,1.0,4.427777777777778,116,0.0,0.0,0.0,0.0,1,1,0.9999999,0.40412664,-0.6990093,0.4528689,370,-1,0.8611599,1,Buzzer
2040833501533200857,2026-04-05 16:47:46+00:00,1,"Maaf juga klo ada yg terganggu atau tersinggung sm isi tweet gua beberapa hari kebelakang 🙏🏿.

Jujur ja gua marah banget waktu liat hasil IGRS udah ga betul bgt, astaghfirullah 🫠",2040833785936465932,,kaikurogane25,in,,0,0,0,https://x.com/kaikurogane25/status/2040833785936465932,1650956765444583425,kaikurogane25,29,id,keep_id_anchor,False,maaf juga kalau ada yang terganggu atau tersinggung sama isi tweet saya beberapa hari kebelakang jujur ja saya marah banget waktu liat hasil igrs sudah tidak betul banget astaghfirullah,[],0,1,185,29,0,1,1,0.4078,0.0154,2,0.6666666666666666,4.391666666666667,116,0.0,0.0,0.0,0.0,-1,0,0.77073276,0.29373738,0.769619,0.33976656,371,-1,0.004219291,0,Non-Buzzer
2040833712913572117,2026-04-05 16:47:28+00:00,0,more people discovering peak i guess thanks to IGRS rating lmfao https://t.co/ynAbDzz1oe,2040833712913572117,https://pbs.twimg.com/media/HFJ_VIeboAE3g-n.jpg,,en,,0,0,0,https://x.com/x48sxK/status/2040833712913572117,914104370559455232,x48sxK,15,en,keep_id_anchor,False,more people discovering peak i guess thanks to igrs rating lmfao,[],0,0,64,11,0,0,1,0.3166,0.0052,1,1.0,4.405555555555556,116,0.0,0.0,0.0,0.0,-1,0,0.6375022,0.30224973,-1.0505154,0.48520145,372,-1,0.0009464185,0,Non-Buzzer
2040833695444275456,2026-04-05 16:47:24+00:00,0,Info rating igrs yang benar ada di sini silahkan di buka biar pada ga salah paham https://t.co/zZjGRSyJ3b,2040833695444275456,,,in,,0,0,0,https://x.com/dianasrirahay/status/2040833695444275456,2018322776210452480,dianasrirahay,20,id,keep_id_anchor,False,info rating igrs yang benar ada di sini silahkan di buka biar pada tidak salah paham,[],0,0,84,16,0,0,1,0.6019,0.0186,1,1.0,4.404444444444445,116,0.0,0.0,0.0,0.0,1,0,0.88057506,0.37688437,-1.5064646,1.0284911,373,-1,0.8036392,0,Non-Buzzer
2040833559301325185,2026-04-05 16:46:52+00:00,1,"Penjelasan resmi terkait IGRS dan rating gim di Steam sudah tersedia. Sebaiknya cek dulu informasinya sebelum menarik kesimpulan lebih jauh: https://t.co/3CmI0xCyEQ
#IGRS #Steam #RatingGim #SiaranPers #LiterasiDigital",2040833559301325185,,,in,,0,1,0,https://x.com/stefanyreza2000/status/2040833559301325185,1861260662514819074,stefanyreza2000,29,id,keep_id_anchor,False,penjelasan resmi terkait igrs dan rating game di steam sudah tersedia sebaiknya cek dulu informasinya sebelum menarik kesimpulan lebih jauh igrs steam ratinggim siaranpers literasidigital,[],0,0,187,25,0,2,0,0.6334,0.0131,1,1.0,4.395555555555555,116,0.0,0.0,0.0,0.0,1,0,0.918834,0.45170906,-1.3206868,-0.10681913,374,-1,0.99614465,1,Buzzer
2040833501533200857,2026-04-05 16:46:38+00:00,5,"""Kok jadi bersuara sekali anda""

Gaming udah jadi passion gua dari kecil, bisa dibilang juga ini salah satu alasan gua ga jadi ""bundair"" dulu, makanya ketika itu diusiknya secara ga baik kek kejadian IGRS ini, jelas gua akan bersuara bahkan sampai keluar kata kotor(sayangnya).",2040833501533200857,,,in,,0,1,1,https://x.com/kaikurogane25/status/2040833501533200857,1650956765444583425,kaikurogane25,45,id,keep_id_anchor,False,kok jadi bersuara sekali anda gaming sudah jadi passion saya dari kecil bisa dibilang juga ini salah satu alasan saya tidak jadi bundair dulu makanya ketika itu diusiknya secara tidak baik kek kejadian igrs ini jelas saya akan bersuara bahkan sampai keluar kata kotor sayangnya,[],0,0,277,45,0,7,0,0.3378,0.0223,2,0.6666666666666666,4.391666666666667,116,0.0,0.0,0.0,0.0,-1,0,0.67738324,0.28970304,0.9788206,-0.5543315,375,-1,0.0026304615,0,Non-Buzzer
2040833381064450344,2026-04-05 16:46:09+00:00,0,"Ini penjelasan/siaran pers resmi soal IGRS &amp; rating gim di Steam, mungkin bisa dibaca dulu sebelum berpendapat lebih jauh https://t.co/eiH9EiJBaa",2040833381064450344,,,in,,0,0,0,https://x.com/yuka_riza/status/2040833381064450344,1809286535126347777,yuka_riza,24,id,keep_id_anchor,False,ini penjelasan siaran pers resmi soal igrs rating game di steam mungkin bisa dibaca dulu sebelum berpendapat lebih jauh,[],0,0,119,19,0,0,1,0.6551,0.0174,1,1.0,4.383611111111111,116,0.0,0.0,0.0,0.0,1,0,0.9529735,0.47776183,-1.2612087,-0.058265734,376,-1,0.9965312,1,Buzzer
2040833369093902822,2026-04-05 16:46:06+00:00,0,when IGRS fully operated https://t.co/NElZKxAbNR,2040833369093902822,https://pbs.twimg.com/media/HFJ_INXacAAa9Kq.jpg,,en,,0,0,0,https://x.com/neitee/status/2040833369093902822,55167470,neitee,8,en,keep_id_anchor,False,when igrs fully operated,[],0,0,24,4,0,0,1,0.2021,0.0003,1,0.5,4.382777777777778,116,1.0,0.0,0.0,0.0,-1,0,0.7774706,0.2637978,-1.7553083,1.9404765,377,-1,0.0012595131,0,Non-Buzzer
2040833368619983003,2026-04-05 16:46:06+00:00,0,bahkan si igrs kontol itu udh nyampe leaker genshin cok,2040833368619983003,,,in,,0,1,0,https://x.com/BauPity70gBalik/status/2040833368619983003,1284953096666271744,BauPity70gBalik,10,id,keep_id_anchor,False,bahkan si igrs kontol itu sudah nyampe leaker genshin cok,[],0,0,57,10,0,1,1,0.4137,0.0063,1,1.0,4.382777777777778,116,0.0,0.0,0.0,0.0,-1,0,0.73049426,0.3724805,1.1120845,-0.3040447,378,-1,0.001532825,0,Non-Buzzer
2040833353331638313,2026-04-05 16:46:02+00:00,0,"Indonesia Game Rating System (IGRS) adalah sistem klasifikasi permainan interaktif yang resmi diluncurkan kembali oleh Kementerian Komunikasi dan Digital (Kemkomdigi) pada acara IGDX 2025 di Bali, Oktober 2025 

Game yg sangat aman dengan usia Semua umur https://t.co/3GYMdncGEX",2040833353331638313,https://pbs.twimg.com/media/HFJ_HUdaYAAJlc6.jpg,,in,,0,0,0,https://x.com/opusabiemanyu23/status/2040833353331638313,1543994129683689473,opusabiemanyu23,40,id,keep_id_anchor,False,indonesia game rating system igrs adalah sistem klasifikasi permainan interaktif yang resmi diluncurkan kembali oleh kementerian komunikasi dan digital kemkomdigi pada acara igdx di bali oktober game yang sangat aman dengan usia semua umur,[],0,0,239,34,0,0,1,0.7978,0.017,1,1.0,4.381666666666667,116,0.0,0.0,0.0,0.0,1,0,0.8997122,0.3387385,-1.6544383,0.54486173,379,-1,0.827706,0,Non-Buzzer
2040443737466405115,2026-04-05 16:45:59+00:00,0,"@mog_mediaa Yang penting diketahui nih, rating IGRS di Steam banyak masih data awal/self-declare belum final, tujuan utamanya lindungi pemain muda dan menata ekosistem game, jadi wajar aja kalau fase awal masih perlu disesuaikan bareng.",2040833338144104954,,mog_mediaa,in,,0,1,0,https://x.com/Fatiyazean/status/2040833338144104954,1936732324785467392,Fatiyazean,36,id,keep_id_anchor,False,yang penting diketahui ini rating igrs di steam banyak masih data awal self declare belum final tujuan utamanya lindungi pemain muda dan menata ekosistem game jadi wajar aja kalau fase awal masih perlu disesuaikan bareng,[],0,1,220,35,0,1,1,0.7423,0.0287,2,0.6666666666666666,4.380833333333333,116,2.0,0.0,0.0,0.0,1,1,0.95791554,0.4405956,-1.3644279,-0.6546598,380,-1,0.9968966,1,Buzzer
2040443737466405115,2026-04-05 16:45:36+00:00,0,"@mog_mediaa rating IGRS di Steam saat ini masih banyak yang bersifat awal/self-declare dan belum final, jadi wajar kalau terlihat belum konsisten.tujuannya melindungi pemain muda dan menata ekosistem game.",2040833241675104319,,mog_mediaa,in,,0,0,0,https://x.com/NganjukSun23590/status/2040833241675104319,1949393136725442560,NganjukSun23590,31,id,keep_id_anchor,False,rating igrs di steam saat ini masih banyak yang bersifat awal self declare dan belum final jadi wajar kalau terlihat belum konsisten tujuannya melindungi pemain muda dan menata ekosistem game,[],0,1,191,30,0,0,1,0.6442,0.028,4,0.8,3.8466666666666667,116,4.0,0.0,0.0,0.0,1,1,0.96498,0.46069872,-1.3517671,-0.5780267,381,-1,0.9984263,1,Buzzer
2040443737466405115,2026-04-05 16:45:27+00:00,0,"@mog_mediaa Sebagai tambahan informasi, rating IGRS yang tampil di Steam saat ini banyak yang masih tahap awal/self-declare sehingga kemungkinan masih akan diperjelas seiring prosesnya.",2040833204555534697,,mog_mediaa,in,,0,0,0,https://x.com/Alizazaina94321/status/2040833204555534697,1735829180502405120,Alizazaina94321,26,id,keep_id_anchor,False,sebagai tambahan informasi rating igrs yang tampil di steam saat ini banyak yang masih tahap awal self declare sehingga kemungkinan masih akan diperjelas seiring prosesnya,[],0,1,171,25,0,0,1,0.434,0.0184,6,1.0,3.9175,116,5.0,0.0,0.0,0.0,1,1,0.9051088,0.3890268,-1.4175156,0.12289828,382,-1,0.9833487,1,Buzzer
2040651647165329791,2026-04-05 16:44:18+00:00,0,"@kerissakti Hey @kerissakti, we may potentially have ratings problem in India. I'm a fellow gamedev and drive policy/government relations in India. I'd like to understand what's going on with IGRS and surrounding policies. Any way to get in touch with you?",2040832915018592760,,kerissakti,en,,0,0,0,https://x.com/HarishChengaiah/status/2040832915018592760,550211419,HarishChengaiah,45,en,keep_id_anchor,False,hey we may potentially have ratings problem in india i m a fellow gamedev and drive policy government relations in india i d like to understand what s going on with igrs and surrounding policies any way to get in touch with you,[],0,1,227,43,0,0,1,0.367,0.0148,1,1.0,4.352777777777778,116,1.0,0.0,0.0,0.0,-1,0,0.57016355,0.24832028,-0.9803345,0.82071614,383,-1,0.001487096,0,Non-Buzzer
2040832784491839897,2026-04-05 16:43:47+00:00,0,"Wanjir buzzer IGRS, banyak nih budget buat buzzernya wowkwok https://t.co/aNRM5tIPSe",2040832784491839897,https://pbs.twimg.com/media/HFJ-mitaoAA_F7u.jpg,,in,,0,0,0,https://x.com/mirasupermii/status/2040832784491839897,1873030602410307584,mirasupermii,13,id,keep_id_anchor,False,wanjir buzzer igrs banyak ini budget buat buzzernya wowkwok,[],0,0,59,9,0,0,1,0.5888,0.0103,1,1.0,4.344166666666666,116,0.0,0.0,0.0,0.0,-1,0,0.6721858,0.34055758,0.7641659,-0.010393973,384,-1,0.0027267518,0,Non-Buzzer
2040832609807421904,2026-04-05 16:43:05+00:00,0,"Sebenarnya rating IGRS sudah bermasalah sebelum hal viral ini, di G2G festival kemarin milik @TheLazyMonday game 1998 dapet 15+ sedangkan game masak masak dapet 18+ hanya karna npc pake bikini, disini aja udah gak masuk akal",2040832609807421904,,,in,,0,0,0,https://x.com/Ferdians789/status/2040832609807421904,1316879610357768193,Ferdians789,36,id,keep_id_anchor,False,sebenarnya rating igrs sudah bermasalah sebelum hal viral ini di g g festival kemarin milik game dapet sedangkan game masak masak dapet hanya karna npc pake bikini disini aja sudah tidak masuk akal,[],0,0,197,33,0,0,1,0.282,0.0123,1,1.0,4.3325,116,0.0,0.0,0.0,0.0,-1,0,0.72155094,0.42490423,-0.14270756,-0.037931163,385,-1,0.0036414913,0,Non-Buzzer
2040443737466405115,2026-04-05 16:42:49+00:00,0,@mog_mediaa Aku mau menjelaskan sistem IGRS yang ada di Steam sekarang itu datanya bersifat awal atau prototipe tujuannya dibuat seperti ini adalah melindungi pemain muda dari filter permainan yang tidak benar yang belum sesuai dengan usia mereka.,2040832542757331194,,mog_mediaa,in,,0,0,0,https://x.com/andybalala19/status/2040832542757331194,1399951844000997378,andybalala19,37,id,keep_id_anchor,False,aku mau menjelaskan sistem igrs yang ada di steam sekarang itu datanya bersifat awal atau prototipe tujuannya dibuat seperti ini adalah melindungi pemain muda dari filter permainan yang tidak benar yang belum sesuai dengan usia mereka,[],0,1,234,36,0,0,1,0.4171,0.0224,4,0.6666666666666666,3.713611111111111,116,5.0,0.0,0.0,0.0,1,1,0.8541065,0.39220634,-0.9793708,-0.7741899,386,-1,0.99182934,1,Buzzer
2040443737466405115,2026-04-05 16:42:41+00:00,0,"@mog_mediaa Menurut saya yang penting dipahami dulu, IGRS hadir supaya orang tua dan pemain muda lebih mudah memilih game yang sesuai.",2040832507751592219,,mog_mediaa,in,,0,0,0,https://x.com/hilyazu/status/2040832507751592219,1811992986022211584,hilyazu,21,id,keep_id_anchor,False,menurut saya yang penting dipahami dulu igrs hadir supaya orang tua dan pemain muda lebih mudah memilih game yang sesuai,[],0,1,120,20,0,0,1,0.3859,0.013,4,0.8,3.976111111111111,116,4.0,0.0,0.0,0.0,-1,0,0.7884154,0.3372364,-0.30819657,-1.1780939,387,-1,0.019189429,0,Non-Buzzer
2040443737466405115,2026-04-05 16:42:12+00:00,0,"@mog_mediaa Banyak yang lihat rating IGRS di Steam terus langsung kaget, padahal sebagian besar itu masih self-declare dari developer, jadi belum final dan masih bisa berubah.",2040832385470853490,,mog_mediaa,in,,0,0,0,https://x.com/dwi_wahyu007/status/2040832385470853490,498967058,dwi_wahyu007,27,id,keep_id_anchor,False,banyak yang lihat rating igrs di steam terus langsung kaget padahal sebagian besar itu masih self declare dari developer jadi belum final dan masih bisa berubah,[],0,1,160,26,0,0,1,0.5062,0.0252,1,1.0,4.317777777777778,116,1.0,0.0,0.0,0.0,1,0,0.94541967,0.40495586,-1.2759128,-0.063457645,388,-1,0.97571,1,Buzzer
2040443737466405115,2026-04-05 16:42:08+00:00,0,"@mog_mediaa IGRS di Steam sekarang banyak yang masih data awal/selfdeclare dan belum final, atau mengingatkan bahwa niat utamanya adalah melindungi pemain muda dan menata ekosistem game, sehingga wajar kalau di fase awal masih ada hal yang perlu disesuaikan dan diperjelas bersama.",2040832370098704523,,mog_mediaa,in,,0,0,0,https://x.com/noviarguna72100/status/2040832370098704523,2004965320587706370,noviarguna72100,42,id,keep_id_anchor,False,igrs di steam sekarang banyak yang masih data awal self declare dan belum final atau mengingatkan bahwa niat utamanya adalah melindungi pemain muda dan menata ekosistem game sehingga wajar kalau di fase awal masih ada hal yang perlu disesuaikan dan diperjelas bersama,[],0,1,267,42,0,0,1,1.0,0.0277,6,0.6666666666666666,3.2152777777777777,116,7.0,0.0,0.0,0.0,1,1,0.9978963,0.40945697,-1.1078815,-0.4780638,389,-1,0.9952425,1,Buzzer
2040832335570968793,2026-04-05 16:42:00+00:00,0,"Masih ada yang perlu dibenahi di IGRS, dari konsistensi rating sampai penerapan di Steam. Masukan gamer &amp; developer penting biar lebih adil dan transparan.

Ke depan, dialog akan terus dilakukan. Baca dulu penjelasan resminya, lalu diskusi pakai data.

https://t.co/znTzTjo2Td",2040832335570968793,,,in,,0,0,0,https://x.com/bantalkusam_id/status/2040832335570968793,1435291689581641731,bantalkusam_id,42,id,keep_id_anchor,False,masih ada yang perlu dibenahi di igrs dari konsistensi rating sampai penerapan di steam masukan gamer developer penting biar lebih adil dan transparan ke depan dialog akan terus dilakukan baca dulu penjelasan resminya lalu diskusi pakai data,[],0,0,241,37,0,0,1,0.4132,0.0182,3,1.0,4.194444444444445,116,0.0,0.0,0.0,0.0,-1,0,0.78732026,0.39659998,-0.8100314,-0.8424591,390,-1,0.011394879,0,Non-Buzzer
2040443737466405115,2026-04-05 16:41:54+00:00,1,"@mog_mediaa IGRS di Steam itu masih banyak yang pakai data awal/self-declare jadi belum final, dan memang tujuannya buat lindungi pemain muda sekaligus ngerapihin ekosistem game, jadi wajar kalau di fase awal masih ada yang perlu disesuaikan bareng.",2040832312699678855,,mog_mediaa,in,,0,0,0,https://x.com/rpramestaa12/status/2040832312699678855,227248005,rpramestaa12,39,id,keep_id_anchor,False,igrs di steam itu masih banyak yang pakai data awal self declare jadi belum final dan memang tujuannya buat lindungi pemain muda sekaligus ngerapihin ekosistem game jadi wajar kalau di fase awal masih ada yang perlu disesuaikan bareng,[],0,1,234,38,0,1,1,0.7423,0.0281,4,0.6666666666666666,3.430277777777778,116,5.0,0.0,0.0,0.0,1,1,0.96376437,0.411599,-1.0058765,-0.7498775,391,-1,0.9987544,1,Buzzer
2040443737466405115,2026-04-05 16:41:51+00:00,0,@mog_mediaa Perlu dipahami kalau rating IGRS di Steam belum final dan masih tahap laporan awal untuk merapikan ekosistem gim agar lebih aman bagi anak-anak,2040832297872879670,,mog_mediaa,in,,0,0,0,https://x.com/carapaklek/status/2040832297872879670,230755427,carapaklek,25,id,keep_id_anchor,False,perlu dipahami kalau rating igrs di steam belum final dan masih tahap laporan awal untuk merapikan ekosistem game agar lebih aman bagi anak anak,[],0,1,144,24,0,0,1,1.0,0.0207,7,0.7777777777777778,3.303611111111111,116,8.0,0.0,0.0,0.0,1,1,0.99999964,0.4558667,-1.2833748,-0.629762,392,-1,0.9925327,1,Buzzer
2040645711650509022,2026-04-05 16:41:30+00:00,39,"@rayrestufauzi Buzzer anjing sudah keluar, yg artinya apa?
KOMDONGO LEBIH MILIH KELUARIN DUIT BUAT BUZZER DARIPADA BENERIN IGRS
TAROHAN SAMA GW LU SEMUA BUZZER BUKAN USER STEAM https://t.co/zTDWfXb1YH",2040832212279718071,https://pbs.twimg.com/media/HFJ-E4QaEAAyZVf.jpg,rayrestufauzi,in,,0,3,1,https://x.com/DokutahLianSyah/status/2040832212279718071,1419991676311855104,DokutahLianSyah,31,id,keep_id_anchor,False,buzzer anjing sudah keluar yang artinya apa komdongo lebih milih keluarin duit buat buzzer daripada benerin igrs tarohan sama saya kamu semua buzzer bukan user steam,[],0,1,165,26,0,43,0,0.635,0.0187,2,0.4,0.32916666666666666,116,2.0,0.0,0.0,0.0,-1,0,0.7690433,0.3114689,1.2204839,-0.6187852,393,-1,0.009312054,0,Non-Buzzer
2040443737466405115,2026-04-05 16:41:29+00:00,0,@mog_mediaa Rating IGRS di steam masih data awal jadi masih perlu banyak perbaikan,2040832204713148427,,mog_mediaa,in,,0,0,0,https://x.com/mintozaki75/status/2040832204713148427,1761381895903059968,mintozaki75,13,id,keep_id_anchor,False,rating igrs di steam masih data awal jadi masih perlu banyak perbaikan,[],0,1,70,12,0,0,1,0.5565,0.0196,3,1.0,3.826388888888889,116,2.0,0.0,0.0,0.0,1,1,0.83728254,0.3274183,-1.6360271,0.19086415,394,-1,0.39715633,0,Non-Buzzer
2040443737466405115,2026-04-05 16:41:14+00:00,0,"@mog_mediaa Banyak yang belum tahu, rating IGRS di Steam saat ini sebagian masih data awal/self-declare dan belum final, jadi wajar kalau masih ada yang perlu disempurnakan sambil tetap fokus ke tujuan utamanya melindungi pemain muda.",2040832145082692037,,mog_mediaa,in,,0,0,0,https://x.com/Adiety333/status/2040832145082692037,1202870884165242880,Adiety333,37,id,keep_id_anchor,False,banyak yang belum tahu rating igrs di steam saat ini sebagian masih data awal self declare dan belum final jadi wajar kalau masih ada yang perlu disempurnakan sambil tetap fokus ke tujuan utamanya melindungi pemain muda,[],0,1,219,36,0,0,1,0.6536,0.0315,5,0.8333333333333334,3.651666666666667,116,5.0,0.0,0.0,0.0,1,1,0.95701987,0.43026963,-1.2730488,-0.54604495,395,-1,0.9985285,1,Buzzer
2040443737466405115,2026-04-05 16:41:14+00:00,0,"@mog_mediaa Sedikit meluruskan, rating IGRS yang muncul di Steam saat ini masih banyak yang berupa data awal/self-declare, jadi wajar kalau masih ada penyesuaian sambil tetap fokus melindungi pemain muda.",2040832142121549893,,mog_mediaa,in,,0,0,0,https://x.com/MRidhonew16179/status/2040832142121549893,1923899742062510083,MRidhonew16179,31,id,keep_id_anchor,False,sedikit meluruskan rating igrs yang muncul di steam saat ini masih banyak yang berupa data awal self declare jadi wajar kalau masih ada penyesuaian sambil tetap fokus melindungi pemain muda,[],0,1,189,30,0,0,1,0.6311,0.0289,4,0.8,3.336388888888889,116,4.0,0.0,0.0,0.0,1,1,0.9730226,0.43213272,-1.0615666,-0.7587954,396,-1,0.99840003,1,Buzzer
2040443737466405115,2026-04-05 16:41:08+00:00,0,"@mog_mediaa Kritik soal IGRS di Steam menurutku masuk akal, tapi jangan lupa ini masih tahap awal. Tinggal bagaimana pihak terkait bisa lebih terbuka dan konsisten dalam perbaikannya",2040832119862440226,,mog_mediaa,in,,0,0,0,https://x.com/indahsarii54648/status/2040832119862440226,2014319527950188544,indahsarii54648,27,id,keep_id_anchor,False,kritik soal igrs di steam menurutku masuk akal tapi jangan lupa ini masih tahap awal tinggal bagaimana pihak terkait bisa lebih terbuka dan konsisten dalam perbaikannya,[],0,1,168,26,0,0,1,0.3506,0.0155,3,0.75,3.257222222222222,116,3.0,0.0,0.0,0.0,-1,0,0.7969268,0.3632682,-0.26004684,-0.4954512,397,-1,0.032488413,0,Non-Buzzer
2040443737466405115,2026-04-05 16:40:52+00:00,0,"@mog_mediaa Perlu diingat, sistem rating IGRS di Steam ini masih tahap penyesuaian dan sebagian datanya belum final, jadi lebih baik dipahami dulu konteksnya karena tujuannya memang untuk menata ekosistem game dan menjaga pemain usia muda.",2040832050870255917,,mog_mediaa,in,,0,0,0,https://x.com/PutriRahma32820/status/2040832050870255917,1908370125050568704,PutriRahma32820,35,id,keep_id_anchor,False,perlu diingat sistem rating igrs di steam ini masih tahap penyesuaian dan sebagian datanya belum final jadi lebih baik dipahami dulu konteksnya karena tujuannya memang untuk menata ekosistem game dan menjaga pemain usia muda,[],0,1,224,34,0,0,1,0.4163,0.0248,5,0.8333333333333334,3.6463888888888887,116,5.0,0.0,0.0,0.0,1,1,0.9025804,0.43825355,-1.3386825,-0.7348107,398,-1,0.99721694,1,Buzzer
2040443737466405115,2026-04-05 16:40:44+00:00,0,@mog_mediaa Kebingungan publik soal IGRS di Steam itu valid. Tinggal bagaimana pihak terkait bisa lebih terbuka soal kriteria dan terus memperbaiki sistemnya,2040832018163077320,,mog_mediaa,in,,0,0,0,https://x.com/Deewwiiiii/status/2040832018163077320,1171267827736571904,Deewwiiiii,22,id,keep_id_anchor,False,kebingungan publik soal igrs di steam itu valid tinggal bagaimana pihak terkait bisa lebih terbuka soal kriteria dan terus memperbaiki sistemnya,[],0,1,144,21,0,0,1,0.3382,0.0082,7,0.7,3.183611111111111,116,9.0,0.0,0.0,0.027777777777777776,-1,0,0.7969268,0.3555987,-0.56274116,-0.6229478,399,-1,0.006268257,0,Non-Buzzer
2040491792295186826,2026-04-05 16:40:40+00:00,0,"@badakmeledak_ Rating IGRS di Steam masih dalam proses, banyak yang self-declare dan belum final. Niatnya baik, lindungi pemain muda dan tata ekosistem game, yuk sama-sama paham.",2040832000475775131,,badakmeledak_,in,,0,0,0,https://x.com/rahayu49384/status/2040832000475775131,1911651578336985088,rahayu49384,28,id,keep_id_anchor,False,rating igrs di steam masih dalam proses banyak yang self declare dan belum final niatnya baik lindungi pemain muda dan tata ekosistem game yuk sama sama paham,[],0,1,158,27,0,0,1,0.6311,0.0276,6,1.0,3.855,116,5.0,0.0,0.0,0.0,1,1,0.9533112,0.48051873,-1.3769941,-0.40809795,400,-1,0.997165,1,Buzzer
2040582308789694688,2026-04-05 16:40:30+00:00,0,@junwatu rating IGRS di Steam kayak nya masih data awal dan belum final jadi wajar saja kalo masih butuh proses penyesuaian biar ekosistem game lebih baik lg,2040831960101302684,,junwatu,in,,0,0,0,https://x.com/Dadangsutrisn0/status/2040831960101302684,1748686169800658944,Dadangsutrisn0,27,id,keep_id_anchor,False,rating igrs di steam seperti nya masih data awal dan belum final jadi wajar saja kalau masih butuh proses penyesuaian biar ekosistem game lebih baik lg,[],0,1,151,26,0,0,1,0.4847,0.0259,2,1.0,4.164722222222222,116,2.0,0.0,0.0,0.0,1,1,0.915678,0.42960647,-1.299647,-0.7448592,401,-1,0.9878655,1,Buzzer
2040479018034630743,2026-04-05 16:39:48+00:00,0,"@cryofantasia Saran saya dina purnamasari Jujur memang tampilan rating IGRS di Steam ini membingungkan. Tapi, sistem baru butuh waktu penyesuaian. Semoga transparansi kriteria dan edukasi rutin terus ditingkatkan demi perbaikan yang berkelanjutan ya",2040831784104182017,,cryofantasia,in,,0,0,0,https://x.com/DinaPur468/status/2040831784104182017,1558856424054456320,DinaPur468,33,id,keep_id_anchor,False,saran saya dina purnamasari jujur memang tampilan rating igrs di steam ini membingungkan tapi sistem baru butuh waktu penyesuaian semoga transparansi kriteria dan edukasi rutin terus ditingkatkan demi perbaikan yang berkelanjutan ya,[],0,1,232,32,0,0,1,0.6324,0.0107,2,1.0,4.198333333333333,116,1.0,0.0,0.0,0.0,1,0,0.86802804,0.37820122,-0.6228094,-0.62206143,402,-1,0.8336991,0,Non-Buzzer
2040829120884670585,2026-04-05 16:39:46+00:00,0,"@KariSharl Ternyata benar gamenya cocok buat anak 3 tahun ke atas, IGRS ga salah",2040831776340561966,,KariSharl,in,,0,0,0,https://x.com/RioCvn/status/2040831776340561966,2171249149,RioCvn,14,id,keep_id_anchor,False,ternyata benar gamenya cocok buat anak tahun ke atas igrs tidak salah,[],0,1,69,12,0,0,1,0.406,0.0189,1,1.0,4.277222222222222,116,1.0,0.0,0.0,0.0,-1,0,0.78680825,0.34668177,0.2953192,-0.63332456,403,-1,0.0016872734,0,Non-Buzzer
2040831569427038667,2026-04-05 16:38:57+00:00,1,"Kemarin pagi, masih ngantuk, buka twitter ribut2 IGRS.

My still sleepy ass: ngapain Korps Garda Revolusi Iran ngurusin gim di Steam, dan kok orang Indo yg pada ribet?",2040831569427038667,,,in,,0,0,0,https://x.com/Mahisa_Aspartam/status/2040831569427038667,2002875195456200704,Mahisa_Aspartam,28,id,keep_id_anchor,False,kemarin pagi masih ngantuk buka twitter ribut igrs my still sleepy ass ngapain korps garda revolusi iran ngurusin game di steam dan kok orang indo yang pada ribet,[],0,0,162,28,0,1,1,0.2797,0.015,1,1.0,4.2636111111111115,116,0.0,0.0,0.0,0.0,-1,0,0.5949133,0.25426197,1.2326263,0.59761196,404,-1,0.0017691675,0,Non-Buzzer
2040645711650509022,2026-04-05 16:38:51+00:00,0,"@rayrestufauzi Santai dulu guys, banyak rating IGRS di Steam masih data awal/self-declare, jadi belum final. Fokus ke niat baiknya, melindungi pemain muda dan ekosistem game. Wajar ada penyesuaian di fase awal, kita sama-sama belajar 😊.",2040831543569174658,,rayrestufauzi,in,,0,5,0,https://x.com/rahayu49384/status/2040831543569174658,1911651578336985088,rahayu49384,37,id,keep_id_anchor,False,santai dulu guys banyak rating igrs di steam masih data awal self declare jadi belum final fokus ke niat baiknya melindungi pemain muda dan ekosistem game wajar ada penyesuaian di fase awal kita sama sama belajar,[],0,1,212,36,0,5,0,0.6666,0.0289,6,1.0,3.855,116,5.0,0.0,0.0,0.0,1,1,0.95316935,0.4609433,-0.85647243,-1.0199298,405,-1,0.9977871,1,Buzzer
2040831328724414937,2026-04-05 16:38:00+00:00,0,"IGRS itu apa sih?
Sederhananya, IGRS adalah sistem klasifikasi usia untuk gim di Indonesia.

Tujuannya:
- Membantu orang tua dan pemain memilih gim yang sesuai usia
- Melindungi anak dari konten yang tidak pas
- Memberi kepastian aturan bagi pengembang lokal dan global",2040831328724414937,,,in,,0,0,0,https://x.com/bantalkusam_id/status/2040831328724414937,1435291689581641731,bantalkusam_id,40,id,keep_id_anchor,False,igrs itu apa sih sederhananya igrs adalah sistem klasifikasi usia untuk game di indonesia tujuannya membantu orang tua dan pemain memilih game yang sesuai usia melindungi anak dari konten yang tidak pas memberi kepastian aturan bagi pengembang lokal dan global,[],0,0,260,40,0,0,1,0.359,0.025,3,1.0,4.194444444444445,116,0.0,0.0,0.0,0.0,1,0,0.819927,0.3360323,-1.2367722,0.17837022,406,-1,0.21259749,0,Non-Buzzer
2040582308789694688,2026-04-05 16:37:54+00:00,0,"@junwatu Perlu dilihat juga bahwa sebagian rating IGRS di Steam masih berbasis deklarasi awal developer dan belum final, karena sistem ini masih dalam proses penyesuaian.",2040831304993054877,,junwatu,in,,0,1,0,https://x.com/Alizazaina94321/status/2040831304993054877,1735829180502405120,Alizazaina94321,25,id,keep_id_anchor,False,perlu dilihat juga bahwa sebagian rating igrs di steam masih berbasis deklarasi awal developer dan belum final karena sistem ini masih dalam proses penyesuaian,[],0,1,159,24,0,1,1,0.5851,0.0231,6,1.0,3.9175,116,5.0,0.0,0.0,0.0,1,1,0.91742,0.34665215,-1.7417042,0.15693839,407,-1,0.9612052,1,Buzzer
2040831202576498958,2026-04-05 16:37:30+00:00,0,"Kalau lagi ngikutin diskusi soal rating gim di Steam dan IGRS, ada rilis resmi yang menjelaskan posisinya. Mungkin bisa dibaca dulu untuk melengkapi informasi: https://t.co/IVY4RhX3JQ",2040831202576498958,,,in,,0,0,0,https://x.com/bobbymenra/status/2040831202576498958,1901532304541208576,bobbymenra,28,id,keep_id_anchor,False,kalau lagi ngikutin diskusi soal rating game di steam dan igrs ada rilis resmi yang menjelaskan posisinya mungkin bisa dibaca dulu untuk melengkapi informasi,[],0,0,157,24,0,0,1,0.4875,0.0118,2,1.0,4.239444444444445,116,1.0,0.0,0.0,0.0,1,0,0.92528725,0.43862346,-1.3996643,-0.12835428,408,-1,0.99389476,1,Buzzer
2040645711650509022,2026-04-05 16:37:01+00:00,0,"@rayrestufauzi Kalau mengikuti mekanismenya, sebagian rating IGRS di Steam saat ini masih self-declare dan belum hasil penilaian akhir, karena sistemnya memang masih berkembang untuk penataan ekosistem game.",2040831081159835822,,rayrestufauzi,in,,0,0,0,https://x.com/Alizazaina94321/status/2040831081159835822,1735829180502405120,Alizazaina94321,28,id,keep_id_anchor,False,kalau mengikuti mekanismenya sebagian rating igrs di steam saat ini masih self declare dan belum hasil penilaian akhir karena sistemnya memang masih berkembang untuk penataan ekosistem game,[],0,1,189,27,0,0,1,0.439,0.0219,6,1.0,3.9175,116,5.0,0.0,0.0,0.0,1,1,0.8716819,0.4259156,-1.2061137,-0.55866265,409,-1,0.99320143,1,Buzzer
2040831037966815612,2026-04-05 16:36:50+00:00,0,"Buat kalian yang ngikutin rame IGRS &amp; rating gim di Steam, penjelasannya boleh di baca dulu siaran pers resminya.
biar info yang beredar lebih lengkap : 

https://t.co/8re0L94arj",2040831037966815612,,,in,,0,0,0,https://x.com/FitriyaniT15600/status/2040831037966815612,1755945409435033600,FitriyaniT15600,29,id,keep_id_anchor,False,buat kalian yang ngikutin rame igrs rating game di steam penjelasannya boleh di baca dulu siaran pers resminya biar info yang beredar lebih lengkap,[],0,0,147,24,0,0,1,0.4592,0.0164,1,1.0,4.2283333333333335,116,0.0,0.0,0.0,0.0,1,0,0.93386424,0.45909718,-0.9215118,0.20729165,410,-1,0.99471825,1,Buzzer
2040831016378724556,2026-04-05 16:36:45+00:00,0,ajg buzzer igrs udah mulai. eat shit komdongo,2040831016378724556,,,in,,0,0,0,https://x.com/_iorih/status/2040831016378724556,588405282,_iorih,8,id,keep_id_anchor,False,anjing buzzer igrs sudah mulai eat shit komdongo,[],0,0,48,8,0,0,1,0.5778,0.0128,1,1.0,4.226944444444444,116,0.0,0.0,0.0,0.0,-1,0,0.70046556,0.19999486,1.4068183,0.7151015,411,-1,0.0027189532,0,Non-Buzzer
2040830816549519829,2026-04-05 16:35:58+00:00,0,"BROOOO, IGRS KAU BISA MIKIR GK WOYYY!!

KEKERASAN DARIMANA DI GAME PEAK GUE TANYA??? ANJRITLAH MALAH LU KASIH 18+ GBLK🐷🐶 https://t.co/3E4Z8bCNcw",2040830816549519829,https://pbs.twimg.com/media/HFJ8z7gaQAAgzvc.jpg,,in,,0,0,0,https://x.com/VDzuri/status/2040830816549519829,1093814539445952513,VDzuri,24,de,keep_id_anchor,False,broooo igrs kau bisa mikir gk woyyy kekerasan darimana di game peak saya tanya anjritlah malah kamu kasih gblk,[],0,0,110,19,0,0,1,0.3293,0.0061,1,1.0,4.213888888888889,116,0.0,0.0,0.0,0.0,-1,0,0.7280106,0.31067082,1.0153283,0.43370014,412,-1,0.0009072061,0,Non-Buzzer
2040830636118962331,2026-04-05 16:35:15+00:00,0,"Gais kalo mobile legend kena IGRS komdigi dan di blokir apa kabar itu? kasusnya sama kaya PSE,dan keamanan data yg cloudware itu lho",2040830636118962331,,,in,,0,0,0,https://x.com/goeli3/status/2040830636118962331,1107282610944827392,goeli3,24,id,keep_id_anchor,False,gais kalau mobile legend kena igrs komdigi dan di blokir apa kabar itu kasusnya sama seperti pse dan keamanan data yang cloudware itu lho,[],0,0,137,24,0,0,1,0.3316,0.0137,1,1.0,4.201944444444444,116,0.0,0.0,0.0,0.0,-1,0,0.64188516,0.28091946,0.40389174,-0.3801195,413,-1,0.0013607563,0,Non-Buzzer
2040491792295186826,2026-04-05 16:35:14+00:00,0,"@badakmeledak_ Sedikit konteks saja, rating IGRS yang muncul di Steam sekarang banyak yang masih deklarasi awal dari developer, jadi kemungkinan masih akan disempurnakan karena tujuannya memang untuk panduan usia pemain.",2040830633623409031,,badakmeledak_,in,,0,0,0,https://x.com/Ginanadia67421/status/2040830633623409031,1715676531035635712,Ginanadia67421,30,id,keep_id_anchor,False,sedikit konteks saja rating igrs yang muncul di steam sekarang banyak yang masih deklarasi awal dari developer jadi kemungkinan masih akan disempurnakan karena tujuannya memang untuk panduan usia pemain,[],0,1,202,29,0,0,1,0.3631,0.0159,3,0.75,4.029166666666667,116,3.0,0.0,0.0,0.0,1,1,0.9018359,0.4211659,-1.2415422,-0.51884747,414,-1,0.9925068,1,Buzzer
2040830628602810528,2026-04-05 16:35:13+00:00,0,"Buat yang lagi mengikuti isu IGRS dan rating gim di Steam, ini ada siaran pers resmi yang menjelaskan konteksnya. Bisa dibaca dulu biar dapat gambaran yang lebih utuh: https://t.co/7oUselpRmm",2040830628602810528,,,in,,0,0,0,https://x.com/rinimaulida008/status/2040830628602810528,1864930724761186304,rinimaulida008,32,id,keep_id_anchor,False,buat yang lagi mengikuti isu igrs dan rating game di steam ini ada siaran pers resmi yang menjelaskan konteksnya bisa dibaca dulu biar dapat gambaran yang lebih utuh,[],0,0,165,28,0,0,1,0.628,0.0155,2,1.0,4.171388888888889,116,1.0,0.0,0.0,0.0,1,0,0.94243294,0.41249207,-0.68522155,-0.14163248,415,-1,0.9973097,1,Buzzer
2040830581450428585,2026-04-05 16:35:02+00:00,1,"Berikut adalah pesannya:
Pahami dulu aturan IGRS dan rating gim di Steam lewat siaran pers resmi ini. Ada baiknya baca informasinya sampai tuntas sebelum berpendapat lebih jauh.
https://t.co/0WZENiHplO 
#IGRS #Steam #GameRating",2040830581450428585,,,in,,0,0,0,https://x.com/DinaPur468/status/2040830581450428585,1558856424054456320,DinaPur468,34,id,keep_id_anchor,False,berikut adalah pesannya pahami dulu aturan igrs dan rating game di steam lewat siaran pers resmi ini ada baiknya baca informasinya sampai tuntas sebelum berpendapat lebih jauh igrs steam gamerating,[],0,0,197,30,0,1,1,0.5282,0.0157,2,1.0,4.198333333333333,116,1.0,0.0,0.0,0.0,1,0,0.87445164,0.46205962,-0.8580476,-0.16321541,416,-1,0.98085517,1,Buzzer
2040830524365885841,2026-04-05 16:34:48+00:00,0,"Banyak yang bahas rating gim di Steam dan IGRS. Wajar kalau muncul pertanyaan di kalangan gamer dan developer saat ini.

Rating di Steam untuk Indonesia bukan resmi pemerintah. Rating resmi pakai IGRS sesuai aturan yang berlaku di Indonesia.

Penjelasan:
https://t.co/znTzTjoAIL",2040830524365885841,,,in,,0,0,0,https://x.com/bantalkusam_id/status/2040830524365885841,1435291689581641731,bantalkusam_id,43,id,keep_id_anchor,False,banyak yang bahas rating game di steam dan igrs wajar kalau muncul pertanyaan di kalangan gamer dan developer saat ini rating di steam untuk indonesia bukan resmi pemerintah rating resmi pakai igrs sesuai aturan yang berlaku di indonesia penjelasan,[],0,0,248,39,0,0,1,0.4613,0.0248,3,1.0,4.194444444444445,116,0.0,0.0,0.0,0.0,1,0,0.9086136,0.4350879,-1.6394595,-0.35811737,417,-1,0.9811137,1,Buzzer
2040830494250787003,2026-04-05 16:34:41+00:00,0,"WKWKWK gue lebih percaya steam dan om gaben dibanding lu pada. alasan apa yang membuat steam tampilin rating palsu coba? gak ada IGRS juga biasanya steam pake rating ESRB, ya pasti ada permintaan lah dari yang bersangkutan, bodoh-bodoh jir alasannya",2040830494250787003,,,in,,0,0,0,https://x.com/SerMorningstar/status/2040830494250787003,1493660451997360128,SerMorningstar,41,id,keep_id_anchor,False,wkwkwk saya lebih percaya steam dan om gaben dibanding kamu pada alasan apa yang membuat steam tampilin rating palsu coba tidak ada igrs juga biasanya steam pake rating esrb ya pasti ada permintaan lah dari yang bersangkutan bodoh bodoh jir alasannya,[],0,0,250,41,0,0,1,0.3915,0.0136,1,1.0,4.1925,116,0.0,0.0,0.0,0.0,1,0,0.8693117,0.3872792,-0.15031072,-0.58506423,418,-1,0.25129706,0,Non-Buzzer
2040645711650509022,2026-04-05 16:34:33+00:00,0,"@rayrestufauzi Sedikit konteks, rating IGRS yang sekarang terlihat masih banyak yang belum final karena masih fase awal penyesuaian sistem untuk melindungi pemain muda.",2040830461845582153,,rayrestufauzi,in,,0,1,0,https://x.com/JancokAsu893230/status/2040830461845582153,1793661894408155136,JancokAsu893230,23,id,keep_id_anchor,False,sedikit konteks rating igrs yang sekarang terlihat masih banyak yang belum final karena masih fase awal penyesuaian sistem untuk melindungi pemain muda,[],0,1,151,22,0,1,1,0.4582,0.0262,5,0.8333333333333334,3.366388888888889,116,5.0,0.0,0.0,0.0,1,1,0.92080414,0.42125198,-1.2130722,-0.40489167,419,-1,0.9983859,1,Buzzer
2040645711650509022,2026-04-05 16:34:01+00:00,0,"@rayrestufauzi Perlu diingat juga, banyak rating IGRS di Steam saat ini masih berupa data awal atau self-declare dari developer, jadi belum semuanya final karena sistemnya masih dalam tahap penyesuaian untuk perlindungan pemain muda.",2040830326344429609,,rayrestufauzi,in,,0,1,0,https://x.com/Ginanadia67421/status/2040830326344429609,1715676531035635712,Ginanadia67421,34,id,keep_id_anchor,False,perlu diingat juga banyak rating igrs di steam saat ini masih berupa data awal atau self declare dari developer jadi belum semuanya final karena sistemnya masih dalam tahap penyesuaian untuk perlindungan pemain muda,[],0,1,215,33,0,1,1,0.5994,0.0313,3,0.75,4.029166666666667,116,3.0,0.0,0.0,0.0,1,1,0.920461,0.42737058,-1.4165175,-0.3622492,420,-1,0.9985678,1,Buzzer
2040479018034630743,2026-04-05 16:33:41+00:00,0,"@cryofantasia IGRS di Steam saat ini masih dlm tahap transisi, sehingga beberapa rating bs aja berubah setelah ada peninjauan ulang. Ini hal yg cukup wajar di tahap awal😀",2040830243376894325,,cryofantasia,in,,0,0,0,https://x.com/ayoitsmoy/status/2040830243376894325,1411105269757595652,ayoitsmoy,28,id,keep_id_anchor,False,igrs di steam saat ini masih dlm tahap transisi sehingga beberapa rating bs aja berubah setelah ada peninjauan ulang ini hal yang cukup wajar di tahap awal,[],0,1,155,27,0,0,1,0.2363,0.0112,3,0.75,3.3136111111111113,116,3.0,0.0,0.0,0.0,1,1,0.8250475,0.3313342,-0.92121965,-0.12408824,421,-1,0.5787341,0,Non-Buzzer
2040640511946686843,2026-04-05 16:33:25+00:00,0,"@kukuhya Sedikit meluruskan ya, rating IGRS yang muncul di Steam itu banyak yang masih tahap awal/self declare dari developer, jadi belum final sepenuhnya. Wajar kalau sekarang masih ada yang terasa kurang pas, karena memang lagi proses penyesuaian.",2040830175815065683,,kukuhya,in,,1,6,0,https://x.com/rinimaulida008/status/2040830175815065683,1864930724761186304,rinimaulida008,38,id,keep_id_anchor,False,sedikit meluruskan ya rating igrs yang muncul di steam itu banyak yang masih tahap awal self declare dari developer jadi belum final sepenuhnya wajar kalau sekarang masih ada yang terasa kurang pas karena memang lagi proses penyesuaian,[],0,1,235,37,0,7,0,0.6822,0.0288,2,1.0,4.171388888888889,116,1.0,0.0,0.0,0.0,1,0,0.970326,0.4037575,-0.8086677,-0.508155,422,-1,0.99222225,1,Buzzer
2040645711650509022,2026-04-05 16:33:12+00:00,0,"@rayrestufauzi Sedikit meluruskan, rating IGRS yang tampil di Steam saat ini banyak yang masih data awal/self-declare dan belum final, jadi wajar kalau masih ada yang disesuaikan sambil tetap fokus melindungi pemain muda.",2040830120458588227,,rayrestufauzi,in,,0,1,0,https://x.com/MRidhonew16179/status/2040830120458588227,1923899742062510083,MRidhonew16179,34,id,keep_id_anchor,False,sedikit meluruskan rating igrs yang tampil di steam saat ini banyak yang masih data awal self declare dan belum final jadi wajar kalau masih ada yang disesuaikan sambil tetap fokus melindungi pemain muda,[],0,1,203,33,0,1,1,0.6536,0.0307,4,0.8,3.336388888888889,116,4.0,0.0,0.0,0.0,1,1,0.9730226,0.44810805,-1.2027532,-0.47781065,423,-1,0.9987066,1,Buzzer
2040645711650509022,2026-04-05 16:33:10+00:00,0,@rayrestufauzi Rating IGRS datanya masih awal belum lengkap tujuannya sih bagus buat lindungi anak muda dan ekosistem game.,2040830114414690756,,rayrestufauzi,in,,0,1,0,https://x.com/SuryanaAja13/status/2040830114414690756,1504418800166633473,SuryanaAja13,18,id,keep_id_anchor,False,rating igrs datanya masih awal belum lengkap tujuannya sih bagus buat lindungi anak muda dan ekosistem game,[],0,1,107,17,0,1,1,0.4014,0.0182,2,1.0,4.104166666666667,116,2.0,0.0,0.0,0.0,1,1,0.85450566,0.40979332,-1.6034532,-0.3969408,424,-1,0.7437704,0,Non-Buzzer
2040491792295186826,2026-04-05 16:33:08+00:00,0,"@badakmeledak_ Dari sisi pengguna, sistem rating IGRS di Steam sekarang masih terasa kurang jelas. Tapi kalau ini bagian dari proses, semoga ada evaluasi dan penyempurnaan yang konsisten",2040830106801959007,,badakmeledak_,in,,0,0,0,https://x.com/Deewwiiiii/status/2040830106801959007,1171267827736571904,Deewwiiiii,27,id,keep_id_anchor,False,dari sisi pengguna sistem rating igrs di steam sekarang masih terasa kurang jelas tapi kalau ini bagian dari proses semoga ada evaluasi dan penyempurnaan yang konsisten,[],0,1,168,26,0,0,1,1.0,0.0109,7,0.7,3.183611111111111,116,9.0,0.0,0.0,0.027777777777777776,1,1,0.99999976,0.42299807,-1.5749254,-0.08311799,425,-1,0.9747131,1,Buzzer
2040830085981479117,2026-04-05 16:33:03+00:00,2,Tenggorokkan lagi sakit dan ngeliat KOMDONGO ngelempar tanggung jawab IGRS ke Steam. https://t.co/vJ5vYpNHgR,2040830085981479117,https://pbs.twimg.com/media/HFJ8Ia9a0AAXVg3.jpg,,in,,0,0,1,https://x.com/CakraKjaerbye/status/2040830085981479117,1586124648005005312,CakraKjaerbye,16,id,keep_id_anchor,False,tenggorokkan lagi sakit dan ngeliat komdongo ngelempar tanggung jawab igrs ke steam,[],0,0,83,12,0,3,0,0.3889,0.0036,2,1.0,3.8155555555555556,116,0.0,0.0,0.0,0.0,-1,0,0.78492415,0.27261075,1.2000978,-0.004618713,426,-1,0.00094941247,0,Non-Buzzer
2040479018034630743,2026-04-05 16:33:01+00:00,0,@cryofantasia kan bikin geger emang bener tampilan rating IGRS di steam kaya lagi gak  tapi moga ajah ini cuma efek penyesuaian ajah bakal normal dan lebih baik lagi,2040830075000729839,,cryofantasia,in,,0,0,0,https://x.com/Dadangsutrisn0/status/2040830075000729839,1748686169800658944,Dadangsutrisn0,28,id,keep_id_anchor,False,kan bikin geger emang benar tampilan rating igrs di steam seperti lagi tidak tapi moga ajah ini cuma efek penyesuaian ajah bakal normal dan lebih baik lagi,[],0,1,155,27,0,0,1,0.266,0.0189,2,1.0,4.164722222222222,116,2.0,0.0,0.0,0.0,-1,0,0.78358144,0.3649425,-0.2717019,-0.44897228,427,-1,0.0046276683,0,Non-Buzzer
2040645711650509022,2026-04-05 16:32:43+00:00,0,"@rayrestufauzi Menurut saya wajar kalau masih ada kebingungan, karena sistem IGRS di Steam masih dalam proses penyesuaian.",2040830000598061173,,rayrestufauzi,in,,0,1,0,https://x.com/hilyazu/status/2040830000598061173,1811992986022211584,hilyazu,17,id,keep_id_anchor,False,menurut saya wajar kalau masih ada kebingungan karena sistem igrs di steam masih dalam proses penyesuaian,[],0,1,105,16,0,1,1,0.5851,0.0232,4,0.8,3.976111111111111,116,4.0,0.0,0.0,0.0,1,1,0.8066801,0.31454316,-0.057433553,-0.5684269,428,-1,0.5042512,0,Non-Buzzer
2040645711650509022,2026-04-05 16:32:38+00:00,0,@rayrestufauzi Perlu dipahami kalau rating IGRS di Steam belum final dan masih tahap laporan awal untuk merapikan ekosistem gim agar lebih aman bagi anak-anak.,2040829981249745336,,rayrestufauzi,in,,0,1,0,https://x.com/carapaklek/status/2040829981249745336,230755427,carapaklek,25,id,keep_id_anchor,False,perlu dipahami kalau rating igrs di steam belum final dan masih tahap laporan awal untuk merapikan ekosistem game agar lebih aman bagi anak anak,[],0,1,144,24,0,1,1,1.0,0.0207,7,0.7777777777777778,3.303611111111111,116,8.0,0.0,0.0,0.0,1,1,0.99999964,0.4558667,-1.2833748,-0.629762,429,-1,0.9925327,1,Buzzer
2040640511946686843,2026-04-05 16:32:37+00:00,0,"@kukuhya Gak usah panik, gak usah marah-marah gak jelas. IGRS ini kan bertujuan buat ngelindungi para pemain muda yang underage. Jadi ada batasan umurnya. Kalo masih ada yang perlu dibenerin, ya wajar lah. Mendingan kita kawal bersama",2040829975969017959,,kukuhya,in,,0,5,0,https://x.com/racunserudotcom/status/2040829975969017959,1942393825168875522,racunserudotcom,38,id,keep_id_anchor,False,tidak usah panik tidak usah marah marah tidak jelas igrs ini kan bertujuan buat ngelindungi para pemain muda yang underage jadi ada batasan umurnya kalau masih ada yang perlu dibenerin ya wajar lah mendingan kita kawal bersama,[],0,1,226,37,0,5,0,0.5695,0.0272,1,0.5,3.3133333333333335,116,1.0,0.0,0.0,0.0,-1,0,0.70740014,0.34148756,0.44440612,-0.62973595,430,-1,0.014994367,0,Non-Buzzer
2040491792295186826,2026-04-05 16:32:28+00:00,0,"@badakmeledak_ Sedikit info, rating IGRS di Steam saat ini banyak yang masih tahap awal/self declare, jadi belum final dan masih proses penyesuaian.",2040829935313641590,,badakmeledak_,in,,0,0,0,https://x.com/AlinGibroez/status/2040829935313641590,1768240865703800832,AlinGibroez,23,id,keep_id_anchor,False,sedikit info rating igrs di steam saat ini banyak yang masih tahap awal self declare jadi belum final dan masih proses penyesuaian,[],0,1,130,22,0,0,1,0.5375,0.0285,5,0.8333333333333334,3.2808333333333333,116,5.0,0.0,0.0,0.1,1,1,0.91827637,0.38614297,-1.2701541,0.015598339,431,-1,0.997561,1,Buzzer
2040645711650509022,2026-04-05 16:32:25+00:00,0,@rayrestufauzi Wajar kalau publik bingung dengan sistem rating IGRS di Steam sekarang,2040829926233018625,,rayrestufauzi,in,,0,0,0,https://x.com/Deewwiiiii/status/2040829926233018625,1171267827736571904,Deewwiiiii,12,id,keep_id_anchor,False,wajar kalau publik bingung dengan sistem rating igrs di steam sekarang,[],0,1,70,11,0,0,1,0.3676,0.0136,7,0.7,3.183611111111111,116,9.0,0.0,0.0,0.027777777777777776,1,1,0.85481983,0.4532641,-1.1786848,-0.32706836,432,-1,0.96610194,1,Buzzer
2040645711650509022,2026-04-05 16:32:19+00:00,0,"@rayrestufauzi IGRS di Steam itu sekarang masih banyak yang berbasis data awal/self-declare jadi belum final, jadi wajar kalau masih ada penyesuaian, apalagi tujuan utamanya kan buat lindungi pemain muda dan bikin ekosistem game lebih rapi 👍",2040829901209735602,,rayrestufauzi,in,,0,1,0,https://x.com/rpramestaa12/status/2040829901209735602,227248005,rpramestaa12,37,id,keep_id_anchor,False,igrs di steam itu sekarang masih banyak yang berbasis data awal self declare jadi belum final jadi wajar kalau masih ada penyesuaian apalagi tujuan utamanya kan buat lindungi pemain muda dan bikin ekosistem game lebih rapi,[],0,1,222,36,0,1,1,0.5749,0.0286,4,0.6666666666666666,3.430277777777778,116,5.0,0.0,0.0,0.0,1,1,0.9500342,0.42675313,-0.8525967,-0.9197792,433,-1,0.9985606,1,Buzzer
2040829806993158354,2026-04-05 16:31:57+00:00,0,Igrs ono buzzer e cik 😭😭,2040829806993158354,,,hu,,0,0,0,https://x.com/ap398_/status/2040829806993158354,1386757098,ap398_,5,nl,keep_id_anchor,False,igrs ono buzzer e cik,[],0,0,21,5,0,0,1,0.653,0.0091,1,1.0,4.146944444444444,116,0.0,0.0,0.0,0.0,0,0,0.8856393,0.34582317,1.2125298,0.5442436,434,-1,0.05552603,0,Non-Buzzer
2040645711650509022,2026-04-05 16:31:54+00:00,0,"@rayrestufauzi Sekadar info, rating IGRS di Steam saat ini banyak yang masih tahap awal/self-declare jadi belum final, dan memang tujuannya buat perlindungan pemain muda serta penataan ekosistem, jadi wajar kalau masih butuh penyesuaian",2040829796125647093,,rayrestufauzi,in,,0,6,0,https://x.com/dvrtlngi/status/2040829796125647093,1597430218230497280,dvrtlngi,35,id,keep_id_anchor,False,sekadar info rating igrs di steam saat ini banyak yang masih tahap awal self declare jadi belum final dan memang tujuannya buat perlindungan pemain muda serta penataan ekosistem jadi wajar kalau masih butuh penyesuaian,[],0,1,218,34,0,6,0,0.6416,0.0269,4,1.0,3.6775,116,3.0,0.0,0.0,0.0,1,1,0.9354407,0.4370423,-1.0279821,-0.5606327,435,-1,0.9977952,1,Buzzer
2040645711650509022,2026-04-05 16:31:47+00:00,0,"@rayrestufauzi Perlu diluruskan, yang tampil di Steam itu sebagian masih data awal IGRS, wajar kalau belum sepenuhnya akurat karena masih tahap pengembangan.",2040829764072837481,,rayrestufauzi,in,,0,1,0,https://x.com/AlinGibroez/status/2040829764072837481,1768240865703800832,AlinGibroez,22,id,keep_id_anchor,False,perlu diluruskan yang tampil di steam itu sebagian masih data awal igrs wajar kalau belum sepenuhnya akurat karena masih tahap pengembangan,[],0,1,139,21,0,1,1,0.6144,0.02,5,0.8333333333333334,3.2808333333333333,116,5.0,0.0,0.0,0.1,1,1,0.8457847,0.32532182,-0.7174094,-0.37321672,436,-1,0.9396118,1,Buzzer
2040645711650509022,2026-04-05 16:31:34+00:00,0,"@rayrestufauzi Bantu luruskan ya, rating IGRS di Steam itu kebanyakan masih data awal atau self-declare yang belum final, jadi wajar kalau masih ada penyesuaian di fase awal ini demi niat baik menata ekosistem game dan melindungi pemain muda kita.",2040829710268338595,,rayrestufauzi,in,,0,1,0,https://x.com/dh74169970/status/2040829710268338595,1758767777320689664,dh74169970,40,id,keep_id_anchor,False,bantu luruskan ya rating igrs di steam itu kebanyakan masih data awal atau self declare yang belum final jadi wajar kalau masih ada penyesuaian di fase awal ini demi niat baik menata ekosistem game dan melindungi pemain muda kita,[],0,1,229,39,0,1,1,0.6276,0.0326,3,1.0,3.846388888888889,116,3.0,0.0,0.0,0.0,1,1,0.95316935,0.4305188,-1.1725967,-0.8761915,437,-1,0.99811363,1,Buzzer
2040645711650509022,2026-04-05 16:31:29+00:00,0,"@rayrestufauzi Sebenernya rating IGRS di Steam sekarang banyak yang masih tahap awal/self-declare dan belum final, jadi wajar kalau masih ada yang membingungkan karena ini juga bagian dari upaya melindungi pemain muda dan penyesuaian sistem ke depan.",2040829689598709963,,rayrestufauzi,in,,0,1,0,https://x.com/Adiety333/status/2040829689598709963,1202870884165242880,Adiety333,38,id,keep_id_anchor,False,sebenernya rating igrs di steam sekarang banyak yang masih tahap awal self declare dan belum final jadi wajar kalau masih ada yang membingungkan karena ini juga bagian dari upaya melindungi pemain muda dan penyesuaian sistem ke depan,[],0,1,233,37,0,1,1,0.5464,0.0317,5,0.8333333333333334,3.651666666666667,116,5.0,0.0,0.0,0.0,1,1,0.9340826,0.46724844,-0.92298883,-0.44843835,438,-1,0.99842995,1,Buzzer
2040582308789694688,2026-04-05 16:31:19+00:00,0,"@junwatu Iya langkah yg dilakukan komdigi sangat tepat,melindungi pemain muda dan menata ekosistem game, sehingga wajar kalau di fase awal masih ada hal yang perlu disesuaikan dan diperjelas bersama. Sebenarnya sistem IGRS data awalnya blm selesai atau sempurna",2040829647852888139,,junwatu,in,,0,0,0,https://x.com/Ranti130920/status/2040829647852888139,1855364957027876864,Ranti130920,39,id,keep_id_anchor,False,iya langkah yang dilakukan komdigi sangat tepat melindungi pemain muda dan menata ekosistem game sehingga wajar kalau di fase awal masih ada hal yang perlu disesuaikan dan diperjelas bersama sebenarnya sistem igrs data awalnya belum selesai atau sempurna,[],0,1,254,38,0,0,1,0.6816,0.0245,3,0.75,3.870277777777778,116,3.0,0.0,0.0,0.0,-1,0,0.8160366,0.36617297,-0.42567018,-0.63410187,439,-1,0.9642928,1,Buzzer
2040645711650509022,2026-04-05 16:31:16+00:00,0,"@rayrestufauzi IGRS di Steam sekarang banyak yang masih data awal/selfdeclare dan belum final, sekaligus mengingatkan bahwa niat utamanya adalah melindungi pemain muda dan menata ekosistem game, sehingga wajar kalau di fase awal masih ada hal yang perlu disesuaikan dan diperjelas bersama.",2040829636226212229,,rayrestufauzi,in,,0,1,0,https://x.com/noviarguna72100/status/2040829636226212229,2004965320587706370,noviarguna72100,42,id,keep_id_anchor,False,igrs di steam sekarang banyak yang masih data awal self declare dan belum final sekaligus mengingatkan bahwa niat utamanya adalah melindungi pemain muda dan menata ekosistem game sehingga wajar kalau di fase awal masih ada hal yang perlu disesuaikan dan diperjelas bersama,[],0,1,272,42,0,1,1,1.0,0.0277,6,0.6666666666666666,3.2152777777777777,116,7.0,0.0,0.0,0.0,1,1,1.0000004,0.4021979,-1.119015,-0.43936014,440,-1,0.9940236,1,Buzzer
2040645711650509022,2026-04-05 16:31:08+00:00,0,"@rayrestufauzi Perlu dipahami dulu kalau rating IGRS yang muncul saat ini sebagian masih data awal dari developer, jadi belum final, dan memang lagi proses pembenahan supaya ke depannya lebih jelas sekaligus tetap menjaga keamanan pemain muda.",2040829600478199927,,rayrestufauzi,in,,0,1,0,https://x.com/PutriRahma32820/status/2040829600478199927,1908370125050568704,PutriRahma32820,36,id,keep_id_anchor,False,perlu dipahami dulu kalau rating igrs yang muncul saat ini sebagian masih data awal dari developer jadi belum final dan memang lagi proses pembenahan supaya ke depannya lebih jelas sekaligus tetap menjaga keamanan pemain muda,[],0,1,225,35,0,1,1,0.5104,0.0255,5,0.8333333333333334,3.6463888888888887,116,5.0,0.0,0.0,0.0,1,1,0.9123367,0.41815388,-1.3225783,-0.35145387,441,-1,0.9981329,1,Buzzer
2040829495079481683,2026-04-05 16:30:43+00:00,1,"Lagi ramai soal IGRS dan rating gim di Steam. Ada siaran pers resmi yang menjelaskan konteksnya. Mungkin baik dibaca dulu sebelum menilai lebih jauh: https://t.co/6Kb8p6PzNz
#IGRS #Steam #GameIndonesia #InfoGame #GamingID",2040829495079481683,,,in,,0,0,0,https://x.com/ZaskiaZask2031/status/2040829495079481683,1809101659647455232,ZaskiaZask2031,33,id,keep_id_anchor,False,lagi ramai soal igrs dan rating game di steam ada siaran pers resmi yang menjelaskan konteksnya mungkin baik dibaca dulu sebelum menilai lebih jauh igrs steam gameindonesia infogame gamingid,[],0,0,190,29,0,1,1,0.5567,0.0132,2,1.0,4.054444444444444,116,1.0,0.0,0.0,0.0,1,0,0.8979522,0.4413526,-1.3997248,-0.383699,442,-1,0.97751087,1,Buzzer
2040479018034630743,2026-04-05 16:30:34+00:00,0,"@cryofantasia Dari sudut pandang pengguna, sistem rating IGRS di Steam saat ini belum terlalu mudah dipahami. Wajar kalau muncul pertanyaan. Semoga ke depan ada komunikasi yang lebih jelas soal standar penilaiannya.",2040829457938907596,,cryofantasia,in,,0,0,0,https://x.com/Alizazaina94321/status/2040829457938907596,1735829180502405120,Alizazaina94321,31,id,keep_id_anchor,False,dari sudut pandang pengguna sistem rating igrs di steam saat ini belum terlalu mudah dipahami wajar kalau muncul pertanyaan semoga ke depan ada komunikasi yang lebih jelas soal standar penilaiannya,[],0,1,197,30,0,0,1,0.3291,0.013,6,1.0,3.9175,116,5.0,0.0,0.0,0.0,1,1,0.8852247,0.43457225,-1.2987577,-0.32370782,443,-1,0.9691619,1,Buzzer
2040711244660068645,2026-04-05 16:30:21+00:00,2,"@mediterariaa_ Kalian g perlu khawatir GTA 6 g lolos IGRS, wong GTA SA aja ratingnya 3+ wkwkwkwk",2040829406319653176,,mediterariaa_,in,,0,0,0,https://x.com/nabawhy/status/2040829406319653176,1134365860477333504,nabawhy,17,id,keep_id_anchor,False,kalian g perlu khawatir gta g lolos igrs wong gta sa aja ratingnya wkwkwkwk,[],0,1,75,14,0,2,0,0.3668,0.005,1,1.0,4.120277777777778,116,1.0,0.0,0.0,0.0,-1,0,0.84019697,0.3172903,0.7928435,0.067957394,444,-1,0.0024724407,0,Non-Buzzer
2040684902866411853,2026-04-05 16:30:11+00:00,0,"@RRDelusi Biar gak salah paham, sebenarnya wajar kok kalau di awal fase rilis gini masih banyak rating yang belum pas di Steam. Dari rilis resminya, data yang muncul sekarang itu sebagian besar masih self-declare dari sistem internal, jadi belum melalui proses verifikasi resmi dari IGRS.",2040829360660480352,,RRDelusi,in,,0,0,0,https://x.com/rpramestaa12/status/2040829360660480352,227248005,rpramestaa12,46,id,keep_id_anchor,False,biar tidak salah paham sebenarnya wajar kok kalau di awal fase rilis gini masih banyak rating yang belum pas di steam dari rilis resminya data yang muncul sekarang itu sebagian besar masih self declare dari sistem internal jadi belum melalui proses verifikasi resmi dari igrs,[],0,1,275,45,0,0,1,0.4797,0.0379,4,0.6666666666666666,3.430277777777778,116,5.0,0.0,0.0,0.0,1,1,0.8434117,0.3849033,-0.940736,-0.25610813,445,-1,0.9885296,1,Buzzer
2040829296277889471,2026-04-05 16:29:55+00:00,0,"https://t.co/QYa3jybeLe Lagi ramai bahas IGRS dan rating gim di Steam, ini ada penjelasan resmi yang bisa jadi rujukan biar lebih paham konteksnya. Mungkin bisa disimak dulu sebelum menarik kesimpulan",2040829296277889471,,,in,,0,0,0,https://x.com/NganjukSun23590/status/2040829296277889471,1949393136725442560,NganjukSun23590,32,id,keep_id_anchor,False,lagi ramai bahas igrs dan rating game di steam ini ada penjelasan resmi yang bisa jadi rujukan biar lebih paham konteksnya mungkin bisa disimak dulu sebelum menarik kesimpulan,[],0,0,175,28,0,0,1,0.5689,0.0156,4,0.8,3.8466666666666667,116,4.0,0.0,0.0,0.0,1,1,0.9369527,0.43619812,-1.0442924,-0.5667691,446,-1,0.9988171,1,Buzzer
2040582308789694688,2026-04-05 16:29:26+00:00,0,"@junwatu Jadi rating yang kita lihat sekarang belum hasil akhirnya ya, soalnya masih fase awal implementasi IGRS. Wajar banget kalau ada yang belum pas, karena tujuannya kan lagi disusun biar ekosistem gim nasional makin teratur dan aman! 👍",2040829174555054400,,junwatu,in,,0,0,0,https://x.com/VinaAmelia33281/status/2040829174555054400,1861041909810221056,VinaAmelia33281,37,id,keep_id_anchor,False,jadi rating yang kita lihat sekarang belum hasil akhirnya ya soalnya masih fase awal implementasi igrs wajar banget kalau ada yang belum pas karena tujuannya kan lagi disusun biar ekosistem game nasional makin teratur dan aman,[],0,1,226,36,0,0,1,0.6895,0.0207,3,1.0,3.9030555555555555,116,3.0,0.0,0.0,0.0,1,1,0.89115703,0.447209,-1.1528091,-0.51167977,447,-1,0.99388665,1,Buzzer
2040479018034630743,2026-04-05 16:29:23+00:00,0,@cryofantasia Rating IGRS sedang dalam penyesuaian Biar lebih baik lagi di mainkan game nya untuk anak muda.,2040829161842057611,,cryofantasia,in,,0,0,0,https://x.com/SuryanaAja13/status/2040829161842057611,1504418800166633473,SuryanaAja13,17,id,keep_id_anchor,False,rating igrs sedang dalam penyesuaian biar lebih baik lagi di mainkan game nya untuk anak muda,[],0,1,93,16,0,0,1,0.4447,0.0151,2,1.0,4.104166666666667,116,2.0,0.0,0.0,0.0,1,1,0.8265979,0.43217027,-1.4972095,-0.29629743,448,-1,0.8139177,0,Non-Buzzer
2040829115956383976,2026-04-05 16:29:12+00:00,1,"DETROIT MASUK IGRS TIDAK LAYAK DISTRIBUSI, MAKSUDLU APA AJG",2040829115956383976,,,in,,0,0,0,https://x.com/novocannez/status/2040829115956383976,1608131726072745984,novocannez,9,en,keep_id_anchor,False,detroit masuk igrs tidak layak distribusi maksudlu apa anjing,[],0,0,61,9,0,1,1,0.7287,0.0136,1,1.0,4.101111111111111,116,0.0,0.0,0.0,0.0,-1,0,0.5815781,0.21493328,0.51135916,-0.41656923,449,-1,0.0028652942,0,Non-Buzzer
2040479018034630743,2026-04-05 16:28:59+00:00,0,@cryofantasia Harus diakui bahwa memang tampil rating IGRS di steam bagi banyak orang sangat membingungkan tapi perlu diketahui bahwa sistem ya sedang dalam masa penyesuaian dan butuh waktu,2040829062541881495,,cryofantasia,in,,0,0,0,https://x.com/Alvaro734877/status/2040829062541881495,1959905943480877056,Alvaro734877,28,id,keep_id_anchor,False,harus diakui bahwa memang tampil rating igrs di steam bagi banyak orang sangat membingungkan tapi perlu diketahui bahwa sistem ya sedang dalam masa penyesuaian dan butuh waktu,[],0,1,175,27,0,0,1,0.8778,0.0128,4,1.0,3.7683333333333335,116,4.0,0.0,0.0,0.0,1,1,0.98153555,0.42424324,-0.78456396,-0.42235565,450,-1,0.9892875,1,Buzzer
2040582308789694688,2026-04-05 16:28:45+00:00,0,"@junwatu Tmpilan rating IGRS di Steam sekarang memang membingungkan bagi banyak orang, namun menekankan bahwa sistemnya sedang dalam masa penyesuaian dan perlu waktu",2040829001040859370,,junwatu,in,,0,0,0,https://x.com/noviarguna72100/status/2040829001040859370,2004965320587706370,noviarguna72100,23,id,keep_id_anchor,False,tmpilan rating igrs di steam sekarang memang membingungkan bagi banyak orang namun menekankan bahwa sistemnya sedang dalam masa penyesuaian dan perlu waktu,[],0,1,155,22,0,0,1,0.4437,0.0111,6,0.6666666666666666,3.2152777777777777,116,7.0,0.0,0.0,0.0,1,1,0.957374,0.39590287,-0.6279711,-0.63486594,451,-1,0.9946794,1,Buzzer
2040828994510315936,2026-04-05 16:28:43+00:00,0,"https://t.co/BQMt0d3LRd
Sebelum ambil kesimpulan soal sistem rating IGRS di Steam, ada baiknya lihat dulu penjelasan resminya supaya konteksnya lebih lengkap",2040828994510315936,,,in,,0,0,0,https://x.com/hilyazu/status/2040828994510315936,1811992986022211584,hilyazu,23,id,keep_id_anchor,False,sebelum ambil kesimpulan soal sistem rating igrs di steam ada baiknya lihat dulu penjelasan resminya supaya konteksnya lebih lengkap,[],0,0,132,19,0,0,1,0.7613,0.0132,4,0.8,3.976111111111111,116,4.0,0.0,0.0,0.0,1,1,0.8879705,0.39982453,-1.1653408,0.13743512,452,-1,0.98944086,1,Buzzer
2040582308789694688,2026-04-05 16:27:46+00:00,0,"@junwatu Biar nggak salah paham, rating IGRS di Steam itu kebanyakan masih data awal atau self-declare, jadi belum final. Wajar banget kalau di fase awal ini masih butuh penyesuaian demi melindungi pemain muda kita",2040828752587108620,,junwatu,in,,0,0,0,https://x.com/carapaklek/status/2040828752587108620,230755427,carapaklek,35,id,keep_id_anchor,False,biar tidak salah paham rating igrs di steam itu kebanyakan masih data awal atau self declare jadi belum final wajar banget kalau di fase awal ini masih butuh penyesuaian demi melindungi pemain muda kita,[],0,1,202,34,0,0,1,0.6151,0.0379,7,0.7777777777777778,3.303611111111111,116,8.0,0.0,0.0,0.0,1,1,0.9404818,0.43527094,-0.9461418,-0.67813534,453,-1,0.9984559,1,Buzzer
2040582308789694688,2026-04-05 16:27:41+00:00,0,"@junwatu Sistem rating IGRS di Steam memang butuh waktu untuk adaptasi, tapi yang penting adalah komitmen untuk terus memperbaikinya. Harus ada komunikasi yang lebih jelas dan transparan dari pihak terkait biar pengguna nggak cuma sekedar ""ditunggu aja"".",2040828732806775267,,junwatu,in,,0,0,0,https://x.com/rahayu49384/status/2040828732806775267,1911651578336985088,rahayu49384,37,id,keep_id_anchor,False,sistem rating igrs di steam memang butuh waktu untuk adaptasi tapi yang penting adalah komitmen untuk terus memperbaikinya harus ada komunikasi yang lebih jelas dan transparan dari pihak terkait biar pengguna tidak cuma sekedar ditunggu aja,[],0,1,240,36,0,0,1,0.2687,0.019,6,1.0,3.855,116,5.0,0.0,0.0,0.0,1,1,0.8587795,0.3987981,-1.290011,-0.28086525,454,-1,0.97152495,1,Buzzer
2040582308789694688,2026-04-05 16:27:13+00:00,0,"@junwatu Rating IGRS di Steam sekarang banyak yang masih data awal/selfdeclare dan belum final, niat utama dalam membuat sistem IGRS ini melindungi pemain muda yang belum cukup umur untuk memainkan game ini. Tolonglah Komdigi buat sistem IGRS lebih baik dan benar lagi agar semua senang.",2040828616486064310,,junwatu,in,,0,0,0,https://x.com/andybalala19/status/2040828616486064310,1399951844000997378,andybalala19,46,id,keep_id_anchor,False,rating igrs di steam sekarang banyak yang masih data awal self declare dan belum final niat utama dalam membuat sistem igrs ini melindungi pemain muda yang belum cukup umur untuk memainkan game ini tolonglah komdigi buat sistem igrs lebih baik dan benar lagi agar semua senang,[],0,1,276,46,0,0,1,0.5998,0.0349,4,0.6666666666666666,3.713611111111111,116,5.0,0.0,0.0,0.0,1,1,0.90352124,0.46418363,-1.2192377,-0.21623997,455,-1,0.99679476,1,Buzzer
2040582308789694688,2026-04-05 16:26:44+00:00,0,@junwatu Tampilan IGRS di Steam memang masih data awal dan belum final. Sangat wajar kalo diawal masih butuh penyesuaian kan memang tujuan nya untuk melindungi pemain muda dan menata games2,2040828495094538738,,junwatu,in,,0,0,0,https://x.com/Emmeliachr59881/status/2040828495094538738,2018339489492643840,Emmeliachr59881,30,id,keep_id_anchor,False,tampilan igrs di steam memang masih data awal dan belum final sangat wajar kalau diawal masih butuh penyesuaian kan memang tujuan nya untuk melindungi pemain muda dan menata games,[],0,1,179,29,0,0,1,0.5487,0.0268,1,0.5,3.5033333333333334,116,1.0,0.0,0.0,0.0,1,0,0.9097849,0.4029798,-0.7443016,-0.9026328,456,-1,0.99140877,1,Buzzer
2040828455286395065,2026-04-05 16:26:35+00:00,0,Igrs memang nyabu kayanya😂😂😂,2040828455286395065,,,in,,0,0,0,https://x.com/krisnaardis/status/2040828455286395065,1892734362,krisnaardis,4,id,keep_id_anchor,False,igrs memang nyabu kayanya,[],0,0,25,4,0,0,1,0.5862,0.0013,1,1.0,4.0575,116,0.0,0.0,0.0,0.0,-1,0,0.722496,0.26628914,1.1066562,0.47302768,457,-1,0.0011619759,0,Non-Buzzer
2040582308789694688,2026-04-05 16:26:27+00:00,0,"@junwatu Perlu diingat juga, tujuan utama IGRS ini untuk melindungi pemain muda dan menata ekosistem game supaya lebih sehat. Jadi proses awal spt ini memang butuh waktu untuk penyempurnaan😀",2040828421652332625,,junwatu,in,,0,0,0,https://x.com/ayoitsmoy/status/2040828421652332625,1411105269757595652,ayoitsmoy,29,id,keep_id_anchor,False,perlu diingat juga tujuan utama igrs ini untuk melindungi pemain muda dan menata ekosistem game supaya lebih sehat jadi proses awal spt ini memang butuh waktu untuk penyempurnaan,[],0,1,178,28,0,0,1,0.4542,0.0132,3,0.75,3.3136111111111113,116,3.0,0.0,0.0,0.0,-1,0,0.8160366,0.3273208,-0.2763474,-1.1299943,458,-1,0.93848103,1,Buzzer
2040818906806505730,2026-04-05 16:26:25+00:00,0,@mmaryasir trus abis ini dia muncul sok jadi pahlawan IGRS :)),2040828413033017775,,mmaryasir,in,,0,0,0,https://x.com/monstreza/status/2040828413033017775,297832764,monstreza,10,id,keep_id_anchor,False,trus abis ini dia muncul sok jadi pahlawan igrs,[],0,1,47,9,0,0,1,0.3173,0.0066,1,1.0,4.054722222222222,116,1.0,0.0,0.0,0.0,-1,0,0.7125379,0.20131475,1.8121997,0.3185967,459,-1,0.00080519,0,Non-Buzzer
2040684902866411853,2026-04-05 16:26:24+00:00,0,"@RRDelusi Kuy ahh Santai dulu say, rating IGRS di Steam itu masih banyak yang data awal/self-declare, belum final. Tujuannya juga buat lindungi gamer muda dan benahin ekosistem. Wajar kalau masih disempurnakan.
#proteccionjuvenil #industriajuegos #clasificacionjuegos #ecosistemagaming #inf",2040828410260520969,,RRDelusi,in,,0,1,0,https://x.com/ZaskiaZask2031/status/2040828410260520969,1809101659647455232,ZaskiaZask2031,38,id,keep_id_anchor,False,kuy ahh santai dulu say rating igrs di steam itu masih banyak yang data awal self declare belum final tujuannya juga buat lindungi gamer muda dan benahin ekosistem wajar kalau masih disempurnakan proteccionjuvenil industriajuegos clasificacionjuegos ecosistemagaming inf,[],0,1,270,37,0,1,1,0.5945,0.0271,2,1.0,4.054444444444444,116,1.0,0.0,0.0,0.0,1,0,0.9197799,0.4745607,-1.049213,-0.7604171,460,-1,0.9845717,1,Buzzer
2040828362101571832,2026-04-05 16:26:12+00:00,0,"Kalau mau bahas IGRS, coba baca dulu penjelasan resminya ya:
https://t.co/glTzrSngxw

Rating IGRS di Steam belum tentu resmi, masih self-declare, bisa bikin salah paham soal batas umur.
Baru kritik pakai data biar suara gamer &amp; dev makin didengar, bukan cuma emosi.",2040828362101571832,,,in,,0,0,0,https://x.com/BosRQ_/status/2040828362101571832,1395017327750508545,BosRQ_,45,id,keep_id_anchor,False,kalau mau bahas igrs coba baca dulu penjelasan resminya ya rating igrs di steam belum tentu resmi masih self declare bisa bikin salah paham soal batas umur baru kritik pakai data biar suara gamer dev makin didengar bukan cuma emosi,[],0,0,231,40,0,0,1,0.4132,0.0321,3,1.0,4.037222222222222,116,0.0,0.0,0.0,0.0,1,0,0.8202252,0.46948734,-0.83784103,-0.44413465,461,-1,0.47068894,0,Non-Buzzer
2040656823376912493,2026-04-05 16:26:07+00:00,0,@viyushiwinko Indonesia Gooning Rating System (IGRS),2040828339221647482,,viyushiwinko,en,,0,0,0,https://x.com/Andradeva001/status/2040828339221647482,1955259870854471680,Andradeva001,6,id,keep_id_anchor,False,indonesia gooning rating system igrs,[],0,1,36,5,0,0,1,1.0,0.0125,1,1.0,4.049722222222222,116,1.0,0.0,0.0,0.0,1,1,0.9848784,0.32176873,-2.121511,1.245933,462,-1,0.029332126,0,Non-Buzzer
2040479018034630743,2026-04-05 16:26:01+00:00,0,"@cryofantasia Tampilan rating IGRS di Steam emang bikin banyak orang bingung, tapi harus diakui sistemnya masih dalam proses penyesuaian. Harap maklum kalau masih ada hal yang perlu diperbaiki,",2040828312340300201,,cryofantasia,in,,0,0,0,https://x.com/rahayu49384/status/2040828312340300201,1911651578336985088,rahayu49384,28,id,keep_id_anchor,False,tampilan rating igrs di steam emang bikin banyak orang bingung tapi harus diakui sistemnya masih dalam proses penyesuaian harap maklum kalau masih ada hal yang perlu diperbaiki,[],0,1,176,27,0,0,1,0.406,0.0205,6,1.0,3.855,116,5.0,0.0,0.0,0.0,1,1,0.89662975,0.4373872,-1.3586341,0.13341363,463,-1,0.9937682,1,Buzzer
2040828295147856168,2026-04-05 16:25:56+00:00,0,"IGRS (rating gim lokal) itu wajar, byk negara jg punya. Tujuannya lindungi anak, bantu orang tua, jd panduan.
Masalahnya di penerapan IGRS: ada gim besar dianggap nggak layak edar, sementara yg lain ratingnya nggak konsisten. Jd yg perlu dibenahi aturan &amp; teknisnya, bukan idenya",2040828295147856168,,,in,,0,0,0,https://x.com/BosRQ_/status/2040828295147856168,1395017327750508545,BosRQ_,44,id,keep_id_anchor,False,igrs rating game lokal itu wajar byk negara jg punya tujuannya lindungi anak bantu orang tua jd panduan masalahnya di penerapan igrs ada game besar dianggap tidak layak edar sementara yang lain ratingnya tidak konsisten jd yang perlu dibenahi aturan teknisnya bukan idenya,[],0,0,272,43,0,0,1,0.254,0.0215,3,1.0,4.037222222222222,116,0.0,0.0,0.0,0.0,1,0,0.80595183,0.41388142,-0.8913821,-0.49561864,464,-1,0.057396628,0,Non-Buzzer
2040828255721365558,2026-04-05 16:25:47+00:00,0,"ini adalah link klarifikasi ttg Rating IGRS yg tampak di steam..memang membingungkan mgkn..tapi coba buka .baca dan pahami tautan dibawah ini   agar tak ada salah pengertian 

https://t.co/50gaFznK3p",2040828255721365558,,,in,,0,1,0,https://x.com/mintozaki75/status/2040828255721365558,1761381895903059968,mintozaki75,32,id,keep_id_anchor,False,ini adalah link klarifikasi ttg rating igrs yang tampak di steam memang membingungkan mgkn tapi coba buka baca dan pahami tautan dibawah ini agar tidak ada salah pengertian,[],0,0,172,28,0,1,1,0.3922,0.0158,3,1.0,3.826388888888889,116,2.0,0.0,0.0,0.0,1,1,0.80301464,0.3928229,-0.77653027,0.58803946,465,-1,0.77624005,0,Non-Buzzer
2040619090038194329,2026-04-05 16:25:31+00:00,0,"@kerissakti Sekadar info aja nih, rating di Steam sekarang masih dalam proses awal penerapan IGRS, jadi belum final banget. Wajar sih kalau ada yang belum pas, karena lagi dibangun biar ekosistem gim di Indonesia makin rapi dan terlindungi dengan baik!",2040828188151132542,,kerissakti,in,,0,20,0,https://x.com/VinaAmelia33281/status/2040828188151132542,1861041909810221056,VinaAmelia33281,40,id,keep_id_anchor,False,sekadar info aja ini rating di steam sekarang masih dalam proses awal penerapan igrs jadi belum final banget wajar sih kalau ada yang belum pas karena lagi dibangun biar ekosistem game di indonesia makin rapi dan terlindungi dengan baik,[],0,1,236,39,0,20,0,0.4683,0.024,3,1.0,3.9030555555555555,116,3.0,0.0,0.0,0.0,1,1,0.86967766,0.45329693,-0.8781144,-0.52948064,466,-1,0.9944659,1,Buzzer
2040619090038194329,2026-04-05 16:25:22+00:00,0,"@kerissakti Harus diakui kalau tampilan rating IGRS di Steam saat ini memang bikin bingung dan memicu banyak pertanyaan di komunitas. Tapi kalau dilihat secara objektif, ini sepertinya masih tahap penyesuaian sistem yang butuh waktu untuk sinkron.",2040828148967944609,,kerissakti,in,,0,1,0,https://x.com/ikaikuikok/status/2040828148967944609,620724276,ikaikuikok,36,id,keep_id_anchor,False,harus diakui kalau tampilan rating igrs di steam saat ini memang bikin bingung dan memicu banyak pertanyaan di komunitas tapi kalau dilihat secara objektif ini sepertinya masih tahap penyesuaian sistem yang butuh waktu untuk sinkron,[],0,1,232,35,0,1,1,0.5278,0.0164,2,0.6666666666666666,3.713888888888889,116,2.0,0.0,0.0,0.0,1,1,0.9128815,0.43720242,-0.8697294,-0.5602281,467,-1,0.99806565,1,Buzzer
2040828148963840410,2026-04-05 16:25:22+00:00,0,"Timeline lg penuh soal IGRS &amp; rating gim di Steam. Byk yg kesal. Tapi penting lihat konteks &amp; info resmi biar protesnya tepat.
Info: rating di Steam untuk Indonesia bukan rating resmi pemerintah. Rating resmi pakai IGRS, idealnya buat batas umur pemain, bukan sekadar blokir gim",2040828148963840410,,,in,,0,0,0,https://x.com/BosRQ_/status/2040828148963840410,1395017327750508545,BosRQ_,46,id,keep_id_anchor,False,timeline lg penuh soal igrs rating game di steam byk yang kesal tapi penting lihat konteks info resmi biar protesnya tepat info rating di steam untuk indonesia bukan rating resmi pemerintah rating resmi pakai igrs idealnya buat batas umur pemain bukan sekadar blokir game,[],0,0,271,44,0,0,1,0.5364,0.0215,3,1.0,4.037222222222222,116,0.0,0.0,0.0,0.0,1,0,0.90115905,0.45093483,-1.2349305,-0.18715458,468,-1,0.8858451,1,Buzzer
2040479018034630743,2026-04-05 16:25:16+00:00,0,"@cryofantasia Jujur tampilan rating IGRS di Steam saat ini memang masih cukup membingungkan buat banyak orang. Tapi kalau memang masih masa penyesuaian, mungkin yang paling penting sekarang adalah update penjelasan yang rutin dan transparansi soal kriterianya",2040828124028665876,,cryofantasia,in,,0,0,0,https://x.com/JancokAsu893230/status/2040828124028665876,1793661894408155136,JancokAsu893230,36,id,keep_id_anchor,False,jujur tampilan rating igrs di steam saat ini memang masih cukup membingungkan buat banyak orang tapi kalau memang masih masa penyesuaian mungkin yang paling penting sekarang adalah update penjelasan yang rutin dan transparansi soal kriterianya,[],0,1,243,35,0,0,1,1.0,0.0153,5,0.8333333333333334,3.366388888888889,116,5.0,0.0,0.0,0.0,1,1,0.9999999,0.43088037,-1.1405174,-0.2724982,469,-1,0.9861966,1,Buzzer
2040828029031919997,2026-04-05 16:24:53+00:00,0,"Kalau mengikuti diskusi tentang IGRS dan rating gim di Steam, ada siaran pers resmi yang menjelaskan konteksnya. Bisa dicek dulu di sini:
https://t.co/ung7RZzOMG",2040828029031919997,,,in,,0,1,0,https://x.com/Ginanadia67421/status/2040828029031919997,1715676531035635712,Ginanadia67421,26,id,keep_id_anchor,False,kalau mengikuti diskusi tentang igrs dan rating game di steam ada siaran pers resmi yang menjelaskan konteksnya bisa dicek dulu di sini,[],0,0,135,22,0,1,1,0.7017,0.0153,3,0.75,4.029166666666667,116,3.0,0.0,0.0,0.0,1,1,0.94243294,0.43986243,-0.8385505,-0.3284526,470,-1,0.9988255,1,Buzzer
2040479018034630743,2026-04-05 16:24:49+00:00,0,"@cryofantasia Wajar jika banyak yang mempertanyakan rating IGRS yang muncul di Steam sekarang karena informasinya masih simpang siur. Sebagai langkah perbaikan berkelanjutan, transparansi mengenai indikator penilaian sangat diperlukan agar masa transisi ini bisa dipahami dengan baik oleh gamer",2040828012850196961,,cryofantasia,in,,0,0,0,https://x.com/carapaklek/status/2040828012850196961,230755427,carapaklek,38,id,keep_id_anchor,False,wajar jika banyak yang mempertanyakan rating igrs yang muncul di steam sekarang karena informasinya masih simpang siur sebagai langkah perbaikan berkelanjutan transparansi mengenai indikator penilaian sangat diperlukan agar masa transisi ini bisa dipahami dengan baik oleh gamer,[],0,1,278,37,0,0,1,0.3291,0.0132,7,0.7777777777777778,3.303611111111111,116,8.0,0.0,0.0,0.0,1,1,0.8963289,0.46410248,-1.3367505,-0.6136582,471,-1,0.9840432,1,Buzzer
2040582308789694688,2026-04-05 16:24:46+00:00,0,"@junwatu IGRS di Steam sekarang banyak yang masih data awal/selfdeclare dan belum final, sekaligus mengingatkan bahwa niat utamanya adalah melindungi pemain muda dan menata ekosistem game, sehingga wajar kalau di fase awal masih ada hal yang perlu disesuaikan dan diperjelas bersama.",2040827997792670142,,junwatu,in,,0,0,0,https://x.com/noviarguna72100/status/2040827997792670142,2004965320587706370,noviarguna72100,42,id,keep_id_anchor,False,igrs di steam sekarang banyak yang masih data awal self declare dan belum final sekaligus mengingatkan bahwa niat utamanya adalah melindungi pemain muda dan menata ekosistem game sehingga wajar kalau di fase awal masih ada hal yang perlu disesuaikan dan diperjelas bersama,[],0,1,272,42,0,0,1,1.0,0.0277,6,0.6666666666666666,3.2152777777777777,116,7.0,0.0,0.0,0.0,1,1,1.0000004,0.4021979,-1.119015,-0.43936014,472,-1,0.9940236,1,Buzzer
2040619090038194329,2026-04-05 16:24:43+00:00,0,"@kerissakti Jujur tampilan rating IGRS di Steam saat ini memang masih cukup membingungkan buat banyak orang. Tapi kalau memang masih masa penyesuaian, mungkin yang paling penting sekarang adalah update penjelasan yang rutin dan transparansi soal kriterianya.",2040827988313510317,,kerissakti,in,,0,2,0,https://x.com/JancokAsu893230/status/2040827988313510317,1793661894408155136,JancokAsu893230,36,id,keep_id_anchor,False,jujur tampilan rating igrs di steam saat ini memang masih cukup membingungkan buat banyak orang tapi kalau memang masih masa penyesuaian mungkin yang paling penting sekarang adalah update penjelasan yang rutin dan transparansi soal kriterianya,[],0,1,243,35,0,2,0,1.0,0.0153,5,0.8333333333333334,3.366388888888889,116,5.0,0.0,0.0,0.0,1,1,0.9999999,0.43088037,-1.1405174,-0.2724982,473,-1,0.9861966,1,Buzzer
2040619090038194329,2026-04-05 16:24:43+00:00,0,@kerissakti Harus diakui bahwa memang tampilan rating IGRS di steam bagi banyak orang sangat membingungkan tapi perlu diketahui bahwa sistem ya sedang dalam masa penyesuaian dan butuh waktu,2040827987256586261,,kerissakti,in,,0,1,0,https://x.com/Alvaro734877/status/2040827987256586261,1959905943480877056,Alvaro734877,28,id,keep_id_anchor,False,harus diakui bahwa memang tampilan rating igrs di steam bagi banyak orang sangat membingungkan tapi perlu diketahui bahwa sistem ya sedang dalam masa penyesuaian dan butuh waktu,[],0,1,177,27,0,1,1,0.8778,0.0134,4,1.0,3.7683333333333335,116,4.0,0.0,0.0,0.0,1,1,0.98153555,0.41958803,-0.662761,-0.47425362,474,-1,0.99255604,1,Buzzer
2040582308789694688,2026-04-05 16:24:36+00:00,0,"@junwatu rating IGRS di Steam saat ini masih banyak yang tahap awal (self-declare), jadi belum final. Tujuannya untuk melindungi pemain muda dan menata ekosistem game, jadi wajar kalau di fase awal masih ada yang perlu disesuaikan dan diperjelas bersama.",2040827957527355903,,junwatu,in,,0,0,0,https://x.com/NganjukSun23590/status/2040827957527355903,1949393136725442560,NganjukSun23590,40,id,keep_id_anchor,False,rating igrs di steam saat ini masih banyak yang tahap awal self declare jadi belum final tujuannya untuk melindungi pemain muda dan menata ekosistem game jadi wajar kalau di fase awal masih ada yang perlu disesuaikan dan diperjelas bersama,[],0,1,239,39,0,0,1,0.8445,0.0287,4,0.8,3.8466666666666667,116,4.0,0.0,0.0,0.0,1,1,0.9782401,0.44583264,-1.3150076,-0.6998977,475,-1,0.99759126,1,Buzzer
2040619090038194329,2026-04-05 16:24:35+00:00,0,@kerissakti rating IGRS yang tampil di Steam itu banyak yang masih tahap pengembangan jadi belum terselelsaikan sepenuhnya Memang lagi proses perbaikan wajar kalau masih ada yang belum pias dengan hasilnya.,2040827954012578193,,kerissakti,in,,0,1,0,https://x.com/ssigitpermana98/status/2040827954012578193,1865958130552811520,ssigitpermana98,30,id,keep_id_anchor,False,rating igrs yang tampil di steam itu banyak yang masih tahap pengembangan jadi belum terselelsaikan sepenuhnya memang lagi proses perbaikan wajar kalau masih ada yang belum pias dengan hasilnya,[],0,1,193,29,0,1,1,0.6144,0.0226,1,1.0,4.024166666666667,116,1.0,0.0,0.0,0.0,1,0,0.8703263,0.3912197,-1.0840517,-0.23167643,476,-1,0.8981513,1,Buzzer
2040479018034630743,2026-04-05 16:21:50+00:00,0,"@cryofantasia Jujur aja, tampilan rating IGRS di Steam sekarang emang masih bikin bingung buat banyak orang. Tapi kalau dilihat, ini lagi fase penyesuaian jadi wajar belum rapi—yang penting ke depan perlu update penjelasan yang rutin, transparansi kriteria, dan perbaikan terus biar makin jelas",2040827260517945362,,cryofantasia,in,,0,0,0,https://x.com/dvrtlngi/status/2040827260517945362,1597430218230497280,dvrtlngi,44,id,keep_id_anchor,False,jujur aja tampilan rating igrs di steam sekarang emang masih bikin bingung buat banyak orang tapi kalau dilihat ini lagi fase penyesuaian jadi wajar belum rapi yang penting ke depan perlu update penjelasan yang rutin transparansi kriteria dan perbaikan terus biar makin jelas,[],0,1,275,43,0,0,1,0.7017,0.0213,4,1.0,3.6775,116,3.0,0.0,0.0,0.0,1,1,0.94939333,0.41756418,-0.61930937,-0.58161193,477,-1,0.9978187,1,Buzzer
2040826387121209415,2026-04-05 16:21:50+00:00,27,"Kata kuncinya ""sedikit meluruskan"", ""rating IGRS"", ""masa transisi"", ""self declare""",2040827260316623155,,ObiWan_Catnobi,in,,0,0,5,https://x.com/ObiWan_Catnobi/status/2040827260316623155,371261655,ObiWan_Catnobi,10,id,keep_id_anchor,False,kata kuncinya sedikit meluruskan rating igrs masa transisi self declare,[],0,1,71,10,0,32,0,0.44,0.0112,1,1.0,3.9783333333333335,116,0.0,0.0,0.0,0.0,-1,0,0.7400419,0.33481303,-1.0684912,0.7053792,478,-1,0.010158691,0,Non-Buzzer
2040640511946686843,2026-04-05 16:21:47+00:00,0,"@kukuhya Sedikit meluruskan ya, rating IGRS yg muncul di Steam sekarang bnyk yg masih bersifat data awal/self-declare dari developer, jadi belum semuanya final. Memang masih tahap penyesuaian sambil dirapikan",2040827249059066314,,kukuhya,in,,0,2,0,https://x.com/ayoitsmoy/status/2040827249059066314,1411105269757595652,ayoitsmoy,31,id,keep_id_anchor,False,sedikit meluruskan ya rating igrs yang muncul di steam sekarang bnyk yang masih bersifat data awal self declare dari developer jadi belum semuanya final memang masih tahap penyesuaian sambil dirapikan,[],0,1,200,30,0,2,0,0.5994,0.027,3,0.75,3.3136111111111113,116,3.0,0.0,0.0,0.0,1,1,0.9529487,0.39910224,-1.1170452,0.019634057,479,-1,0.99892384,1,Buzzer
2040479018034630743,2026-04-05 16:21:42+00:00,0,"@cryofantasia Wajar sih kalau banyak yang masih bingung lihat rating IGRS di Steam sekarang, karena tampilannya memang belum terlalu familiar buat sebagian pemain. Tapi menurut saya ini masih tahap penyesuaian, jadi memang butuh waktu supaya orang makin paham sistemnya.",2040827229236818067,,cryofantasia,in,,0,0,0,https://x.com/hilyazu/status/2040827229236818067,1811992986022211584,hilyazu,39,id,keep_id_anchor,False,wajar sih kalau banyak yang masih bingung lihat rating igrs di steam sekarang karena tampilannya memang belum terlalu familiar buat sebagian pemain tapi menurut saya ini masih tahap penyesuaian jadi memang butuh waktu supaya orang makin paham sistemnya,[],0,1,252,38,0,0,1,0.4276,0.0264,4,0.8,3.976111111111111,116,4.0,0.0,0.0,0.0,1,1,0.91003376,0.45667967,-0.7994154,-0.6916868,480,-1,0.9979394,1,Buzzer
2040619090038194329,2026-04-05 16:21:40+00:00,0,"@kerissakti Jujur, tampilan rating IGRS di Steam saat ini memang cukup membingungkan bagi banyak pengguna. Tapi karena masih tahap penyesuaian, mungkin perlu waktu—yang penting ke depan penjelasannya lebih rutin dan transparan.",2040827219396931679,,kerissakti,in,,0,1,0,https://x.com/Alizazaina94321/status/2040827219396931679,1735829180502405120,Alizazaina94321,32,id,keep_id_anchor,False,jujur tampilan rating igrs di steam saat ini memang cukup membingungkan bagi banyak pengguna tapi karena masih tahap penyesuaian mungkin perlu waktu yang penting ke depan penjelasannya lebih rutin dan transparan,[],0,1,211,31,0,1,1,0.4867,0.0142,6,1.0,3.9175,116,5.0,0.0,0.0,0.0,1,1,0.9448793,0.4205579,-1.0923327,-0.40061465,481,-1,0.9962365,1,Buzzer
2040582308789694688,2026-04-05 16:21:39+00:00,0,"@junwatu Banyak yang salah paham soal rating IGRS di Steam, dan itu kelihatan dari tampilannya yang belum intuitif",2040827213990567945,,junwatu,in,,0,0,0,https://x.com/Deewwiiiii/status/2040827213990567945,1171267827736571904,Deewwiiiii,18,id,keep_id_anchor,False,banyak yang salah paham soal rating igrs di steam dan itu kelihatan dari tampilannya yang belum intuitif,[],0,1,104,17,0,0,1,0.4877,0.016,7,0.7,3.183611111111111,116,9.0,0.0,0.0,0.027777777777777776,1,1,0.8158221,0.41159767,-0.99547595,-0.18958978,482,-1,0.99128515,1,Buzzer
2040619090038194329,2026-04-05 16:21:36+00:00,0,"@kerissakti Jujur tampilan rating IGRS di Steam saat ini memang masih cukup membingungkan buat banyak orang. Tapi kalau memang masih masa penyesuaian, mungkin yang paling penting sekarang adalah update penjelasan yang rutin dan transparansi soal kriterianya.",2040827201625661554,,kerissakti,in,,0,1,0,https://x.com/MRidhonew16179/status/2040827201625661554,1923899742062510083,MRidhonew16179,36,id,keep_id_anchor,False,jujur tampilan rating igrs di steam saat ini memang masih cukup membingungkan buat banyak orang tapi kalau memang masih masa penyesuaian mungkin yang paling penting sekarang adalah update penjelasan yang rutin dan transparansi soal kriterianya,[],0,1,243,35,0,1,1,1.0,0.0153,4,0.8,3.336388888888889,116,4.0,0.0,0.0,0.0,1,1,0.9999999,0.43088037,-1.1405174,-0.2724982,483,-1,0.9861966,1,Buzzer
2040827186954084703,2026-04-05 16:21:32+00:00,0,Baru baca case IGRS,2040827186954084703,,,und,,0,0,0,https://x.com/4wallsnet/status/2040827186954084703,1379328662,4wallsnet,4,ro,keep_id_anchor,False,baru baca case igrs,[],0,0,19,4,0,0,1,0.3351,0.0046,1,1.0,3.973333333333333,116,0.0,0.0,0.0,0.0,-1,0,0.7399926,0.28017458,1.2747264,0.7712373,484,-1,0.00081382325,0,Non-Buzzer
2040619090038194329,2026-04-05 16:21:23+00:00,0,"@kerissakti Sekadar meluruskan konteksnya, rating yang kita lihat sekarang di Steam itu belum hasil akhir karena masih fase awal penerapan IGRS. Wajar kalau ada yang kelihatan belum pas, karena memang tujuannya sedang merapikan ekosistem gim nasional agar lebih terlindungi.",2040827149675004000,,kerissakti,in,,0,2,0,https://x.com/carapaklek/status/2040827149675004000,230755427,carapaklek,39,id,keep_id_anchor,False,sekadar meluruskan konteksnya rating yang kita lihat sekarang di steam itu belum hasil akhir karena masih fase awal penerapan igrs wajar kalau ada yang kelihatan belum pas karena memang tujuannya sedang merapikan ekosistem game nasional agar lebih terlindungi,[],0,1,259,38,0,2,0,0.6895,0.0177,7,0.7777777777777778,3.303611111111111,116,8.0,0.0,0.0,0.0,1,1,0.89115703,0.48050916,-0.6967267,-0.9254072,485,-1,0.9962872,1,Buzzer
2040827118746300792,2026-04-05 16:21:17+00:00,0,"Teman teman yang ngikutin rame IGRS &amp; rating gim di Steam, penjelasan resminya ada di sini, boleh jadi bahan baca dulu, linknya yang udh saya sematkan diatas ya☝️",2040827123288662525,,Ranti130920,in,,0,0,0,https://x.com/Ranti130920/status/2040827123288662525,1855364957027876864,Ranti130920,28,id,keep_id_anchor,False,teman teman yang ngikutin rame igrs rating game di steam penjelasan resminya ada di sini boleh jadi bahan baca dulu linknya yang sudah saya sematkan diatas ya,[],0,1,158,27,0,0,1,0.8088,0.0096,3,0.75,3.870277777777778,116,3.0,0.0,0.0,0.0,1,1,0.93017316,0.47741002,-0.7671082,0.22162507,486,-1,0.9824233,1,Buzzer
2040619090038194329,2026-04-05 16:21:16+00:00,0,@kerissakti Rating IGRS di Steam saat ini memang membingungkan &amp; butuh penyesuaian. Penting ada transparansi kriteria &amp; perbaikan rutin agar sistem makin akurat. 🎮✨,2040827120642056562,,kerissakti,in,,0,0,0,https://x.com/dh74169970/status/2040827120642056562,1758767777320689664,dh74169970,23,id,keep_id_anchor,False,rating igrs di steam saat ini memang membingungkan butuh penyesuaian penting ada transparansi kriteria perbaikan rutin agar sistem makin akurat,[],0,1,143,20,0,0,1,0.6324,0.01,3,1.0,3.846388888888889,116,3.0,0.0,0.0,0.0,1,1,0.90666556,0.3678151,-1.3565547,-0.35580295,487,-1,0.94634914,1,Buzzer
2040619090038194329,2026-04-05 16:20:58+00:00,0,"@kerissakti Jujur aja tampilan rating IGRS di Steam sekarang masih bikin bingung banyak orang. Tapi kalau ini memang lagi tahap penyesuaian, ya wajar butuh waktu",2040827044381220891,,kerissakti,in,,0,1,0,https://x.com/Deewwiiiii/status/2040827044381220891,1171267827736571904,Deewwiiiii,25,id,keep_id_anchor,False,jujur aja tampilan rating igrs di steam sekarang masih bikin bingung banyak orang tapi kalau ini memang lagi tahap penyesuaian ya wajar butuh waktu,[],0,1,147,24,0,1,1,0.5278,0.0189,7,0.7,3.183611111111111,116,9.0,0.0,0.0,0.027777777777777776,1,1,0.91003376,0.44444385,-0.4571659,-0.62335503,488,-1,0.9978388,1,Buzzer
2040619090038194329,2026-04-05 16:20:55+00:00,0,"@kerissakti Sedikit meluruskan ya, rating IGRS yang tampil di Steam itu banyak yang masih tahap awal/self declare dari developer, jadi belum final. Memang lagi proses penyesuaian, wajar kalau masih ada yang belum pas.",2040827031349538861,,kerissakti,in,,0,1,0,https://x.com/AlinGibroez/status/2040827031349538861,1768240865703800832,AlinGibroez,34,id,keep_id_anchor,False,sedikit meluruskan ya rating igrs yang tampil di steam itu banyak yang masih tahap awal self declare dari developer jadi belum final memang lagi proses penyesuaian wajar kalau masih ada yang belum pas,[],0,1,200,33,0,1,1,1.0,0.0284,5,0.8333333333333334,3.2808333333333333,116,5.0,0.0,0.0,0.1,1,1,1.0,0.4121436,-1.0783886,-0.2806063,489,-1,0.9935887,1,Buzzer
2040826745990045726,2026-04-05 16:19:47+00:00,0,"https://t.co/6mYW2tgLkA
Buat yang lagi ramai bahas IGRS dan rating gim di Steam, mungkin perlu cek dulu penjelasan resminya biar lebih paham konteksnya. Ada info penting tentang proses dan tujuannya,",2040826745990045726,,,in,,0,2,0,https://x.com/rahayu49384/status/2040826745990045726,1911651578336985088,rahayu49384,32,id,keep_id_anchor,False,buat yang lagi ramai bahas igrs dan rating game di steam mungkin perlu cek dulu penjelasan resminya biar lebih paham konteksnya ada info penting tentang proses dan tujuannya,[],0,0,173,28,0,2,0,0.5689,0.0168,6,1.0,3.855,116,5.0,0.0,0.0,0.0,1,1,0.93045616,0.44001496,-1.1730711,-0.4395585,490,-1,0.9990552,1,Buzzer
2040826358960640332,2026-04-05 16:19:44+00:00,0,"If anything, the implementation of IGRS would push people more towards piracy.

Pake sok melindungi pengguna, pula. Judol masih marak aja, sok-sokan melindungi lu",2040826732073390222,,azurestasera,in,,0,0,0,https://x.com/azurestasera/status/2040826732073390222,230165089,azurestasera,25,en,keep_id_anchor,False,if anything the implementation of igrs would push people more towards piracy pake sok melindungi pengguna pula judol masih marak aja sok sokan melindungi kamu,[],0,1,158,25,0,0,1,0.4651,0.0158,2,1.0,3.9186111111111113,116,0.0,0.0,0.0,0.0,-1,0,0.60293955,0.30712476,-0.26184094,-0.23235361,491,-1,0.021316968,0,Non-Buzzer
2040826498224206129,2026-04-05 16:18:51+00:00,0,"Selalu gunakan referensi resmi IGRS dalam memilih gim yang aman sesuai usia. Laporkan jika menemukan ketidaksesuaian rating agar ruang digital kita tetap sehat dan terlindungi bagi generasi muda. 🇮🇩🌐

#RuangDigitalAman https://t.co/ngdYLKPfu0",2040826509326446686,https://pbs.twimg.com/media/HFJ45E3aYAAOeO5.jpg,indonesiago_id,in,,0,0,0,https://x.com/indonesiago_id/status/2040826509326446686,1166311360898072577,indonesiago_id,33,id,keep_id_anchor,False,selalu gunakan referensi resmi igrs dalam memilih game yang aman sesuai usia laporkan jika menemukan ketidaksesuaian rating agar ruang digital kita tetap sehat dan terlindungi bagi generasi muda ruangdigitalaman,[],0,1,211,29,0,0,1,0.2981,0.0101,2,1.0,3.9277777777777776,116,0.0,0.0,0.0,0.0,-1,0,0.78088415,0.35982293,-1.0873929,-0.93311363,492,-1,0.0013554088,0,Non-Buzzer
2040826498224206129,2026-04-05 16:18:48+00:00,0,"Waspada! Kemkomdigi tegaskan rating IGRS di Steam saat ini bukan rating resmi pemerintah. Klarifikasi segera dilakukan kepada pihak Steam untuk memastikan klasifikasi gim sesuai dengan aturan pelindungan anak di Indonesia. 🎮🚫

#GameRating https://t.co/2y6S1k1gwt",2040826498224206129,https://pbs.twimg.com/media/HFJ44WgaQAEEp71.jpg,,in,,0,1,0,https://x.com/indonesiago_id/status/2040826498224206129,1166311360898072577,indonesiago_id,35,id,keep_id_anchor,False,waspada kemkomdigi tegaskan rating igrs di steam saat ini bukan rating resmi pemerintah klarifikasi segera dilakukan kepada pihak steam untuk memastikan klasifikasi game sesuai dengan aturan pelindungan anak di indonesia gamerating,[],0,0,231,31,0,1,1,0.5965,0.0224,2,1.0,3.9277777777777776,116,0.0,0.0,0.0,0.0,1,0,0.9243113,0.425262,-1.4138293,-0.087792896,493,-1,0.9778187,1,Buzzer
2040826358960640332,2026-04-05 16:18:15+00:00,0,"""Market kita gede""? AAA games? Di Indonesia? Yang bener aja lu. Pake contoh GTA 6 yang digadang-gadang bakal jadi game $100 pertama, di Indonesia mau jadi berapa? Game $60 aja udah ada yang harganya sejuta di Steam.

Market AAA games di Indo itu kecil. IGRS ini gaada urgensinya.",2040826358960640332,,,in,,0,1,0,https://x.com/azurestasera/status/2040826358960640332,230165089,azurestasera,49,id,keep_id_anchor,False,market kita gede aaa games di indonesia yang benar aja kamu pake contoh gta yang digadang gadang bakal jadi game pertama di indonesia mau jadi berapa game aja sudah ada yang harganya sejuta di steam market aaa games di indo itu kecil igrs ini gaada urgensinya,[],0,0,259,46,0,1,1,0.3769,0.0123,2,1.0,3.9186111111111113,116,0.0,0.0,0.0,0.0,-1,0,0.72862756,0.2887047,0.15101652,-0.53813666,494,-1,0.0029927948,0,Non-Buzzer
2040826341390794987,2026-04-05 16:18:11+00:00,0,"Sedang ramai dibahas soal IGRS dan sistem rating gim di Steam. Ada penjelasan resmi yang bisa dibaca dulu supaya informasinya lebih lengkap: 
https://t.co/7Yp6142gOJ",2040826341390794987,,,in,,0,0,0,https://x.com/Alizazaina94321/status/2040826341390794987,1735829180502405120,Alizazaina94321,26,id,keep_id_anchor,False,sedang ramai dibahas soal igrs dan sistem rating game di steam ada penjelasan resmi yang bisa dibaca dulu supaya informasinya lebih lengkap,[],0,0,139,22,0,0,1,0.4057,0.0152,6,1.0,3.9175,116,5.0,0.0,0.0,0.0,1,1,0.9388064,0.43933907,-1.4495891,-0.34728462,495,-1,0.99733317,1,Buzzer
2040826146242318761,2026-04-05 16:17:24+00:00,0,"Mulai dah buzzernya pake narasi self-declare. Padahal kita jg tau yg submit esrb, pegi, gitu jg self-declare.

Poinnya bukan itu.

IGRS ini 'menurut pandangan gua' terlihat mau berperan bukan di labelingnya doang, tp ikut ngatur censorship sampe bisa blokir game yg ga sesuai.",2040826146242318761,,,in,,0,1,0,https://x.com/Firmandanny/status/2040826146242318761,57889446,Firmandanny,45,id,keep_id_anchor,False,mulai dah buzzernya pake narasi self declare padahal kita jg tau yang submit esrb pegi gitu jg self declare poinnya bukan itu igrs ini menurut pandangan saya terlihat mau berperan bukan di labelingnya doang tp ikut ngatur censorship sampe bisa blokir game yang tidak sesuai,[],0,0,273,45,0,1,1,0.3184,0.0266,1,1.0,3.9044444444444446,116,0.0,0.0,0.0,0.0,-1,0,0.72122204,0.41098398,0.21495466,-0.71570355,496,-1,0.0039750175,0,Non-Buzzer
2040684902866411853,2026-04-05 16:17:19+00:00,0,"@RRDelusi Berdasarkan info yang ada, IGRS di Steam sekarang masih dalam tahap awal nih, jadi datanya belum final banget. Masih banyak yang baru deklarasi awal dari developernya. Tujuannya sih biar sistem ratingnya makin jelas dan aman buat semua kalangan usia",2040826124255862994,,RRDelusi,in,,0,0,0,https://x.com/VinaAmelia33281/status/2040826124255862994,1861041909810221056,VinaAmelia33281,40,id,keep_id_anchor,False,berdasarkan info yang ada igrs di steam sekarang masih dalam tahap awal ini jadi datanya belum final banget masih banyak yang baru deklarasi awal dari developernya tujuannya sih biar sistem ratingnya makin jelas dan aman buat semua kalangan usia,[],0,1,245,39,0,0,1,0.6756,0.0232,3,1.0,3.9030555555555555,116,3.0,0.0,0.0,0.0,1,1,0.95821214,0.40653798,-1.0506089,-0.23881495,497,-1,0.99860555,1,Buzzer
2040684902866411853,2026-04-05 16:17:18+00:00,0,"@RRDelusi Kalau ngikutin infonya, IGRS di Steam sekarang lagi dalam tahap awal implementasi, jadi datanya belum final ya. Banyak yang masih berupa deklarasi awal dari developer. Tujuannya sih bagus banget, biar sistem rating-nya jadi lebih jelas, aman, dan nyaman buat semua kalangan usia",2040826119491068144,,RRDelusi,in,,0,0,0,https://x.com/ReisaAmeli42101/status/2040826119491068144,1987461075345063937,ReisaAmeli42101,44,id,keep_id_anchor,False,kalau ngikutin infonya igrs di steam sekarang lagi dalam tahap awal implementasi jadi datanya belum final ya banyak yang masih berupa deklarasi awal dari developer tujuannya sih bagus banget biar sistem rating nya jadi lebih jelas aman dan nyaman buat semua kalangan usia,[],0,1,271,43,0,0,1,0.7113,0.021,1,1.0,3.9027777777777777,116,1.0,0.0,0.0,0.0,1,0,0.96593696,0.36350334,-1.224534,-0.10721651,498,-1,0.9640484,1,Buzzer
2040640511946686843,2026-04-05 16:15:21+00:00,0,"@kukuhya Sebenarnya IGRS di Steam sekarang banyak yang masih data awal/selfdeclare dan belum final,serta melindungi pemain muda, dari ekosistem yg bermasalah ,kerja komdigi udh tepat itu",2040825631508967442,,kukuhya,in,,0,2,0,https://x.com/Ranti130920/status/2040825631508967442,1855364957027876864,Ranti130920,28,id,keep_id_anchor,False,sebenarnya igrs di steam sekarang banyak yang masih data awal self declare dan belum final serta melindungi pemain muda dari ekosistem yang bermasalah kerja komdigi sudah tepat itu,[],0,1,180,28,0,2,0,0.6666,0.034,3,0.75,3.870277777777778,116,3.0,0.0,0.0,0.0,1,1,0.9210035,0.41467866,-0.63513094,-0.25142252,499,-1,0.99877256,1,Buzzer
2040806491507319133,2026-04-05 16:15:14+00:00,0,@iPoopBased sahabat igrs,2040825601477747103,,iPoopBased,in,,0,0,0,https://x.com/tsngnugadhm/status/2040825601477747103,1161891121141698560,tsngnugadhm,3,tl,keep_id_anchor,False,sahabat igrs,[],0,1,12,2,1,0,1,1.0,0.0011,1,1.0,3.868333333333333,116,1.0,0.0,0.0,0.0,-1,0,0.90744483,0.18226665,1.3617306,1.2034732,500,-1,0.012221757,0,Non-Buzzer
2040684902866411853,2026-04-05 16:14:26+00:00,0,"@RRDelusi Guys, santai dulu. Banyak yang salah paham soal rating IGRS di Steam. Ini bukan soal sensor atau kebebasan, tapi tentang melindungi pemain muda dan bikin ekosistem game lebih sehat. Banyak rating yang masih data awal/self-declare, jadi belum final. Ayo fokus ke niat baiknya",2040825400591540442,,RRDelusi,in,,0,1,0,https://x.com/rahayu49384/status/2040825400591540442,1911651578336985088,rahayu49384,46,id,keep_id_anchor,False,guys santai dulu banyak yang salah paham soal rating igrs di steam ini bukan soal sensor atau kebebasan tapi tentang melindungi pemain muda dan bikin ekosistem game lebih sehat banyak rating yang masih data awal self declare jadi belum final ayo fokus ke niat baiknya,[],0,1,267,45,0,1,1,0.6459,0.0295,6,1.0,3.855,116,5.0,0.0,0.0,0.0,1,1,0.8900138,0.46347576,-0.97430813,-0.9110002,501,-1,0.99395543,1,Buzzer
2040684902866411853,2026-04-05 16:14:08+00:00,0,"@RRDelusi Izin bantu jelasin ya, rating IGRS yang muncul di Steam itu rata-rata masih self-declare atau data awal, jadi belum final. Wajar banget kalau di awal ini masih ada penyesuaian, karena tujuan utamanya kan buat melindungi gamer usia muda dan ngerapiin ekosistem gim kita supaya aman",2040825323798093970,,RRDelusi,in,,0,0,0,https://x.com/carapaklek/status/2040825323798093970,230755427,carapaklek,48,id,keep_id_anchor,False,izin bantu jelasin ya rating igrs yang muncul di steam itu rata rata masih self declare atau data awal jadi belum final wajar banget kalau di awal ini masih ada penyesuaian karena tujuan utamanya kan buat melindungi gamer usia muda dan ngerapiin ekosistem game kita supaya aman,[],0,1,277,47,0,0,1,0.535,0.027,7,0.7777777777777778,3.303611111111111,116,8.0,0.0,0.0,0.0,1,1,0.92879695,0.44832945,-1.0238006,-1.079972,502,-1,0.99836224,1,Buzzer
2040684902866411853,2026-04-05 16:13:56+00:00,0,"@RRDelusi Perlu diluruskan, rating IGRS di Steam sekarang masih tahap awal (self-declare), jadi belum final. Tujuannya buat melindungi pemain muda dan menata ekosistem game. Wajar kalau di awal masih ada yang perlu disesuaikan",2040825274212995494,,RRDelusi,in,,0,0,0,https://x.com/NganjukSun23590/status/2040825274212995494,1949393136725442560,NganjukSun23590,34,id,keep_id_anchor,False,perlu diluruskan rating igrs di steam sekarang masih tahap awal self declare jadi belum final tujuannya buat melindungi pemain muda dan menata ekosistem game wajar kalau di awal masih ada yang perlu disesuaikan,[],0,1,210,33,0,0,1,0.8445,0.0295,4,0.8,3.8466666666666667,116,4.0,0.0,0.0,0.0,1,1,0.9782401,0.4604583,-1.2263657,-0.7161109,503,-1,0.9970462,1,Buzzer
2040684902866411853,2026-04-05 16:13:55+00:00,0,"@RRDelusi Gemini berkata Rating IGRS di Steam masih data awal/self-declare, belum final. Wajar ada penyesuaian demi ekosistem game sehat &amp; lindungi pemain muda. 
Yuk kawal! 🎮✨",2040825267145556139,,RRDelusi,in,,0,0,0,https://x.com/dh74169970/status/2040825267145556139,1758767777320689664,dh74169970,27,id,keep_id_anchor,False,gemini berkata rating igrs di steam masih data awal self declare belum final wajar ada penyesuaian demi ekosistem game sehat lindungi pemain muda yuk kawal,[],0,1,155,25,0,0,1,0.6311,0.0283,3,1.0,3.846388888888889,116,3.0,0.0,0.0,0.0,1,1,0.88042766,0.4410873,-0.93204063,-0.53112906,504,-1,0.9955857,1,Buzzer
2040825174422163910,2026-04-05 16:13:32+00:00,0,this is why IGRS is a stupid idea because it's made by people who don't understand video game,2040825174422163910,,,en,,0,0,0,https://x.com/Chichi_X_Mune/status/2040825174422163910,286216823,Chichi_X_Mune,20,en,keep_id_anchor,False,this is why igrs is a stupid idea because it s made by people who don t understand video game,[],0,0,93,20,0,0,1,0.3544,0.0099,1,1.0,3.84,116,0.0,0.0,0.0,0.0,-1,0,0.75381345,0.3634251,-1.130071,-0.21277581,505,-1,0.0012908826,0,Non-Buzzer
2040684902866411853,2026-04-05 16:13:02+00:00,0,"@RRDelusi Sedikit meluruskan ya, yg muncul di Steam soal rating IGRS itu banyak yg masih tahap awal/self-declare dr developer, jd blm semuanya final. Tujuan utamanya buat perlindungan pemain muda &amp; penataan ekosistem game, jd wajar kalo di fase awal masih ada yg perlu disempurnakan bareng²",2040825046198030725,,RRDelusi,in,,0,0,0,https://x.com/dvrtlngi/status/2040825046198030725,1597430218230497280,dvrtlngi,47,id,keep_id_anchor,False,sedikit meluruskan ya yang muncul di steam soal rating igrs itu banyak yang masih tahap awal self declare dari developer jd belum semuanya final tujuan utamanya buat perlindungan pemain muda penataan ekosistem game jd wajar kalau di fase awal masih ada yang perlu disempurnakan bareng,[],0,1,284,45,0,0,1,0.4964,0.0243,4,1.0,3.6775,116,3.0,0.0,0.0,0.0,1,1,0.9334223,0.4506286,-0.8805559,-0.82493293,506,-1,0.99747497,1,Buzzer
2040684902866411853,2026-04-05 16:13:02+00:00,0,@RRDelusi Kalo menurut saya sih rating IGRS di Steam sekarang banyak yang masih data jadi masih belum sepenuhnya valid..,2040825046080667658,,RRDelusi,in,,0,0,0,https://x.com/SidikHamdani96/status/2040825046080667658,1699734556553932800,SidikHamdani96,19,id,keep_id_anchor,False,kalau menurut saya sih rating igrs di steam sekarang banyak yang masih data jadi masih belum sepenuhnya valid,[],0,1,109,18,0,0,1,1.0,0.0199,3,1.0,3.661111111111111,116,2.0,0.0,0.0,0.0,1,1,0.9999999,0.40938222,-1.2421439,-0.1605062,507,-1,0.96837693,1,Buzzer
2040640511946686843,2026-04-05 16:12:43+00:00,0,@kukuhya mungkin masih banyak kejanggalan Rating IGRS yg terlihat di Steam...itu karna masih banyak data awal dan belum final hingga masih banyak yg harus disesuaikan..intinya kan utk melindungi pemain muda dan menata ekosistem game....semuanya butuh proses,2040824968381108471,,kukuhya,in,,0,2,0,https://x.com/mintozaki75/status/2040824968381108471,1761381895903059968,mintozaki75,39,id,keep_id_anchor,False,mungkin masih banyak kejanggalan rating igrs yang terlihat di steam itu karna masih banyak data awal dan belum final hingga masih banyak yang harus disesuaikan intinya kan untuk melindungi pemain muda dan menata ekosistem game semuanya butuh proses,[],0,1,248,38,0,2,0,0.5285,0.028,3,1.0,3.826388888888889,116,2.0,0.0,0.0,0.0,1,1,0.9079288,0.45667267,-0.99388826,-0.9569872,508,-1,0.9946485,1,Buzzer
2040684902866411853,2026-04-05 16:12:22+00:00,0,"@RRDelusi Perlu diingat, rating IGRS di Steam yang sekarang banyak masih tahap awal/self-declare dari developer, jadi belum final. Tujuannya juga bagus kok, buat lindungi pemain muda dan benahin ekosistem game, jadi wajar kalau di awal masih ada yang perlu disesuaikan.",2040824879990354316,,RRDelusi,in,,0,0,0,https://x.com/PutriRahma32820/status/2040824879990354316,1908370125050568704,PutriRahma32820,42,id,keep_id_anchor,False,perlu diingat rating igrs di steam yang sekarang banyak masih tahap awal self declare dari developer jadi belum final tujuannya juga bagus kok buat lindungi pemain muda dan benahin ekosistem game jadi wajar kalau di awal masih ada yang perlu disesuaikan,[],0,1,253,41,0,0,1,0.6709,0.0297,5,0.8333333333333334,3.6463888888888887,116,5.0,0.0,0.0,0.0,1,1,0.942474,0.4491329,-1.2630091,-0.77911365,509,-1,0.99871576,1,Buzzer
2040824870691557831,2026-04-05 16:12:20+00:00,0,"Kebiasaan pemerintah Indonesia, meluncurkan suatu sistem tapi ga ditinjau menyeluruh gimana proses dan dampaknya

Sistem yang dimaksud itu namanya IGRS (Indonesia Game Rating System) melalui Komdigi",2040824870691557831,,,in,,0,1,0,https://x.com/Sincan_cos/status/2040824870691557831,1239044510929182720,Sincan_cos,26,id,keep_id_anchor,False,kebiasaan pemerintah indonesia meluncurkan suatu sistem tapi tidak ditinjau menyeluruh bagaimana proses dan dampaknya sistem yang dimaksud itu namanya igrs indonesia game rating system melalui komdigi,[],0,0,200,26,0,1,1,0.4633,0.0293,1,1.0,3.82,116,0.0,0.0,0.0,0.0,-1,0,0.7306889,0.31233764,-0.9401559,-0.028694825,510,-1,0.007373978,0,Non-Buzzer
2040684902866411853,2026-04-05 16:12:16+00:00,0,"@RRDelusi Rating IGRS yang kelihatan di Steam itu banyak yang masih data awal/selfdeclare, belum final. Wajar kalau sekarang ada yang belum pas, lagi proses disesuaikan dulu.",2040824855063564392,,RRDelusi,in,,0,1,0,https://x.com/noviarguna72100/status/2040824855063564392,2004965320587706370,noviarguna72100,27,id,keep_id_anchor,False,rating igrs yang kelihatan di steam itu banyak yang masih data awal self declare belum final wajar kalau sekarang ada yang belum pas lagi proses disesuaikan dulu,[],0,1,161,27,0,1,1,0.9288,0.029,6,0.6666666666666666,3.2152777777777777,116,7.0,0.0,0.0,0.0,1,1,0.9815091,0.40797493,-1.2523075,-0.15565738,511,-1,0.9977189,1,Buzzer
2040684902866411853,2026-04-05 16:12:12+00:00,0,"@RRDelusi Sedikit meluruskan ya, rating IGRS yang sekarang terlihat di Steam masih banyak yang sifatnya data awal dari self-declare, jadi belum final. Wajar kalau di fase awal masih ada yang perlu disesuaikan sambil sistemnya dirapikan bersama.",2040824837040665066,,RRDelusi,in,,0,0,0,https://x.com/JancokAsu893230/status/2040824837040665066,1793661894408155136,JancokAsu893230,37,id,keep_id_anchor,False,sedikit meluruskan ya rating igrs yang sekarang terlihat di steam masih banyak yang sifatnya data awal dari self declare jadi belum final wajar kalau di fase awal masih ada yang perlu disesuaikan sambil sistemnya dirapikan bersama,[],0,1,230,36,0,0,1,0.5635,0.0267,5,0.8333333333333334,3.366388888888889,116,5.0,0.0,0.0,0.0,1,1,0.9444276,0.41344514,-1.0891143,-0.2076517,512,-1,0.9987393,1,Buzzer
2040684902866411853,2026-04-05 16:12:10+00:00,1,"@RRDelusi Jadi konteksnya sekarang IGRS lagi proses nyatu dengan platform global seperti Steam. Karena masih awal, beberapa rating masih belum final dan akan disesuaikan lagi.",2040824828589207847,,RRDelusi,in,,0,0,0,https://x.com/DazzZulia/status/2040824828589207847,1706181116791795712,DazzZulia,25,id,keep_id_anchor,False,jadi konteksnya sekarang igrs lagi proses nyatu dengan platform global seperti steam karena masih awal beberapa rating masih belum final dan akan disesuaikan lagi,[],0,1,162,24,0,1,1,0.3651,0.0243,2,0.5,3.4133333333333336,116,3.0,0.0,0.0,0.0,-1,0,0.77529216,0.37643257,-0.7248859,-0.49153188,513,-1,0.016191816,0,Non-Buzzer
2040824801640742987,2026-04-05 16:12:04+00:00,0,"Sebenarnya sistem seperti IGRS itu bagus, tapi kebetulan aja sistem seperti ini lahirnya di Indonesia.",2040824801640742987,,,in,,0,0,0,https://x.com/CakraKjaerbye/status/2040824801640742987,1586124648005005312,CakraKjaerbye,15,id,keep_id_anchor,False,sebenarnya sistem seperti igrs itu bagus tapi kebetulan aja sistem seperti ini lahirnya di indonesia,[],0,0,100,15,0,0,1,0.4475,0.0225,2,1.0,3.8155555555555556,116,0.0,0.0,0.0,0.0,-1,0,0.7153058,0.2825166,-0.47138253,0.5877429,514,-1,0.004913354,0,Non-Buzzer
2040684902866411853,2026-04-05 16:12:03+00:00,0,"@RRDelusi Sedikit meluruskan ya, rating IGRS yang tampil di Steam itu banyak yang masih tahap awal/self declare dari developer, jadi belum final. Memang lagi proses penyesuaian, wajar kalau masih ada yang belum pas.",2040824799723930021,,RRDelusi,in,,0,0,0,https://x.com/AlinGibroez/status/2040824799723930021,1768240865703800832,AlinGibroez,34,id,keep_id_anchor,False,sedikit meluruskan ya rating igrs yang tampil di steam itu banyak yang masih tahap awal self declare dari developer jadi belum final memang lagi proses penyesuaian wajar kalau masih ada yang belum pas,[],0,1,200,33,0,0,1,1.0,0.0284,5,0.8333333333333334,3.2808333333333333,116,5.0,0.0,0.0,0.1,1,1,1.0,0.4121436,-1.0783886,-0.2806063,515,-1,0.9935887,1,Buzzer
2040684902866411853,2026-04-05 16:11:57+00:00,0,"@RRDelusi Sebagian rating IGRS di Steam saat ini masih bersifat sementara karena diisi sendiri dulu oleh developer. Ini memang proses awal, dan tujuannya jelas buat perlindungan pemain muda, jadi kalau masih ada yang belum pas, itu hal yang wajar dan bisa diperbaiki bareng.",2040824776021975507,,RRDelusi,in,,0,1,0,https://x.com/Adiety333/status/2040824776021975507,1202870884165242880,Adiety333,43,id,keep_id_anchor,False,sebagian rating igrs di steam saat ini masih bersifat sementara karena diisi sendiri dulu oleh developer ini memang proses awal dan tujuannya jelas buat perlindungan pemain muda jadi kalau masih ada yang belum pas itu hal yang wajar dan bisa diperbaiki bareng,[],0,1,259,42,0,1,1,0.5017,0.0218,5,0.8333333333333334,3.651666666666667,116,5.0,0.0,0.0,0.0,1,1,0.9120573,0.415508,-1.3180962,-0.28630486,516,-1,0.99815196,1,Buzzer
2040824752315785572,2026-04-05 16:11:52+00:00,0,"Terkait perbincangan seputar sistem rating gim di platform Steam, penjelasan resmi mengenai kesesuaian aturan IGRS di Indonesia dapat diakses melalui tautan ini. Yuk, baca detailnya terlebih dahulu supaya informasi yang kita terima lebih akurat: https://t.co/xCeriwdJOE",2040824752315785572,,,in,,0,1,0,https://x.com/dantexvergil999/status/2040824752315785572,1218447207981973504,dantexvergil999,38,id,keep_id_anchor,False,terkait perbincangan seputar sistem rating game di platform steam penjelasan resmi mengenai kesesuaian aturan igrs di indonesia dapat diakses melalui tautan ini yuk baca detailnya terlebih dahulu supaya informasi yang kita terima lebih akurat,[],0,0,242,34,0,1,1,0.5071,0.0176,1,1.0,3.812222222222222,116,0.0,0.0,0.0,0.0,1,0,0.8353325,0.3824961,-0.99531746,-0.05928218,517,-1,0.7350361,0,Non-Buzzer
2040823276428300710,2026-04-05 16:11:48+00:00,1,@kukuhya buzzer IGRS Kombiji mulai menyerang,2040824737103016376,,kukuhya,in,,0,0,0,https://x.com/NSaysInX/status/2040824737103016376,194493478,NSaysInX,6,id,keep_id_anchor,False,buzzer igrs kombiji mulai menyerang,[],0,1,35,5,0,1,1,1.0,0.016,1,1.0,3.811111111111111,116,1.0,0.0,0.0,0.0,-1,0,0.6120026,0.14228109,1.0237542,0.60353535,518,-1,0.009600308,0,Non-Buzzer
2040684902866411853,2026-04-05 16:11:43+00:00,0,"@RRDelusi Rating IGRS di Steam itu masih self-assessment (data awal), jadi belum hasil akhir. Sekarang lagi proses review dan penyesuaian secara bertahap supaya sesuai sama isinya. Mohon maklum kalau sekarang masih banyak yang belum tepat.",2040824717498806396,,RRDelusi,in,,0,0,0,https://x.com/Alvaro734877/status/2040824717498806396,1959905943480877056,Alvaro734877,36,id,keep_id_anchor,False,rating igrs di steam itu masih self assessment data awal jadi belum hasil akhir sekarang lagi proses review dan penyesuaian secara bertahap supaya sesuai sama isinya mohon maklum kalau sekarang masih banyak yang belum tepat,[],0,1,223,35,0,0,1,0.4896,0.0251,4,1.0,3.7683333333333335,116,4.0,0.0,0.0,0.0,1,1,0.8747734,0.339385,-1.5261637,-0.04817461,519,-1,0.9663271,1,Buzzer
2040684902866411853,2026-04-05 16:11:40+00:00,0,"@RRDelusi Supaya nggak simpang siur, ini tersedia siaran pers resmi tentang IGRS dan sistem rating di Steam",2040824703066255600,,RRDelusi,in,,0,0,0,https://x.com/Deewwiiiii/status/2040824703066255600,1171267827736571904,Deewwiiiii,17,id,keep_id_anchor,False,supaya tidak simpang siur ini tersedia siaran pers resmi tentang igrs dan sistem rating di steam,[],0,1,96,16,0,0,1,0.5522,0.0282,7,0.7,3.183611111111111,116,9.0,0.0,0.0,0.027777777777777776,1,1,0.8181304,0.3780589,-0.8263547,0.13631149,520,-1,0.98350567,1,Buzzer
2040684902866411853,2026-04-05 16:11:27+00:00,0,"@RRDelusi Kalau dilihat sekarang, rating IGRS di Steam itu masih banyak yang sifatnya self-declare dari developer, jadi belum final sepenuhnya. Memang masih fase penyesuaian",2040824647785333123,,RRDelusi,in,,0,0,0,https://x.com/indahsarii54648/status/2040824647785333123,2014319527950188544,indahsarii54648,25,id,keep_id_anchor,False,kalau dilihat sekarang rating igrs di steam itu masih banyak yang sifatnya self declare dari developer jadi belum final sepenuhnya memang masih fase penyesuaian,[],0,1,160,24,0,0,1,0.5148,0.0255,3,0.75,3.257222222222222,116,3.0,0.0,0.0,0.0,1,1,0.94541967,0.38937876,-1.2533772,-0.14763527,521,-1,0.99772435,1,Buzzer
2040824619209527607,2026-04-05 16:11:20+00:00,0,"https://t.co/JAaZKjzgGZ

IGRS &amp; rating gim di Steam harusnya diriset lebih lanjut setiap gamenya untuk memberikan rating yang pantas di setiap game-game yang beredar di Indonesia terutama di Steam. Filter yang tepat dalam memberikan rating di setiap game itu penting.",2040824619209527607,,,in,,0,0,0,https://x.com/andybalala19/status/2040824619209527607,1399951844000997378,andybalala19,43,id,keep_id_anchor,False,igrs rating game di steam harusnya diriset lebih lanjut setiap gamenya untuk memberikan rating yang pantas di setiap game game yang beredar di indonesia terutama di steam filter yang tepat dalam memberikan rating di setiap game itu penting,[],0,0,239,38,0,0,1,0.4148,0.0086,4,0.6666666666666666,3.713611111111111,116,5.0,0.0,0.0,0.0,1,1,0.833202,0.37306905,-1.9111863,-0.34674785,522,-1,0.28332892,0,Non-Buzzer
2040824574347272228,2026-04-05 16:11:09+00:00,0,Tbh once people know who's in the IGRS shit their life would be fucking over.,2040824574347272228,,,en,,0,1,0,https://x.com/KvnBhgs/status/2040824574347272228,1566021234001084416,KvnBhgs,16,en,keep_id_anchor,False,tbh once people know who s in the igrs shit their life would be fucking over,[],0,0,76,16,0,1,1,0.3239,0.0092,1,1.0,3.8002777777777776,116,0.0,0.0,0.0,0.0,-1,0,0.6654273,0.30381194,0.6904084,0.5848432,523,-1,0.0009373061,0,Non-Buzzer
2040684902866411853,2026-04-05 16:10:59+00:00,0,"@RRDelusi Kalau ngikutin infonya, IGRS di Steam sekarang masih dalam tahap awal implementasi, jadi datanya belum sepenuhnya final. Banyak yang masih deklarasi awal dari developer. Tujuan besarnya kan buat sistem rating yang lebih jelas dan aman buat semua umur.",2040824532404166816,,RRDelusi,in,,0,1,0,https://x.com/Giskaelvina/status/2040824532404166816,1741124901568991232,Giskaelvina,39,id,keep_id_anchor,False,kalau ngikutin infonya igrs di steam sekarang masih dalam tahap awal implementasi jadi datanya belum sepenuhnya final banyak yang masih deklarasi awal dari developer tujuan besarnya kan buat sistem rating yang lebih jelas dan aman buat semua umur,[],0,1,246,38,0,1,1,0.7113,0.0222,2,0.6666666666666666,3.551388888888889,116,2.0,0.0,0.0,0.0,1,1,0.96593696,0.37300536,-1.3128026,-0.16149941,524,-1,0.9898594,1,Buzzer
2040640511946686843,2026-04-05 16:10:30+00:00,0,"@kukuhya Kalau lagi ngikutin isu IGRS &amp; rating gim di Steam, mungkin bisa lihat dulu rilis resminya sebagai bahan pertimbangan",2040824410890977324,,kukuhya,in,,0,2,0,https://x.com/Deewwiiiii/status/2040824410890977324,1171267827736571904,Deewwiiiii,20,id,keep_id_anchor,False,kalau lagi ngikutin isu igrs rating game di steam mungkin bisa lihat dulu rilis resminya sebagai bahan pertimbangan,[],0,1,115,18,0,2,0,0.5108,0.0087,7,0.7,3.183611111111111,116,9.0,0.0,0.0,0.027777777777777776,1,1,0.9251292,0.46994045,-1.488654,-0.2398208,525,-1,0.9678955,1,Buzzer
2040824329336959117,2026-04-05 16:10:11+00:00,0,INI IGRS APA BANGET ASTAGHFIRULLAH MINIMAL BACA TAGS LAH,2040824329336959117,,,in,,0,0,0,https://x.com/JauzaaATahar/status/2040824329336959117,1473240462668427267,JauzaaATahar,9,en,keep_id_anchor,False,ini igrs apa banget astaghfirullah minimal baca tags lah,[],0,0,56,9,0,0,1,0.2792,0.0044,1,1.0,3.7841666666666667,116,0.0,0.0,0.0,0.0,-1,0,0.7851367,0.28992826,1.3608025,0.4372415,526,-1,0.0009379431,0,Non-Buzzer
2040824268280541251,2026-04-05 16:09:56+00:00,0,"https://t.co/QqDiuUT0d3

Kalo menurut saya sih rating IGRS di Steam sekarang banyak yang masih data jadi masih belum sepenuhnya valid..",2040824268280541251,,,in,,0,0,0,https://x.com/SidikHamdani96/status/2040824268280541251,1699734556553932800,SidikHamdani96,22,id,keep_id_anchor,False,kalau menurut saya sih rating igrs di steam sekarang banyak yang masih data jadi masih belum sepenuhnya valid,[],0,0,109,18,0,0,1,1.0,0.0199,3,1.0,3.661111111111111,116,2.0,0.0,0.0,0.0,1,1,0.9999999,0.40938222,-1.2421439,-0.1605062,527,-1,0.96837693,1,Buzzer
2040640511946686843,2026-04-05 16:09:14+00:00,0,"@kukuhya Sedikit meluruskan, rating IGRS yang muncul di Steam sekarang kebanyakan data awal/self-declare, jadi memang belum final. Lagi proses penyesuaian kok, wajar kalau ada yang terasa nggak pas sekarang. Nanti akan disesuaikan lagi sama verifikasi resmi.",2040824090123174204,,kukuhya,in,,0,2,0,https://x.com/Alvaro734877/status/2040824090123174204,1959905943480877056,Alvaro734877,38,id,keep_id_anchor,False,sedikit meluruskan rating igrs yang muncul di steam sekarang kebanyakan data awal self declare jadi memang belum final lagi proses penyesuaian kok wajar kalau ada yang terasa tidak pas sekarang nanti akan disesuaikan lagi sama verifikasi resmi,[],0,1,243,37,0,2,0,0.5095,0.0294,4,1.0,3.7683333333333335,116,4.0,0.0,0.0,0.0,1,1,0.92844427,0.380528,-0.9894391,-0.27895564,528,-1,0.9966079,1,Buzzer
2040593488350515441,2026-04-05 16:08:44+00:00,0,"@kemkomdigi Turut berduka cita semoga almarhum di tempatkan di surganya. Amin.

Woi kontol, bilangin ke IGRS gausah blokir² game. anjing... kerjaan lu tu cuman ngasih label doang bukan blokir game. Anjing... kita juga tau game apa yang mau kita beli",2040823962578596167,,kemkomdigi,in,,0,0,0,https://x.com/lezmanaandhika/status/2040823962578596167,622118241,lezmanaandhika,40,id,keep_id_anchor,False,turut berduka cita semoga almarhum di tempatkan di surganya amin woi kontol bilangin ke igrs gausah blokir game anjing kerjaan kamu itu cuman ngasih label doang bukan blokir game anjing kita juga tau game apa yang mau kita beli,[],0,1,227,39,0,0,1,0.4308,0.0162,1,1.0,3.76,116,1.0,0.0,0.0,0.0,-1,0,0.6869699,0.3663858,0.92088354,-0.3224466,529,-1,0.010088015,0,Non-Buzzer
2040823881343324586,2026-04-05 16:08:24+00:00,0,KELAKUAN KELAKUAN IGRS,2040823881343324586,,,in,,0,0,0,https://x.com/Ilhammlnn_/status/2040823881343324586,1213859326445535233,Ilhammlnn_,3,so,keep_id_anchor,False,kelakuan kelakuan igrs,[],0,0,22,3,0,0,1,0.776,0.0011,1,1.0,3.7544444444444443,116,0.0,0.0,0.0,0.0,-1,0,0.64560306,0.26097852,1.4552313,0.2699434,530,-1,0.0011330314,0,Non-Buzzer
2040823842495725589,2026-04-05 16:08:15+00:00,0,"ra jelas blas igrs, pakyu 🖕🏻",2040823842495725589,,,in,,0,0,0,https://x.com/adityamnugraha/status/2040823842495725589,299003444,adityamnugraha,5,lv,keep_id_anchor,False,ra jelas blas igrs pakyu,[],0,0,24,5,0,0,1,0.0,0.0,1,1.0,3.7519444444444443,116,0.0,0.0,0.0,0.0,0,0,0.85693187,0.3807758,0.8920719,0.82668215,531,-1,0.019363679,0,Non-Buzzer
2040640511946686843,2026-04-05 16:08:05+00:00,0,"@kukuhya Sedikit klarifikasi, rating IGRS di Steam itu banyak yang masih self-declare, jadi belum final. Wajar kalau masih ada yang belum pas. Ini lagi fase penyesuaian, tujuannya buat perlindungan pemain muda dan penataan ekosistem. Kalau ada yang janggal, kemungkinan masih perbaikan",2040823801127293001,,kukuhya,in,,0,5,0,https://x.com/rpramestaa12/status/2040823801127293001,227248005,rpramestaa12,42,id,keep_id_anchor,False,sedikit klarifikasi rating igrs di steam itu banyak yang masih self declare jadi belum final wajar kalau masih ada yang belum pas ini lagi fase penyesuaian tujuannya buat perlindungan pemain muda dan penataan ekosistem kalau ada yang janggal kemungkinan masih perbaikan,[],0,1,269,41,0,5,0,0.6416,0.0307,4,0.6666666666666666,3.430277777777778,116,5.0,0.0,0.0,0.0,1,1,0.9251847,0.4276417,-0.7225576,-0.70443267,532,-1,0.99858284,1,Buzzer
2040677173032591862,2026-04-05 16:07:58+00:00,2,"@mhuseinali klarifikasi mereka terakhir, instead of melakukan pembenahan... malah minta pihak steam untuk klarifikasi, kan kocak malah nyalahin steam padahal rating IGRS yg amburadul. apalah yg bisa diharapkan lagi, mereka ngurus game tapi mereka sendiri gatau apa itu TLOU",2040823773365199202,,ianrswld,in,,0,0,0,https://x.com/ianrswld/status/2040823773365199202,1661487911618109440,ianrswld,39,id,keep_id_anchor,False,klarifikasi mereka terakhir instead of melakukan pembenahan malah minta pihak steam untuk klarifikasi kan kocak malah nyalahin steam padahal rating igrs yang amburadul apalah yang bisa diharapkan lagi mereka ngurus game tapi mereka sendiri gatau apa itu tlou,[],0,1,258,38,0,2,0,0.4157,0.0079,1,0.5,3.5502777777777776,116,1.0,0.0,0.0,0.0,1,0,0.8134992,0.40314272,-0.13257204,-0.8072537,533,-1,0.06894618,0,Non-Buzzer
2040823755929448481,2026-04-05 16:07:54+00:00,1,"Harga game bisa naik lagi ya kalau komdigidaw sembarangan kasih IGRS?? ☹️ Game bola dan kotak aja dikasih rating 18+, takut ngaruh ke harganya juga. Jujur agak licik, karena setahu ku developer luar bisa dikenain fee biar game nya bisa dimainin di region Indonesia &amp; ubah IGRS ☹️",2040823755929448481,,,in,,0,0,0,https://x.com/koounde/status/2040823755929448481,1465508358094409737,koounde,46,id,keep_id_anchor,False,harga game bisa naik lagi ya kalau komdigidaw sembarangan kasih igrs game bola dan kotak aja dikasih rating takut ngaruh ke harganya juga jujur agak licik karena setahu ku developer luar bisa dikenain fee biar game nya bisa dimainin di region indonesia ubah igrs,[],0,0,262,44,0,1,1,0.3063,0.0123,1,1.0,3.746111111111111,116,0.0,0.0,0.0,0.0,-1,0,0.8145556,0.3232966,-0.14132206,-0.9025251,534,-1,0.030644303,0,Non-Buzzer
2040685239228653915,2026-04-05 16:07:26+00:00,0,"@iPoopBased Gta VI rilis nanti gw yakin bakal ada full nudity kayak cyberpunk. Nah, ini pasti igrs ngelarang beginian, jadinya nanti gimana? We're not gonna get the video game? 

Inilah mengapa gw melarang besar yg namanya pengsensoran masal",2040823638925176992,,iPoopBased,in,,0,0,0,https://x.com/Neidhardtsensei/status/2040823638925176992,2982326924,Neidhardtsensei,39,id,keep_id_anchor,False,gta vi rilis nanti saya yakin bakal ada full nudity seperti cyberpunk nah ini pasti igrs ngelarang beginian jadinya nanti bagaimana we re not gonna get the video game inilah mengapa saya melarang besar yang namanya pengsensoran masal,[],0,1,233,38,0,0,1,0.2553,0.0089,1,1.0,3.7383333333333333,116,1.0,0.0,0.0,0.0,-1,0,0.7595484,0.31877854,0.47460666,-0.59495693,535,-1,0.0008863182,0,Non-Buzzer
2040823482897084647,2026-04-05 16:06:49+00:00,0,Ngentot lo IGRS.,2040823482897084647,,,sl,,0,0,0,https://x.com/adzumanga/status/2040823482897084647,2317381938,adzumanga,3,nl,keep_id_anchor,False,ngentot kamu igrs,[],0,0,17,3,0,0,1,0.7798,0.0016,1,1.0,3.7280555555555557,116,0.0,0.0,0.0,0.0,0,0,0.93541634,0.2811423,1.9503118,0.5226349,536,-1,0.017231727,0,Non-Buzzer
2040684902866411853,2026-04-05 16:06:38+00:00,0,@RRDelusi nyalahin steamnya amerika mau dimarahin sama trump kah igrs??,2040823434893238379,,RRDelusi,in,,0,0,0,https://x.com/calvadozze/status/2040823434893238379,315092126,calvadozze,10,id,keep_id_anchor,False,nyalahin steamnya amerika mau dimarahin sama trump kah igrs,[],0,1,59,9,0,0,1,0.3558,0.004,1,1.0,3.725,116,1.0,0.0,0.0,0.0,-1,0,0.78883064,0.25027812,1.1323272,-0.010371966,537,-1,0.0007970215,0,Non-Buzzer
2040823359437734339,2026-04-05 16:06:20+00:00,0,igrs so shiiiitttyyyy,2040823359437734339,,,sl,,0,0,0,https://x.com/Rikaa_key/status/2040823359437734339,1468860896541753346,Rikaa_key,3,fi,keep_id_anchor,False,igrs so shiiiitttyyyy,[],0,0,21,3,0,0,1,0.5137,0.0034,1,1.0,3.72,116,0.0,0.0,0.0,0.0,0,0,0.861572,0.3748094,1.111766,0.8511055,538,-1,0.03391063,0,Non-Buzzer
2040823267393777766,2026-04-05 16:05:58+00:00,0,"Agar mendapatkan gambaran yang lebih utuh mengenai regulasi IGRS dan kebijakan rating gim di Steam, silakan simak poin-poin dalam siaran pers resmi Kemkomdigi berikut ini sebagai referensi sebelum berdiskusi lebih lanjut
https://t.co/7N3XKKKoPz",2040823267393777766,,,in,,0,0,0,https://x.com/ikaikuikok/status/2040823267393777766,620724276,ikaikuikok,36,id,keep_id_anchor,False,agar mendapatkan gambaran yang lebih utuh mengenai regulasi igrs dan kebijakan rating game di steam silakan simak poin poin dalam siaran pers resmi kemkomdigi berikut ini sebagai referensi sebelum berdiskusi lebih lanjut,[],0,0,220,32,0,0,1,0.3946,0.0139,2,0.6666666666666666,3.713888888888889,116,2.0,0.0,0.0,0.0,1,1,0.88035274,0.44776994,-0.80459106,-0.16873333,539,-1,0.9731414,1,Buzzer
2040640511946686843,2026-04-05 16:05:57+00:00,0,"@kukuhya Aku mau sedikit klarifikasi, rating IGRS yang kelihatan di Steam itu banyak yang masih data awal/selfdeclare, belum final. Sekarang belum ada yang betul-betul pas di Sistem Rating Game di Indonesia sekarang. IGRS dibuat untuk mewadahi semua game yang beredar di Indonesia sekarang",2040823263258186207,,kukuhya,in,,0,5,0,https://x.com/andybalala19/status/2040823263258186207,1399951844000997378,andybalala19,45,id,keep_id_anchor,False,aku mau sedikit klarifikasi rating igrs yang kelihatan di steam itu banyak yang masih data awal self declare belum final sekarang belum ada yang betul betul pas di sistem rating game di indonesia sekarang igrs dibuat untuk mewadahi semua game yang beredar di indonesia sekarang,[],0,1,277,45,0,5,0,0.6913,0.0341,4,0.6666666666666666,3.713611111111111,116,5.0,0.0,0.0,0.0,1,1,0.8816502,0.42301455,-1.4328494,0.23845337,540,-1,0.9962483,1,Buzzer
2040757110951322044,2026-04-05 16:05:52+00:00,2,"@kurawa gw sih lebih percaya denger berita kalo left 4 dead 3 rilis bulan depan dibanding steam bikin rating palsu, gunanya buat apa coba? steam aja udah ada rating ESRB, apa susahnya tinggal ikutin itu? buat apa IGRS? gunanya buat apaan? judol merajalela ga diurus malah ngurus game",2040823244312473731,,kurawa,in,,0,0,0,https://x.com/EulaSimp69/status/2040823244312473731,72286196,EulaSimp69,48,id,keep_id_anchor,False,saya sih lebih percaya denger berita kalau left dead rilis bulan depan dibanding steam bikin rating palsu gunanya buat apa coba steam aja sudah ada rating esrb apa susahnya tinggal ikutin itu buat apa igrs gunanya buat apaan judol merajalela tidak diurus malah ngurus game,[],0,1,272,45,0,2,0,0.4332,0.0153,1,1.0,3.712222222222222,116,1.0,0.0,0.0,0.0,-1,0,0.74325436,0.3607758,0.3427149,-0.96341306,541,-1,0.008300641,0,Non-Buzzer
2040640511946686843,2026-04-05 16:03:55+00:00,0,"@kukuhya Sedikit klarifikasi, rating IGRS yang kelihatan di Steam itu banyak yang masih data awal/selfdeclare, belum final. Wajar kalau sekarang ada yang belum pas, lagi proses disesuaikan dulu.",2040822750768681075,,kukuhya,in,,0,2,0,https://x.com/noviarguna72100/status/2040822750768681075,2004965320587706370,noviarguna72100,29,id,keep_id_anchor,False,sedikit klarifikasi rating igrs yang kelihatan di steam itu banyak yang masih data awal self declare belum final wajar kalau sekarang ada yang belum pas lagi proses disesuaikan dulu,[],0,1,181,29,0,2,0,0.9288,0.0283,6,0.6666666666666666,3.2152777777777777,116,7.0,0.0,0.0,0.0,1,1,0.9815091,0.4045054,-1.0639479,-0.27361706,542,-1,0.997769,1,Buzzer
2040822737284083780,2026-04-05 16:03:51+00:00,0,"Ini penjelasan resmi terkait IGRS dan sistem rating gim di Steam, mungkin bisa dibaca dulu biar gambaran lebih utuh sebelum menilai :
https://t.co/9dD0sNzUdw",2040822737284083780,,,in,,0,0,0,https://x.com/PutriRahma32820/status/2040822737284083780,1908370125050568704,PutriRahma32820,25,id,keep_id_anchor,False,ini penjelasan resmi terkait igrs dan sistem rating game di steam mungkin bisa dibaca dulu biar gambaran lebih utuh sebelum menilai,[],0,0,131,21,0,0,1,0.5962,0.0158,5,0.8333333333333334,3.6463888888888887,116,5.0,0.0,0.0,0.0,1,1,0.9510437,0.45645085,-1.3712778,-0.17658837,543,-1,0.9990345,1,Buzzer
2040822717910601987,2026-04-05 16:03:47+00:00,0,"Lagi ramai bahas IGRS &amp; rating gim di Steam, ini ada rilis resmi yang jelasin konteksnya. Mungkin bisa dibaca dulu biar dapat gambaran utuh sebelum lanjut diskusi:

https://t.co/Bhm3pN6VAk",2040822717910601987,,,in,,0,0,0,https://x.com/dvrtlngi/status/2040822717910601987,1597430218230497280,dvrtlngi,31,id,keep_id_anchor,False,lagi ramai bahas igrs rating game di steam ini ada rilis resmi yang jelasin konteksnya mungkin bisa dibaca dulu biar dapat gambaran utuh sebelum lanjut diskusi,[],0,0,159,26,0,0,1,0.5926,0.0122,4,1.0,3.6775,116,3.0,0.0,0.0,0.0,1,1,0.9381759,0.4445744,-1.3974886,0.14097963,544,-1,0.9984584,1,Buzzer
2040640511946686843,2026-04-05 16:03:35+00:00,1,"@kukuhya Coba bantu luruskan ya, sebenarnya rating IGRS yang muncul di Steam itu mayoritas masih bersifat self-declare atau data awal saja, jadi memang belum hasil final. Kita perlu maklum karena ini masih tahap transisi agar ekosistem gim kita lebih tertata dan pemain di bawah umur aman.",2040822668820402334,,kukuhya,in,,0,7,0,https://x.com/carapaklek/status/2040822668820402334,230755427,carapaklek,47,id,keep_id_anchor,False,coba bantu luruskan ya sebenarnya rating igrs yang muncul di steam itu mayoritas masih bersifat self declare atau data awal saja jadi memang belum hasil final kita perlu maklum karena ini masih tahap transisi agar ekosistem game kita lebih tertata dan pemain di bawah umur aman,[],0,1,277,46,0,8,0,0.4896,0.0257,7,0.7777777777777778,3.303611111111111,116,8.0,0.0,0.0,0.0,1,1,0.92983675,0.46852142,-1.2051119,-0.75653756,545,-1,0.9975866,1,Buzzer
2040822576076005856,2026-04-05 16:03:13+00:00,0,"Sudah ada siaran pers resminya soal IGRS &amp; rating gim di Steam, ada baiknya cek dulu supaya informasinya lebih lengkap:
https://t.co/fyQ8yxJm10",2040822576076005856,,,in,,0,1,0,https://x.com/Adiety333/status/2040822576076005856,1202870884165242880,Adiety333,24,id,keep_id_anchor,False,sudah ada siaran pers resminya soal igrs rating game di steam ada baiknya cek dulu supaya informasinya lebih lengkap,[],0,0,116,19,0,1,1,0.5131,0.0139,5,0.8333333333333334,3.651666666666667,116,5.0,0.0,0.0,0.0,1,1,0.93348926,0.43163207,-1.2516814,0.092292905,546,-1,0.9965624,1,Buzzer
2040640511946686843,2026-04-05 16:02:49+00:00,0,"@kukuhya IGRS dibuat sebagai rating usia resmi di Indonesia, di Steam masih penyesuaian, jadi wajar kalau ada yang belum konsisten saat ini",2040822476901585061,,kukuhya,in,,0,2,0,https://x.com/indahsarii54648/status/2040822476901585061,2014319527950188544,indahsarii54648,22,id,keep_id_anchor,False,igrs dibuat sebagai rating usia resmi di indonesia di steam masih penyesuaian jadi wajar kalau ada yang belum konsisten saat ini,[],0,1,128,21,0,2,0,0.2984,0.0245,3,0.75,3.257222222222222,116,3.0,0.0,0.0,0.0,-1,0,0.79125917,0.3651631,-1.1574513,0.02425128,547,-1,0.035002198,0,Non-Buzzer
2040640511946686843,2026-04-05 16:02:48+00:00,0,@kukuhya Kalo menurut saya sih rating IGRS di Steam sekarang banyak yang masih data jadi masih belum sepenuhnya valid..,2040822471704850776,,kukuhya,in,,0,1,0,https://x.com/SidikHamdani96/status/2040822471704850776,1699734556553932800,SidikHamdani96,19,id,keep_id_anchor,False,kalau menurut saya sih rating igrs di steam sekarang banyak yang masih data jadi masih belum sepenuhnya valid,[],0,1,109,18,0,1,1,1.0,0.0199,3,1.0,3.661111111111111,116,2.0,0.0,0.0,0.0,1,1,0.9999999,0.40938222,-1.2421439,-0.1605062,548,-1,0.96837693,1,Buzzer
2040640511946686843,2026-04-05 16:02:33+00:00,0,"@kukuhya Sedikit info, rating IGRS yang muncul saat ini masih banyak yang berasal dari deklarasi awal dan masih terus disesuaikan. Namanya juga fase transisi sistem, jadi wajar kalau masih ada yang perlu diperjelas sambil tetap fokus ke perlindungan pemain muda.",2040822409557934415,,kukuhya,in,,0,4,0,https://x.com/JancokAsu893230/status/2040822409557934415,1793661894408155136,JancokAsu893230,40,id,keep_id_anchor,False,sedikit info rating igrs yang muncul saat ini masih banyak yang berasal dari deklarasi awal dan masih terus disesuaikan namanya juga fase transisi sistem jadi wajar kalau masih ada yang perlu diperjelas sambil tetap fokus ke perlindungan pemain muda,[],0,1,249,39,0,4,0,0.4343,0.0242,5,0.8333333333333334,3.366388888888889,116,5.0,0.0,0.0,0.0,1,1,0.92080414,0.40777215,-1.2751744,-0.22214383,549,-1,0.99836904,1,Buzzer
2040640511946686843,2026-04-05 16:02:30+00:00,0,"@kukuhya IGRS memang dibuat untuk lindungi anak muda lewat rating umur resmi. Tampilan di Steam masih proses penyesuaian, nanti pasti makin rapi dan jelas.",2040822394059952345,,kukuhya,in,,0,1,0,https://x.com/tauvik1212/status/2040822394059952345,1901604356807692288,tauvik1212,24,id,keep_id_anchor,False,igrs memang dibuat untuk lindungi anak muda lewat rating umur resmi tampilan di steam masih proses penyesuaian nanti pasti makin rapi dan jelas,[],0,1,143,23,0,1,1,0.4447,0.0196,1,0.5,3.242777777777778,116,1.0,0.0,0.0,0.0,1,0,0.8199109,0.3621293,-1.0516901,-0.2639803,550,-1,0.74324995,0,Non-Buzzer
2040640511946686843,2026-04-05 16:02:14+00:00,0,"@kukuhya Sekadar klarifikasi, rating IGRS di Steam sekarang masih banyak yang self-declare dan belum final. Wajar kalau belum rapi, ini masih tahap penyesuaian demi perlindungan pemain muda.",2040822329232785870,,kukuhya,in,,0,1,0,https://x.com/Adiety333/status/2040822329232785870,1202870884165242880,Adiety333,28,id,keep_id_anchor,False,sekadar klarifikasi rating igrs di steam sekarang masih banyak yang self declare dan belum final wajar kalau belum rapi ini masih tahap penyesuaian demi perlindungan pemain muda,[],0,1,177,27,0,1,1,0.624,0.0306,5,0.8333333333333334,3.651666666666667,116,5.0,0.0,0.0,0.0,1,1,0.9271908,0.4531123,-0.81094164,-0.62007904,551,-1,0.99880755,1,Buzzer
2040822327030788204,2026-04-05 16:02:14+00:00,0,"Kelihatannya sistem IGRS ngaco karena Komdigi ngelihat manusia cuma ada 2 kategori: Anak dan dewasa. Jadi klo ada unsur ""dewasa"" biarpun sedikit ato sebagian, langsung dapet rating 18+. Kalo ga ada, jadi 3+.

Konten rokok yg cuma dikit? Ato partial nudity? itu langsung dewasa",2040822327030788204,,,in,,0,0,0,https://x.com/ShoNakanoVtuber/status/2040822327030788204,1307704762050068481,ShoNakanoVtuber,44,id,keep_id_anchor,False,kelihatannya sistem igrs ngaco karena komdigi ngelihat manusia cuma ada kategori anak dan dewasa jadi kalau ada unsur dewasa biarpun sedikit ato sebagian langsung dapet rating kalau tidak ada jadi konten rokok yang cuma dikit ato partial nudity itu langsung dewasa,[],0,0,264,41,0,0,1,0.4328,0.0176,2,0.6666666666666666,3.651666666666667,116,1.0,0.0,0.0,0.0,-1,0,0.6217065,0.27349752,0.54886115,-0.8825187,552,-1,0.007047967,0,Non-Buzzer
2040640511946686843,2026-04-05 16:02:10+00:00,0,"@kukuhya Buat yang lagi mengikuti isu IGRS dan rating gim di Steam, sudah ada penjelasan resminya yang bisa dijadikan referensi. Coba cek dulu sebelum ambil kesimpulan",2040822312149324220,,kukuhya,in,,0,1,0,https://x.com/asep2b/status/2040822312149324220,1807589868232687616,asep2b,26,id,keep_id_anchor,False,buat yang lagi mengikuti isu igrs dan rating game di steam sudah ada penjelasan resminya yang bisa dijadikan referensi coba cek dulu sebelum ambil kesimpulan,[],0,1,157,25,0,1,1,0.4645,0.0116,1,0.5,3.4166666666666665,116,1.0,0.0,0.0,0.0,1,0,0.9343042,0.44282,-1.1117513,-0.55227935,553,-1,0.9933723,1,Buzzer
2040640511946686843,2026-04-05 16:01:55+00:00,0,"@kukuhya Yang muncul di Steam saat ini masih data awal IGRS, jadi belum sepenuhnya akurat. Lagi proses penyesuaian, tujuannya biar sistem rating ke depan lebih jelas dan melindungi pemain.",2040822247821283713,,kukuhya,in,,0,4,0,https://x.com/PutriRahma32820/status/2040822247821283713,1908370125050568704,PutriRahma32820,29,id,keep_id_anchor,False,yang muncul di steam saat ini masih data awal igrs jadi belum sepenuhnya akurat lagi proses penyesuaian tujuannya biar sistem rating ke depan lebih jelas dan melindungi pemain,[],0,1,175,28,0,4,0,0.3723,0.0243,5,0.8333333333333334,3.6463888888888887,116,5.0,0.0,0.0,0.0,1,1,0.8733833,0.42122117,-1.2107731,-0.47142994,554,-1,0.9950138,1,Buzzer
2040640511946686843,2026-04-05 16:01:47+00:00,0,"@kukuhya Biar nggak salah paham, rating IGRS yang muncul di Steam itu mayoritas masih self-declare alias data awal dari pihak pengembang, jadi belum hasil kurasi final. Namanya juga baru integrasi ke platform global, pasti ada fase transisinya.",2040822215235801372,,kukuhya,in,,0,3,0,https://x.com/alwiiihasan/status/2040822215235801372,1115572398,alwiiihasan,38,id,keep_id_anchor,False,biar tidak salah paham rating igrs yang muncul di steam itu mayoritas masih self declare alias data awal dari pihak pengembang jadi belum hasil kurasi final namanya juga baru integrasi ke platform global pasti ada fase transisinya,[],0,1,230,37,0,3,0,0.4797,0.0295,1,0.5,3.181111111111111,116,1.0,0.0,0.0,0.0,1,0,0.81186557,0.394416,-0.8511194,0.07015567,555,-1,0.6883243,0,Non-Buzzer
2040640511946686843,2026-04-05 16:01:32+00:00,0,"@kukuhya Sedikit meluruskan ya, rating IGRS yang sekarang muncul di Steam banyak yang masih berbasis data awal dari self-declare, jadi belum bisa dianggap final. Di tahap awal seperti ini wajar kalau masih ada yang perlu dirapikan sambil menyesuaikan sistem dan masukan dari pengguna.",2040822151633330673,,kukuhya,in,,0,1,0,https://x.com/MRidhonew16179/status/2040822151633330673,1923899742062510083,MRidhonew16179,44,id,keep_id_anchor,False,sedikit meluruskan ya rating igrs yang sekarang muncul di steam banyak yang masih berbasis data awal dari self declare jadi belum bisa dianggap final di tahap awal seperti ini wajar kalau masih ada yang perlu dirapikan sambil menyesuaikan sistem dan masukan dari pengguna,[],0,1,271,43,0,1,1,0.507,0.0257,4,0.8,3.336388888888889,116,4.0,0.0,0.0,0.0,1,1,0.93041205,0.4161139,-0.9847501,-0.20399481,556,-1,0.9981184,1,Buzzer
2040640511946686843,2026-04-05 16:01:30+00:00,0,"@kukuhya Perlu diingat, rating IGRS di Steam sekarang itu belum semuanya hasil verifikasi akhir, masih banyak yang data awal. Sistemnya juga baru jalan, jadi wajar kalau masih ada yang perlu dibenahi.",2040822143051764043,,kukuhya,in,,0,1,0,https://x.com/AlinGibroez/status/2040822143051764043,1768240865703800832,AlinGibroez,31,id,keep_id_anchor,False,perlu diingat rating igrs di steam sekarang itu belum semuanya hasil verifikasi akhir masih banyak yang data awal sistemnya juga baru jalan jadi wajar kalau masih ada yang perlu dibenahi,[],0,1,186,30,0,1,1,0.3659,0.0225,5,0.8333333333333334,3.2808333333333333,116,5.0,0.0,0.0,0.1,1,1,0.8989959,0.41587287,-0.9683919,-0.2959712,557,-1,0.9927141,1,Buzzer
2040640511946686843,2026-04-05 16:01:04+00:00,0,"@kukuhya Untuk yang mengikuti isu IGRS &amp; rating gim di Steam, sudah ada penjelasan resmi yang bisa jadi acuan. Silakan cek dulu sebelum menarik kesimpulan.",2040822036243861890,,kukuhya,in,,0,2,0,https://x.com/Giskaelvina/status/2040822036243861890,1741124901568991232,Giskaelvina,25,id,keep_id_anchor,False,untuk yang mengikuti isu igrs rating game di steam sudah ada penjelasan resmi yang bisa jadi acuan silakan cek dulu sebelum menarik kesimpulan,[],0,1,142,23,0,2,0,1.0,0.0123,2,0.6666666666666666,3.551388888888889,116,2.0,0.0,0.0,0.0,1,1,0.9999999,0.47962722,-1.1682829,-0.4077949,558,-1,0.96487945,1,Buzzer
2040822034138345671,2026-04-05 16:01:04+00:00,0,"bu mentri @meutya_hafid sebelum bikin program IGRS, minimal umur akun profile steam pribadinya ≥10th dah, kalo kaga punya steam yaudah hapus itu IGRS 😐",2040822034138345671,,,in,,0,0,0,https://x.com/dwxnda/status/2040822034138345671,1438424868240773132,dwxnda,23,id,keep_id_anchor,False,bu mentri sebelum bikin program igrs minimal umur akun profile steam pribadinya th dah kalau kaga punya steam yaudah hapus itu igrs,[],0,0,131,22,0,0,1,0.3572,0.0113,1,1.0,3.632222222222222,116,0.0,0.0,0.0,0.0,-1,0,0.7036017,0.35943934,-0.31668934,0.19865304,559,-1,0.0021424652,0,Non-Buzzer
2040821990517600425,2026-04-05 16:00:53+00:00,0,"IGRS kontol, The Witcher 3 kena ""not fit for distribution"" anjeng",2040821990517600425,,,en,,0,1,0,https://x.com/aryabahar_/status/2040821990517600425,120649369,aryabahar_,11,en,keep_id_anchor,False,igrs kontol the witcher kena not fit for distribution anjeng,[],0,0,60,10,0,1,1,0.8306,0.0118,1,1.0,3.629166666666667,116,0.0,0.0,0.0,0.0,-1,0,0.5188992,0.24267104,-0.31435156,0.97828406,560,-1,0.004287752,0,Non-Buzzer
2040821930476093901,2026-04-05 16:00:39+00:00,0,abis liat di fesnuk IGRS indonesia gooner rating system anjengggg,2040821930476093901,,,in,,0,0,0,https://x.com/salengkarden/status/2040821930476093901,2320200589,salengkarden,10,id,keep_id_anchor,False,abis liat di fesnuk igrs indonesia gooner rating system anjengggg,[],0,0,65,10,0,0,1,0.8346,0.0136,1,1.0,3.625277777777778,116,0.0,0.0,0.0,0.0,1,1,0.8984803,0.34068754,-0.7443724,0.9234567,561,-1,0.079431064,0,Non-Buzzer
2040645711650509022,2026-04-05 16:00:30+00:00,0,"@rayrestufauzi 15+ 
Ada ""Kekerasan"" 
Well played IGRS",2040821892144341036,,rayrestufauzi,in,,0,0,0,https://x.com/_sennav/status/2040821892144341036,730661615608041473,_sennav,7,tr,keep_id_anchor,False,ada kekerasan well played igrs,[],0,1,30,5,0,0,1,0.3096,0.0012,1,0.5,3.622777777777778,116,1.0,0.0,0.0,0.0,-1,0,0.6570856,0.31413057,0.26036048,0.8726886,562,-1,0.0012997115,0,Non-Buzzer
2040707677148561663,2026-04-05 15:59:42+00:00,1,@anda_winata Yes. The IGRS that we now have are different compared to how it supposed to be in the first planning. It's not just classification anymore if they can block the game from selling in the region.,2040821692722032914,,anda_winata,en,,0,1,0,https://x.com/SylentSevenstar/status/2040821692722032914,1090560775947575296,SylentSevenstar,38,en,keep_id_anchor,False,yes the igrs that we now have are different compared to how it supposed to be in the first planning it s not just classification anymore if they can block the game from selling in the region,[],0,1,190,37,0,2,0,0.502,0.0192,1,0.5,3.6094444444444442,105,2.0,1.0,0.0,0.0,-1,0,0.6971693,0.38014933,-1.2356222,-0.4397701,563,-1,0.031040661,0,Non-Buzzer
2040755894875734493,2026-04-05 15:59:20+00:00,0,@rongrongarts I swear bro IGRS is like https://t.co/fScaJT0FGC,2040821600677978619,https://pbs.twimg.com/media/HFJ0bgNa0AAJ9g9.jpg,rongrongarts,en,,0,0,0,https://x.com/CDWolfReal/status/2040821600677978619,1765977918801637376,CDWolfReal,11,af,keep_id_anchor,False,i swear bro igrs is like,[],0,1,24,6,0,0,1,0.4756,0.0095,1,1.0,3.6033333333333335,105,1.0,0.0,0.0,0.0,-1,0,0.7128125,0.34710446,-0.05358441,1.552036,564,-1,0.0026688525,0,Non-Buzzer
2040797119788048678,2026-04-05 15:58:43+00:00,19,"@VRchama Komdigi + igrs = ""TOLOL""",2040821441881604600,,VRchama,in,,0,1,0,https://x.com/Lipssszzz____/status/2040821441881604600,1675211733257039873,Lipssszzz____,4,id,keep_id_anchor,False,komdigi igrs tolol,[],0,1,18,3,0,20,0,0.595,0.0136,1,0.5,3.5930555555555554,105,2.0,0.0,0.0,0.0,0,1,0.84177995,0.34234512,1.339722,0.95328474,565,-1,0.13378674,0,Non-Buzzer
2040821395576574003,2026-04-05 15:58:31+00:00,2,"fak, tdi di ig ada bilang indonesia ngaceng 2026 gara2 rate IGRS....",2040821395576574003,,,in,,0,0,0,https://x.com/wandgerer/status/2040821395576574003,1776377269457743872,wandgerer,12,id,keep_id_anchor,False,fak tdi di ig ada bilang indonesia ngaceng gara rate igrs,[],0,0,57,11,0,2,0,0.353,0.012,1,1.0,3.589722222222222,105,0.0,0.0,0.0,0.0,-1,0,0.6992332,0.226757,0.09008532,0.4206885,566,-1,0.0017756603,0,Non-Buzzer
2040821342187237648,2026-04-05 15:58:19+00:00,0,I fear Love and deepspace won't survive IGRS 💀💀,2040821342187237648,,,en,,0,0,0,https://x.com/kindahao/status/2040821342187237648,108574010,kindahao,9,en,keep_id_anchor,False,i fear love and deepspace won t survive igrs,[],0,0,44,9,0,0,1,0.9098,0.004,1,1.0,3.586388888888889,105,0.0,0.0,0.0,0.0,-1,0,0.6352251,0.18583573,-0.060777552,0.96059424,567,-1,0.0012424245,0,Non-Buzzer
2040821186565931131,2026-04-05 15:57:42+00:00,0,"orang dari toge production dah angkat bicara
agate agate itu udah ngoceh soal igrs apa blm ya?",2040821186565931131,,,in,,0,0,0,https://x.com/earlyguilty/status/2040821186565931131,1728883180978249728,earlyguilty,17,id,keep_id_anchor,False,orang dari toge production dah angkat bicara agate agate itu sudah ngoceh soal igrs apa belum ya,[],0,0,96,17,0,0,1,0.4172,0.0135,1,1.0,3.576111111111111,105,0.0,0.0,0.0,0.0,-1,0,0.6371135,0.34973004,0.5562756,0.54720724,568,-1,0.002876769,0,Non-Buzzer
2040820974191591678,2026-04-05 15:56:51+00:00,0,IGRS menjadi salah satu bukti pemangku kebijakan selalu menjalankan program tanpa adanya audiensi rakyat @kemkomdigi,2040820974191591678,,,in,,0,0,2,https://x.com/abyts_/status/2040820974191591678,118599362,abyts_,15,id,keep_id_anchor,False,igrs menjadi salah satu bukti pemangku kebijakan selalu menjalankan program tanpa adanya audiensi rakyat,[],0,0,104,14,0,2,0,0.4133,0.0089,1,1.0,3.5619444444444444,105,0.0,0.0,0.0,0.0,-1,0,0.6044344,0.284488,-0.46559343,0.04330622,569,-1,0.0010557993,0,Non-Buzzer
2040820816536011229,2026-04-05 15:56:13+00:00,0,"Untuk yang mengikuti isu IGRS &amp; rating gim di Steam, sudah ada penjelasan resmi yang bisa jadi acuan. Silakan cek dulu sebelum menarik kesimpulan
https://t.co/9hljlSwxT7",2040820816536011229,,,in,,0,0,0,https://x.com/Giskaelvina/status/2040820816536011229,1741124901568991232,Giskaelvina,28,id,keep_id_anchor,False,untuk yang mengikuti isu igrs rating game di steam sudah ada penjelasan resmi yang bisa jadi acuan silakan cek dulu sebelum menarik kesimpulan,[],0,0,142,23,0,0,1,1.0,0.0123,2,0.6666666666666666,3.551388888888889,105,2.0,0.0,0.0,0.0,1,1,0.9999999,0.47962722,-1.1682829,-0.4077949,570,-1,0.96487945,1,Buzzer
2040677173032591862,2026-04-05 15:56:09+00:00,1,"@mhuseinali IGRS ini sebenarnya sudah bagus sebagai labelling biar kalo ada kasus bocil bikin onar dan  ada narasi ""terinspirasi dari game"", ga akan asal bisa blokir game karena memang bocilnya yang salah (main game tidak sesuai usianya). tapi ini masalahnya rating sistemnya aje udah nguawur",2040820797997203750,,mhuseinali,in,,0,1,0,https://x.com/ianrswld/status/2040820797997203750,1661487911618109440,ianrswld,45,id,keep_id_anchor,False,igrs ini sebenarnya sudah bagus sebagai labelling biar kalau ada kasus bocil bikin onar dan ada narasi terinspirasi dari game tidak akan asal bisa blokir game karena memang bocilnya yang salah main game tidak sesuai usianya tapi ini masalahnya rating sistemnya aje sudah nguawur,[],0,1,278,44,0,2,0,0.2707,0.0258,1,0.5,3.5502777777777776,105,1.0,0.0,0.0,0.0,-1,0,0.76730025,0.41192442,-0.5631025,-0.8647997,571,-1,0.009236991,0,Non-Buzzer
2040820522129518991,2026-04-05 15:55:03+00:00,7,Yoi. IGRS baru permulaan,2040820522129518991,,,in,,0,0,0,https://x.com/wekimiler/status/2040820522129518991,1433664896365830149,wekimiler,4,id,keep_id_anchor,False,yoi igrs baru permulaan,[],0,0,23,4,0,7,0,0.0,0.0,1,1.0,3.5319444444444446,105,0.0,0.0,0.0,0.0,-1,0,0.6903259,0.29224005,0.68599564,0.95724857,572,-1,0.0010196165,0,Non-Buzzer
2040820479737708951,2026-04-05 15:54:53+00:00,0,"IGRS kayanya set defaultnya 3+ semua dulu sebelum ""dikurasi"" makanya game bokep bejibun itu dapet ratung 3+.
Yang penting digas dulu walau belum kelar kasih rating.",2040820479737708951,,,in,,0,0,0,https://x.com/slavoury/status/2040820479737708951,583699057,slavoury,26,id,keep_id_anchor,False,igrs kayanya set defaultnya semua dulu sebelum dikurasi makanya game bokep bejibun itu dapet ratung yang penting digas dulu walau belum kelar kasih rating,[],0,0,154,24,0,0,1,0.5186,0.0119,1,1.0,3.529166666666667,105,0.0,0.0,0.0,0.0,-1,0,0.64547634,0.3548287,-0.32953343,-0.06519053,573,-1,0.007940739,0,Non-Buzzer
2040809561599385766,2026-04-05 15:54:20+00:00,0,@therottenladyy Pengaruh varka terhadap rating igrs,2040820341682168104,,therottenladyy,in,,0,0,0,https://x.com/honglungitis/status/2040820341682168104,1950754991473651712,honglungitis,6,id,keep_id_anchor,False,pengaruh varka terhadap rating igrs,[],0,1,35,5,0,0,1,0.0,0.0,1,1.0,3.52,105,1.0,0.0,0.0,0.0,4,0,0.82558787,0.38711032,-0.73849416,0.16993752,574,-1,0.009779854,0,Non-Buzzer
2040820088388116841,2026-04-05 15:53:20+00:00,0,"Kita harus baca dulu siaran pers resmi nya,sebelum debat soal IGRS kemana2.
Buat yg malas nyari ini link nya saya lampirkan https://t.co/m8dXvwJljb",2040820088388116841,,,in,,0,0,0,https://x.com/Emmeliachr59881/status/2040820088388116841,2018339489492643840,Emmeliachr59881,26,id,keep_id_anchor,False,kita harus baca dulu siaran pers resmi nya sebelum debat soal igrs kemana buat yang malas nyari ini link nya saya lampirkan,[],0,0,123,22,0,0,1,0.6666,0.017,1,0.5,3.5033333333333334,105,1.0,0.0,0.0,0.0,2,0,0.8952223,0.2738254,0.8228661,0.01287535,575,-1,0.886282,1,Buzzer
2040820078930006500,2026-04-05 15:53:18+00:00,0,mampus komunitas game ngamuk ngamuk gara-gara kebijakan igrs anjing,2040820078930006500,,,in,,0,0,0,https://x.com/rezimkeparatt/status/2040820078930006500,1223886828970725376,rezimkeparatt,10,id,keep_id_anchor,False,mampus komunitas game ngamuk ngamuk gara gara kebijakan igrs anjing,[],0,0,67,10,0,0,1,0.5269,0.0069,1,1.0,3.5027777777777778,105,0.0,0.0,0.0,0.0,-1,0,0.6917546,0.33513743,0.62594104,0.22373746,576,-1,0.0025145726,0,Non-Buzzer
2040819942199878106,2026-04-05 15:52:45+00:00,3,"Peak 18+ Tapi game porno 3+ KWAOKWAOOAWO

dongo banget jir IGRS https://t.co/SvVSZINVTR",2040819942199878106,https://pbs.twimg.com/media/HFJyiqqaUAAv1W9.jpg,,in,,0,1,0,https://x.com/madshiraa/status/2040819942199878106,884155856,madshiraa,15,id,keep_id_anchor,False,peak tapi game porno kwaokwaooawo dongo banget jir igrs,[],0,0,55,9,0,4,0,0.3831,0.0033,1,1.0,3.493611111111111,105,0.0,0.0,0.0,0.0,-1,0,0.7077091,0.36530325,0.7776165,0.018732669,577,-1,0.0013685452,0,Non-Buzzer
2040819858229895346,2026-04-05 15:52:25+00:00,1,Gw bakal beli game bokep karena igrs @kemkomdigi bilang ratingnya 3+ #lawabidingcitizen #taataturan #bertanggungjawab,2040819858229895346,,,in,,0,0,0,https://x.com/Tetrotir/status/2040819858229895346,1729446896241106944,Tetrotir,14,id,keep_id_anchor,False,saya bakal beli game bokep karena igrs bilang ratingnya lawabidingcitizen taataturan bertanggungjawab,[],0,0,101,12,0,1,1,0.3733,0.0098,1,1.0,3.4880555555555555,105,0.0,0.0,0.0,0.0,-1,0,0.7762326,0.4371235,-0.64483136,-0.03765177,578,-1,0.0072614956,0,Non-Buzzer
2040819692345127111,2026-04-05 15:51:45+00:00,0,"Ada rating esrb tinggal lu ikutin udah aman malah ngerating asal asal an
Igrs blok goblok",2040819692345127111,,,in,,0,0,0,https://x.com/Neogen176/status/2040819692345127111,1442048635999436805,Neogen176,16,id,keep_id_anchor,False,ada rating esrb tinggal kamu ikutin sudah aman malah ngerating asal asal an igrs blok goblok,[],0,0,92,16,0,0,1,0.3343,0.0078,2,1.0,2.897777777777778,105,1.0,0.0,0.0,0.0,-1,0,0.7170327,0.4503627,-0.04958506,0.048621308,579,-1,0.009645036,0,Non-Buzzer
2040619090038194329,2026-04-05 15:49:42+00:00,0,@kerissakti IGRS = Indonesia Goon Rating System 👍,2040819173413265657,,kerissakti,in,,0,0,0,https://x.com/Kayn77159766/status/2040819173413265657,1070695699564519425,Kayn77159766,6,id,keep_id_anchor,False,igrs indonesia goon rating system,[],0,1,33,5,0,0,1,0.714,0.0193,1,1.0,3.4427777777777777,105,1.0,0.0,0.0,0.0,1,0,0.99481845,0.31759462,-2.1470325,1.3481271,580,-1,0.28442317,0,Non-Buzzer
2040818986733232256,2026-04-05 15:48:57+00:00,0,"Isu IGRS &amp; rating gim di Steam lagi jadi perhatian, dan sudah ada penjelasan resmi yang dirilis. Bisa jadi bahan pertimbangan sebelum beropini: https://t.co/Nv6dTHMkBj",2040818986733232256,,,in,,0,0,0,https://x.com/rpramestaa12/status/2040818986733232256,227248005,rpramestaa12,27,id,keep_id_anchor,False,isu igrs rating game di steam lagi jadi perhatian dan sudah ada penjelasan resmi yang dirilis bisa jadi bahan pertimbangan sebelum beropini,[],0,0,139,22,0,0,1,0.568,0.0114,4,0.6666666666666666,3.430277777777778,105,5.0,0.0,0.0,0.0,1,1,0.9351561,0.46591628,-1.4686015,-0.36393812,581,-1,0.99785596,1,Buzzer
2040818928616960041,2026-04-05 15:48:43+00:00,1,IGRS ini Gnya goblok kah,2040818928616960041,,,in,,0,0,0,https://x.com/mldlyc/status/2040818928616960041,130715380,mldlyc,5,id,keep_id_anchor,False,igrs ini gnya goblok kah,[],0,0,24,5,0,1,1,0.4907,0.0047,1,1.0,3.426388888888889,105,0.0,0.0,0.0,0.0,0,0,0.9567666,0.3126687,1.7075281,0.47191328,582,-1,0.013551519,0,Non-Buzzer
2040818834492551527,2026-04-05 15:48:21+00:00,0,Story Of season 18+ bjir. Memang mantap IGRS 👍 https://t.co/jHc0nZlkhF,2040818834492551527,https://pbs.twimg.com/media/HFJx6IYbQAILUa3.jpg,,in,,0,0,0,https://x.com/KacangWalnut/status/2040818834492551527,1296179743398584320,KacangWalnut,12,en,keep_id_anchor,False,story of season bjir memang mantap igrs,[],0,0,39,7,0,0,1,0.7799,0.0048,1,1.0,3.4202777777777778,105,0.0,0.0,0.0,0.0,-1,0,0.61585724,0.18461908,0.6707582,1.229233,583,-1,0.0011330314,0,Non-Buzzer
2040636515458367915,2026-04-05 15:48:17+00:00,2,"@uknonjones @kemkomdigi woi tolol, malu woii gabisa kerja jadinya dinyinyir kan, hapus ajalah tu IGRS tolol",2040818816930996322,,uknonjones,in,,0,0,0,https://x.com/Sunoo_dFox/status/2040818816930996322,1648165343175790592,Sunoo_dFox,16,id,keep_id_anchor,False,woi tolol malu woii gabisa kerja jadinya dinyinyir kan hapus ajalah itu igrs tolol,[],0,1,82,14,0,2,0,0.5733,0.0104,3,1.0,3.2805555555555554,105,2.0,0.0,0.0,0.0,0,1,0.84948397,0.31716645,1.8297201,0.19185111,584,-1,0.07993354,0,Non-Buzzer
2040818793526759759,2026-04-05 15:48:11+00:00,0,IGRS tidak ada gunanya lagi sekarang KARENA AKU SUDAH DEWASA AHAHAHHAHAHHHAHA,2040818793526759759,,,in,,0,0,0,https://x.com/ikanterbang663/status/2040818793526759759,1231497012358500352,ikanterbang663,11,id,keep_id_anchor,False,igrs tidak ada gunanya lagi sekarang karena aku sudah dewasa ahahahhahahhhaha,[],0,0,77,11,0,0,1,0.4332,0.0147,1,1.0,3.4175,105,0.0,0.0,0.0,0.0,-1,0,0.59368694,0.28455344,0.5258907,0.53072894,585,-1,0.007036516,0,Non-Buzzer
2040818780423799089,2026-04-05 15:48:08+00:00,0,"Diskusi soal IGRS dan rating gim di Steam lagi ramai, tapi ada baiknya lihat dulu siaran pers resminya biar lebih lengkap. Bisa dibaca di sini:

https://t.co/G2DGxdtOW9",2040818780423799089,,,in,,0,0,0,https://x.com/asep2b/status/2040818780423799089,1807589868232687616,asep2b,29,id,keep_id_anchor,False,diskusi soal igrs dan rating game di steam lagi ramai tapi ada baiknya lihat dulu siaran pers resminya biar lebih lengkap bisa dibaca di sini,[],0,0,141,25,0,0,1,0.5131,0.0171,1,0.5,3.4166666666666665,105,1.0,0.0,0.0,0.0,1,0,0.93381524,0.46105888,-0.92377496,0.059557214,586,-1,0.99528027,1,Buzzer
2040818730746417639,2026-04-05 15:47:56+00:00,0,"Buat yang lagi bahas IGRS &amp; rating gim di Steam, ini ada siaran pers resminya sebagai penjelasan. Bisa dicek dulu sebelum ambil kesimpulan: https://t.co/eDNu36BqBB",2040818730746417639,,,in,,0,0,0,https://x.com/DazzZulia/status/2040818730746417639,1706181116791795712,DazzZulia,27,id,keep_id_anchor,False,buat yang lagi bahas igrs rating game di steam ini ada siaran pers resminya sebagai penjelasan bisa dicek dulu sebelum ambil kesimpulan,[],0,0,135,22,0,0,1,0.783,0.0149,2,0.5,3.4133333333333336,105,3.0,0.0,0.0,0.0,1,1,0.96638745,0.47555715,-1.0511156,-0.19258691,587,-1,0.996088,1,Buzzer
2040818675087974758,2026-04-05 15:47:43+00:00,25,"I see some examples how Indonesia Gaming Rating System (IGRS) rate Visual Novels on Steam. Some are fine if I use logic, some are out of logic.
See that ""Not fit for distribution""? What that means actually? At least you can still buy it, but somehow this is not how that works. https://t.co/54n0esK0Js",2040818675087974758,https://pbs.twimg.com/media/HFJuYW6bYAA4N1Q.png,,en,,0,1,1,https://x.com/KEVINNGW808/status/2040818675087974758,1702835584321134592,KEVINNGW808,56,en,keep_id_anchor,False,i see some examples how indonesia gaming rating system igrs rate visual novels on steam some are fine if i use logic some are out of logic see that not fit for distribution what that means actually at least you can still buy it but somehow this is not how that works,[],0,0,266,52,0,27,0,0.4446,0.0162,1,1.0,3.4097222222222223,105,0.0,0.0,0.0,0.0,-1,0,0.73611516,0.33562225,-1.597784,-0.4920538,588,-1,0.013789897,0,Non-Buzzer
2040691915184812518,2026-04-05 15:47:35+00:00,4,"@reruzensky @kemkomdigi @kemkomdigi 
UDAH IKUT AJA DR ESRB, GAUSAH RIBET2 PROYEK BODONG SOK SOK BIKIN IGRS. LIAT HASILNYA AJA NGAWUR. 
LU YG KERJA KAGA BECUS MALAH LEMPAR TANGAN KE STEAM, YG MANA SBNERNYA BUKAN WEWENANG STEAM.",2040818643324612710,,reruzensky,in,,0,0,0,https://x.com/bsrebahan/status/2040818643324612710,318889313,bsrebahan,36,id,keep_id_anchor,False,sudah ikut aja dari esrb gausah ribet proyek bodong sok sok bikin igrs liat hasilnya aja ngawur kamu yang kerja kaga becus malah lempar tangan ke steam yang mana sbnernya bukan wewenang steam,[],0,1,191,33,0,4,0,0.3454,0.0137,1,1.0,3.4075,105,1.0,0.0,0.0,0.0,5,0,0.85864246,0.32888013,1.2159121,-0.100432225,589,-1,0.07509582,0,Non-Buzzer
2040818579369869345,2026-04-05 15:47:20+00:00,0,"Untuk menghindari debat soal IGRS ngalor-ngidul, sebaiknya  baca dulu siaran pers resminya di sini: [link]’ https://t.co/gVAc7gb8NC",2040818579369869345,https://pbs.twimg.com/media/HFJvrkvbsAEI4pG.jpg,,in,,0,0,0,https://x.com/sbjagal74/status/2040818579369869345,1779033654402105344,sbjagal74,20,id,keep_id_anchor,False,untuk menghindari debat soal igrs ngalor ngidul sebaiknya baca dulu siaran pers resminya di sini link,[],0,0,101,16,0,0,1,0.8281,0.0172,1,1.0,3.4033333333333333,105,0.0,0.0,0.0,0.0,2,1,0.8952223,0.27679834,0.9140842,0.025204465,590,-1,0.8934554,1,Buzzer
2040818453750419600,2026-04-05 15:46:50+00:00,0,"udah semuak ini perkara IGRS

what they think bout IGRS",2040818453750419600,,,in,,0,0,0,https://x.com/Neoleone3/status/2040818453750419600,860815420437127168,Neoleone3,10,id,keep_id_anchor,False,sudah semuak ini perkara igrs what they think bout igrs,[],0,0,55,10,0,0,1,0.4007,0.005,1,1.0,3.395,105,0.0,0.0,0.0,0.0,-1,0,0.7128125,0.40776616,-0.083954915,0.90936863,591,-1,0.0025313003,0,Non-Buzzer
2040818082936238314,2026-04-05 15:45:22+00:00,0,"Buat yang lagi ngikutin rame soal IGRS &amp; rating game di Steam, penjelasan resminya udah keluar—wajib banget dibaca biar nggak salah paham 
https://t.co/blhHeMJYgp

#IGRS #Steam #GameIndonesia #GamerIndonesia #IndustriGame #RatingGame #ViralHariIni #TrendingTopic",2040818082936238314,,,in,,0,0,0,https://x.com/SabethAnge12086/status/2040818082936238314,1937541734394949632,SabethAnge12086,35,id,keep_id_anchor,False,buat yang lagi ngikutin rame soal igrs rating game di steam penjelasan resminya sudah keluar wajib banget dibaca biar tidak salah paham igrs steam gameindonesia gamerindonesia industrigame ratinggame viralhariini trendingtopic,[],0,0,226,30,0,0,1,0.5161,0.0198,1,1.0,3.3705555555555557,105,0.0,0.0,0.0,0.0,1,0,0.89251554,0.50047207,-0.9397722,-0.06022741,592,-1,0.4229985,0,Non-Buzzer
2040818023381217365,2026-04-05 15:45:07+00:00,0,"Biar informasinya lebih utuh, ada penjelasan resmi soal IGRS dan rating gim di Steam yang bisa dicek dulu sebelum kasih opini lebih jauh nih linknya ya https://t.co/2BdMQlbh4v",2040818023381217365,,,in,,0,0,0,https://x.com/JancokAsu893230/status/2040818023381217365,1793661894408155136,JancokAsu893230,30,id,keep_id_anchor,False,biar informasinya lebih utuh ada penjelasan resmi soal igrs dan rating game di steam yang bisa dicek dulu sebelum kasih opini lebih jauh ini linknya ya,[],0,0,151,26,0,0,1,0.3445,0.0136,5,0.8333333333333334,3.366388888888889,105,5.0,0.0,0.0,0.0,1,1,0.94127953,0.49272063,-0.81669754,-0.1729922,593,-1,0.98764986,1,Buzzer
2040817962387706142,2026-04-05 15:44:53+00:00,0,"Ada baiknya, Sebelum debat soal IGRS ke mana‑mana, mungkin oke baca dulu siaran pers resminya di sini:
https://t.co/A5XPhz2geK",2040817962387706142,,,in,,0,0,0,https://x.com/marufin865168/status/2040817962387706142,1927634483739820032,marufin865168,22,id,keep_id_anchor,False,ada baiknya sebelum debat soal igrs ke mana mana mungkin oke baca dulu siaran pers resminya di sini,[],0,0,99,18,0,0,1,0.9527,0.014,1,1.0,3.3625,105,0.0,0.0,0.0,0.0,2,1,0.9186771,0.29182023,0.3412306,-0.06622352,594,-1,0.9400003,1,Buzzer
2040817890488926579,2026-04-05 15:44:36+00:00,0,"Lembaga satu ini emang emang tiap kali ikut campur urusan gamer ituu selalu bikin kacau aja.🤣 

2022 steam,epic sama PayPal di blokir gara gara belum ikutan PSE PSE ga jelas itu sekarang ikutan ikutan IGRS anjir emang market lu sebesar Europe (PEGI) atau AS (ESRB) 🤣",2040817890488926579,,,in,,0,0,0,https://x.com/dedirmdani/status/2040817890488926579,1599884856,dedirmdani,46,id,keep_id_anchor,False,lembaga satu ini emang emang tiap kali ikut campur urusan gamer ituu selalu bikin kacau aja steam epic sama paypal di blokir gara gara belum ikutan pse pse tidak jelas itu sekarang ikutan ikutan igrs anjir emang market kamu sebesar europe pegi atau as esrb,[],0,0,256,45,0,0,1,0.3073,0.0184,1,1.0,3.3577777777777778,105,0.0,0.0,0.0,0.0,-1,0,0.7286407,0.3760043,0.41584724,-1.051006,595,-1,0.0025219303,0,Non-Buzzer
2040817864274591903,2026-04-05 15:44:30+00:00,1,"@kemkomdigi besok Senin. Cabut itu IGRS kalau gak mau Senin-nya kami bikin lebih Senin, dan hari setelahnya terasa Senin selamanya. 

Benerin tuh judol, pinjol, spam. Jangan sok2an",2040817864274591903,,kemkomdigi,in,,0,0,0,https://x.com/pajakocak/status/2040817864274591903,2033786143708483585,pajakocak,28,id,keep_id_anchor,False,besok senin cabut itu igrs kalau tidak mau senin nya kami bikin lebih senin dan hari setelahnya terasa senin selamanya benerin itu judol pinjol spam jangan sok an,[],0,1,162,28,0,1,1,0.6146,0.01,1,1.0,3.3561111111111113,105,1.0,0.0,0.0,0.0,-1,0,0.6605481,0.24466781,1.3638474,-0.22838318,596,-1,0.0011741214,0,Non-Buzzer
2040817566969741754,2026-04-05 15:43:19+00:00,0,"Kalau mau lihat penjelasan yang lebih lengkap, siaran pers resmi terkait IGRS &amp; rating gim di Steam bisa dibaca dulu lewat link berikut ya : https://t.co/iSS6BZBiLf",2040817566969741754,,,in,,0,0,0,https://x.com/MRidhonew16179/status/2040817566969741754,1923899742062510083,MRidhonew16179,28,id,keep_id_anchor,False,kalau mau lihat penjelasan yang lebih lengkap siaran pers resmi terkait igrs rating game di steam bisa dibaca dulu lewat link berikut ya,[],0,0,136,23,0,0,1,0.5139,0.0195,4,0.8,3.336388888888889,105,4.0,0.0,0.0,0.0,1,1,0.9652399,0.46222785,-1.0786014,0.14947999,597,-1,0.9970577,1,Buzzer
2040006120740430078,2026-04-05 15:43:04+00:00,0,"@kemkomdigi Eh pantek kerja ga bener makan anggaran Mulu blog hapus IGRS deh percuma kalian aja ga main game ,
Dasar lembaga pekok",2040817503740526948,,kemkomdigi,in,,0,0,0,https://x.com/RastianRizki/status/2040817503740526948,1333604720896737280,RastianRizki,22,id,keep_id_anchor,False,eh pantek kerja tidak benar makan anggaran mulu blog hapus igrs deh percuma kalian aja tidak main game dasar lembaga pekok,[],0,1,122,21,0,0,1,0.2915,0.0196,1,1.0,3.332222222222222,105,1.0,0.0,0.0,0.0,-1,0,0.7660843,0.292235,1.168625,-0.51721275,598,-1,0.001833956,0,Non-Buzzer
2040593488350515441,2026-04-05 15:42:59+00:00,0,@kemkomdigi HAPUS IGRS ANJ KLO GABISA KERJA DASAR PARA TUA BANGKA TAK MENGERTI TEKNOLOGI,2040817485528838460,,kemkomdigi,in,,0,0,0,https://x.com/Sunoo_dFox/status/2040817485528838460,1648165343175790592,Sunoo_dFox,14,id,keep_id_anchor,False,hapus igrs anj kalau gabisa kerja dasar para tua bangka tidak mengerti teknologi,[],0,1,80,13,0,0,1,0.3994,0.0104,3,1.0,3.2805555555555554,105,2.0,0.0,0.0,0.0,-1,0,0.64571404,0.28196627,1.0179611,-0.48765725,599,-1,0.002069167,0,Non-Buzzer
2040817465564057853,2026-04-05 15:42:55+00:00,0,"Buat kalian sebelum debat soal IGRS ke mana‑mana, lebih baik kalian baca dulu siaran pers resminya di sini
https://t.co/iIz1hY4PUb https://t.co/u4H1m3bYOG",2040817465564057853,https://pbs.twimg.com/media/HFJwq2raUAAmggp.jpg,,in,,0,0,0,https://x.com/Reonyree/status/2040817465564057853,1228522727058788352,Reonyree,27,id,keep_id_anchor,False,buat kalian sebelum debat soal igrs ke mana mana lebih baik kalian baca dulu siaran pers resminya di sini,[],0,0,105,19,0,0,1,1.0,0.0157,1,1.0,3.3297222222222222,105,0.0,0.0,0.0,0.0,2,1,0.9517131,0.26788625,0.67457443,0.010301584,600,-1,0.90776056,1,Buzzer
2040817377676521652,2026-04-05 15:42:34+00:00,1,"Siaran pers yang resmi tentang IGRS, silahkan mengikuti debat ini.
https://t.co/BqyF69QN08",2040817377676521652,,,in,,0,0,0,https://x.com/fredywaw/status/2040817377676521652,2923504110,fredywaw,14,id,keep_id_anchor,False,siaran pers yang resmi tentang igrs silahkan mengikuti debat ini,[],0,0,64,10,0,1,1,0.5522,0.0165,1,1.0,3.323888888888889,105,0.0,0.0,0.0,0.0,-1,0,0.7664757,0.33419207,-0.4327592,0.7504774,601,-1,0.02385153,0,Non-Buzzer
2040817267957744115,2026-04-05 15:42:07+00:00,0,igrs? ada ada aja sih,2040817267957744115,,,in,,0,0,0,https://x.com/tokyomotret/status/2040817267957744115,1183032796660396032,tokyomotret,5,id,keep_id_anchor,False,igrs ada ada aja sih,[],0,0,20,5,0,0,1,0.0,0.0,1,1.0,3.316388888888889,105,0.0,0.0,0.0,0.0,-1,0,0.7177982,0.33804256,0.9767121,0.6246861,602,-1,0.0012927406,0,Non-Buzzer
2040817222311088128,2026-04-05 15:41:57+00:00,0,Ini merupakan penjelasan/siaran pers resmi terkait IGRS dan sistem rating gim di Steam. Sebaiknya baca atau cek terlebih dahulu informasinya sebelum membentuk opini lebih lanjut : https://t.co/NtGQ7GAEm9,2040817222311088128,,,in,,0,0,0,https://x.com/ayoitsmoy/status/2040817222311088128,1411105269757595652,ayoitsmoy,30,id,keep_id_anchor,False,ini merupakan penjelasan siaran pers resmi terkait igrs dan sistem rating game di steam sebaiknya baca atau cek terlebih dahulu informasinya sebelum membentuk opini lebih lanjut,[],0,0,177,26,0,0,1,0.5668,0.0213,3,0.75,3.3136111111111113,105,3.0,0.0,0.0,0.0,1,1,0.88254845,0.4121449,-1.0094898,-0.36490375,603,-1,0.9959811,1,Buzzer
2040817219538731437,2026-04-05 15:41:56+00:00,0,"Boleh dibaca sampe selesai ya guys ini penjelasan/siaran pers resmi tentang IGRS &amp; rating gim di Steam,  baiknya cross check dulu baru komentar ya guys  https://t.co/gEYxyL88H8",2040817219538731437,,,in,,0,0,0,https://x.com/racunserudotcom/status/2040817219538731437,1942393825168875522,racunserudotcom,30,id,keep_id_anchor,False,boleh dibaca sampe selesai ya guys ini penjelasan siaran pers resmi tentang igrs rating game di steam baiknya cross check dulu baru komentar ya guys,[],0,0,148,25,0,0,1,0.5896,0.0157,1,0.5,3.3133333333333335,105,1.0,0.0,0.0,0.0,1,0,0.90726733,0.4711871,-0.48073408,0.20441744,604,-1,0.9966131,1,Buzzer
2040817071425298904,2026-04-05 15:41:21+00:00,0,Informasi resmi mengenai regulasi rating gim Steam menurut standar IGRS sudah tersedia di laman Komdigi. Mari kita pahami dulu duduk perkaranya melalui rilis ini supaya diskusi kita tetap berdasar pada data yang valid: https://t.co/VAOLohoF0o,2040817071425298904,,,in,,0,0,0,https://x.com/carapaklek/status/2040817071425298904,230755427,carapaklek,37,id,keep_id_anchor,False,informasi resmi mengenai regulasi rating game steam menurut standar igrs sudah tersedia di laman komdigi mari kita pahami dulu duduk perkaranya melalui rilis ini supaya diskusi kita tetap berdasar pada data yang valid,[],0,0,217,33,0,0,1,0.3149,0.014,7,0.7777777777777778,3.303611111111111,105,8.0,0.0,0.0,0.0,1,1,0.8904904,0.41893077,-1.423943,-0.26100972,605,-1,0.9768053,1,Buzzer
2040816951333912987,2026-04-05 15:40:52+00:00,0,"FYI guys! 📰 Ini penjelasan resmi tentang IGRS &amp; rating gim di Steam. Cek dulu sebelum ngomong lebih jauh, ya! 😉 
https://t.co/QiSzj4nCaw
#IGRS
#Steam
#RatingGim",2040816951333912987,,,in,,0,0,0,https://x.com/annisanurf23196/status/2040816951333912987,1628760857743351808,annisanurf23196,26,id,keep_id_anchor,False,fyi guys ini penjelasan resmi tentang igrs rating game di steam cek dulu sebelum ngomong lebih jauh ya igrs steam ratinggim,[],0,0,123,21,0,0,1,0.6626,0.0138,1,1.0,3.2955555555555556,105,0.0,0.0,0.0,0.0,1,0,0.90917313,0.50134265,-0.6426558,-0.1772072,606,-1,0.9903453,1,Buzzer
2040670731382743056,2026-04-05 15:40:35+00:00,0,@BudiBukanIntel IGRS KONTOL,2040816880018235628,,BudiBukanIntel,sl,,0,0,0,https://x.com/Kyloren86166601/status/2040816880018235628,1648343045572788224,Kyloren86166601,3,id,keep_id_anchor,False,igrs kontol,[],0,1,11,2,1,0,1,1.0,0.007,1,1.0,3.2908333333333335,105,1.0,0.0,0.0,0.0,0,1,1.0000002,0.3143916,0.28069115,1.3354275,607,-1,0.008347766,0,Non-Buzzer
2040816836569383199,2026-04-05 15:40:25+00:00,0,"lebron going solo in the playoffs, gaming community indo kena IGRS gajelas, ah sudahlah sudahlah",2040816836569383199,,,in,,0,0,0,https://x.com/azosarchive/status/2040816836569383199,1026092294112333824,azosarchive,15,en,keep_id_anchor,False,lebron going solo in the playoffs gaming community indo kena igrs gajelas ah sudahlah sudahlah,[],0,0,94,15,0,0,1,0.3173,0.013,1,1.0,3.2880555555555557,105,0.0,0.0,0.0,0.0,-1,0,0.41565388,0.09826836,0.62466216,0.6900045,608,-1,0.0013708834,0,Non-Buzzer
2040647297248444823,2026-04-05 15:40:15+00:00,0,@ElaineCelestia IGRS KONTOL,2040816794936689009,,ElaineCelestia,sl,,0,0,0,https://x.com/fibraaaay/status/2040816794936689009,1216766113746317312,fibraaaay,3,fi,keep_id_anchor,False,igrs kontol,[],0,1,11,2,1,0,1,1.0,0.007,1,1.0,3.285277777777778,105,1.0,0.0,0.0,0.0,0,1,1.0000002,0.3143916,0.28069115,1.3354275,609,-1,0.008347766,0,Non-Buzzer
2040816729807626521,2026-04-05 15:39:59+00:00,0,"Lagi ramai soal IGRS &amp; rating gim di Steam, ini ada siaran pers resminya buat jadi referensi awal. Silakan cek dulu sebelum menarik kesimpulan: [link]
https://t.co/8mo08zNuM0",2040816729807626521,,,in,,0,0,0,https://x.com/AlinGibroez/status/2040816729807626521,1768240865703800832,AlinGibroez,29,id,keep_id_anchor,False,lagi ramai soal igrs rating game di steam ini ada siaran pers resminya buat jadi referensi awal silakan cek dulu sebelum menarik kesimpulan link,[],0,0,144,24,0,0,1,0.513,0.0137,5,0.8333333333333334,3.2808333333333333,105,5.0,0.0,0.0,0.1,1,1,0.9480512,0.456417,-1.2211876,0.16169204,610,-1,0.99790895,1,Buzzer
2040006120740430078,2026-04-05 15:39:58+00:00,0,"@kemkomdigi GOBLOK KOK DIPELIHARA JING? HAPUS IGRS, KERJA YG BENER BANGSAAT",2040816726443806999,,kemkomdigi,in,,0,0,0,https://x.com/Sunoo_dFox/status/2040816726443806999,1648165343175790592,Sunoo_dFox,11,id,keep_id_anchor,False,goblok kok dipelihara jing hapus igrs kerja yang benar bangsaat,[],0,1,63,10,0,0,1,0.4614,0.0075,3,1.0,3.2805555555555554,105,2.0,0.0,0.0,0.0,-1,0,0.790546,0.23338635,1.9106789,0.21899956,611,-1,0.0032338277,0,Non-Buzzer
2040816533430268206,2026-04-05 15:39:12+00:00,0,"Kita liat aja nih IGRS awetnya brp lama sebelum dicabut lagi. 
Emang buat buang anggaran &amp; pengalihan isu doang kan? 
kayak ""Search Engine Anak Bangsa"" &amp; ""Plattform Game Anak Bangsa"" aja dulu tuh digeder geder tapi gimana nasibnya sekarang? 😂",2040816533430268206,,,in,,0,0,0,https://x.com/SorajimaAnzu/status/2040816533430268206,1307372651703222273,SorajimaAnzu,39,id,keep_id_anchor,False,kita liat aja ini igrs awetnya brp lama sebelum dicabut lagi emang buat buang anggaran pengalihan isu doang kan seperti search engine anak bangsa plattform game anak bangsa aja dulu itu digeder geder tapi bagaimana nasibnya sekarang,[],0,0,232,37,0,0,1,0.3591,0.0136,1,0.5,2.6108333333333333,105,0.0,0.0,0.0,0.0,-1,0,0.703796,0.38967812,0.5850092,-0.85764563,612,-1,0.0033853785,0,Non-Buzzer
2040816428614574287,2026-04-05 15:38:47+00:00,0,Narasumbernya ngeremehin dampak IGRS ini ke komunitas gamers indo sumpah deh liat aja beneran ada badai...ga main² nih gw,2040816428614574287,,,in,,0,0,0,https://x.com/reiikooooooo/status/2040816428614574287,1180325341178417153,reiikooooooo,20,id,keep_id_anchor,False,narasumbernya ngeremehin dampak igrs ini ke komunitas gamers indo sumpah deh liat aja beneran ada badai tidak main ini saya,[],0,0,123,20,0,0,1,0.3275,0.0163,1,1.0,3.2608333333333333,105,0.0,0.0,0.0,0.0,-1,0,0.77914107,0.3778432,0.31421846,-0.83927894,613,-1,0.004472824,0,Non-Buzzer
2040816371832090652,2026-04-05 15:38:34+00:00,0,"Untuk yang ingin tahu penjelasan resmi terkait IGRS &amp; rating gim di Steam, informasinya sudah dirilis. Bisa dibaca dulu di sini: [https://t.co/MGZVQEnnsP] https://t.co/cVboYfJTxe",2040816371832090652,https://pbs.twimg.com/media/HFJvrItagAA1B1A.jpg,,in,,0,0,0,https://x.com/indahsarii54648/status/2040816371832090652,2014319527950188544,indahsarii54648,29,id,keep_id_anchor,False,untuk yang ingin tahu penjelasan resmi terkait igrs rating game di steam informasinya sudah dirilis bisa dibaca dulu di sini,[],0,0,124,20,0,0,1,0.7025,0.0139,3,0.75,3.257222222222222,105,3.0,0.0,0.0,0.0,1,1,0.93386424,0.45171753,-1.4697195,0.28807673,614,-1,0.99868935,1,Buzzer
2040816156613955707,2026-04-05 15:37:42+00:00,0,"Woi @kemkomdigi saya selaku orang yg punya pacar gamers, CABUT GA ITU IGRS IGRS GA JELAS????? KASIAN PACAR GUEE",2040816156613955707,,,in,,0,0,0,https://x.com/vevelynnnn/status/2040816156613955707,1191227485687443456,vevelynnnn,19,id,keep_id_anchor,False,woi saya selaku orang yang punya pacar gamers cabut tidak itu igrs igrs tidak jelas kasian pacar guee,[],0,0,101,18,0,0,1,0.4475,0.0222,1,1.0,3.242777777777778,105,0.0,0.0,0.0,0.0,-1,0,0.7047077,0.33949834,0.42565754,-0.24442698,615,-1,0.008079712,0,Non-Buzzer
2040816155158614167,2026-04-05 15:37:42+00:00,0,"Sebaiknya Sebelum debat soal IGRS tanpa ada acuan, baiknya baca dulu siaran pers resminya di sini
https://t.co/FlsroWPFlk",2040816155158614167,,,in,,0,4,0,https://x.com/tauvik1212/status/2040816155158614167,1901604356807692288,tauvik1212,20,id,keep_id_anchor,False,sebaiknya sebelum debat soal igrs tanpa ada acuan baiknya baca dulu siaran pers resminya di sini,[],0,0,96,16,0,4,0,0.7368,0.0147,1,0.5,3.242777777777778,105,1.0,0.0,0.0,0.0,2,0,0.91637194,0.30361444,0.7127706,0.0040342133,616,-1,0.9126028,1,Buzzer
2040685239228653915,2026-04-05 15:37:36+00:00,0,"@iPoopBased setelah mbg dan bop terbitlah igrs

sampah",2040816128990335436,,iPoopBased,in,,0,0,0,https://x.com/Y012KI/status/2040816128990335436,1049729551499067392,Y012KI,8,id,keep_id_anchor,False,setelah mbg dan bop terbitlah igrs sampah,[],0,1,41,7,0,0,1,0.4597,0.0042,1,1.0,3.241111111111111,105,1.0,0.0,0.0,0.0,-1,0,0.6142203,0.25758392,0.7669126,0.61382824,617,-1,0.0014683756,0,Non-Buzzer
2040816093779177785,2026-04-05 15:37:27+00:00,269,Lewat mulu mostingan lu. Percuma paling lu kena IGRS 70+,2040816093779177785,,,in,,0,8,38,https://x.com/kukuhya/status/2040816093779177785,54811132,kukuhya,10,id,keep_id_anchor,False,lewat mulu mostingan kamu percuma paling kamu kena igrs,[],0,0,55,9,0,315,0,0.4833,0.0053,1,1.0,3.238611111111111,105,0.0,28.0,0.0,0.0,0,0,0.8716657,0.31029692,1.5203991,0.13667436,618,-1,0.0147267245,0,Non-Buzzer
2040661325706309804,2026-04-05 15:37:25+00:00,0,@kemgelapan @kemkomdigi Mah tumben bener igrs,2040816085428248936,,kemgelapan,sl,,0,0,0,https://x.com/Mercatman_/status/2040816085428248936,853495002499907584,Mercatman_,6,id,keep_id_anchor,False,mah tumben benar igrs,[],0,1,21,4,0,0,1,0.7171,0.0042,1,0.5,3.2380555555555555,105,2.0,0.0,0.0,0.0,-1,0,0.6930028,0.13562296,1.7051256,0.57769823,619,-1,0.0019940862,0,Non-Buzzer
2040816021926469675,2026-04-05 15:37:10+00:00,0,Igrs mabok kecubung jir fuck lah,2040816021926469675,,,in,,0,0,0,https://x.com/3000inuniverse/status/2040816021926469675,1546367122489556993,3000inuniverse,6,id,keep_id_anchor,False,igrs mabok kecubung jir fuck lah,[],0,0,32,6,0,0,1,0.5555,0.0037,1,1.0,3.233888888888889,105,0.0,0.0,0.0,0.0,0,0,0.8185371,0.289189,1.933646,0.4080696,620,-1,0.020471852,0,Non-Buzzer
2040815988657279080,2026-04-05 15:37:02+00:00,0,"Kirain Madrid doang yg lucu ternyata Komdigi lebih lucu.
Saran aja nih, kalo kerjaannya perlu identifikasi tingkat lanjut jangan pake AI.
Kalo mau cara gampang dan gak keluar duit, ikutin aja rating yg udah ada di Steam tinggal kalian timpa pake logo IGRS. @kemkomdigi",2040815988657279080,,,in,,0,0,0,https://x.com/SaintSpectra/status/2040815988657279080,1234186243,SaintSpectra,44,id,keep_id_anchor,False,kirain madrid doang yang lucu ternyata komdigi lebih lucu saran aja ini kalau kerjaannya perlu identifikasi tingkat lanjut jangan pake ai kalau mau cara gampang dan tidak keluar duit ikutin aja rating yang sudah ada di steam tinggal kalian timpa pake logo igrs,[],0,0,260,43,0,0,1,0.4434,0.0169,1,1.0,3.2316666666666665,105,0.0,0.0,0.0,0.0,-1,0,0.6095817,0.3310913,0.7940377,-0.12328217,621,-1,0.014157663,0,Non-Buzzer
2040670192653770843,2026-04-05 15:36:21+00:00,0,@toshibatv_id Sucks! Bad! All negative words towards IGRS,2040815813121208793,,toshibatv_id,en,,0,0,0,https://x.com/weslibravo/status/2040815813121208793,68178392,weslibravo,8,en,keep_id_anchor,False,sucks bad all negative words towards igrs,[],0,1,41,7,0,0,1,0.3184,0.0016,1,1.0,3.2202777777777776,105,1.0,0.0,0.0,0.0,-1,0,0.7543248,0.32218742,-0.9390622,1.6668676,622,-1,0.000869722,0,Non-Buzzer
2040815781521547558,2026-04-05 15:36:13+00:00,0,IGRS (Indonesian Goon Rating System),2040815781521547558,,,in,,0,0,0,https://x.com/hiseyyno/status/2040815781521547558,1649206166445228033,hiseyyno,5,id,keep_id_anchor,False,igrs indonesian goon rating system,[],0,0,34,5,0,0,1,0.5726,0.0083,1,1.0,3.2180555555555554,105,0.0,0.0,0.0,0.0,1,0,0.99481845,0.3227866,-1.9989722,1.3467999,623,-1,0.01899122,0,Non-Buzzer
2040815738358055258,2026-04-05 15:36:03+00:00,0,"Inidia rilis resmi IGRS &amp; rating gim di Steam, bisa jadi referensi. Info yang beredar lebih lengkap:
https://t.co/jDqYWk0G15",2040815738358055258,,,in,,0,0,1,https://x.com/noviarguna72100/status/2040815738358055258,2004965320587706370,noviarguna72100,21,id,keep_id_anchor,False,inidia rilis resmi igrs rating game di steam bisa jadi referensi info yang beredar lebih lengkap,[],0,0,96,16,0,1,1,0.5986,0.0093,6,0.6666666666666666,3.2152777777777777,105,7.0,0.0,0.0,0.0,1,1,0.92881066,0.41156128,-1.7952267,0.26801404,624,-1,0.9793515,1,Buzzer
2040757110951322044,2026-04-05 15:35:36+00:00,0,"@kurawa Bukan rating resmi tapi ini ada arahan spesifikasi dari komdigi gak bro Kur?

Rating palsu atau arahan yang kurang jelas jadinya pihak steam mengkategorikan rating tersebut jadinya berantakan.

Melanggar hukum rating ini sebelum atau sesudah mengenai IGRS ini?

Kalau sebelum",2040815625443119186,,kurawa,in,,0,0,1,https://x.com/wijayawilliam31/status/2040815625443119186,1467809322813906944,wijayawilliam31,41,id,keep_id_anchor,False,bukan rating resmi tapi ini ada arahan spesifikasi dari komdigi tidak bro kur rating palsu atau arahan yang kurang jelas jadinya pihak steam mengkategorikan rating tersebut jadinya berantakan melanggar hukum rating ini sebelum atau sesudah mengenai igrs ini kalau sebelum,[],0,1,271,40,0,1,1,0.3153,0.0201,1,0.5,3.207777777777778,105,2.0,1.0,0.0,0.0,1,1,0.81526214,0.4032096,-0.78937405,-0.101225235,625,-1,0.85990983,1,Buzzer
2040815317417656617,2026-04-05 15:34:22+00:00,0,"IGRS ANJING
KOMDIGI BANGSAT",2040815317417656617,,,in,,0,0,0,https://x.com/arnoediad/status/2040815317417656617,1296569292318638080,arnoediad,4,de,keep_id_anchor,False,igrs anjing komdigi bangsat,[],0,0,27,4,0,0,1,0.4016,0.0117,1,1.0,3.187222222222222,105,0.0,0.0,0.0,0.0,6,0,0.8338208,0.26736176,1.7087147,0.804987,626,-1,0.019580353,0,Non-Buzzer
2040815283385115031,2026-04-05 15:34:14+00:00,1,"Salah satu hal yang emang gak harusnya pemerintah sentuh, yakni hiburan.

Rakyat udah jengah dengan banyaknya isu negatif, pemerintah dgn sadarnya malah mau ngerecokin satu2nya media escape rakyat dari ketidakpastian hidup. Cepet matinya kalau gak segera batalin/revisi full IGRS.",2040815283385115031,,,in,,0,0,0,https://x.com/Hey_Ivan/status/2040815283385115031,207018619,Hey_Ivan,40,id,keep_id_anchor,False,salah satu hal yang emang tidak harusnya pemerintah sentuh yakni hiburan rakyat sudah jengah dengan banyaknya isu negatif pemerintah dengan sadarnya malah mau ngerecokin satu nya media escape rakyat dari ketidakpastian hidup cepet matinya kalau tidak segera batalin revisi full igrs,[],0,0,282,41,0,1,1,0.3546,0.0205,1,1.0,3.185,105,0.0,0.0,0.0,0.0,-1,0,0.6582153,0.29189098,0.563711,-0.9858106,627,-1,0.001906524,0,Non-Buzzer
2040815266221982140,2026-04-05 15:34:10+00:00,1,"Sempat khawatir,
Eh Beneran ngaco kan igrs, 🤣",2040815266221982140,,,in,,0,1,0,https://x.com/EmbyGarvail/status/2040815266221982140,1701606397161730048,EmbyGarvail,7,id,keep_id_anchor,False,sempat khawatir eh beneran ngaco kan igrs,[],0,0,41,7,0,2,0,0.4278,0.0055,1,1.0,3.1838888888888888,105,0.0,0.0,0.0,0.0,0,0,0.8362824,0.31630948,1.7455213,0.29006082,628,-1,0.006514554,0,Non-Buzzer
2040815262203859076,2026-04-05 15:34:09+00:00,4,"Lagi ramai bahas IGRS &amp; rating gim di Steam, ini ada siaran pers resminya buat jadi referensi sebelum ambil kesimpulan. 
https://t.co/uhy793AJLw https://t.co/AkL2JXRYuB",2040815262203859076,https://pbs.twimg.com/media/HFJuqLPaoAApVYp.jpg,,in,,0,1,0,https://x.com/Deewwiiiii/status/2040815262203859076,1171267827736571904,Deewwiiiii,28,id,keep_id_anchor,False,lagi ramai bahas igrs rating game di steam ini ada siaran pers resminya buat jadi referensi sebelum ambil kesimpulan,[],0,0,116,19,0,5,0,0.783,0.0138,7,0.7,3.183611111111111,105,9.0,0.0,0.0,0.027777777777777776,1,1,0.96638745,0.45602477,-1.4073045,-0.08459317,629,-1,0.99752206,1,Buzzer
2040815222617997530,2026-04-05 15:34:00+00:00,1,"Biar makin paham duduk perkaranya, yuk simak dulu penjelasan resmi Kemkomdigi terkait aturan IGRS dan rating gim di Steam melalui tautan berikut. Baca selengkapnya sebelum lanjut berdiskusi ya: https://t.co/2MWr4LOoYW",2040815222617997530,,,in,,0,0,0,https://x.com/alwiiihasan/status/2040815222617997530,1115572398,alwiiihasan,32,id,keep_id_anchor,False,biar makin paham duduk perkaranya yuk simak dulu penjelasan resmi kemkomdigi terkait aturan igrs dan rating game di steam melalui tautan berikut baca selengkapnya sebelum lanjut berdiskusi ya,[],0,0,191,28,0,1,1,0.5799,0.0146,1,0.5,3.181111111111111,105,1.0,0.0,0.0,0.0,1,0,0.8543409,0.46185076,-0.12127365,0.0005967804,630,-1,0.8996893,1,Buzzer
2040707677148561663,2026-04-05 15:33:07+00:00,0,"@SylentSevenstar so my point is, does IGRS is wrong?",2040814999724269603,,SylentSevenstar,en,,0,1,0,https://x.com/anda_winata/status/2040814999724269603,48265005,anda_winata,9,en,keep_id_anchor,False,so my point is does igrs is wrong,[],0,1,33,8,0,1,1,0.6455,0.0112,2,1.0,2.955,105,1.0,1.0,0.0,0.0,0,0,0.80662584,0.33942655,-1.9124912,1.8009179,631,-1,0.06233256,0,Non-Buzzer
2040814955398860887,2026-04-05 15:32:56+00:00,0,"Josss bgt dahhh Sebelum debat soal IGRS ke mana‑mana, mungkin oke baca dulu siaran pers resminya di sini yaaaa gaissssss https://t.co/ENTVnEdMkt biarrr jelassss",2040814955398860887,,,in,,0,0,0,https://x.com/Ryand2727/status/2040814955398860887,4855877484,Ryand2727,27,id,keep_id_anchor,False,josss banget dahhh sebelum debat soal igrs ke mana mana mungkin oke baca dulu siaran pers resminya di sini yaaaa gaissssss biarrr jelassss,[],0,0,138,23,0,0,1,0.9539,0.0139,1,1.0,3.1633333333333336,105,0.0,0.0,0.0,0.0,2,1,0.9098203,0.35169277,0.93133193,0.32934043,632,-1,0.9182326,1,Buzzer
2040780095246450943,2026-04-05 15:32:41+00:00,0,@KariSharl Ternyata IGrs tidak nyawit,2040814891549024570,,KariSharl,in,,0,0,0,https://x.com/GojoIrengg/status/2040814891549024570,1723678294665801728,GojoIrengg,5,id,keep_id_anchor,False,ternyata igrs tidak nyawit,[],0,1,26,4,0,0,1,0.5657,0.0167,1,1.0,3.1591666666666667,105,1.0,0.0,0.0,0.0,-1,0,0.7646421,0.37818086,0.7425652,0.20603316,633,-1,0.032281213,0,Non-Buzzer
2040749182856880357,2026-04-05 15:31:39+00:00,0,"@dombajantanMU Kalau ngacu kesitu igrs makin ngaco, mobile games tapi nyasar ke PC 🤣",2040814631820898807,,dombajantanMU,in,,0,0,0,https://x.com/knightmuro/status/2040814631820898807,1923013963601874944,knightmuro,13,id,keep_id_anchor,False,kalau ngacu kesitu igrs makin ngaco mobile games tapi nyasar ke pc,[],0,1,66,12,0,0,1,0.4865,0.0091,1,0.5,3.1419444444444444,105,2.0,0.0,0.0,0.0,-1,0,0.8090288,0.23757207,0.64832556,-0.9294424,634,-1,0.01638082,0,Non-Buzzer
2040814625709772824,2026-04-05 15:31:37+00:00,0,Aowkwow IGRS di ketawain inter 🤣,2040814625709772824,,,in,,0,0,0,https://x.com/Skalteer/status/2040814625709772824,1170861795566735361,Skalteer,5,af,keep_id_anchor,False,aowkwow igrs di ketawain inter,[],0,0,30,5,0,0,1,0.0,0.0,1,1.0,3.141388888888889,105,0.0,0.0,0.0,0.0,-1,0,0.6604638,0.20635614,0.46143165,1.8346853,635,-1,0.0008857602,0,Non-Buzzer
2040814544298320014,2026-04-05 15:31:18+00:00,0,"ET DAH, Belum main yang infinite wealth nih... 

kalau benaran diterapin terus gak bisa dibeli game steam karena igrs ini sih, yaaah banting setir jadi majima goro deh nih. 

btw xbox gamepass bakal ngaruh juga gak tuh ya?? infinite wealth ada di gamepass soalnya https://t.co/dZe3t2ffzO",2040814544298320014,https://pbs.twimg.com/tweet_video_thumb/HFJuAcKaoAAmn4i.jpg,,in,,0,0,0,https://x.com/exewriyan/status/2040814544298320014,74900728,exewriyan,48,id,keep_id_anchor,False,et dah belum main yang infinite wealth ini kalau benaran diterapin terus tidak bisa dibeli game steam karena igrs ini sih yaaah banting setir jadi majima goro deh ini btw xbox gamepass bakal ngaruh juga tidak itu ya infinite wealth ada di gamepass soalnya,[],0,0,255,44,0,0,1,0.3269,0.0257,1,1.0,3.136111111111111,105,0.0,0.0,0.0,0.0,-1,0,0.72289705,0.31415337,0.59993464,-1.0668032,636,-1,0.0026904934,0,Non-Buzzer
2040814082002165938,2026-04-05 15:29:28+00:00,0,igrs bener bener aneh kata gw mah,2040814082002165938,,,in,,0,0,0,https://x.com/thisisgnarly2/status/2040814082002165938,1852061578788761600,thisisgnarly2,7,id,keep_id_anchor,False,igrs benar benar aneh kata saya mah,[],0,0,35,7,0,0,1,0.7171,0.0066,1,1.0,3.1055555555555556,105,0.0,0.0,0.0,0.0,-1,0,0.64652455,0.23834103,1.1476706,0.8941896,637,-1,0.0011703294,0,Non-Buzzer
2040813988876112156,2026-04-05 15:29:06+00:00,5,Ironi yang terjadi setelah munculnya IGRS di Steam: game legal dan bayar pajak susah didistribusikan. Sedangkan judol ilegal dan gak bayar pajak gampang sekali diakses masyarakat. 🫠,2040813988876112156,,,in,,0,3,4,https://x.com/effendiilham/status/2040813988876112156,83034307,effendiilham,26,id,keep_id_anchor,False,ironi yang terjadi setelah munculnya igrs di steam game legal dan bayar pajak susah didistribusikan sedangkan judol ilegal dan tidak bayar pajak gampang sekali diakses masyarakat,[],0,0,178,26,0,12,0,0.432,0.0096,1,1.0,3.0994444444444444,105,0.0,0.0,0.0,0.0,-1,0,0.66876256,0.31792623,0.37017432,-0.7353393,638,-1,0.0017969068,0,Non-Buzzer
2040813905136787858,2026-04-05 15:28:46+00:00,0,IGRS juga ada buzzer nya anjinggg aneh bener,2040813905136787858,,,in,,0,1,0,https://x.com/d1rrtbagg/status/2040813905136787858,1121205830227910658,d1rrtbagg,8,id,keep_id_anchor,False,igrs juga ada buzzer nya anjinggg aneh benar,[],0,0,44,8,0,1,1,0.6163,0.0139,1,1.0,3.093888888888889,105,0.0,0.0,0.0,0.0,-1,0,0.75797755,0.40196496,0.12987545,0.97959673,639,-1,0.01772875,0,Non-Buzzer
2040813899294130247,2026-04-05 15:28:44+00:00,1,"IGRS itu ngerti ga sih apa arti ""RATING""? rating tu bahasa bayinya, cuman ""Tempelan"" nandain klo ini game itu buat umur sekian... udah cukup di situ...

BUKAN BERARTI GA BELI DIBELI ATAU DIMAININ BOPLAKKKK AAAAAAAARRRRRRRGGGGGH",2040813899294130247,,,in,,0,0,0,https://x.com/SenaRedo/status/2040813899294130247,1348521906278866945,SenaRedo,35,id,keep_id_anchor,False,igrs itu ngerti tidak sih apa arti rating rating itu bahasa bayinya cuman tempelan nandain kalau ini game itu buat umur sekian sudah cukup di situ bukan berarti tidak beli dibeli atau dimainin boplakkkk aaaaaaaarrrrrrrgggggh,[],0,0,224,35,0,1,1,0.3763,0.0211,2,1.0,3.0458333333333334,105,0.0,0.0,0.0,0.0,1,0,0.83779764,0.44751468,-0.88296425,-0.26449665,640,-1,0.21619228,0,Non-Buzzer
2040813888695079098,2026-04-05 15:28:42+00:00,0,Gue mau tidur tenang tapi malah dapet kenyataan negara gue sebapuk itu dengan IGRS nya,2040813888695079098,,,in,,0,1,0,https://x.com/verstalie/status/2040813888695079098,1747401993717735424,verstalie,15,id,keep_id_anchor,False,saya mau tidur tenang tapi malah dapet kenyataan negara saya sebapuk itu dengan igrs nya,[],0,0,88,15,0,1,1,0.4553,0.0057,1,1.0,3.0927777777777776,105,0.0,0.0,0.0,0.0,-1,0,0.7207511,0.15391046,1.6478366,0.13086763,641,-1,0.0013816304,0,Non-Buzzer
2040685239228653915,2026-04-05 15:28:34+00:00,0,"@iPoopBased Problemnya IGRS age rating lu ga konsisten mba tita, entah faktor penilaiannya gimana sampe game upin ipin kena, sementara game yang isinya ada sexual content malah dapet rating kid friendly. Alomani kata gue mah komdigi dari dulu",2040813858160538067,,iPoopBased,in,,0,0,0,https://x.com/ardhikaluth28/status/2040813858160538067,1892845563760300032,ardhikaluth28,38,id,keep_id_anchor,False,problemnya igrs age rating kamu tidak konsisten mba tita entah faktor penilaiannya bagaimana sampe game upin ipin kena sementara game yang isinya ada sexual content malah dapet rating kid friendly alomani kata saya mah komdigi dari dulu,[],0,1,236,37,0,0,1,0.4213,0.0168,1,1.0,3.0905555555555555,105,1.0,0.0,0.0,0.0,1,0,0.8277558,0.41787747,-0.6027916,-0.71518326,642,-1,0.29277888,0,Non-Buzzer
2040813668431167585,2026-04-05 15:27:49+00:00,0,"IGRS rated Doom Eternal and Persona 5 as 3+ games, while Farming Simulator 2025 and Superliminal as 18+ games

Thats Cinema 🙌",2040813668431167585,,,en,,0,1,0,https://x.com/EmilleMaiki/status/2040813668431167585,1615374934305574912,EmilleMaiki,21,en,keep_id_anchor,False,igrs rated doom eternal and persona as games while farming simulator and superliminal as games thats cinema,[],0,0,107,17,0,1,1,0.3395,0.0076,1,1.0,3.0780555555555558,105,0.0,0.0,0.0,0.0,-1,0,0.6188481,0.32773024,-0.3902632,-0.14492494,643,-1,0.001197502,0,Non-Buzzer
2040646711778148558,2026-04-05 15:27:46+00:00,0,"@BudiBukanIntel Sebenarnya gak masalah ada IGRS, cuma ya bodohnya cara rating mereka bekerja itu ngawurrr...",2040813654057353344,,BudiBukanIntel,in,,0,0,0,https://x.com/gerbongbagasi/status/2040813654057353344,78883179,gerbongbagasi,15,id,keep_id_anchor,False,sebenarnya tidak masalah ada igrs cuma ya bodohnya cara rating mereka bekerja itu ngawurrr,[],0,1,90,14,0,0,1,1.0,0.0418,1,1.0,3.0772222222222223,105,1.0,0.0,0.0,0.0,-1,0,0.8489013,0.3866696,-0.15393597,-0.3498316,644,-1,0.34166548,0,Non-Buzzer
2040813569512779902,2026-04-05 15:27:26+00:00,0,Hire me IGRS,2040813569512779902,,,fr,,0,0,0,https://x.com/sekarksh/status/2040813569512779902,753641395840098304,sekarksh,3,fr,keep_id_anchor,False,hire me igrs,[],0,0,12,3,0,0,1,0.0,0.0,1,1.0,3.0716666666666668,105,0.0,0.0,0.0,0.0,-1,0,0.6465946,0.1398602,-0.48095348,2.2820792,645,-1,0.0008857602,0,Non-Buzzer
2040813182764368201,2026-04-05 15:25:53+00:00,0,Saking capeknya ngeliatin IGRS.... males buat komentar lagi... dah angkat tangan...,2040813182764368201,,,in,,0,0,0,https://x.com/SenaRedo/status/2040813182764368201,1348521906278866945,SenaRedo,11,id,keep_id_anchor,False,saking capeknya ngeliatin igrs males buat komentar lagi dah angkat tangan,[],0,0,73,11,0,0,1,0.4878,0.0046,2,1.0,3.0458333333333334,105,0.0,0.0,0.0,0.0,-1,0,0.717324,0.25200886,1.3862957,0.15185732,646,-1,0.0013045048,0,Non-Buzzer
2040743167201313154,2026-04-05 15:25:44+00:00,0,"@AMAZlNGNATURE with new game rating (IGRS) from Indonesia government, there's no 'okay' situations",2040813142155092366,,AMAZlNGNATURE,en,,0,0,0,https://x.com/NovendraKesuma/status/2040813142155092366,1007116246012162048,NovendraKesuma,14,en,keep_id_anchor,False,with new game rating igrs from indonesia government there s no okay situations,[],0,1,78,13,0,0,1,0.2139,0.0082,1,1.0,3.0433333333333334,105,1.0,0.0,0.0,0.0,-1,0,0.6958635,0.347602,-0.909758,0.08657771,647,-1,0.0011969501,0,Non-Buzzer
2040812899917263321,2026-04-05 15:24:46+00:00,0,IGRS ini punya kesalahan berpikir emg 😭,2040812899917263321,,,in,,0,0,0,https://x.com/toshimema/status/2040812899917263321,1949142272408428544,toshimema,6,id,keep_id_anchor,False,igrs ini punya kesalahan berpikir emg,[],0,0,37,6,0,0,1,0.6958,0.0038,1,1.0,3.027222222222222,105,0.0,0.0,0.0,0.0,-1,0,0.7424133,0.36273992,0.99672455,0.3258622,648,-1,0.0028635454,0,Non-Buzzer
2040809182874714185,2026-04-05 15:24:05+00:00,0,"menurut saya sebaiknya dikaji ulang soal IGRS ini, dan saya sebenarnya setuju dengan idenya tapi tidak dengan eksekusinya. bu mutya hafid, saya cuman pesan jangan batasin komen ig bu, biar tau feedback dari kita kita, makasi",2040812727866925388,,risatonul,in,,0,0,0,https://x.com/risatonul/status/2040812727866925388,1609448211810508802,risatonul,36,id,keep_id_anchor,False,menurut saya sebaiknya dikaji ulang soal igrs ini dan saya sebenarnya setuju dengan idenya tapi tidak dengan eksekusinya bu mutya hafid saya cuman pesan jangan batasin komen ig bu biar tau feedback dari kita kita makasi,[],0,1,219,36,0,0,1,0.2432,0.0129,1,1.0,3.015833333333333,105,0.0,0.0,0.0,0.0,-1,0,0.7046792,0.3416997,0.41961554,-0.11745916,649,-1,0.0018012372,0,Non-Buzzer
2040734891361640826,2026-04-05 15:23:39+00:00,1,@memefess IGRS G nya Gooning cik wkwkwkwkw,2040812621109325904,,memefess,in,,0,0,0,https://x.com/cucunyaopah/status/2040812621109325904,1213539984826753024,cucunyaopah,7,sw,keep_id_anchor,False,igrs g nya gooning cik wkwkwkwkw,[],0,1,32,6,0,1,1,0.653,0.0026,1,1.0,3.008611111111111,105,1.0,0.0,0.0,0.0,-1,0,0.7884698,0.32291207,0.18356141,1.4352305,650,-1,0.001186227,0,Non-Buzzer
2040677822729945459,2026-04-05 15:23:39+00:00,98,"@Vulpeex Malak. Minta setoran 😂 masalahnya market kita ini gak begitu gede dan kalau publisher mau ignore market indo dan gk mau nurut sama IGRS, mereka gak rugi banyak. Yg paling rugi siapa? Ya gamer indo 😂",2040812617204474130,,Vulpeex,in,,0,1,3,https://x.com/skepticaladhit/status/2040812617204474130,1047888396,skepticaladhit,35,id,keep_id_anchor,False,malak minta setoran masalahnya market kita ini tidak begitu gede dan kalau publisher mau ignore market indo dan gk mau nurut sama igrs mereka tidak rugi banyak yang paling rugi siapa ya gamer indo,[],0,1,196,34,0,102,0,0.3999,0.0182,1,1.0,3.008611111111111,105,1.0,0.0,0.0,0.0,-1,0,0.68504715,0.26863483,0.47498575,-0.82749915,651,-1,0.0013671968,0,Non-Buzzer
2040593488350515441,2026-04-05 15:23:29+00:00,0,"@kemkomdigi Heh! Anda ini ya. Suruh Yang Buat IGRS Itu
DI HAPUS. SUMPAH NGGAK GUNA YA DI STEAM DAH ADA RATINGNYA LEBIH AKURAT DAN TELITI.
DARI PADA IGRS YANG TAK BERGUNA.
DAH SISTEM IGRS BELUM SIAP - ROLL OUT - KENA BACKLASH.
MALAH SALAHIN STEAM. KAN GOBLOK PARAH
GAK USAH MALU2 IN
#HapusIGRS https://t.co/W7iGL6rtKh",2040812578662912410,https://pbs.twimg.com/media/HFJqHaEaQAAXQez.jpg,kemkomdigi,in,,0,0,0,https://x.com/ParkBowie/status/2040812578662912410,1812076684230991872,ParkBowie,55,id,keep_id_anchor,False,heh anda ini ya suruh yang buat igrs itu di hapus sumpah tidak guna ya di steam dah ada ratingnya lebih akurat dan teliti dari pada igrs yang tidak berguna dah sistem igrs belum siap roll out kena backlash malah salahin steam kan goblok parah tidak usah malu in hapusigrs,[],0,1,271,50,0,0,1,0.4226,0.0281,1,1.0,3.0058333333333334,105,1.0,0.0,0.0,0.0,1,0,0.8130597,0.48728228,0.073770255,-0.31849554,652,-1,0.13242973,0,Non-Buzzer
2040812375507632638,2026-04-05 15:22:41+00:00,0,anjir IGRS go international 🤣,2040812375507632638,,,es,,0,0,0,https://x.com/addiwick/status/2040812375507632638,568083715,addiwick,4,en,keep_id_anchor,False,anjir igrs go international,[],0,0,27,4,0,0,1,0.3719,0.0024,1,1.0,2.9925,105,0.0,0.0,0.0,0.0,-1,0,0.68476015,0.14660597,-0.11076525,1.8187582,653,-1,0.00094904436,0,Non-Buzzer
2040812367316152804,2026-04-05 15:22:39+00:00,1,"Sekali buka X setelah sekian lama timeline isinya jadi keributan IGRS doang mending ga usah nerapin IGRS di steam udah universal pake ESRB&amp;PEGI maksa harus serba lokalisasi

mana adu lempar tanggung jawab ke valve, apakah terulang kejadian 1 Agustus 2022 dilempar botol air pipis? https://t.co/yHQoJ3Ys25",2040812367316152804,https://pbs.twimg.com/tweet_video_thumb/HFJsBpSbUAA7SKf.jpg,,in,,0,0,0,https://x.com/YinkoKaelandra/status/2040812367316152804,1266251507713761281,YinkoKaelandra,50,id,keep_id_anchor,False,sekali buka x setelah sekian lama timeline isinya jadi keributan igrs doang mending tidak usah nerapin igrs di steam sudah universal pake esrb pegi maksa harus serba lokalisasi mana adu lempar tanggung jawab ke valve apakah terulang kejadian agustus dilempar botol air pipis,[],0,0,274,43,0,1,1,0.3731,0.0145,2,0.6666666666666666,1.7136111111111112,105,1.0,0.0,0.0,0.0,-1,0,0.73625636,0.3437986,0.40858814,0.034412384,654,-1,0.0025936277,0,Non-Buzzer
2040812197878944068,2026-04-05 15:21:59+00:00,0,"Di block IGRS, Hypervision memberi jalan illegal 😁",2040812197878944068,,,in,,0,0,0,https://x.com/ar_saptra/status/2040812197878944068,473971466,ar_saptra,7,id,keep_id_anchor,False,di block igrs hypervision memberi jalan illegal,[],0,0,47,7,0,0,1,0.5638,0.0023,1,1.0,2.9808333333333334,105,0.0,0.0,0.0,0.0,-1,0,0.47414845,0.21535672,0.31415415,0.6194371,655,-1,0.0011619759,0,Non-Buzzer
2040632418840031503,2026-04-05 15:21:14+00:00,0,@ChiyaChloe @MangAgus_10 Di tambah ada beberapa game yg terancam di blokir sama sialan IGRS ini,2040812008933933476,,ChiyaChloe,in,,0,0,0,https://x.com/miyoomiyoo7/status/2040812008933933476,1402854089914945546,miyoomiyoo7,15,id,keep_id_anchor,False,di tambah ada beberapa game yang terancam di blokir sama sialan igrs ini,[],0,1,72,13,0,0,1,0.5047,0.0044,1,1.0,2.9683333333333333,105,1.0,0.0,0.0,0.0,-1,0,0.8071251,0.38068584,0.15669636,-0.88473237,656,-1,0.010010537,0,Non-Buzzer
2040807937472610686,2026-04-05 15:20:26+00:00,0,kalau komdigi via IGRS buat klasifikasi memang niatnya baik ngapain dipusingin?,2040811809519939907,,anda_winata,in,,0,1,0,https://x.com/anda_winata/status/2040811809519939907,48265005,anda_winata,11,id,keep_id_anchor,False,kalau komdigi via igrs buat klasifikasi memang niatnya baik ngapain dipusingin,[],0,1,78,11,0,1,1,0.4031,0.0116,2,1.0,2.955,105,1.0,1.0,0.0,0.0,-1,0,0.6599715,0.34654605,-0.049092088,0.09635845,657,-1,0.0028841633,0,Non-Buzzer
2040795242203664446,2026-04-05 15:19:11+00:00,0,@hxg_diluc because IGRS sucks,2040811494695448796,,hxg_diluc,en,,0,0,0,https://x.com/yoruisnightt/status/2040811494695448796,1391984310362640384,yoruisnightt,4,en,keep_id_anchor,False,because igrs sucks,[],0,1,18,3,0,0,1,0.5232,0.0017,1,1.0,2.9341666666666666,105,1.0,0.0,0.0,0.0,-1,0,0.7733816,0.3560896,-0.8566667,1.4721037,658,-1,0.0026078061,0,Non-Buzzer
2040448008366793022,2026-04-05 15:18:37+00:00,0,"@LexEx73 That is true, but the actual statement from KomDigi is the game is incorrect on Steam

Edit: IGRS is an upcoming or de facto IARC member that rates digital games; Steam doesn't use IARC ratings so you get a self rating.",2040811352047132750,,LexEx73,en,,0,0,0,https://x.com/ErvinBalboa089/status/2040811352047132750,1573706696274644993,ErvinBalboa089,43,en,keep_id_anchor,False,that is true but the actual statement from komdigi is the game is incorrect on steam edit igrs is an upcoming or de facto iarc member that rates digital games steam doesn t use iarc ratings so you get a self rating,[],0,1,214,42,0,0,1,0.4898,0.0212,1,1.0,2.924722222222222,105,1.0,0.0,0.0,0.0,1,0,0.8086011,0.39514282,-1.1849864,-0.18129498,659,-1,0.035235815,0,Non-Buzzer
2040811113538085342,2026-04-05 15:17:40+00:00,1,IGRS is so fucking AIDS https://t.co/yUN1v8F0Qv,2040811113538085342,https://pbs.twimg.com/media/HFJq5I7bAAAOmom.jpg,,en,,0,0,0,https://x.com/koabenk/status/2040811113538085342,1594528655715471360,koabenk,9,en,keep_id_anchor,False,igrs is so fucking aids,[],0,0,23,5,0,1,1,0.5687,0.0066,1,1.0,2.908888888888889,105,0.0,0.0,0.0,0.0,-1,0,0.7782981,0.27942136,-0.16741538,1.8130708,660,-1,0.001206846,0,Non-Buzzer
2040504588441469018,2026-04-05 15:17:00+00:00,0,@GemaShowIndo Buat apa kalau sama igrs di blok in game game,2040810947363889560,,GemaShowIndo,in,,0,0,0,https://x.com/Neogen176/status/2040810947363889560,1442048635999436805,Neogen176,11,id,keep_id_anchor,False,buat apa kalau sama igrs di blok in game game,[],0,1,45,10,0,0,1,0.351,0.005,2,1.0,2.897777777777778,105,1.0,0.0,0.0,0.0,-1,0,0.8071251,0.3331739,0.3697215,-0.6047964,661,-1,0.0027178081,0,Non-Buzzer
2040810757563224433,2026-04-05 15:16:15+00:00,0,"You know what!? IGRS Itu bodoh sebenernya, karena apa? kebodohan dalam research. lu liat coba, game indo yang ASftU yang dimana tidak ada kekerasan malah 18+ anjir. giliran game bokep 3+ loh bgst,",2040810757563224433,,,in,,0,0,0,https://x.com/bttlen1x_/status/2040810757563224433,1552560546188144640,bttlen1x_,33,id,keep_id_anchor,False,you know what igrs itu bodoh sebenernya karena apa kebodohan dalam research kamu liat coba game indo yang asftu yang dimana tidak ada kekerasan malah anjir giliran game bokep loh bangsat,[],0,0,186,31,0,0,1,0.2464,0.0161,1,1.0,2.8852777777777776,105,0.0,0.0,0.0,0.0,-1,0,0.6871022,0.35999516,0.79764694,-0.28754762,662,-1,0.0035680432,0,Non-Buzzer
2040810689275769036,2026-04-05 15:15:59+00:00,0,"Kayaknya ku pernah predict nintendo bakal support region indonesia akhir tahun ini

Ngeliat IGRS kayak gini sih, makin malas mereka",2040810689275769036,,,in,,0,0,0,https://x.com/Echwazz/status/2040810689275769036,766213487383175168,Echwazz,20,id,keep_id_anchor,False,kayaknya ku pernah predict nintendo bakal support region indonesia akhir tahun ini ngeliat igrs seperti gini sih makin malas mereka,[],0,0,131,20,0,0,1,0.3063,0.0085,1,1.0,2.8808333333333334,105,0.0,0.0,0.0,0.0,-1,0,0.6954607,0.23274055,0.26549223,-0.09124865,663,-1,0.0007972278,0,Non-Buzzer
2040685239228653915,2026-04-05 15:15:53+00:00,0,@iPoopBased IGRS ga belajar dari ESRB?,2040810662574936565,,iPoopBased,in,,0,0,0,https://x.com/freqtions/status/2040810662574936565,4102550845,freqtions,6,id,keep_id_anchor,False,igrs tidak belajar dari esrb,[],0,1,28,5,0,0,1,0.3962,0.0175,1,1.0,2.879166666666667,105,1.0,0.0,0.0,0.0,-1,0,0.6203901,0.23340318,-0.06468799,0.5335999,664,-1,0.0028488445,0,Non-Buzzer
2040810606878740905,2026-04-05 15:15:39+00:00,0,"para homophobes plis dikunci dlu yah mulutnya, saya lgi pusing sama @kemkomdigi nih gara2 IGRS 🖕🖕🖕",2040810606878740905,,,in,,0,0,0,https://x.com/sentriellesche/status/2040810606878740905,1539118295458398208,sentriellesche,15,id,keep_id_anchor,False,para homophobes plis dikunci dlu yah mulutnya saya lgi pusing sama ini gara igrs,[],0,0,80,14,0,0,1,0.5061,0.0059,1,0.5,1.5294444444444444,105,1.0,0.0,0.0,0.0,-1,0,0.6594073,0.20752607,1.8234127,0.38341796,665,-1,0.0019963782,0,Non-Buzzer
2040810430638240054,2026-04-05 15:14:57+00:00,0,"LAGI LAGI DUIT PAJAK DIPAKE BUAT BAYARIN ORANG TOLOLLLL

IGRS TOLOLLL GOBLOGG

TUA BANGKA KOMDIGI MANA PAHAM TEKNOLOGI",2040810430638240054,,,in,,0,0,0,https://x.com/selaluPromo09/status/2040810430638240054,1055726151908261888,selaluPromo09,18,en,keep_id_anchor,False,lagi lagi duit pajak dipake buat bayarin orang tolollll igrs tololll goblogg tua bangka komdigi mana paham teknologi,[],0,0,116,18,0,0,1,0.3994,0.0131,1,1.0,2.863611111111111,105,0.0,0.0,0.0,0.0,-1,0,0.7489233,0.26493853,0.8972601,0.034359157,666,-1,0.0013210161,0,Non-Buzzer
2040807060766589111,2026-04-05 15:01:34+00:00,0,"ajg lah cyberpunk 2077 kena igrs juga, babik lah kalo beneran kena blokir berkurang lagi lah game impian buat di co 😮‍💨",2040807060766589111,,,in,,0,0,0,https://x.com/g00dfella__/status/2040807060766589111,275966148,g00dfella__,21,id,keep_id_anchor,False,anjing lah cyberpunk kena igrs juga babik lah kalau beneran kena blokir berkurang lagi lah game impian buat di co,[],0,0,113,20,0,0,1,0.361,0.0086,1,1.0,2.6405555555555558,105,0.0,0.0,0.0,0.0,-1,0,0.7030407,0.2958969,1.1625469,-0.5327407,667,-1,0.00092779857,0,Non-Buzzer
2040777108415553580,2026-04-05 15:01:15+00:00,0,"@Uzzzzz222 Anying game pekob aj dikasi rating 3+
IGRS ini Indonesia Gooner Rating System kh? Ngajarin anak2 hal2 caboel sedjak dini kh?",2040806980428919155,,Uzzzzz222,in,,0,0,0,https://x.com/OpiniRakyatID/status/2040806980428919155,2030427466599481344,OpiniRakyatID,22,id,keep_id_anchor,False,anying game pekob aj dikasi rating igrs ini indonesia gooner rating system kh ngajarin anak hal caboel sedjak dini kh,[],0,1,117,20,0,0,1,0.7555,0.0135,1,0.5,2.6352777777777776,105,2.0,0.0,0.0,0.0,1,1,0.8430619,0.32042748,-0.55780405,0.5598225,668,-1,0.062633656,0,Non-Buzzer
2040806971956453682,2026-04-05 15:01:13+00:00,2,IGRS (Indonesia Gooners Rating System),2040806971956453682,,,in,,0,0,0,https://x.com/dadarjiwoo/status/2040806971956453682,1554333912612356096,dadarjiwoo,5,en,keep_id_anchor,False,igrs indonesia gooners rating system,[],0,0,36,5,0,2,0,0.7475,0.013,1,1.0,2.6347222222222224,105,0.0,0.0,0.0,0.0,1,0,0.987266,0.3243154,-2.0795941,1.206283,669,-1,0.09166168,0,Non-Buzzer
2040806726514200788,2026-04-05 15:00:14+00:00,0,Reaksi gua terhadap IGRS,2040806726514200788,,,in,,0,0,0,https://x.com/jakasrinugraha4/status/2040806726514200788,611608902,jakasrinugraha4,4,id,keep_id_anchor,False,reaksi saya terhadap igrs,[],0,0,25,4,0,0,1,0.0,0.0,1,1.0,2.618333333333333,105,0.0,0.0,0.0,0.0,-1,0,0.73021364,0.28244528,1.2636745,0.5963054,670,-1,0.0008857602,0,Non-Buzzer
2040775736391508436,2026-04-05 15:00:03+00:00,0,"@anamoelya Kudu liat basically dia diroasting 🤣🤣🤣
Dibantu sama perwakilan AGI juga masih kena 🤣🤣🤣
Disini awal mula bahasan IGRS ini bakal sangsut 🤣🤣🤣",2040806681006010671,,anamoelya,in,,0,1,0,https://x.com/brendybossun/status/2040806681006010671,104105511,brendybossun,21,id,keep_id_anchor,False,kudu liat basically dia diroasting dibantu sama perwakilan agi juga masih kena disini awal mula bahasan igrs ini bakal sangsut,[],0,1,126,20,0,1,1,0.3148,0.0132,1,1.0,2.6152777777777776,105,1.0,0.0,0.0,0.0,-1,0,0.5989531,0.23131421,1.338485,0.27359983,671,-1,0.0010803522,0,Non-Buzzer
2040806667055751347,2026-04-05 15:00:00+00:00,1,"Regulasi ini mewajibkan seluruh penerbit gim (publisher) untuk mengklasifikasikan produk mereka. Lantas, apa saja game yang tidak lolos IGRS atau berisiko dilarang beredar di Indonesia? https://t.co/uNr8jxH9Yu",2040806667055751347,,,in,,0,0,0,https://x.com/mediaindonesia/status/2040806667055751347,68930552,mediaindonesia,29,id,keep_id_anchor,False,regulasi ini mewajibkan seluruh penerbit game publisher untuk mengklasifikasikan produk mereka lantas apa saja game yang tidak lolos igrs atau berisiko dilarang beredar di indonesia,[],0,0,181,25,0,1,1,0.4148,0.0147,1,1.0,2.6144444444444446,105,0.0,0.0,0.0,0.0,-1,0,0.67470527,0.224599,-0.85414624,-0.6380346,672,-1,0.0025004228,0,Non-Buzzer
2040806614077444365,2026-04-05 14:59:47+00:00,4,"Yaaa kan soalnya IGRS itu cuma pengalihan isu buat nutupin kasus tersangka penyerangan aktivis pake air keras yg postingannya diblokir sama @kemkomdigi 

Dan keliatan efektif sekarang. 
banyak yg ketarik ke isu IGRS ini jadinya https://t.co/TYwjTVPkDd",2040806614077444365,https://pbs.twimg.com/media/HFJmuEGbIAAb7gT.jpg,,in,,0,0,0,https://x.com/SorajimaAnzu/status/2040806614077444365,1307372651703222273,SorajimaAnzu,38,id,keep_id_anchor,False,yaaa kan soalnya igrs itu cuma pengalihan isu buat nutupin kasus tersangka penyerangan aktivis pake air keras yang postingannya diblokir sama dan keliatan efektif sekarang banyak yang ketarik ke isu igrs ini jadinya,[],0,0,215,33,0,4,0,0.2832,0.0064,1,0.5,2.6108333333333333,59,0.0,0.0,0.0,0.0,-1,0,0.65981066,0.35395443,0.5965985,-0.12146645,673,-1,0.0016831389,0,Non-Buzzer
2040806315635929347,2026-04-05 14:58:36+00:00,0,eh ngentot ini igrs kalo misalkan lads kena ban gimana babi,2040806315635929347,,,in,,0,0,0,https://x.com/joyminzip/status/2040806315635929347,1574192354717626368,joyminzip,11,tl,keep_id_anchor,False,eh ngentot ini igrs kalau misalkan lads kena ban bagaimana babi,[],0,0,63,11,0,0,1,0.4806,0.0061,1,1.0,2.591111111111111,59,0.0,0.0,0.0,0.0,7,0,0.9147392,0.190018,2.1626842,0.056853812,674,-1,0.021733105,0,Non-Buzzer
2040806314146992614,2026-04-05 14:58:36+00:00,0,"kalo kejadian igrs ini aja ga sampe bikin turun ke jalan dan protes gede gedean, mereka bakal cuek, ya bakal kena semua",2040806314146992614,,,in,,0,0,0,https://x.com/sikoom/status/2040806314146992614,377811005,sikoom,22,id,keep_id_anchor,False,kalau kejadian igrs ini aja tidak sampe bikin turun ke jalan dan protes gede gedean mereka bakal cuek ya bakal kena semua,[],0,0,121,22,0,0,1,0.2547,0.0153,1,1.0,2.591111111111111,59,0.0,0.0,0.0,0.0,-1,0,0.7284109,0.23035035,1.6036042,0.10566588,675,-1,0.0020055405,0,Non-Buzzer
2040806181086900250,2026-04-05 14:58:04+00:00,0,apcb igrs najisnyaaa,2040806181086900250,,,sl,,0,0,0,https://x.com/allatonve/status/2040806181086900250,1902000892611887104,allatonve,3,so,keep_id_anchor,False,apcb igrs najisnyaaa,[],0,0,20,3,0,0,1,0.0,0.0,1,1.0,2.582222222222222,59,0.0,0.0,0.0,0.0,0,0,0.84817356,0.3261423,0.76892394,1.0245959,676,-1,0.0058128894,0,Non-Buzzer
2040463227902124480,2026-04-05 14:56:53+00:00,13,"@PHN316 Sekilas lihat akun sosmed IGRS isinya, 'resiko adiksi game pada anak', 'anak susah lepas dari gim', dan 'si kecil sibuk sama layar sendiri'. Sepertinya program ini dibuat oleh tim yang membenci game dan memang memiliki bias negatif.",2040805882808922290,,PHN316,in,,0,1,0,https://x.com/mpandu_nky/status/2040805882808922290,51931960,mpandu_nky,38,id,keep_id_anchor,False,sekilas lihat akun sosmed igrs isinya resiko adiksi game pada anak anak susah lepas dari game dan si kecil sibuk sama layar sendiri sepertinya program ini dibuat oleh tim yang membenci game dan memang memiliki bias negatif,[],0,1,222,37,0,14,0,0.3764,0.011,2,1.0,2.1755555555555555,59,2.0,0.0,0.0,0.0,1,1,0.87106407,0.42236733,-0.4887293,-0.7766075,677,-1,0.9243629,1,Buzzer
2040796778522693847,2026-04-05 14:55:41+00:00,0,"@soundofyaps ktanya ada transaksi pembelian dalam game sama gamenya based online chat... ya... kan gimnya f2p... trus top up adalah kemauan masing-masing...
i mean.. kriteria IGRS nya ga jelas..",2040805580240252930,,soundofyaps,in,,0,1,0,https://x.com/onyourtabs/status/2040805580240252930,1408982412697038850,onyourtabs,30,id,keep_id_anchor,False,ktanya ada transaksi pembelian dalam game sama gamenya based online chat ya kan gimnya f p trus top up adalah kemauan masing masing i mean kriteria igrs nya tidak jelas,[],0,1,168,30,0,1,1,0.3495,0.011,1,1.0,2.5425,59,1.0,0.0,0.0,0.0,-1,0,0.6896074,0.32843056,-0.5192016,-0.43957388,678,-1,0.001948558,0,Non-Buzzer
2040805114978632117,2026-04-05 14:53:50+00:00,0,"IGRS, lu tuh gak main game selain game porno kan? coba deh main sekali kali ke game lain, game nya gak berbau porno, emg otak lu aja kali cabul",2040805114978632117,,,in,,0,0,0,https://x.com/__hanaeruu/status/2040805114978632117,1491802121372454925,__hanaeruu,29,id,keep_id_anchor,False,igrs kamu itu tidak main game selain game porno kan coba deh main sekali kali ke game lain game nya tidak berbau porno emg otak kamu aja kali cabul,[],0,0,147,29,0,0,1,0.2975,0.0187,1,1.0,2.5116666666666667,59,0.0,0.0,0.0,0.0,-1,0,0.6960488,0.29004884,0.8916598,-1.1399368,679,-1,0.0019206501,0,Non-Buzzer
2040685239228653915,2026-04-05 14:52:40+00:00,2,@iPoopBased si tita ini yapping main game juga paling candy crush ama si entot deepspace. banyak bacot nih IGRS &amp; Komdigi.,2040804822769864737,,iPoopBased,in,,0,0,0,https://x.com/Arazoors/status/2040804822769864737,316940971,Arazoors,21,id,keep_id_anchor,False,si tita ini yapping main game juga paling candy crush sama si entot deepspace banyak bacot ini igrs komdigi,[],0,1,107,19,0,2,0,0.6389,0.0114,1,1.0,2.4922222222222223,59,1.0,0.0,0.0,0.0,-1,0,0.6882074,0.34032223,0.8372939,-0.089955315,680,-1,0.00911439,0,Non-Buzzer
2040685239228653915,2026-04-05 14:52:35+00:00,0,"@kulukuluez @iPoopBased @id_fm @kemkomdigi Ok, disclaimer. IGRS ini gw gk dukung ya, gw juga sangat bertentangan. Karena bukan nya sistem parentak controo, tapi game nya diminta berubah.  Siap siap GTA VI ""Indonesian Edition"" 🤣 Tolol si. 

Tapi, kalau FIFA/EAFC, Gacha nya itu bahaya lo. Pemain FUT pasti paham banget.",2040804799843815631,,kulukuluez,in,,0,1,0,https://x.com/eatalot23/status/2040804799843815631,1783585600848965634,eatalot23,49,id,keep_id_anchor,False,ok disclaimer igrs ini saya gk dukung ya saya juga sangat bertentangan karena bukan nya sistem parentak controo tapi game nya diminta berubah siap siap gta vi indonesian edition tolol si tapi kalau fifa eafc gacha nya itu bahaya kamu pemain fut pasti paham banget,[],0,1,263,45,0,1,1,0.3496,0.0162,1,1.0,2.4908333333333332,59,1.0,0.0,0.0,0.0,-1,0,0.70187724,0.3720497,0.11061481,-0.15327373,681,-1,0.0031954555,0,Non-Buzzer
2040804781720236267,2026-04-05 14:52:30+00:00,0,malu bgt igrs masuk sini tolol,2040804781720236267,,,in,,0,0,0,https://x.com/no_octis/status/2040804781720236267,938767068295438338,no_octis,6,et,keep_id_anchor,False,malu banget igrs masuk sini tolol,[],0,0,33,6,0,0,1,0.5384,0.0109,1,1.0,2.4894444444444446,59,0.0,0.0,0.0,0.0,0,0,0.9216746,0.25321028,2.1716106,0.41992006,682,-1,0.14045204,0,Non-Buzzer
2040804437665722780,2026-04-05 14:51:08+00:00,0,Keliatannya mulai kontol nih IGRS dengan Boomer2 di dalamnya #IGRS,2040804437665722780,,,in,,0,0,0,https://x.com/RoadsidePleb/status/2040804437665722780,834452904538877952,RoadsidePleb,10,id,keep_id_anchor,False,keliatannya mulai kontol ini igrs dengan boomer di dalamnya igrs,[],0,0,64,10,0,0,1,0.6965,0.008,1,1.0,2.466666666666667,59,0.0,0.0,0.0,0.0,-1,0,0.78024524,0.2718541,1.1465093,0.19802843,683,-1,0.0011797149,0,Non-Buzzer
2040804262612222239,2026-04-05 14:50:27+00:00,0,"lah yg begitu mah 18+ kali? wong menurut komdigi (IGRS), yg kyk Nukitashi itu buat batita. ratingnya 3+ tuh. https://t.co/HTewtGY04f",2040804262612222239,https://pbs.twimg.com/media/HFJkWAAaAAAS_OS.jpg,,in,,0,0,0,https://x.com/AnimindoNet/status/2040804262612222239,294417475,AnimindoNet,23,id,keep_id_anchor,False,lah yang begitu mah kali wong menurut komdigi igrs yang seperti nukitashi itu buat batita ratingnya itu,[],0,0,103,17,0,0,1,0.4881,0.0138,1,0.5,2.455277777777778,59,0.0,0.0,0.0,0.0,-1,0,0.84019697,0.25359938,1.0592006,-0.23615171,684,-1,0.28750753,0,Non-Buzzer
2040804243918237827,2026-04-05 14:50:22+00:00,1,"@kemkomdigi kalian ngapain ngurus beginian, kalo gw kepingin punya colony di Dutch East Indies ga boleh gitu? Atau ga boleh punya pemerintahan yg tidak oligarchic di game? Dariapada bikin rating IGRS ga jelas, mending tuh ngurusin judol sana https://t.co/9ly7R6Vvk1",2040804243918237827,https://pbs.twimg.com/media/HFJj2MuagAAO7Up.jpg,kemkomdigi,in,,0,0,1,https://x.com/ivanws88/status/2040804243918237827,1671478521510887426,ivanws88,42,id,keep_id_anchor,False,kalian ngapain ngurus beginian kalau saya kepingin punya colony di dutch east indies tidak boleh gitu atau tidak boleh punya pemerintahan yang tidak oligarchic di game dariapada bikin rating igrs tidak jelas mending itu ngurusin judol sana,[],0,1,239,37,0,2,0,0.5029,0.0301,1,1.0,2.453888888888889,59,1.0,0.0,0.0,0.0,-1,0,0.5846863,0.28553504,0.7575508,-0.44166097,685,-1,0.007668636,0,Non-Buzzer
2040803606312738915,2026-04-05 14:47:50+00:00,7,"Kalo sampai Onimusha: Way of The Sword tidak rilis di Indonesia akibat kebijakan IGRS ini, SAYA AKAN LAWAN! SAYA MASIH MAMPU!

https://t.co/gkqKtce67g https://t.co/CsUD8DtTGS",2040803606312738915,https://pbs.twimg.com/media/HFJkDlhbAAA8O53.jpg,,in,,0,1,2,https://x.com/ekawicaksana/status/2040803606312738915,195743412,ekawicaksana,29,id,keep_id_anchor,False,kalau sampai onimusha way of the sword tidak rilis di indonesia akibat kebijakan igrs ini saya akan lawan saya masih mampu,[],0,0,122,21,0,10,0,0.3274,0.0258,1,0.3333333333333333,2.4116666666666666,59,1.0,8.0,0.0,0.0,-1,0,0.5595952,0.244919,0.72335744,0.22674191,686,-1,0.0043625976,0,Non-Buzzer
2040803351429017929,2026-04-05 14:46:49+00:00,0,ANJ APA2AN GAME BOLA BEGINI DPT RATING 18+. KAN GAK ADA ADEGAN DEWASA. YE TOLOL IGRS,2040803351429017929,,,in,,0,0,0,https://x.com/LewatTolJORR/status/2040803351429017929,847381304,LewatTolJORR,16,so,keep_id_anchor,False,anj apa an game bola begini dpt rating kan tidak ada adegan dewasa ye tolol igrs,[],0,0,80,16,0,0,1,0.3314,0.0123,1,1.0,2.394722222222222,59,0.0,0.0,0.0,0.0,-1,0,0.7088706,0.35587564,0.3325237,-0.6303686,687,-1,0.0023313654,0,Non-Buzzer
2040803082267934894,2026-04-05 14:45:45+00:00,0,Rame IGRS nich,2040803082267934894,,,sl,,0,0,0,https://x.com/kenarpramodana/status/2040803082267934894,89721136,kenarpramodana,3,de,keep_id_anchor,False,rame igrs nich,[],0,0,14,3,0,0,1,0.6158,0.0044,1,1.0,2.3769444444444443,59,0.0,0.0,0.0,0.0,0,0,0.8802484,0.24674124,1.4070225,0.78698874,688,-1,0.011310858,0,Non-Buzzer
2040802979440476622,2026-04-05 14:45:21+00:00,0,somehow IGRS flagged tekken 8 has gambling content but thats HIGHKEY TRUE 🥀,2040802979440476622,,,en,,0,0,0,https://x.com/ambaruw0/status/2040802979440476622,1250685621368057856,ambaruw0,12,en,keep_id_anchor,False,somehow igrs flagged tekken has gambling content but thats highkey true,[],0,0,71,11,0,0,1,0.252,0.0031,1,1.0,2.370277777777778,59,0.0,0.0,0.0,0.0,-1,0,0.6198251,0.31665128,-0.6342164,0.03103091,689,-1,0.0009773741,0,Non-Buzzer
2040684902866411853,2026-04-05 14:45:10+00:00,0,@RRDelusi itu game2 slot dan judol ada rating IGRS nya juga apa emang udah immune dari rating2an? @kemkomdigi,2040802934683037798,,RRDelusi,in,,0,0,1,https://x.com/thmsky/status/2040802934683037798,248756529,thmsky,18,id,keep_id_anchor,False,itu game slot dan judol ada rating igrs nya juga apa emang sudah immune dari rating an,[],0,1,86,17,0,1,1,0.4199,0.0097,1,1.0,2.3672222222222223,59,1.0,0.0,0.0,0.0,-1,0,0.77160794,0.40946284,-1.0153767,-0.33494288,690,-1,0.0036641436,0,Non-Buzzer
2040802782790521294,2026-04-05 14:44:34+00:00,1,rating igrs terhadap um*musume itu benar krn I'm tryna banging those horse ngl https://t.co/2xNRASBszi,2040802782790521294,https://pbs.twimg.com/tweet_video_thumb/HFJjTi8agAAmP7w.jpg,,in,,0,0,0,https://x.com/regredt/status/2040802782790521294,1442417240947658756,regredt,19,id,keep_id_anchor,False,rating igrs terhadap um musume itu benar karena i m tryna banging those horse ngl,[],0,0,81,15,0,1,1,0.4649,0.001,1,1.0,2.357222222222222,59,0.0,0.0,0.0,0.0,-1,0,0.68333006,0.33165503,0.25977334,0.85058093,691,-1,0.0029024745,0,Non-Buzzer
2040742781946392682,2026-04-05 14:42:24+00:00,23,"@katanyajoko udah banyak, narasinya IGRS tuh self-declare oleh developer sendiri https://t.co/YPP2SDcowB",2040802237820350508,https://pbs.twimg.com/media/HFJi0KrbUAAfAvx.jpg,katanyajoko,in,,0,4,0,https://x.com/ramagedd0n/status/2040802237820350508,389899487,ramagedd0n,15,id,keep_id_anchor,False,sudah banyak narasinya igrs itu self declare oleh developer sendiri,[],0,1,67,10,0,27,0,0.5796,0.0147,1,0.5,2.321111111111111,59,1.0,0.0,0.0,0.0,-1,0,0.6427706,0.2501215,-0.3785574,0.33738396,692,-1,0.009638398,0,Non-Buzzer
2040723293934858337,2026-04-05 14:41:28+00:00,0,"@toshibatv_id Kenapa ga ikut ESRB aja ya? Nanti dari situ bisa disesuaikan dengan kriteria yg ditentukan IGRS. Jangan malah asal kasih rating yg jadinya ga sesuai isi game. Contoh aja, Red Dead Redemption jadi 3+. Memangnya cocok untuk balita?",2040802003258077600,,toshibatv_id,in,,0,0,0,https://x.com/bobihart/status/2040802003258077600,122710413,bobihart,39,id,keep_id_anchor,False,mengapa tidak ikut esrb aja ya nanti dari situ bisa disesuaikan dengan kriteria yang ditentukan igrs jangan malah asal kasih rating yang jadinya tidak sesuai isi game contoh aja red dead redemption jadi memangnya cocok untuk balita,[],0,1,231,37,0,0,1,0.2476,0.0198,1,1.0,2.3055555555555554,59,1.0,0.0,0.0,0.0,-1,0,0.62641037,0.3263492,-0.0941412,-0.7217407,693,-1,0.0021878611,0,Non-Buzzer
2040801848811270555,2026-04-05 14:40:51+00:00,5,makaciiiiii hadiahnya 😘 sehat2 orang baik. Aku mungkin mainin dan review ini. sebelum diban akibat rating nyawit IGRS https://t.co/QyEtsEZDTY,2040801848811270555,https://pbs.twimg.com/media/HFJh9frbgAAbeZM.png,,in,,0,0,0,https://x.com/RuuRirina/status/2040801848811270555,1563228432565420033,RuuRirina,21,id,keep_id_anchor,False,makaciiiiii hadiahnya sehat orang baik aku mungkin mainin dan review ini sebelum diban akibat rating nyawit igrs,[],0,0,112,17,0,5,0,0.4799,0.0095,1,0.5,1.0266666666666666,59,0.0,0.0,0.0,0.0,-1,0,0.75185645,0.35580504,0.4136724,0.4819964,694,-1,0.003479755,0,Non-Buzzer
2040801699980591451,2026-04-05 14:40:16+00:00,0,wkwk klo gw jdi rockstar suruh blur gta 6 buat sistem igrs mah mending gw skip market indo..,2040801699980591451,,,in,,0,0,0,https://x.com/myouiminskuy/status/2040801699980591451,356224114,myouiminskuy,18,id,keep_id_anchor,False,wkwk kalau saya jdi rockstar suruh blur gta buat sistem igrs mah mending saya skip market indo,[],0,0,94,17,0,0,1,0.3633,0.0105,1,1.0,2.2855555555555553,59,0.0,0.0,0.0,0.0,-1,0,0.51634777,0.22848542,0.9517425,0.39191347,695,-1,0.0008857483,0,Non-Buzzer
2040800704642912511,2026-04-05 14:36:36+00:00,1,"5. Tierlist ANJENG BERANTEM KITA YOK. Tierlist ini beneran menguras energi aku, aku marah banget waktu di stream sama keputusan IGRS seperti mereka nggak ada akal sehat. Kita bahas Upin ipin. Terlepas dari gameplaynya yang jelek. IP Upin Ipin ini emang ditujukan untuk anak-anak,",2040800778819096643,,peter_parkour12,in,,0,1,0,https://x.com/peter_parkour12/status/2040800778819096643,1277631957493399553,peter_parkour12,45,id,keep_id_anchor,False,tierlist anjeng berantem kita yok tierlist ini beneran menguras energi aku aku marah banget waktu di stream sama keputusan igrs seperti mereka tidak ada akal sehat kita bahas upin ipin terlepas dari gameplaynya yang jelek ip upin ipin ini emang ditujukan untuk anak anak,[],0,1,270,44,0,2,0,0.628,0.0131,3,1.0,2.2197222222222224,59,0.0,0.0,0.0,0.0,-1,0,0.70244205,0.43670902,0.36256564,-0.26980793,696,-1,0.05731109,0,Non-Buzzer
2040800704642912511,2026-04-05 14:36:24+00:00,1,Lalu game yang keliatannya tidak ada unsur dewasa tapi masuk 18+ karena game itu menyediakan open public voice. Ini karena kayaknya IGRS ingin melindung anak kecil agar nggak berinteraksi ama gamer dewasa.,2040800729649266963,,peter_parkour12,in,,0,1,0,https://x.com/peter_parkour12/status/2040800729649266963,1277631957493399553,peter_parkour12,32,id,keep_id_anchor,False,lalu game yang keliatannya tidak ada unsur dewasa tapi masuk karena game itu menyediakan open public voice ini karena kayaknya igrs ingin melindung anak kecil agar tidak berinteraksi sama gamer dewasa,[],0,1,200,31,0,2,0,0.4328,0.0187,3,1.0,2.2197222222222224,59,0.0,0.0,0.0,0.0,-1,0,0.77506423,0.33311868,-0.3201039,-1.2327302,697,-1,0.006206234,0,Non-Buzzer
2040800704642912511,2026-04-05 14:36:19+00:00,1,"1. Penjelasan Tierlist
Unrated = belum dirating IGRS
Make sense = Aku dan Igrs sepakat rating yang dikasih sesuai
Understandable = Beberapa point aku nggak setuju dengan point IGRS, tapi aku paham kenapa game itu dimasukan ke rating tersebut",2040800708883325276,,peter_parkour12,in,,0,1,0,https://x.com/peter_parkour12/status/2040800708883325276,1277631957493399553,peter_parkour12,36,id,keep_id_anchor,False,penjelasan tierlist unrated belum dirating igrs make sense aku dan igrs sepakat rating yang dikasih sesuai understandable beberapa point aku tidak setuju dengan point igrs tapi aku paham mengapa game itu dimasukan ke rating tersebut,[],0,1,232,35,0,2,0,0.3176,0.0154,3,1.0,2.2197222222222224,59,0.0,0.0,0.0,0.0,-1,0,0.7901839,0.4250182,-1.0537771,-0.20660768,698,-1,0.009684306,0,Non-Buzzer
2040711244660068645,2026-04-05 14:35:41+00:00,31,"@mediterariaa_ Bayangin deh kalo gta 6 rilis terus IGRS bilang ke rockstar ""bang, ini demi bisa masuk Indonesia senjatanya di blur ya. Sama kalo bisa ngga usah ada misi perampokan, apalagi nunjukin polisi nembak rakyat"" 🙏🏻🙏🏻",2040800548665102448,,mediterariaa_,in,,0,2,0,https://x.com/ItsmeMauwi/status/2040800548665102448,1006362849394884609,ItsmeMauwi,35,id,keep_id_anchor,False,bayangin deh kalau gta rilis terus igrs bilang ke rockstar bang ini demi bisa masuk indonesia senjatanya di blur ya sama kalau bisa tidak usah ada misi perampokan apalagi nunjukin polisi nembak rakyat,[],0,1,200,33,0,33,0,0.3186,0.0182,1,1.0,2.2091666666666665,59,1.0,0.0,0.0,0.0,-1,0,0.54476017,0.24611439,0.97370374,0.14402425,699,-1,0.0015303334,0,Non-Buzzer
2040800370092548271,2026-04-05 14:34:59+00:00,0,"I despise censorship A LOT.

And this fuckass IGRS is handled by the government who can't even do shit. This IGRS system will surpress pop media and culture distributions. And we can't even enjoy and have good shit",2040800370092548271,,,en,,0,0,0,https://x.com/eonoeonoe/status/2040800370092548271,1344299289724391426,eonoeonoe,40,en,keep_id_anchor,False,i despise censorship a lot and this fuckass igrs is handled by the government who can t even do shit this igrs system will surpress pop media and culture distributions and we can t even enjoy and have good shit,[],0,0,210,40,0,0,1,0.3578,0.0143,2,1.0,2.108888888888889,59,0.0,0.0,0.0,0.0,-1,0,0.6712039,0.29113603,-0.15215951,0.3539411,700,-1,0.0023749527,0,Non-Buzzer
2040686995249533039,2026-04-05 14:33:40+00:00,0,"@AADGPodcast Melihat dari akun IG IGRS, kebanyakan isinya adalah tentang 'penanganan kecanduan gim', 'membatasi waktu main gim', dan 'jangan biarkan si kecil lihat layar terus'. Sepertinya memang program yang dirancang oleh orang-orang yang membenci game dan sudah punya bias negatif.",2040800040533574088,,AADGPodcast,in,,0,0,0,https://x.com/mpandu_nky/status/2040800040533574088,51931960,mpandu_nky,41,id,keep_id_anchor,False,melihat dari akun ig igrs kebanyakan isinya adalah tentang penanganan kecanduan game membatasi waktu main game dan jangan biarkan si kecil lihat layar terus sepertinya memang program yang dirancang oleh orang orang yang membenci game dan sudah punya bias negatif,[],0,1,262,40,0,0,1,0.3798,0.0159,2,1.0,2.1755555555555555,59,2.0,0.0,0.0,0.0,1,1,0.87106407,0.40081927,-0.82233566,-0.54678565,701,-1,0.98642504,1,Buzzer
2040799905233735857,2026-04-05 14:33:08+00:00,0,"Buka X:
-IGRS bikin game di indo kacau
-Fans arsenal sibuk mukul ke fanbase sana sini tapi nginjek kaki sendiri https://t.co/RDRa9PtrOW",2040799905233735857,https://pbs.twimg.com/tweet_video_thumb/HFJgon9a4AAHZOw.jpg,,in,,0,0,0,https://x.com/Lidik58/status/2040799905233735857,2011890540271525888,Lidik58,24,id,keep_id_anchor,False,buka x igrs bikin game di indo kacau fans arsenal sibuk mukul ke fanbase sana sini tapi nginjek kaki sendiri,[],0,0,108,20,0,0,1,0.2604,0.0086,2,1.0,2.071111111111111,59,1.0,0.0,0.0,0.0,-1,0,0.6308954,0.2787597,1.012422,0.11535321,702,-1,0.00086993753,0,Non-Buzzer
2040799549263171965,2026-04-05 14:31:43+00:00,160,you would think youll see diluc butt oily naked in the dawn winery with the way igrs labelled it https://t.co/17x1LRcp11,2040799549263171965,https://pbs.twimg.com/media/HFJgX85aQAAVmNz.jpg,,en,,0,4,14,https://x.com/dayakdiluc/status/2040799549263171965,1975542210314838020,dayakdiluc,23,en,keep_id_anchor,False,you would think youll see diluc butt oily naked in the dawn winery with the way igrs labelled it,[],0,0,96,19,0,178,0,0.4483,0.0126,1,1.0,2.1430555555555557,59,0.0,0.0,0.0,0.0,-1,0,0.52253175,0.17648704,1.3077543,0.8470402,703,-1,0.003944462,0,Non-Buzzer
2040736921580908927,2026-04-05 14:30:58+00:00,1,@iPoopBased Fax. Fuck ea and sports game in general tapi lebih fuck komdigi &amp; igrs 👍,2040799362138435776,,iPoopBased,in,,0,0,0,https://x.com/CuntofMadrid/status/2040799362138435776,3180183638,CuntofMadrid,15,en,keep_id_anchor,False,fax fuck ea and sports game in general tapi lebih fuck komdigi igrs,[],0,1,67,13,0,1,1,0.6987,0.014,1,0.5,1.1152777777777778,59,1.0,0.0,0.0,0.0,-1,0,0.62542176,0.3136974,-0.13283154,0.29358098,704,-1,0.012767148,0,Non-Buzzer
2040799348280402184,2026-04-05 14:30:55+00:00,0,"My whole timeline in X is all about IGRS... 🗿
I can't man... the ppl that made the rules can't even understand the spesific genre that literally stated there",2040799348280402184,,,en,,0,0,0,https://x.com/Hay_yatto9/status/2040799348280402184,1574199383465537536,Hay_yatto9,30,en,keep_id_anchor,False,my whole timeline in x is all about igrs i can t man the ppl that made the rules can t even understand the spesific genre that literally stated there,[],0,0,149,30,0,0,1,0.3537,0.0153,1,1.0,2.129722222222222,59,0.0,0.0,0.0,0.0,-1,0,0.55687565,0.2949287,-0.43890026,0.8545441,705,-1,0.0025735581,0,Non-Buzzer
2040798396672573814,2026-04-05 14:29:40+00:00,0,Fuck IGRS all my homies hate IGRS,2040799035645444523,,eonoeonoe,en,,0,0,0,https://x.com/eonoeonoe/status/2040799035645444523,1344299289724391426,eonoeonoe,7,en,keep_id_anchor,False,fuck igrs all my homies hate igrs,[],0,1,33,7,0,0,1,0.4036,0.0052,2,1.0,2.108888888888889,59,0.0,0.0,0.0,0.0,-1,0,0.7733816,0.30935457,0.12039061,1.8117925,706,-1,0.001087143,0,Non-Buzzer
2040792704175513733,2026-04-05 14:29:37+00:00,1,@cqlumbina_ @GenshinUniverse It's kinda ironic that the one who rated IGRS are from AI,2040799023096009144,,cqlumbina_,en,,0,0,0,https://x.com/RaisShawer/status/2040799023096009144,957047906594205696,RaisShawer,15,en,keep_id_anchor,False,it s kinda ironic that the one who rated igrs are from ai,[],0,1,57,13,0,1,1,0.4249,0.0107,2,1.0,2.089166666666667,59,2.0,0.0,0.0,0.0,-1,0,0.69245267,0.3432246,-0.80422604,1.432792,707,-1,0.009065812,0,Non-Buzzer
2040799007757455647,2026-04-05 14:29:34+00:00,0,IGRS dari Komdongo benerin wir,2040799007757455647,,,in,,0,0,0,https://x.com/ahmedfahrizal_/status/2040799007757455647,938425477890371584,ahmedfahrizal_,5,id,keep_id_anchor,False,igrs dari komdongo benerin wir,[],0,0,30,5,0,0,1,0.4189,0.0046,1,1.0,2.107222222222222,59,0.0,0.0,0.0,0.0,0,0,0.9338811,0.33504513,1.4793415,0.60704195,708,-1,0.032252863,0,Non-Buzzer
2040792704175513733,2026-04-05 14:28:29+00:00,0,"@GenshinUniverse Pasti yg ngelola IGRS ama AI, ga kaget kalo itu bener.",2040798737103278555,,GenshinUniverse,in,,0,1,0,https://x.com/RaisShawer/status/2040798737103278555,957047906594205696,RaisShawer,12,id,keep_id_anchor,False,pasti yang ngelola igrs sama ai tidak kaget kalau itu benar,[],0,1,59,11,0,1,1,0.3765,0.0132,2,1.0,2.089166666666667,59,2.0,0.0,0.0,0.0,-1,0,0.66841674,0.2759612,1.2475532,-0.16438802,709,-1,0.0024730572,0,Non-Buzzer
2040685239228653915,2026-04-05 14:28:05+00:00,0,@iPoopBased Beli mahal mahal gta 6 terus di blur wkwkk anjing kyk pede tuh rockstar mau ngikutin regulasi igrs,2040798636007977060,,iPoopBased,in,,0,1,0,https://x.com/Ekokucayy/status/2040798636007977060,1632022321,Ekokucayy,19,id,keep_id_anchor,False,beli mahal mahal gta terus di blur wkwkk anjing seperti pede itu rockstar mau ngikutin regulasi igrs,[],0,1,100,17,0,1,1,0.5972,0.0072,1,1.0,2.0825,59,1.0,0.0,0.0,0.0,-1,0,0.677936,0.30329543,0.9065858,-0.03595234,710,-1,0.0013149625,0,Non-Buzzer
2040733804860694839,2026-04-05 14:27:24+00:00,15,"@wordfangs Lagi liat TL IGRS ngaco sambil di tampolin iklan  judol didepan muka, peak moment",2040798461835288850,,wordfangs,in,,0,0,1,https://x.com/Lidik58/status/2040798461835288850,2011890540271525888,Lidik58,15,id,keep_id_anchor,False,lagi liat tl igrs ngaco sambil di tampolin iklan judol didepan muka peak moment,[],0,1,79,14,0,16,0,0.4026,0.0088,2,1.0,2.071111111111111,59,1.0,0.0,0.0,0.0,-1,0,0.61401206,0.2768951,1.229554,0.27956557,711,-1,0.0009146669,0,Non-Buzzer
2040798323129630773,2026-04-05 14:26:51+00:00,0,"Bener-bener institusi ini, keknya harusnya ada more urgent matters yang harus diselesaikan deh daripada soal IGRS ini 🙂‍↔️🙂‍↔️",2040798323129630773,,,in,,0,0,0,https://x.com/_jrblaze/status/2040798323129630773,351470934,_jrblaze,18,id,keep_id_anchor,False,benar benar institusi ini keknya harusnya ada more urgent matters yang harus diselesaikan deh daripada soal igrs ini,[],0,0,116,18,0,0,1,0.6121,0.004,1,1.0,2.0619444444444444,59,0.0,0.0,0.0,0.0,-1,0,0.6252489,0.22015001,0.70275676,-0.18135138,712,-1,0.0012015136,0,Non-Buzzer
2040798195404705914,2026-04-05 14:26:31+00:00,0,"Jadi kesimpulannya: IGRS lagi jadi bahan meme nasional hari ini karena rating anehnya, dan eFootball kebagian “predikat balita-friendly”😅😅😅",2040798241214861671,,bananaefootball,in,,0,0,0,https://x.com/bananaefootball/status/2040798241214861671,1723949519476514816,bananaefootball,19,id,keep_id_anchor,False,jadi kesimpulannya igrs lagi jadi bahan meme nasional hari ini karena rating anehnya dan efootball kebagian predikat balita friendly,[],0,1,132,19,0,0,1,0.4705,0.0023,7,1.0,2.0533333333333332,59,0.0,0.0,0.0,0.0,-1,0,0.6567557,0.40135092,0.054340802,0.14185739,713,-1,0.005671567,0,Non-Buzzer
2040798195404705914,2026-04-05 14:26:29+00:00,0,"eFootball dapet rating IGRS 3+ (artinya cocok buat anak usia 3 tahun ke atas)

Bandingin sama game bola lain:  
- eFootball → 3+  
- FC 26 → 18+  
- Football Manager 26 → 3+  
- UFL → Pending",2040798232184582289,,bananaefootball,in,,0,1,0,https://x.com/bananaefootball/status/2040798232184582289,1723949519476514816,bananaefootball,30,id,keep_id_anchor,False,efootball dapet rating igrs artinya cocok buat anak usia tahun ke atas bandingin sama game bola lain efootball fc football manager ufl pending,[],0,1,142,23,0,1,1,0.2867,0.0084,7,1.0,2.0533333333333332,59,0.0,0.0,0.0,0.0,-1,0,0.7457713,0.3156456,-0.9396892,0.3762476,714,-1,0.0014889097,0,Non-Buzzer
2040798195404705914,2026-04-05 14:26:28+00:00,1,• Update resmi IGRS hari ini bilang rating di Steam masih self-declared. Komdigi juga menegaskan bahwa tampilan IGRS pada sejumlah gim di Steam bukan merupakan hasil klarifikasi resmi yang dikeluarkan oleh pemerintah. (Portal Komdigi),2040798228401258670,,bananaefootball,in,,0,1,0,https://x.com/bananaefootball/status/2040798228401258670,1723949519476514816,bananaefootball,34,id,keep_id_anchor,False,update resmi igrs hari ini bilang rating di steam masih self declared komdigi juga menegaskan bahwa tampilan igrs pada sejumlah game di steam bukan merupakan hasil klarifikasi resmi yang dikeluarkan oleh pemerintah portal komdigi,[],0,1,229,34,0,2,0,0.3255,0.0279,7,1.0,2.0533333333333332,59,0.0,0.0,0.0,0.0,1,0,0.82320195,0.3883092,-1.3359786,0.48860058,715,-1,0.5858337,0,Non-Buzzer
2040798195404705914,2026-04-05 14:26:26+00:00,0,"Steam kasih warning ke publisher: “Kalau nggak ada IGRS valid, game lo ilang dari toko buat customer Indo.”",2040798220750831803,,bananaefootball,in,,0,1,0,https://x.com/bananaefootball/status/2040798220750831803,1723949519476514816,bananaefootball,18,id,keep_id_anchor,False,steam kasih warning ke publisher kalau tidak ada igrs valid game kamu ilang dari toko buat customer indo,[],0,1,104,18,0,1,1,0.4517,0.0185,7,1.0,2.0533333333333332,59,0.0,0.0,0.0,0.0,-1,0,0.7024593,0.374544,-0.20356022,-0.0631177,716,-1,0.012675245,0,Non-Buzzer
2040798195404705914,2026-04-05 14:26:25+00:00,1,"• Kasus yang lagi terjadi
Ini yang bikin X panas banget hari ini:

- Steam lagi ngikut aturan IGRS. Mulai sekarang, game yang nggak punya rating IGRS resmi bakal nggak muncul buat user di Indonesia.",2040798216506237351,,bananaefootball,in,,0,1,0,https://x.com/bananaefootball/status/2040798216506237351,1723949519476514816,bananaefootball,33,id,keep_id_anchor,False,kasus yang lagi terjadi ini yang bikin x panas banget hari ini steam lagi ngikut aturan igrs mulai sekarang game yang tidak punya rating igrs resmi bakal tidak muncul buat user di indonesia,[],0,1,189,33,0,2,0,0.326,0.0296,7,1.0,2.0533333333333332,59,0.0,0.0,0.0,0.0,-1,0,0.7741879,0.4448169,-0.494914,-0.13629386,717,-1,0.03451092,0,Non-Buzzer
2040798195404705914,2026-04-05 14:26:22+00:00,0,"• Apa itu IGRS??

IGRS = Indonesian Game Rating System (atau Klasifikasi Permainan Interaktif Elektronik / KPIE). 

Ini sistem rating umur resmi buat game digital di Indonesia yang dikelola sama Kementerian Komunikasi dan Digital (Komdigi).",2040798201129869585,,bananaefootball,in,,0,1,0,https://x.com/bananaefootball/status/2040798201129869585,1723949519476514816,bananaefootball,32,id,keep_id_anchor,False,apa itu igrs igrs indonesian game rating system atau klasifikasi permainan interaktif elektronik kpie ini sistem rating umur resmi buat game digital di indonesia yang dikelola sama kementerian komunikasi dan digital komdigi,[],0,1,223,32,0,1,1,0.7978,0.0187,7,1.0,2.0533333333333332,59,0.0,0.0,0.0,0.0,1,0,0.8997122,0.34921408,-1.394665,0.28921843,718,-1,0.27764595,0,Non-Buzzer
2040798195404705914,2026-04-05 14:26:20+00:00,3,"lagi rame bahasin tentang IGRS

tapi lu dah tau belum apa itu IGRS??

kalo belum tau sini gue jelasin apa itu IGRS, apa tujuanya dan kenapa ramai belakangan ini.

a thread https://t.co/RB7ArTqTvQ",2040798195404705914,https://pbs.twimg.com/media/HFJfItFaUAAxg0z.jpg,,in,,0,1,0,https://x.com/bananaefootball/status/2040798195404705914,1723949519476514816,bananaefootball,35,id,keep_id_anchor,False,lagi rame bahasin tentang igrs tapi kamu dah tau belum apa itu igrs kalau belum tau sini saya jelasin apa itu igrs apa tujuanya dan mengapa ramai belakangan ini a thread,[],0,0,169,31,0,4,0,0.5306,0.0162,7,1.0,2.0533333333333332,59,0.0,0.0,0.0,0.0,-1,0,0.66462964,0.37505138,0.17977777,0.5051645,719,-1,0.050536294,0,Non-Buzzer
2040407316655456258,2026-04-05 14:24:44+00:00,0,"@SEAGamethetic Komdigi anco, IGRS biadab",2040797793795924400,,SEAGamethetic,in,,0,0,0,https://x.com/WibuPsikopatDes/status/2040797793795924400,1237228629681029125,WibuPsikopatDes,5,en,keep_id_anchor,False,komdigi anco igrs biadab,[],0,1,24,4,0,0,1,1.0,0.0215,1,1.0,2.026666666666667,59,1.0,0.0,0.0,0.0,0,1,0.9054595,0.28202042,1.217548,0.83886784,720,-1,0.1592506,0,Non-Buzzer
2040797681145229670,2026-04-05 14:24:18+00:00,0,"Pahit-pahitnya..
IGRS cuma permulaan, bentar lagi music, film, buku, dan bahkan mungkin mainan.",2040797681145229670,,,in,,0,0,0,https://x.com/Rahman_Denim72/status/2040797681145229670,2428862125,Rahman_Denim72,14,id,keep_id_anchor,False,pahit pahitnya igrs cuma permulaan bentar lagi music film buku dan bahkan mungkin mainan,[],0,0,88,14,0,0,1,0.4895,0.0008,1,1.0,2.0194444444444444,59,0.0,0.0,0.0,0.0,-1,0,0.4915276,0.20056449,0.9646482,-0.21628939,721,-1,0.0012286584,0,Non-Buzzer
2040797399636164822,2026-04-05 14:23:10+00:00,0,buset algoritma twt gw isiny igrs jump boat,2040797399636164822,,,en,,0,0,0,https://x.com/thl1eo/status/2040797399636164822,1452566234986258436,thl1eo,8,en,keep_id_anchor,False,buset algoritma twt saya isiny igrs jump boat,[],0,0,45,8,0,0,1,0.6023,0.0007,1,1.0,2.0005555555555556,59,0.0,0.0,0.0,0.0,-1,0,0.7300024,0.19025907,-0.1936812,1.1989937,722,-1,0.0011619759,0,Non-Buzzer
2040796903647203723,2026-04-05 14:21:12+00:00,0,"Karena hari ini timeline gua rame banget soal IGRS yang salah rating, gua coba bahas si rating system bikinan Komdigi ini sekaligus ngutarain keresahan gua terkait eksistensinya sebagai gamer dan akademisi.

https://t.co/iNOR2gPmWQ
https://t.co/N87694dsst

Sundul @kemkomdigi :)",2040796903647203723,,,in,,0,0,0,https://x.com/galih_dea/status/2040796903647203723,598306644,galih_dea,41,id,keep_id_anchor,False,karena hari ini timeline saya rame banget soal igrs yang salah rating saya coba bahas si rating system bikinan komdigi ini sekaligus ngutarain keresahan saya terkait eksistensinya sebagai gamer dan akademisi sundul,[],0,0,214,32,0,0,1,0.3148,0.0204,1,1.0,1.9677777777777778,59,0.0,0.0,0.0,0.0,-1,0,0.73179036,0.41726184,-0.66215247,-0.14683823,723,-1,0.0023265823,0,Non-Buzzer
2040796426738016760,2026-04-05 14:19:18+00:00,0,Dari tahun lalu lagi demen main game tbtb ada si igrs ini,2040796426738016760,,,in,,0,0,0,https://x.com/orchaew/status/2040796426738016760,1903464530925277184,orchaew,12,id,keep_id_anchor,False,dari tahun lalu lagi demen main game tbtb ada si igrs ini,[],0,0,57,12,0,0,1,0.6389,0.0104,1,1.0,1.9361111111111111,59,0.0,0.0,0.0,0.0,-1,0,0.7439076,0.4041939,0.23754865,-0.282271,724,-1,0.0076481034,0,Non-Buzzer
2040795943650652240,2026-04-05 14:17:23+00:00,0,"IGRS, Insta Gram Rusakenkabeh Su",2040795943650652240,,,sl,,0,0,0,https://x.com/chrissdhon/status/2040795943650652240,46693544,chrissdhon,5,id,keep_id_anchor,False,igrs insta gram rusakenkabeh su,[],0,0,31,5,0,0,1,0.0,0.0,1,1.0,1.9041666666666666,59,0.0,0.0,0.0,0.0,0,0,0.8637794,0.35557342,0.63605034,1.1597836,725,-1,0.012212377,0,Non-Buzzer
2040795858179072421,2026-04-05 14:17:03+00:00,3,"Malah nyalahin Steam. Hadeuuhh Komdigi Komdigi. Bubar aja sekalian IGRS nya sekalian kalo ga sanggup 😡
Urusan yg paling utama itu berantas Jud0l sama p1nj0l dulu!!",2040795858179072421,,,in,,0,0,2,https://x.com/BriantAditya/status/2040795858179072421,930080998355648512,BriantAditya,25,id,keep_id_anchor,False,malah nyalahin steam hadeuuhh komdigi komdigi bubar aja sekalian igrs nya sekalian kalau tidak sanggup urusan yang paling utama itu berantas jud l sama p nj l dulu,[],0,0,163,28,0,5,0,0.4638,0.0201,1,1.0,1.898611111111111,59,0.0,0.0,0.0,0.0,-1,0,0.7803466,0.3328043,1.1687257,-0.4352418,726,-1,0.0042992756,0,Non-Buzzer
2040795217478267130,2026-04-05 14:14:30+00:00,64,"Karena saya wartawan saya bertanya

1. Apakah Steam memang memasukkan rating palsu, ini analisa darimana dan kenapa? 
2. Sistem IGRS sendiri kaya apa dan apakah ada campur tangan tim khusus? 
3. Rating resmi seperti apa?

Silahkan anda jawab",2040795217478267130,,,in,,1,1,14,https://x.com/adiyaadiya/status/2040795217478267130,50319714,adiyaadiya,38,id,keep_id_anchor,False,karena saya wartawan saya bertanya apakah steam memang memasukkan rating palsu ini analisa darimana dan mengapa sistem igrs sendiri seperti apa dan apakah ada campur tangan tim khusus rating resmi seperti apa silahkan anda jawab,[],0,0,228,35,0,80,0,0.3083,0.0116,1,1.0,1.856111111111111,59,0.0,0.0,0.0,0.0,-1,0,0.7929163,0.39774394,-1.0337876,-0.21442705,727,-1,0.0047376887,0,Non-Buzzer
2040794886061039648,2026-04-05 14:13:11+00:00,1,IGRS sedang menggali kuburuan nya sendiri,2040794886061039648,,,in,,0,0,1,https://x.com/jinowra/status/2040794886061039648,275583489,jinowra,6,id,keep_id_anchor,False,igrs sedang menggali kuburuan nya sendiri,[],0,0,41,6,0,2,0,0.0,0.0,1,1.0,1.8341666666666667,59,0.0,0.0,0.0,0.0,-1,0,0.48142552,0.109577335,1.3540353,0.43829426,728,-1,0.0008857602,0,Non-Buzzer
2040794857338446099,2026-04-05 14:13:05+00:00,5,"With current IGRS situation, well damn I'm a gamedev myself HAHAHAHAH

So yeah the current situation is so fucked up and I'm so fed up with the degradation of my country
I love my country, but I mostly hate the authorities and the ignorant shts",2040794860752683451,,tizaki09,en,,0,1,0,https://x.com/tizaki09/status/2040794860752683451,1379388111050825729,tizaki09,47,en,keep_id_anchor,False,with current igrs situation well damn i m a gamedev myself hahahahah so yeah the current situation is so fucked up and i m so fed up with the degradation of my country i love my country but i mostly hate the authorities and the ignorant shts,[],0,1,241,47,0,6,0,0.4081,0.0156,1,1.0,1.8325,59,0.0,0.0,0.0,0.0,-1,0,0.6137879,0.22969824,0.4226182,0.7994531,729,-1,0.002666375,0,Non-Buzzer
2040794593135071554,2026-04-05 14:12:01+00:00,19,"Komdongo tolol

Rating sistem steam sudah paling fineshyt 

Harusnya steam yang minta klarifikasi ke IGRS dalam cara sistem mereka declare rating setiap game bisa ngaco begitu - malah gaslight pihak steam.",2040794593135071554,,,in,,0,0,3,https://x.com/ShinadeVT/status/2040794593135071554,1482147685809283073,ShinadeVT,30,id,keep_id_anchor,False,komdongo tolol rating sistem steam sudah paling fineshyt harusnya steam yang minta klarifikasi ke igrs dalam cara sistem mereka declare rating setiap game bisa ngaco begitu malah gaslight pihak steam,[],0,0,199,30,0,22,0,0.4183,0.0211,1,1.0,1.8147222222222221,59,0.0,0.0,0.0,0.0,1,0,0.82002,0.40991282,-0.76725966,-0.36730963,730,-1,0.043251656,0,Non-Buzzer
2040794541402603975,2026-04-05 14:11:49+00:00,0,fakyu komdigi fakyu igrs,2040794541402603975,,,in,,0,0,0,https://x.com/danrrrrrrr/status/2040794541402603975,606671422,danrrrrrrr,4,tr,keep_id_anchor,False,fakyu komdigi fakyu igrs,[],0,0,24,4,0,0,1,1.0,0.0215,1,1.0,1.811388888888889,59,0.0,0.0,0.0,0.0,0,1,0.85728395,0.2830991,1.3842586,0.76851684,731,-1,0.09856776,0,Non-Buzzer
2040794434384900238,2026-04-05 14:11:23+00:00,0,IGRS ini tolol,2040794434384900238,,,in,,0,0,0,https://x.com/xxmryyx/status/2040794434384900238,2495478908,xxmryyx,3,it,keep_id_anchor,False,igrs ini tolol,[],0,0,14,3,0,0,1,1.0,0.0092,1,1.0,1.8041666666666667,59,0.0,0.0,0.0,0.0,0,1,0.96901083,0.29011792,2.0877037,0.6102828,732,-1,0.021586645,0,Non-Buzzer
2040794408808059136,2026-04-05 14:11:17+00:00,0,Lalu apa gunanya ini fitur kalo tujuan IGRS itu untuk anak anak? https://t.co/uPVRvuhgNO,2040794408808059136,https://pbs.twimg.com/media/HFJbsyObYAAv3zx.jpg,,in,,0,0,0,https://x.com/YinkoKaelandra/status/2040794408808059136,1266251507713761281,YinkoKaelandra,16,id,keep_id_anchor,False,lalu apa gunanya ini fitur kalau tujuan igrs itu untuk anak anak,[],0,0,64,12,0,0,1,0.5903,0.0098,2,0.6666666666666666,1.7136111111111112,59,1.0,0.0,0.0,0.0,-1,0,0.74028194,0.29439327,0.23157087,-0.34645233,733,-1,0.0016972269,0,Non-Buzzer
2040794166033326226,2026-04-05 14:10:19+00:00,0,IGRS : Indonesia GOONING rating system,2040794166033326226,,,en,,0,0,0,https://x.com/Arkanwoilah/status/2040794166033326226,1451574022852919301,Arkanwoilah,5,id,keep_id_anchor,False,igrs indonesia gooning rating system,[],0,0,36,5,0,0,1,1.0,0.0125,1,1.0,1.7863888888888888,59,0.0,0.0,0.0,0.0,1,1,1.0,0.31197426,-2.0634542,1.2375627,734,-1,0.04003146,0,Non-Buzzer
2040793725249716238,2026-04-05 14:08:34+00:00,2,"Gue tuh kagum, tapi juga concern sama adek gue yang chronically online ini. Tiap gue sama ibu lagi bahas isu politik yang lagi hot, dia pasti nimbrung, dan yang dia sebutin tuh FAKTA?? Bahkan IGRS Ini gue tau detailnya dari dia.",2040793725249716238,,,in,,0,1,0,https://x.com/tetsurowifeeyy/status/2040793725249716238,1529854402814971905,tetsurowifeeyy,41,id,keep_id_anchor,False,saya itu kagum tapi juga concern sama adek saya yang chronically online ini tiap saya sama ibu lagi bahas isu politik yang lagi hot dia pasti nimbrung dan yang dia sebutin itu fakta bahkan igrs ini saya tau detailnya dari dia,[],0,0,225,41,0,3,0,0.3294,0.009,1,1.0,1.7572222222222222,59,0.0,0.0,0.0,0.0,-1,0,0.5286872,0.21442553,0.78729403,-0.17532887,735,-1,0.00079793535,0,Non-Buzzer
2040793522731880938,2026-04-05 14:07:46+00:00,1,Udh bubarin aja igrs igrs 🫩 persona 5 mau gw mainin abis uts padahal,2040793522731880938,,,in,,0,0,0,https://x.com/ikanhane/status/2040793522731880938,1367434748101070851,ikanhane,13,id,keep_id_anchor,False,sudah bubarin aja igrs igrs persona mau saya mainin abis uts padahal,[],0,0,68,12,0,1,1,0.292,0.0023,1,1.0,1.7438888888888888,59,0.0,0.0,0.0,0.0,0,0,0.8456025,0.26825532,1.5243205,0.4096043,736,-1,0.0028573,0,Non-Buzzer
2040777108415553580,2026-04-05 14:06:59+00:00,6,"@Uzzzzz222 Yg jadi masalah bukan IGRS tapi YANG NGURUS DIBELAKANG IGRS NYA ITU gue yakin pasti Orang2 dibelakang sana yg ngurus tuh generasi2 boomer yg gede dengan mindset kontol ""Main Game Buat Apa""",2040793324639101179,,Uzzzzz222,in,,0,2,2,https://x.com/KRathalos97/status/2040793324639101179,1632254408221396992,KRathalos97,33,id,keep_id_anchor,False,yang jadi masalah bukan igrs tapi yang ngurus dibelakang igrs nya itu saya yakin pasti orang dibelakang sana yang ngurus itu generasi boomer yang gede dengan mindset kontol main game buat apa,[],0,1,191,32,0,10,0,0.3983,0.0135,1,1.0,1.7308333333333332,59,1.0,0.0,0.0,0.0,9,0,0.80550563,0.38342676,0.35877597,-1.0881369,737,-1,0.019735457,0,Non-Buzzer
2040755894875734493,2026-04-05 14:05:57+00:00,2,"@rongrongarts The Steam family management feature feels like it doesn't exist,even though the majority of children in Indonesia play games on mobile because access to have a PC is expensive here

Yes, I'm also fed up with the government's random behavior,even though the IGRS is not yet final🛌 https://t.co/hbgaco2ejs",2040793065074655582,https://pbs.twimg.com/media/HFJaed4a4AA-rIZ.jpg,rongrongarts,en,,0,0,1,https://x.com/YinkoKaelandra/status/2040793065074655582,1266251507713761281,YinkoKaelandra,57,en,keep_id_anchor,False,the steam family management feature feels like it doesn t exist even though the majority of children in indonesia play games on mobile because access to have a pc is expensive here yes i m also fed up with the government s random behavior even though the igrs is not yet final,[],0,1,276,52,0,3,0,0.4194,0.0219,2,0.6666666666666666,1.7136111111111112,59,1.0,0.0,0.0,0.0,-1,0,0.6595999,0.27854624,-0.45714012,-0.5999557,738,-1,0.002920249,0,Non-Buzzer
2040792958560239875,2026-04-05 14:05:32+00:00,0,"Wlopun g nymbung tpi w stuju

Emng g jls igrs",2040792958560239875,,,in,,0,0,0,https://x.com/cokudevu/status/2040792958560239875,1602469543141470209,cokudevu,10,id,keep_id_anchor,False,wlopun g nymbung tpi w stuju emng g jls igrs,[],0,0,44,10,0,0,1,0.0,0.0,1,1.0,1.7066666666666668,59,0.0,0.0,0.0,0.0,-1,0,0.7855524,0.26670927,0.77540946,1.313685,739,-1,0.0008857602,0,Non-Buzzer
2040623629495611815,2026-04-05 14:05:24+00:00,0,@virtualballers bagus sih cuma harus dari developernya langsung yang menilai sendiri baru dikirim ke igrs,2040792928847860137,,virtualballers,in,,0,0,0,https://x.com/CekrekPaklek/status/2040792928847860137,1608052969714634753,CekrekPaklek,15,id,keep_id_anchor,False,bagus sih cuma harus dari developernya langsung yang menilai sendiri baru dikirim ke igrs,[],0,1,89,14,0,0,1,0.4094,0.0057,1,1.0,1.7044444444444444,59,1.0,0.0,0.0,0.0,-1,0,0.7010322,0.32245612,0.019756021,0.20605984,740,-1,0.00094094966,0,Non-Buzzer
2040792670243868932,2026-04-05 14:04:23+00:00,0,PUTANG INA MO! BOBO! CYKA BLYAT IGRS,2040792670243868932,,,tl,,0,0,0,https://x.com/suwmade/status/2040792670243868932,1703677150120058880,suwmade,7,pt,keep_id_anchor,False,putang ina mo bobo cyka blyat igrs,[],0,0,34,7,0,0,1,0.0,0.0,1,1.0,1.6875,59,0.0,0.0,0.0,0.0,-1,0,0.5668081,0.141827,1.1654493,0.7364999,741,-1,0.0008857602,0,Non-Buzzer
2040792560625713552,2026-04-05 14:03:57+00:00,0,Rame banget IGRS dan belum liat Buzzer yang ngedukung... Berarti emang mereka sejauh ini ga ngerti apa-apa soal game yang mau mereka atur 😂😂,2040792560625713552,,,in,,0,0,0,https://x.com/BoGameDo/status/2040792560625713552,934808147704741888,BoGameDo,24,id,keep_id_anchor,False,rame banget igrs dan belum liat buzzer yang ngedukung berarti emang mereka sejauh ini tidak ngerti apa apa soal game yang mau mereka atur,[],0,0,137,24,0,0,1,0.3607,0.0248,1,1.0,1.6802777777777778,59,0.0,0.0,0.0,0.0,-1,0,0.7555443,0.36072615,0.5198638,-1.4290257,742,-1,0.0024798738,0,Non-Buzzer
2040782884207010180,2026-04-05 14:03:02+00:00,3,"@lazy21 Tidak, Steam justru melakukan harmonisasi dengan peraturan standard rating IGRS sesuai permintaan pemerintah Indonesia. Tapi standardnya IGRS aja yg waw",2040792330601676962,,lazy21,in,,0,0,0,https://x.com/kerissakti/status/2040792330601676962,64586729,kerissakti,21,id,keep_id_anchor,False,tidak steam justru melakukan harmonisasi dengan peraturan standard rating igrs sesuai permintaan pemerintah indonesia tapi standardnya igrs aja yang waw,[],0,1,152,20,0,3,0,0.3823,0.0203,2,0.6666666666666666,1.665,59,2.0,24.0,0.0001606425702811245,0.006153846153846154,-1,0,0.78955257,0.35015926,-1.4034902,0.3747748,743,-1,0.005988187,0,Non-Buzzer
2040704635128943030,2026-04-05 14:01:00+00:00,0,@mhuseinali Harusnya IGRS standar mengacu ke rating yg diakui secara internasional. Seperti PDP yg mengacu pada standar eropa GDPR atau ISO 27001 dan turunan nya. Untuk standar rating game ada ESRB (North America) atau PEGI (Europe). Knp gak mengacu ke situ? Dasar pemalas gak bisa kerja 😡,2040791820830134450,,mhuseinali,in,,0,0,0,https://x.com/RhendySpine/status/2040791820830134450,1906258058810146816,RhendySpine,46,id,keep_id_anchor,False,harusnya igrs standar mengacu ke rating yang diakui secara internasional seperti pdp yang mengacu pada standar eropa gdpr atau iso dan turunan nya untuk standar rating game ada esrb north america atau pegi europe mengapa tidak mengacu ke situ dasar pemalas tidak bisa kerja,[],0,1,273,44,0,0,1,0.3367,0.0122,1,1.0,1.6311111111111112,59,1.0,0.0,0.0,0.0,-1,0,0.7267655,0.34630823,-1.2044613,-0.03971078,744,-1,0.002084497,0,Non-Buzzer
2040791258621493606,2026-04-05 13:58:46+00:00,0,"gw jg gak setuju sama rating IGRS ini tapi A Date with Death emang 13+ kocak, eljibiti eljibiti mulu knpsih mikirin eljibiti mulu? gaada hubungan",2040791258621493606,,,in,,0,1,0,https://x.com/supernovatuna/status/2040791258621493606,1364166135101280258,supernovatuna,25,id,keep_id_anchor,False,saya jg tidak setuju sama rating igrs ini tapi a date with death emang kocak eljibiti eljibiti mulu knpsih mikirin eljibiti mulu gaada hubungan,[],0,0,143,24,0,1,1,0.4833,0.0122,1,1.0,1.593888888888889,68,0.0,0.0,0.0,0.0,-1,0,0.62264365,0.30523658,-0.04365608,0.549664,745,-1,0.0066577517,0,Non-Buzzer
2040791182540988745,2026-04-05 13:58:28+00:00,39,Got my friends fucked 7-0 using Munchen IGRS start to censored this shit. 😭,2040791182540988745,,,en,,0,0,13,https://x.com/haritstoteles_/status/2040791182540988745,238141960,haritstoteles_,14,en,keep_id_anchor,False,got my friends fucked using munchen igrs start to censored this shit,[],0,0,68,12,0,52,0,0.4049,0.0075,1,1.0,1.5888888888888888,68,0.0,0.0,0.0,0.0,-1,0,0.6712039,0.303722,-0.0023212638,1.0265707,746,-1,0.0010448472,0,Non-Buzzer
2040672465354215584,2026-04-05 13:58:04+00:00,2,"@tilehopper Only if the people behind the rating system is competent and actually UNDERSTAND what they doing.

But for now ? IGRS couldnt be like PG or ESRB.",2040791083140121003,,tilehopper,en,,0,0,0,https://x.com/ibnukazuyal/status/2040791083140121003,885207585686552576,ibnukazuyal,27,en,keep_id_anchor,False,only if the people behind the rating system is competent and actually understand what they doing but for now igrs couldnt be like pg or esrb,[],0,1,140,26,0,2,0,0.3155,0.018,2,0.5,1.5822222222222222,68,2.0,0.0,0.0,0.0,-1,0,0.7706239,0.40392303,-1.7675793,0.29737654,747,-1,0.026965933,0,Non-Buzzer
2040618458627580374,2026-04-05 13:57:31+00:00,12,"@ShaniBudi @kemkomdigi Dikira gamers zaman sekarang cuma diem diem bae 🤣🤣
Udah bagus marketnya mulai beralih ke game ori setelah terbatasnya distribusi bikin orang ngebajak eh malah mau dimatiin ama IGRS yang gak guna 🤮🤮",2040790943440458063,,ShaniBudi,in,,0,0,1,https://x.com/freshsqueezeorg/status/2040790943440458063,232746593,freshsqueezeorg,33,id,keep_id_anchor,False,dikira gamers zaman sekarang cuma diem diem bae sudah bagus marketnya mulai beralih ke game ori setelah terbatasnya distribusi bikin orang ngebajak eh malah mau dimatiin sama igrs yang tidak guna,[],0,1,195,31,0,13,0,0.3346,0.0156,1,0.3333333333333333,1.5730555555555557,68,2.0,0.0,0.0,0.0,-1,0,0.76883245,0.32882544,0.27402955,-1.498534,748,-1,0.00645092,0,Non-Buzzer
2040697243171524831,2026-04-05 13:57:30+00:00,0,@LambeResing F1 25 rating IGRS 15+,2040790937950093815,,LambeResing,sl,,0,0,0,https://x.com/azkiiofifteen96/status/2040790937950093815,1948731005151707137,azkiiofifteen96,6,id,keep_id_anchor,False,f rating igrs,[],0,1,13,3,0,0,1,0.0,0.0,1,1.0,1.5727777777777778,68,1.0,0.0,0.0,0.0,1,0,0.82058287,0.29378575,-2.1914976,1.7240667,749,-1,0.003973598,0,Non-Buzzer
2040790895117934983,2026-04-05 13:57:20+00:00,0,Gua sebagai gamers kecewa sama IGRS ajg sampah laknat yg diterapin sama Lembaga tolol itu,2040790895117934983,,,in,,0,0,0,https://x.com/dafeennn/status/2040790895117934983,1794022676866187264,dafeennn,15,id,keep_id_anchor,False,saya sebagai gamers kecewa sama igrs anjing sampah laknat yang diterapin sama lembaga tolol itu,[],0,0,95,15,0,0,1,0.5849,0.0115,2,1.0,1.0563888888888888,68,0.0,0.0,0.0,0.0,-1,0,0.7705871,0.35126254,0.732318,-1.0059327,750,-1,0.008590134,0,Non-Buzzer
2040790890260914401,2026-04-05 13:57:18+00:00,0,Igrs ngasih rating ke game ngawur saatnya gamer indonesia melakukan revolusi,2040790890260914401,,,in,,0,0,0,https://x.com/zakisemma/status/2040790890260914401,1320795943403352065,zakisemma,11,id,keep_id_anchor,False,igrs ngasih rating ke game ngawur saatnya gamer indonesia melakukan revolusi,[],0,0,76,11,0,0,1,0.5419,0.014,1,1.0,1.5694444444444444,68,0.0,0.0,0.0,0.0,1,0,0.82166064,0.41477826,-0.24350287,-0.235277,751,-1,0.14997864,0,Non-Buzzer
2040592139948892182,2026-04-05 13:57:12+00:00,0,@geppienon Pokoknya semua yg defend ulah igrs itu BIJIQ,2040790861446095311,,geppienon,in,,0,0,0,https://x.com/kurmiked/status/2040790861446095311,1917863325708537857,kurmiked,9,id,keep_id_anchor,False,pokoknya semua yang defend ulah igrs itu bijiq,[],0,1,46,8,0,0,1,0.5499,0.0012,1,1.0,1.5677777777777777,68,1.0,0.0,0.0,0.0,-1,0,0.5941676,0.2774571,1.126812,0.10016559,752,-1,0.0011885642,0,Non-Buzzer
2040790830752157891,2026-04-05 13:57:04+00:00,0,"Tai, kontol IGRS kesel nian gue",2040790830752157891,,,in,,0,0,0,https://x.com/Raza420691/status/2040790830752157891,1236077205370703872,Raza420691,6,et,keep_id_anchor,False,tai kontol igrs kesel nian saya,[],0,0,31,6,0,0,1,0.4929,0.0055,1,1.0,1.5655555555555556,68,0.0,0.0,0.0,0.0,0,0,0.8525187,0.2727154,1.7872005,0.56934917,753,-1,0.011389804,0,Non-Buzzer
2040712295169556748,2026-04-05 13:55:53+00:00,1,"@bLxCoffee @hrdbacot IGRS ""pokoknya ada"" sekalian bang.",2040790531257802953,,bLxCoffee,in,,0,0,0,https://x.com/yo__di/status/2040790531257802953,715372514,yo__di,7,id,keep_id_anchor,False,igrs pokoknya ada sekalian bang,[],0,1,31,5,0,1,1,0.6117,0.0047,1,1.0,1.5458333333333334,68,1.0,0.0,0.0,0.0,0,0,0.8123517,0.35225767,1.4382405,0.082890086,754,-1,0.014327982,0,Non-Buzzer
2040790486961779182,2026-04-05 13:55:42+00:00,0,Apaan lagi ini igrs ?! Nambahin stress orang aja ini komdigi 😮‍💨,2040790486961779182,,,in,,0,0,0,https://x.com/fireplayblaze/status/2040790486961779182,2459016572,fireplayblaze,10,id,keep_id_anchor,False,apaan lagi ini igrs nambahin stress orang aja ini komdigi,[],0,0,57,10,0,0,1,0.4605,0.0135,1,1.0,1.5427777777777778,68,0.0,0.0,0.0,0.0,-1,0,0.75211716,0.28711614,1.6657389,-0.030983223,755,-1,0.004823929,0,Non-Buzzer
2040593488350515441,2026-04-05 13:55:06+00:00,2,"@kemkomdigi Kepada yang terhina Komdongo di tempat, kata gw mending stop itu IGRS tolol ga jelas. Kasih rating umur ya kasih rating umur aja, ga usah goblok pake kontrol distribusinya juga.

Ga becus kerja lu pada. Goblok bgt bangsat bikin emosi.",2040790336667263414,,kemkomdigi,in,,0,0,0,https://x.com/rpr_zero2/status/2040790336667263414,1355903781213364234,rpr_zero2,41,id,keep_id_anchor,False,kepada yang terhina komdongo di tempat kata saya mending stop itu igrs tolol tidak jelas kasih rating umur ya kasih rating umur aja tidak usah goblok pake kontrol distribusinya juga tidak becus kerja kamu pada goblok banget bangsat bikin emosi,[],0,1,243,40,0,2,0,0.3648,0.0262,1,1.0,1.5327777777777778,68,1.0,0.0,0.0,0.0,-1,0,0.7424724,0.37820143,0.81198555,-0.24112368,756,-1,0.0036688086,0,Non-Buzzer
2040790284217528354,2026-04-05 13:54:54+00:00,0,"@kemkomdigi IGRS useless as fuck, komdongo ga guna, babi korupsi https://t.co/a1dVEIzq1H",2040790284217528354,https://pbs.twimg.com/media/HFJXoFraAAAm_my.jpg,kemkomdigi,in,,0,0,0,https://x.com/sentriellesche/status/2040790284217528354,1539118295458398208,sentriellesche,14,id,keep_id_anchor,False,igrs useless as fuck komdongo tidak guna babi korupsi,[],0,1,53,9,0,0,1,0.4315,0.0135,1,0.5,1.5294444444444444,68,1.0,0.0,0.0,0.0,-1,0,0.68060863,0.34708422,0.4692405,0.98463583,757,-1,0.0069167707,0,Non-Buzzer
2040570460912676988,2026-04-05 13:54:01+00:00,3,"@BK_Satellite Oh, iya. Tadi tuh orang lewat di timeline, ngetweet IGRS. Well, you know what the guy tweeted by this example.

Aku pilih ignore aja sih.

Lagipula cinta tanah air bukan berarti harus cinta sama pemerintah kan? In the end, they are just servants. Shtty servants, to be precise.",2040790060086485370,,BK_Satellite,in,,0,0,0,https://x.com/sripraba95/status/2040790060086485370,2215859544,sripraba95,49,en,keep_id_anchor,False,oh iya tadi itu orang lewat di timeline ngetweet igrs well you know what the guy tweeted by this example aku pilih ignore aja sih lagipula cinta tanah air bukan berarti harus cinta sama pemerintah kan in the end they are just servants shtty servants to be precise,[],0,1,263,48,0,3,0,0.442,0.0214,1,1.0,1.5147222222222223,68,1.0,0.0,0.0,0.0,-1,0,0.5826798,0.27078375,1.0234859,0.5217068,758,-1,0.0020418502,0,Non-Buzzer
2040789632045224393,2026-04-05 13:52:18+00:00,0,laughing my ass off cause my ex bf was voted 02 and i bet his game became victims of IGRS https://t.co/PZGC3snqqi,2040789632045224393,https://pbs.twimg.com/tweet_video_thumb/HFJXWFVa4AAU5zN.jpg,,en,,0,1,0,https://x.com/wh0isHanna/status/2040789632045224393,1469094366,wh0isHanna,24,en,keep_id_anchor,False,laughing my ass off cause my ex bf was voted and i bet his game became victims of igrs,[],0,0,86,19,0,1,1,0.7111,0.0075,1,1.0,1.4861111111111112,68,0.0,0.0,0.0,0.0,-1,0,0.5804546,0.28951746,0.3922146,0.3643254,759,-1,0.0013472487,0,Non-Buzzer
2040789603637166382,2026-04-05 13:52:12+00:00,0,"What a nonsense talk here from the IGRS. You're fvcking delulu @kemkomdigi
Your system isn't ready yet, but you blame and ask steam to cover your shits. What a lame joke.

GO GET THE F JUDOL OUT OF HERE RATHER THAN THIS!!!",2040789603637166382,,,en,,0,0,0,https://x.com/Hoomanine/status/2040789603637166382,811002823,Hoomanine,44,en,keep_id_anchor,False,what a nonsense talk here from the igrs you re fvcking delulu your system isn t ready yet but you blame and ask steam to cover your shits what a lame joke go get the f judol out of here rather than this,[],0,0,202,43,0,0,1,0.3588,0.0151,1,1.0,1.4844444444444445,68,0.0,0.0,0.0,0.0,-1,0,0.6344718,0.34259835,0.57299334,0.5396438,760,-1,0.0017851909,0,Non-Buzzer
2040789561715089581,2026-04-05 13:52:02+00:00,0,IGRS = Indonesia Gooning Rating System,2040789561715089581,,,en,,0,0,0,https://x.com/itsgenky/status/2040789561715089581,1192427020728160256,itsgenky,5,id,keep_id_anchor,False,igrs indonesia gooning rating system,[],0,0,36,5,0,0,1,1.0,0.0125,1,1.0,1.4816666666666667,68,0.0,0.0,0.0,0.0,1,1,1.0,0.31197426,-2.0634542,1.2375627,761,-1,0.04003146,0,Non-Buzzer
2040789535987208678,2026-04-05 13:51:56+00:00,0,"IGRS is the new Halal label
Meaning : it can be bought 🤷🏻‍♀️",2040789535987208678,,,en,,0,0,0,https://x.com/mamooarts/status/2040789535987208678,1986617864598745088,mamooarts,11,en,keep_id_anchor,False,igrs is the new halal label meaning it can be bought,[],0,0,52,11,0,0,1,0.3228,0.0122,1,1.0,1.48,68,0.0,0.0,0.0,0.0,-1,0,0.75586176,0.2068181,-0.78997195,1.3861915,762,-1,0.0018326901,0,Non-Buzzer
2040733618180641063,2026-04-05 13:51:12+00:00,4,"@wordfangs Isi Rilis/Statement Kemkomdigi kesannya lempar tanggung jawab ke Steam? Trus ngapain ada IGRS?! 
Ohh dan satu lagi Statement/Rilis kalian Jelek!. Sekelas kementrian tuh gak ada training Public Speaking ya.",2040789354835284133,,wordfangs,in,,0,0,0,https://x.com/rvbaharktik/status/2040789354835284133,1689725731046309888,rvbaharktik,32,id,keep_id_anchor,False,isi rilis statement kemkomdigi kesannya lempar tanggung jawab ke steam trus ngapain ada igrs ohh dan satu lagi statement rilis kalian jelek sekelas kementrian itu tidak ada training public speaking ya,[],0,1,200,31,0,4,0,0.3712,0.0111,1,1.0,1.4677777777777778,68,1.0,0.0,0.0,0.0,-1,0,0.6447679,0.34596992,0.6746192,0.049635258,763,-1,0.0017892716,0,Non-Buzzer
2040789280499622351,2026-04-05 13:50:55+00:00,31,"JADWAL SIDANG TAHANAN POLITIK 6-7 April 2026!

Yang ngamuk karena ada ibu dilindes tentara, IGRS yang gak jelas, investigasi kasus Andrie Yunus disensor Instagram, keracunan MBG, dan banyak lagi kelakuan rezim dipersilakan menyalurkan amarah di ruang sidang tahanan politik! https://t.co/ubTNDdmRp6",2040789280499622351,https://pbs.twimg.com/media/HFJUJ8Qa0AEuN7_.png,,in,,0,1,25,https://x.com/BerhakProtes/status/2040789280499622351,1999003901014716418,BerhakProtes,44,id,keep_id_anchor,False,jadwal sidang tahanan politik april yang ngamuk karena ada ibu dilindes tentara igrs yang tidak jelas investigasi kasus andrie yunus disensor instagram keracunan mbg dan banyak lagi kelakuan rezim dipersilakan menyalurkan amarah di ruang sidang tahanan politik,[],0,0,260,37,0,57,0,0.3274,0.0093,1,1.0,1.4630555555555556,68,0.0,0.0,0.0,0.0,-1,0,0.52739805,0.20972341,0.7091512,0.39307827,764,-1,0.00079793535,0,Non-Buzzer
2040789060487459172,2026-04-05 13:50:02+00:00,0,"istg gw baru kelar maen Hogwarts legacy dikirimin vt ma temen soal igrs, ini komdigi nyabu apa gimana, masa iya game bokep dapet rating 3+ sedang FIFA / PES dapet rating 18+ anjggg 💔",2040789060487459172,,,in,,0,0,0,https://x.com/skrrttttttskrtt/status/2040789060487459172,1340792157133656064,skrrttttttskrtt,32,id,keep_id_anchor,False,istg saya baru kelar maen hogwarts legacy dikirimin vt ma temen soal igrs ini komdigi nyabu apa bagaimana masa iya game bokep dapet rating sedang fifa pes dapet rating anjggg,[],0,0,174,30,0,0,1,0.5186,0.0099,1,1.0,1.4483333333333333,68,0.0,0.0,0.0,0.0,-1,0,0.62901556,0.3448449,-0.011012176,-0.0064640758,765,-1,0.002500857,0,Non-Buzzer
2040788931323867200,2026-04-05 13:49:31+00:00,0,igrs ni naon dah,2040788931323867200,,,in,,0,0,0,https://x.com/dombolord/status/2040788931323867200,1234445676819271685,dombolord,4,tl,keep_id_anchor,False,igrs ini naon dah,[],0,0,17,4,0,0,1,0.4878,0.0056,1,1.0,1.4397222222222221,68,0.0,0.0,0.0,0.0,0,0,0.9567666,0.32877308,1.6362171,0.65795946,766,-1,0.028330982,0,Non-Buzzer
2040788909848973696,2026-04-05 13:49:26+00:00,0,Lagi memantau masalah IGRS 🙂,2040788909848973696,,,in,,0,0,0,https://x.com/tapdibdab/status/2040788909848973696,1128977213565464576,tapdibdab,4,id,keep_id_anchor,False,lagi memantau masalah igrs,[],0,0,26,4,0,0,1,0.0,0.0,1,1.0,1.4383333333333332,68,0.0,0.0,0.0,0.0,-1,0,0.73835075,0.38455522,0.099123396,0.7573172,767,-1,0.0014955015,0,Non-Buzzer
2040788886486700061,2026-04-05 13:49:21+00:00,0,ini fatal bgt sih igrs ngaco total,2040788886486700061,,,in,,0,0,0,https://x.com/cutadh/status/2040788886486700061,1884925874690203648,cutadh,7,it,keep_id_anchor,False,ini fatal banget sih igrs ngaco total,[],0,0,37,7,0,0,1,0.5921,0.0043,1,1.0,1.4369444444444444,68,0.0,0.0,0.0,0.0,-1,0,0.6888814,0.19124629,1.7499279,0.4025164,768,-1,0.0011619759,0,Non-Buzzer
2040788582424891656,2026-04-05 13:48:08+00:00,0,"Igrs tuh gimana deh😭🙏
Mereka rate berdasar apa😭",2040788582424891656,,,in,,0,0,0,https://x.com/imamanbru/status/2040788582424891656,1984538891836407808,imamanbru,8,id,keep_id_anchor,False,igrs itu bagaimana deh mereka rate berdasar apa,[],0,0,47,8,0,0,1,0.3896,0.0053,1,1.0,1.4166666666666667,68,0.0,0.0,0.0,0.0,-1,0,0.6723505,0.30950037,0.025001207,0.18251774,769,-1,0.0009866783,0,Non-Buzzer
2040788433573167197,2026-04-05 13:47:33+00:00,0,"Perkara IGRS ini emang bikin jengkel banget, tapi untung kemaren Soton menang dan ada yg gak jadi treble, jadi lumayan lah ada hiburan dikit. 😂",2040788433573167197,,,in,,0,0,0,https://x.com/DimasRamdhan_/status/2040788433573167197,1246528356,DimasRamdhan_,24,id,keep_id_anchor,False,perkara igrs ini emang bikin jengkel banget tapi untung kemaren soton menang dan ada yang tidak jadi treble jadi lumayan lah ada hiburan dikit,[],0,0,142,24,0,0,1,0.2764,0.0139,1,1.0,1.4069444444444446,68,0.0,1.0,0.0,0.0,-1,0,0.63469017,0.2909507,1.2060136,-1.0067947,770,-1,0.002327395,0,Non-Buzzer
2040692546192744611,2026-04-05 13:45:30+00:00,2,@hupgupta @sugondese6666 Lah ngeprotes kebijakan rating IGRS yang ngaco juga bagian dari wokeisme kocak,2040787920332960198,,hupgupta,in,,0,1,0,https://x.com/KenapaGwWNI/status/2040787920332960198,2311528753,KenapaGwWNI,14,id,keep_id_anchor,False,lah ngeprotes kebijakan rating igrs yang ngaco juga bagian dari wokeisme kocak,[],0,1,78,12,0,3,0,0.5509,0.0077,1,1.0,1.3727777777777779,68,1.0,0.0,0.0,0.0,-1,0,0.73185146,0.3856867,0.09155142,-0.123244904,771,-1,0.0035334122,0,Non-Buzzer
2040637064237240481,2026-04-05 13:44:08+00:00,4,@aniblogsan52394 @kerissakti @NCLYS lah kan udah masuk VAT. trus mau lu pemerintah malak lagi lewat IGRS? nyawit ni orang,2040787572918714714,,aniblogsan52394,in,,0,0,0,https://x.com/albarmerik27/status/2040787572918714714,1976676246336733184,albarmerik27,19,id,keep_id_anchor,False,lah kan sudah masuk vat trus mau kamu pemerintah malak lagi lewat igrs nyawit ini orang,[],0,1,87,16,0,4,0,0.4606,0.0128,1,1.0,1.35,68,1.0,0.0,0.0,0.0,-1,0,0.76984096,0.267583,1.9169557,0.08173209,772,-1,0.0036702259,0,Non-Buzzer
2040647504828699100,2026-04-05 13:42:55+00:00,0,"@dutampreg IGRS lebih parah dari Pak Ganjar

Klo Pak Ganjar nonton bokep karena udah dewasa, dan gak di tempat umum

Lah, IGRS...",2040787270652039264,,dutampreg,in,,0,0,0,https://x.com/Barri_2410/status/2040787270652039264,1492976953842085890,Barri_2410,22,id,keep_id_anchor,False,igrs lebih parah dari pak ganjar kalau pak ganjar nonton bokep karena sudah dewasa dan tidak di tempat umum lah igrs,[],0,1,116,21,0,0,1,0.4697,0.0155,1,1.0,1.3297222222222222,68,1.0,0.0,0.0,0.0,-1,0,0.64822364,0.23412172,1.4436748,-0.38215375,773,-1,0.013679637,0,Non-Buzzer
2040783971110518883,2026-04-05 13:30:03+00:00,0,Still fuck the igrs and komdigi,2040784028585128395,,CuntofMadrid,en,,0,0,0,https://x.com/CuntofMadrid/status/2040784028585128395,3180183638,CuntofMadrid,6,en,keep_id_anchor,False,still fuck the igrs and komdigi,[],0,1,31,6,0,0,1,0.6685,0.0183,1,0.5,1.1152777777777778,68,1.0,0.0,0.0,0.0,-1,0,0.68060863,0.3266483,0.331476,1.2691624,774,-1,0.0079089375,0,Non-Buzzer
2040684902866411853,2026-04-05 13:29:32+00:00,3,"@RRDelusi Halah ngentot lu kebanyakan ngomong lu korup pada lu semua busuk tai, sok sokan ngatur steam lu siapa anjing, nyawa lu aja pada ga berharga anjing ngentot, lu pada semua mati detik ini juga orang pada seneng ajing lo semua tai igrs tai komdigi tai anjing ngentot",2040783899790626938,,RRDelusi,in,,0,0,0,https://x.com/alverizki/status/2040783899790626938,1202851587309195264,alverizki,48,id,keep_id_anchor,False,halah ngentot kamu kebanyakan ngomong kamu korup pada kamu semua busuk tai sok sokan ngatur steam kamu siapa anjing nyawa kamu aja pada tidak berharga anjing ngentot kamu pada semua mati detik ini juga orang pada seneng ajing kamu semua tai igrs tai komdigi tai anjing ngentot,[],0,1,276,47,0,3,0,0.4938,0.0128,1,1.0,1.1066666666666667,68,1.0,0.0,0.0,0.0,-1,0,0.75169325,0.24563518,1.7708805,-0.14774857,775,-1,0.003260712,0,Non-Buzzer
2040783322914447767,2026-04-05 13:27:14+00:00,0,"wah rame nih IGRS.
 
Rating2 aneh GTA V RC ( ga bisa di mainin ) &amp; GTA San andreas 3+

Kebanyakan gatekeep, gw sih jadi publisher males masuk Indonesia.

Seperti trading export/ import juga di batasin.
Makanya google pixel males masuk ke sini.

Ya ga tahu , kedepannya gimana !
🤡",2040783322914447767,,,in,,0,0,0,https://x.com/mas_panas70450/status/2040783322914447767,1842655175179419649,mas_panas70450,46,id,keep_id_anchor,False,wah rame ini igrs rating aneh gta v rc tidak bisa di mainin gta san andreas kebanyakan gatekeep saya sih jadi publisher males masuk indonesia seperti trading export import juga di batasin makanya google pixel males masuk ke sini ya tidak tahu kedepannya bagaimana,[],0,0,263,44,0,0,1,0.338,0.0194,1,1.0,1.0683333333333334,68,0.0,0.0,0.0,0.0,-1,0,0.6989677,0.3399101,0.02519837,0.39908278,776,-1,0.0018237656,0,Non-Buzzer
2040783140894224620,2026-04-05 13:26:31+00:00,0,"Barusan baca2 soal IGRS, dan....... Yap, sistem nya kacau balau

Bayangin, game b***p dikasih RATING 3+ LIKE WTF AJG NGACO PISAN CIK",2040783140894224620,,,in,,0,0,0,https://x.com/dafeennn/status/2040783140894224620,1794022676866187264,dafeennn,23,id,keep_id_anchor,False,barusan baca soal igrs dan yap sistem nya kacau balau bayangin game b p dikasih rating like wtf anjing ngaco pisan cik,[],0,0,118,22,0,0,1,0.3309,0.0123,2,1.0,1.0563888888888888,68,0.0,0.0,0.0,0.0,-1,0,0.7728339,0.4305972,0.04100594,0.404851,777,-1,0.006171384,0,Non-Buzzer
2040783102709318088,2026-04-05 13:26:22+00:00,0,igrs is a fuckin clown,2040783102709318088,,,en,,0,0,0,https://x.com/jneejin/status/2040783102709318088,1694921655284547584,jneejin,5,en,keep_id_anchor,False,igrs is a fuckin clown,[],0,0,22,5,0,0,1,1.0,0.0111,1,1.0,1.0538888888888889,68,0.0,0.0,0.0,0.0,-1,0,0.70864844,0.29724813,0.35557342,1.3788428,778,-1,0.0033063074,0,Non-Buzzer
2040692546192744611,2026-04-05 13:26:19+00:00,6,"@sugondese6666 @neohistoria_id Ntar bukan hanya Steam, tp jg PS Store, Xbox Store, Nintendo eShop bahkan App Store Apple &amp; Android jg pakai IGRS.",2040783091678196016,,sugondese6666,in,,0,0,0,https://x.com/ya2nk_dheophe/status/2040783091678196016,238369284,ya2nk_dheophe,23,id,keep_id_anchor,False,ntar bukan hanya steam tp jg ps store xbox store nintendo eshop bahkan app store apple android jg pakai igrs,[],0,1,108,20,0,6,0,0.4841,0.0075,1,1.0,1.0530555555555556,68,1.0,0.0,0.0,0.0,-1,0,0.7209193,0.27349246,-0.5385635,0.2667184,779,-1,0.0013975825,0,Non-Buzzer
2040783071646269587,2026-04-05 13:26:14+00:00,0,"Udah ga bisa kerja, tolol, sekarang lempar tanggung jawab ke pihak STEAM yang jelas-jelas dari awal udah punya rating age sendiri sebelum akhirnya kacau karena IGRS. Kalian pikir kami ini setolol dan goblok kalian perihal beginian? Bubar mending lo pada gaguna. @kemkomdigi",2040783071646269587,,,in,,0,0,0,https://x.com/riyoxreaper/status/2040783071646269587,1363922241453318146,riyoxreaper,43,id,keep_id_anchor,False,sudah tidak bisa kerja tolol sekarang lempar tanggung jawab ke pihak steam yang jelas jelas dari awal sudah punya rating age sendiri sebelum akhirnya kacau karena igrs kalian pikir kami ini setolol dan goblok kalian perihal beginian bubar mending kamu pada gaguna,[],0,0,263,42,0,0,1,0.3394,0.0143,1,1.0,1.0516666666666667,68,0.0,0.0,0.0,0.0,0,0,0.8217305,0.398866,0.8186509,-0.7115041,780,-1,0.04726803,0,Non-Buzzer
2040607663848034623,2026-04-05 13:25:56+00:00,3,"@Lord_Mudcrab95 @radityaris @Mangroxian Intinya tetep balik lagi, meskipun IGRS udah ada semuanya itu tergantung dari orang tua yg harus tanggung jawab sama mendidik anaknya soal konten mana yg pantes sesuai umur sama tidak.

Klo LSF bisa, harusnya IGRS jg bisa tapi karena IGRS ini baru jadi butuh proses.",2040782994361946171,,DaniSplatKing,in,,0,0,0,https://x.com/DaniSplatKing/status/2040782994361946171,412144926,DaniSplatKing,48,id,keep_id_anchor,False,intinya tetep balik lagi meskipun igrs sudah ada semuanya itu tergantung dari orang tua yang harus tanggung jawab sama mendidik anaknya soal konten mana yang pantes sesuai umur sama tidak kalau lsf bisa harusnya igrs jg bisa tapi karena igrs ini baru jadi butuh proses,[],0,1,268,45,0,3,0,0.3753,0.0168,4,0.8,0.2966666666666667,68,3.0,0.0,0.0,0.0,-1,0,0.7339412,0.32722092,0.19613749,-0.6641838,781,-1,0.028028006,0,Non-Buzzer
2040782935847207276,2026-04-05 13:25:42+00:00,0,Gweh sudah beli Ready or Not tapi IGRS tida redi alias oon kali klen kenapa begindangggg 😇 https://t.co/5QwXJWuys9,2040782935847207276,https://pbs.twimg.com/media/HFJRQ_vaAAAxK6X.jpg,,in,,0,2,0,https://x.com/clarniva/status/2040782935847207276,2315361840,clarniva,20,id,keep_id_anchor,False,gweh sudah beli ready or not tapi igrs tida redi alias oon kali klen mengapa begindangggg,[],0,0,89,16,0,2,0,0.6095,0.0074,1,1.0,1.0427777777777778,68,0.0,0.0,0.0,0.0,-1,0,0.70277846,0.28123334,0.20388512,1.4972814,782,-1,0.0012479086,0,Non-Buzzer
2040782824069038567,2026-04-05 13:25:15+00:00,0,"WKWKWKWKWK NEKOPARA DAPET RATING 3+ DI IGRS DONGG, LAWAK",2040782824069038567,,,in,,0,0,0,https://x.com/VelZeppelit/status/2040782824069038567,1939562155088781312,VelZeppelit,9,de,keep_id_anchor,False,wkwkwkwkwk nekopara dapet rating di igrs dongg lawak,[],0,0,52,8,0,0,1,0.3099,0.003,1,1.0,1.0352777777777777,68,0.0,0.0,0.0,0.0,-1,0,0.7485889,0.35395375,-0.9253275,0.9137043,783,-1,0.0010650185,0,Non-Buzzer
2040671435388293233,2026-04-05 13:25:01+00:00,0,@_AmandaBrownies El IGRS,2040782765634060399,,_AmandaBrownies,es,,0,0,0,https://x.com/aomi__san/status/2040782765634060399,1180308655280816128,aomi__san,3,en,keep_id_anchor,False,el igrs,[],0,1,7,2,1,0,1,0.0,0.0,1,1.0,1.031388888888889,68,1.0,0.0,0.0,0.0,0,0,0.9024346,0.31451857,0.4366632,1.5144299,784,-1,0.006104982,0,Non-Buzzer
2040782694708371584,2026-04-05 13:24:44+00:00,2,Rating IGRS program dari @kemkomdigi kukasih rating 🌟 1,2040782694708371584,,,in,,0,1,0,https://x.com/RuuRirina/status/2040782694708371584,1563228432565420033,RuuRirina,8,id,keep_id_anchor,False,rating igrs program dari kukasih rating,[],0,0,39,6,0,3,0,0.605,0.0027,1,0.5,1.0266666666666666,68,0.0,0.0,0.0,0.0,1,0,0.88057506,0.32837817,-2.139318,1.495283,785,-1,0.022612875,0,Non-Buzzer
2040782694477607250,2026-04-05 13:24:44+00:00,2,"1. Memang tugas Steam yang harus implementasi rating dan aturan dari IGRS. Tapi ngeliat dari sini, kayaknya IGRS maksa rating ini buat cepet rilis sebelum semuanya siap.
2. Mereka masih ga bahas soal Refused Classification buat ngeblokir game pake pasal karet.",2040782694477607250,,,in,,0,0,0,https://x.com/setsundere/status/2040782694477607250,1273950541526122496,setsundere,41,id,keep_id_anchor,False,memang tugas steam yang harus implementasi rating dan aturan dari igrs tapi ngeliat dari sini kayaknya igrs maksa rating ini buat cepet rilis sebelum semuanya siap mereka masih tidak bahas soal refused classification buat ngeblokir game pake pasal karet,[],0,0,253,39,0,2,0,0.3715,0.0168,1,0.5,0.0125,68,0.0,0.0,0.0,0.0,1,0,0.829972,0.46068308,-1.2500969,-0.46397668,786,-1,0.87918645,1,Buzzer
2040782487539081425,2026-04-05 13:23:55+00:00,19,tetap mendengarkan musiksetan walopun IGRS kek kontol,2040782487539081425,,,in,,0,1,4,https://x.com/b0nnysidharta/status/2040782487539081425,1731946221340958720,b0nnysidharta,7,id,keep_id_anchor,False,tetap mendengarkan musiksetan walopun igrs kek kontol,[],0,0,53,7,0,24,0,0.7002,0.0079,1,1.0,1.0130555555555556,68,0.0,0.0,0.0,0.0,-1,0,0.58508384,0.22301787,1.5057523,0.15921022,787,-1,0.0011358524,0,Non-Buzzer
2040593488350515441,2026-04-05 13:23:31+00:00,1,@kemkomdigi Cancel dulu IGRS nya bang,2040782385261039705,,kemkomdigi,in,,0,0,0,https://x.com/blurkaebi/status/2040782385261039705,1064583348478038017,blurkaebi,6,id,keep_id_anchor,False,cancel dulu igrs nya bang,[],0,1,25,5,0,1,1,1.0,0.0061,1,1.0,1.006388888888889,68,1.0,0.0,0.0,0.0,-1,0,0.66887933,0.28191736,1.1133624,0.5525456,788,-1,0.0010327214,0,Non-Buzzer
2040782335076098213,2026-04-05 13:23:19+00:00,0,"IGRS is that ""sounds like a great idea with the best of intentions, what could possibly go wrong?""

Rating system should act as a guide and give info to the consumer about the content and CAN'T block distributions

But even as a guide, it fails to do so... MISERABLY",2040782335076098213,,,en,,0,0,0,https://x.com/stristy_/status/2040782335076098213,1177973830418984961,stristy_,50,en,keep_id_anchor,False,igrs is that sounds like a great idea with the best of intentions what could possibly go wrong rating system should act as a guide and give info to the consumer about the content and can t block distributions but even as a guide it fails to do so miserably,[],0,0,256,50,0,0,1,0.405,0.0233,1,1.0,1.0030555555555556,68,0.0,0.0,0.0,0.0,-1,0,0.74200547,0.36443847,-1.410957,0.27053005,789,-1,0.0026032657,0,Non-Buzzer
2040762850751447083,2026-04-05 13:21:37+00:00,0,"@BudiBukanIntel ini IGRS emg gak ada tahap beta nya gitu ya?
langsung hajar production sengawurnya?",2040781908402196717,,BudiBukanIntel,in,,0,1,0,https://x.com/0xfrsmln/status/2040781908402196717,71940152,0xfrsmln,15,id,keep_id_anchor,False,ini igrs emg tidak ada tahap beta nya gitu ya langsung hajar production sengawurnya,[],0,1,83,14,0,1,1,0.3849,0.017,1,1.0,0.9747222222222223,68,1.0,0.0,0.0,0.0,-1,0,0.6312852,0.32073972,0.07539482,0.20847993,790,-1,0.004364493,0,Non-Buzzer
2040558130720055696,2026-04-05 13:21:07+00:00,0,@ezash Cemen banget board dari IGRS kaga dishare ke publik,2040781780920459544,,ezash,in,,0,0,0,https://x.com/RizkiTomooo/status/2040781780920459544,1311157776844906497,RizkiTomooo,10,id,keep_id_anchor,False,cemen banget board dari igrs kaga dishare ke publik,[],0,1,51,9,0,0,1,0.7528,0.0046,1,1.0,0.9663888888888889,68,1.0,0.0,0.0,0.0,-1,0,0.5996946,0.30914932,0.4743708,0.21783493,791,-1,0.0012136098,0,Non-Buzzer
2040781152609603622,2026-04-05 13:18:37+00:00,0,ngapain sih bikin Prjoject IGRS IGRS anjirrrrrr. lu pengen keliatan kerja tapi malah jadinya keliatan oon pas kerja.,2040781152609603622,,,in,,0,0,0,https://x.com/yudisdn/status/2040781152609603622,2012104667833200640,yudisdn,18,id,keep_id_anchor,False,ngapain sih bikin prjoject igrs igrs anjirrrrrr kamu pengen keliatan kerja tapi malah jadinya keliatan oon pas kerja,[],0,0,116,18,0,0,1,0.5763,0.0095,1,1.0,0.9247222222222222,68,0.0,0.0,0.0,0.0,-1,0,0.76655555,0.23562494,1.6831609,0.12310954,792,-1,0.0011277448,0,Non-Buzzer
2040607663848034623,2026-04-05 13:18:01+00:00,4,"@Lord_Mudcrab95 @radityaris @Mangroxian Dan jg dengan adanya Rating IGRS ini, devs skrg punya protective measure klo diserang sama ortu2 yg gk bertanggung jawab ky ""Ibu/Bpk tau ini game untuk 18+ kok bisa anak ibu main?""",2040781003485290958,,Lord_Mudcrab95,in,,0,1,0,https://x.com/DaniSplatKing/status/2040781003485290958,412144926,DaniSplatKing,36,id,keep_id_anchor,False,dan jg dengan adanya rating igrs ini devs sekarang punya protective measure kalau diserang sama ortu yang gk bertanggung jawab ky ibu bpk tau ini game untuk kok bisa anak ibu main,[],0,1,179,32,0,5,0,0.2939,0.0116,4,0.8,0.2966666666666667,68,3.0,0.0,0.0,0.0,-1,0,0.7721717,0.43877444,-0.5495322,-0.21296676,793,-1,0.07570312,0,Non-Buzzer
2040780988033462572,2026-04-05 13:17:58+00:00,0,IGRS S nya SAMPAH https://t.co/TVLXCM3nvt via @YouTube,2040780988033462572,,,in,,0,0,0,https://x.com/IBigbal/status/2040780988033462572,1521897120948576256,IBigbal,10,sw,keep_id_anchor,False,igrs s nya sampah via,[],0,0,21,5,0,0,1,0.4597,0.0033,1,1.0,0.9138888888888889,68,0.0,0.0,0.0,0.0,-1,0,0.69299334,0.31280556,-0.091641225,1.3355081,794,-1,0.0015832991,0,Non-Buzzer
2040632418840031503,2026-04-05 13:17:34+00:00,0,@MangAgus_10 to IGRS https://t.co/BEzCiMnxCQ,2040780888133521501,https://pbs.twimg.com/tweet_video_thumb/HFJPY00bYAA0AOI.jpg,MangAgus_10,sl,,0,0,0,https://x.com/dandibudiman262/status/2040780888133521501,1605275651665035265,dandibudiman262,7,tl,keep_id_anchor,False,to igrs,[],0,1,7,2,1,0,1,0.4444,0.0083,1,1.0,0.9072222222222223,68,1.0,0.0,0.0,0.0,0,0,0.93025863,0.3561048,-0.43013436,1.9803867,795,-1,0.15909438,0,Non-Buzzer
2040780537468801077,2026-04-05 13:16:10+00:00,0,Cause #igrs My day fuckin ruined,2040780537468801077,,,en,,0,0,0,https://x.com/lilwrenchz/status/2040780537468801077,1234493939706515456,lilwrenchz,6,en,keep_id_anchor,False,cause igrs my day fuckin ruined,[],0,0,31,6,0,0,1,0.7111,0.0028,1,1.0,0.8838888888888888,68,0.0,0.0,0.0,0.0,-1,0,0.62634015,0.2934365,0.10291937,1.2979914,796,-1,0.0013991419,0,Non-Buzzer
2040718489837826307,2026-04-05 13:14:55+00:00,0,"@deezfezaa Kata Igrs lewat akun ig nya sih itu sebenarnya belum rating pasti alias masi akan di revisi (karena di serang di semua platform sih)

DAN MALAH NYURUH STEAM YG MINTA MAAF, aneh,",2040780221604053068,,deezfezaa,in,,0,1,0,https://x.com/keisukeiblue/status/2040780221604053068,1588755485167001600,keisukeiblue,33,id,keep_id_anchor,False,kata igrs lewat akun ig nya sih itu sebenarnya belum rating pasti alias masi akan di revisi karena di serang di semua platform sih dan malah nyuruh steam yang minta maaf aneh,[],0,1,174,32,0,1,1,0.2834,0.0115,1,1.0,0.8630555555555556,68,1.0,0.0,0.0,0.0,-1,0,0.7387991,0.43265414,-0.5668262,0.70173585,797,-1,0.0045700707,0,Non-Buzzer
2040780087583445041,2026-04-05 13:14:23+00:00,0,dari tadi lwt soal igrs ini,2040780087583445041,,,in,,0,1,0,https://x.com/bleubei/status/2040780087583445041,1301218240123740160,bleubei,6,id,keep_id_anchor,False,dari tadi lwt soal igrs ini,[],0,0,27,6,0,1,1,0.0,0.0,1,1.0,0.8541666666666666,68,0.0,0.0,0.0,0.0,0,0,0.807808,0.41010082,0.79045016,0.63634014,798,-1,0.0060258433,0,Non-Buzzer
2040704635128943030,2026-04-05 13:13:23+00:00,9,"@fareasy96 @mhuseinali &gt;kalo gak ada berarti rating nya dari sistem steam

Steam se goblok apa sih ngasih rating IGRS nukitashi 3+ padahal di rating steam nya sendiri udh bener buat adult",2040779836000698747,,fareasy96,in,,0,1,0,https://x.com/noone_n_nobody_/status/2040779836000698747,891253466961633280,noone_n_nobody_,32,id,keep_id_anchor,False,gt kalau tidak ada berarti rating nya dari sistem steam steam se goblok apa sih ngasih rating igrs nukitashi padahal di rating steam nya sendiri sudah benar buat adult,[],0,1,167,29,0,10,0,0.4405,0.0185,1,0.5,0.8375,68,2.0,0.0,0.0,0.0,1,1,0.8333571,0.38878724,-0.75185686,-0.6210177,799,-1,0.35717466,0,Non-Buzzer
2040779681080000797,2026-04-05 13:12:46+00:00,0,Istg just abolish the IGRS ffs,2040779681080000797,,,en,,0,0,0,https://x.com/boyguling/status/2040779681080000797,951493050940907521,boyguling,6,en,keep_id_anchor,False,istg just abolish the igrs ffs,[],0,0,30,6,0,0,1,0.4363,0.0102,1,1.0,0.8272222222222222,68,0.0,0.0,0.0,0.0,-1,0,0.7460891,0.23470141,-0.9451965,1.4681141,800,-1,0.0017231223,0,Non-Buzzer
2040779652785221984,2026-04-05 13:12:39+00:00,0,"igrs kontol, ngentot lo @kemkomdigi",2040779652785221984,,,in,,0,0,0,https://x.com/dieformealice/status/2040779652785221984,1415584425862041600,dieformealice,5,af,keep_id_anchor,False,igrs kontol ngentot kamu,[],0,0,24,4,0,0,1,0.7798,0.006,1,1.0,0.8252777777777778,68,0.0,0.0,0.0,0.0,0,0,0.93541634,0.35083452,1.5322413,0.67001486,801,-1,0.026089318,0,Non-Buzzer
2040777108415553580,2026-04-05 13:12:22+00:00,1,"@Uzzzzz222 Tapi moga2 kedepannya devs sama publisher mulai komunikasi sama IGRS buat update pengaturan mereka sih, terutama yg kena RC.

Considering Indonesia is a large market for them, gk mungkin mrk bakal diem aja sih.",2040779580173414897,,DaniSplatKing,in,,0,0,0,https://x.com/DaniSplatKing/status/2040779580173414897,412144926,DaniSplatKing,35,id,keep_id_anchor,False,tapi moga kedepannya devs sama publisher mulai komunikasi sama igrs buat update pengaturan mereka sih terutama yang kena rc considering indonesia is a large market for them gk mungkin mereka bakal diem aja sih,[],0,1,209,34,0,1,1,0.3029,0.0133,4,0.8,0.2966666666666667,68,3.0,0.0,0.0,0.0,-1,0,0.657176,0.28359023,-0.18096243,0.28800774,802,-1,0.010039532,0,Non-Buzzer
2040779361499152858,2026-04-05 13:11:30+00:00,0,Down with IGRS.,2040779361499152858,,,en,,0,0,0,https://x.com/kaiz_shikikan/status/2040779361499152858,1750151646037102592,kaiz_shikikan,3,en,keep_id_anchor,False,down with igrs,[],0,0,14,3,0,0,1,0.7982,0.0029,1,1.0,0.8061111111111111,68,0.0,0.0,0.0,0.0,-1,0,0.7377955,0.25309095,-1.3632829,2.1483362,803,-1,0.0011330314,0,Non-Buzzer
2040779357661336053,2026-04-05 13:11:29+00:00,0,"What actually happen with IGRS. how confusing it is, and are there any official ratings yet to be found? https://t.co/Ffh7dBoRTv",2040779357661336053,https://pbs.twimg.com/media/HFJOAnsbkAA2FbY.jpg,,en,,0,1,0,https://x.com/ah_azamuddin/status/2040779357661336053,738726686804434944,ah_azamuddin,23,en,keep_id_anchor,False,what actually happen with igrs how confusing it is and are there any official ratings yet to be found,[],0,0,101,19,0,1,1,0.3467,0.0118,1,1.0,0.8058333333333333,68,0.0,0.0,0.0,0.0,-1,0,0.74970555,0.36471987,-2.1753101,0.95272756,804,-1,0.002636388,0,Non-Buzzer
2040496896956117438,2026-04-05 13:11:05+00:00,0,@bearnotber pasti gara2 the sims dan igrs,2040779257174196396,,bearnotber,lv,,0,0,0,https://x.com/Mohha_haha/status/2040779257174196396,1581913526545059840,Mohha_haha,7,en,keep_id_anchor,False,pasti gara the sims dan igrs,[],0,1,28,6,0,0,1,0.7313,0.0086,1,1.0,0.7991666666666667,68,1.0,0.0,0.0,0.0,-1,0,0.82401186,0.34274578,-0.48644313,0.85027725,805,-1,0.03069827,0,Non-Buzzer
2040777108415553580,2026-04-05 13:11:00+00:00,11,"@Uzzzzz222 &gt; Ga ada unsur yg bisa dibilang red-flagged

Ehem ""Mara""

Jokes aside, Tapi kynya ini mmg blunder IGRS &amp; Steam sih, soalnya di Blog Steam ratingnya itu hasil auto generative dari cocokan data steam sm IGRS (yg masih baru), IGRS jg gk ada update di sosmed.

https://t.co/PCBBU59Vqa",2040779236735344822,,Uzzzzz222,in,,0,2,1,https://x.com/DaniSplatKing/status/2040779236735344822,412144926,DaniSplatKing,52,id,keep_id_anchor,False,gt tidak ada unsur yang bisa dibilang red flagged ehem mara jokes aside tapi kynya ini mmg blunder igrs steam sih soalnya di blog steam ratingnya itu hasil auto generative dari cocokan data steam sama igrs yang masih baru igrs jg gk ada update di sosmed,[],0,1,253,46,0,14,0,0.3586,0.0165,4,0.8,0.2966666666666667,68,3.0,0.0,0.0,0.0,-1,0,0.7355855,0.41143534,-0.112436846,0.13157038,806,-1,0.0659589,0,Non-Buzzer
2040779171178401812,2026-04-05 13:10:44+00:00,0,ngeliat igrs ini gua ga paham banget tapi ngeliat orang pada kesel jadi ikutan kesel dah,2040779171178401812,,,in,,0,0,0,https://x.com/kejoraseruni/status/2040779171178401812,1745072145980694529,kejoraseruni,16,id,keep_id_anchor,False,ngeliat igrs ini saya tidak paham banget tapi ngeliat orang pada kesel jadi ikutan kesel dah,[],0,0,92,16,0,0,1,0.4,0.012,1,1.0,0.7933333333333333,68,0.0,0.0,0.0,0.0,-1,0,0.7837282,0.3225925,1.5063697,-0.17425328,807,-1,0.0024997531,0,Non-Buzzer
2040778563834810732,2026-04-05 13:08:20+00:00,0,"Ohmygodddd, really IGRS? Who the fuck are you, kenapa sih gak dibayarin aja penggunanya, jangan gamenya yang dibayarin jadi orang orang pada gak bisa main beberapa game",2040778563834810732,,,in,,0,0,0,https://x.com/Zahran31157/status/2040778563834810732,1953730006913556480,Zahran31157,27,id,keep_id_anchor,False,ohmygodddd really igrs who the fuck are you mengapa sih tidak dibayarin aja penggunanya jangan gamenya yang dibayarin jadi orang orang pada tidak bisa main beberapa game,[],0,0,169,27,0,0,1,0.4162,0.0291,1,1.0,0.7533333333333333,68,0.0,0.0,0.0,0.0,-1,0,0.6930943,0.34855562,0.26189694,-0.38294324,808,-1,0.004975426,0,Non-Buzzer
2040711367498580121,2026-04-05 13:07:57+00:00,0,@HarrisCainee HAHAHHAHAHAHA KETAWA BANGET😭😭😭 berdasarkan igrs😭😭😭😭 lolll,2040778471069413422,,HarrisCainee,in,,0,0,0,https://x.com/dubaicuwicookie/status/2040778471069413422,2030397115978170368,dubaicuwicookie,7,sv,keep_id_anchor,False,hahahhahahaha ketawa banget berdasarkan igrs lolll,[],0,1,50,6,0,0,1,0.3782,0.0015,1,1.0,0.7469444444444444,68,1.0,0.0,0.0,0.0,-1,0,0.7308594,0.28388423,1.438378,0.8010485,809,-1,0.0010317763,0,Non-Buzzer
2040684902866411853,2026-04-05 13:06:57+00:00,0,"@Vyschl1 @RRDelusi Bot steam itu bang, yang no 2... Harapan saya semoga normal aja nantinya jangan ada not fit for distribution.

Kalau yang dari igrs resmi masih sedikit, di website nya aja game susah di cari, mana sampah dan broken banget lagi halaman web nya 🤣 https://t.co/wohpPR07cL",2040778218719076789,https://pbs.twimg.com/media/HFJM97nbIAAs5ql.jpg,Vyschl1,in,,0,0,0,https://x.com/Alex_Brigz/status/2040778218719076789,969387143289233408,Alex_Brigz,49,id,keep_id_anchor,False,bot steam itu bang yang no harapan saya semoga normal aja nantinya jangan ada not fit for distribution kalau yang dari igrs resmi masih sedikit di website nya aja game susah di cari mana sampah dan broken banget lagi halaman web nya,[],0,1,232,42,0,0,1,0.628,0.0156,3,1.0,0.6422222222222222,68,3.0,1.0,8.032128514056225e-05,0.0,-1,0,0.6952378,0.37333325,-0.22965589,-0.17385252,810,-1,0.115293264,0,Non-Buzzer
2040684902866411853,2026-04-05 13:06:53+00:00,0,"@RRDelusi SIA NYUEUN SISTEM KUMAHA, IGRS GOBLOG?
STEAM TAG GEUS JELAS AYA FLAGGING JANG SEXUAL CONTENT SIA BERE 3 TAHUN
GOBLOG LAIN",2040778199148433443,,RRDelusi,in,,0,0,0,https://x.com/00w011/status/2040778199148433443,906536719716986881,00w011,22,de,keep_id_anchor,False,sia nyueun sistem kumaha igrs goblog steam tag geus jelas aya flagging jang sexual content sia bere tahun goblog lain,[],0,1,117,20,0,0,1,0.6597,0.0077,2,1.0,0.6883333333333334,68,2.0,0.0,0.0,0.0,-1,0,0.5965044,0.32503474,0.27376822,0.7322243,811,-1,0.0021768555,0,Non-Buzzer
2040684902866411853,2026-04-05 13:04:31+00:00,0,"@AlizarinBlue @RRDelusi Emang salah steam bang, bukan bela igrs, saya jiga benci, tp kali ini emang salah steam.

Cara 1 daftar ke igrs, cara 2 lewat steam rata"" berdasarkan feedback dan review game. https://t.co/e11QLkKqN8",2040777606262657325,https://pbs.twimg.com/media/HFJMac6aMAAOmUY.jpg,AlizarinBlue,in,,0,0,0,https://x.com/Alex_Brigz/status/2040777606262657325,969387143289233408,Alex_Brigz,37,id,keep_id_anchor,False,emang salah steam bang bukan bela igrs saya jiga benci tp kali ini emang salah steam cara daftar ke igrs cara lewat steam rata berdasarkan feedback dan review game,[],0,1,163,29,0,0,1,0.5531,0.017,3,1.0,0.6422222222222222,68,3.0,1.0,8.032128514056225e-05,0.0,1,1,0.8007339,0.40645915,0.0027146747,-0.6602682,812,-1,0.18395333,0,Non-Buzzer
2040704635128943030,2026-04-05 13:04:26+00:00,1,"@mhuseinali Sistem internal mereka aja yang gak beres
Di steam jelas ada tag untuk sexual content buat game dewasa
Nah sistemnya igrs gimana kok ga peka sama tag steam sehingga game hentai dikasih 3+???",2040777583906963628,,mhuseinali,in,,0,0,0,https://x.com/00w011/status/2040777583906963628,906536719716986881,00w011,34,id,keep_id_anchor,False,sistem internal mereka aja yang tidak beres di steam jelas ada tag untuk sexual content buat game dewasa nah sistemnya igrs bagaimana kok tidak peka sama tag steam sehingga game hentai dikasih,[],0,1,192,32,0,1,1,0.6597,0.0167,2,1.0,0.6883333333333334,68,2.0,0.0,0.0,0.0,-1,0,0.73376334,0.35703558,0.08146478,-0.9409933,813,-1,0.03474139,0,Non-Buzzer
2040742891908374814,2026-04-05 13:02:56+00:00,0,@urbanaiben I've never heard of IGRS 😂😂,2040777207384080505,,urbanaiben,en,,0,1,0,https://x.com/lalaskibo/status/2040777207384080505,1793935338320121856,lalaskibo,7,en,keep_id_anchor,False,i ve never heard of igrs,[],0,1,24,6,0,1,1,0.3606,0.0049,1,1.0,0.6633333333333333,68,1.0,0.0,0.0,0.0,-1,0,0.7487757,0.21020827,-1.4659427,2.401628,814,-1,0.0007970215,0,Non-Buzzer
2040777164363358719,2026-04-05 13:02:46+00:00,0,IGRS https://t.co/FTXQq9IBgg,2040777164363358719,https://pbs.twimg.com/media/HFJMAAHbgAA3pFA.png,,sl,,0,0,0,https://x.com/chudvette/status/2040777164363358719,1103836420857257986,chudvette,5,en,keep_id_anchor,False,igrs,[],0,0,4,1,1,0,1,0.0,0.0,1,1.0,0.6605555555555556,68,0.0,0.0,0.0,0.0,0,0,1.0000001,0.28146854,-0.78018814,2.30597,815,-1,0.006758657,0,Non-Buzzer
2040777108415553580,2026-04-05 13:02:33+00:00,24,"IGRS ide yg bagus, tapi tolong itu banyak mismatching game sama ratingnya awokawok, barusan liat GTA rating 3+ teh gimana, buset😂

Ada lagi yg kena RC, Persona 5, ga masuk akal cuk. Perasaan tuh game ga ada unsur yg bisa dibilang red-flagged + grafisnya juga kids friendly.😂",2040777108415553580,,,in,,0,4,5,https://x.com/Lost_Ataraxia/status/2040777108415553580,1706739906750693376,Lost_Ataraxia,47,id,keep_id_anchor,False,igrs ide yang bagus tapi tolong itu banyak mismatching game sama ratingnya awokawok barusan liat gta rating teh bagaimana buset ada lagi yang kena rc persona tidak masuk akal cuk perasaan itu game tidak ada unsur yang bisa dibilang red flagged grafisnya juga kids friendly,[],0,0,272,45,0,33,0,0.3586,0.0179,1,1.0,0.6569444444444444,68,0.0,0.0,0.0,0.0,-1,0,0.78069663,0.41586408,-0.1326724,-0.8717135,816,-1,0.0025045972,0,Non-Buzzer
2040776979868451142,2026-04-05 13:02:02+00:00,928,Kita harus berisik soal IGRS. Inget dulu Paypal sempet di-ban sampai kita protes rame-rame? Yuk kita senggol terus issue ini supaya pemerintah tobat 🔥,2040776979868451142,,,in,,0,1,378,https://x.com/nuckyeah_/status/2040776979868451142,1294655281524166656,nuckyeah_,25,id,keep_id_anchor,False,kita harus berisik soal igrs inget dulu paypal sempet di ban sampai kita protes rame rame yuk kita senggol terus issue ini supaya pemerintah tobat,[],0,0,146,25,0,1307,0,0.5857,0.0076,1,1.0,0.6483333333333333,68,0.0,0.0,0.0,0.0,-1,0,0.65082055,0.27157885,1.1207309,-0.11413256,817,-1,0.001206846,0,Non-Buzzer
2040776973853810753,2026-04-05 13:02:01+00:00,2,"IGRS is completely insane.
Lu orang yang ngerating abis make apaan anjg, nyawit pake pestisida?? game full violence 3+?????? https://t.co/Ir6XJuz1Qv",2040776973853810753,https://pbs.twimg.com/media/HFJJ2WAaIAA6uE-.png,,in,,0,1,0,https://x.com/Nymeryion/status/2040776973853810753,1544844246318215168,Nymeryion,23,tl,keep_id_anchor,False,igrs is completely insane kamu orang yang ngerating abis make apaan anjing nyawit pake pestisida game full violence,[],0,0,115,18,0,3,0,0.3611,0.0135,1,1.0,0.6480555555555556,68,0.0,0.0,0.0,0.0,-1,0,0.7639463,0.36869153,0.31831753,0.76788706,818,-1,0.0014398702,0,Non-Buzzer
2040684902866411853,2026-04-05 13:01:40+00:00,0,"@Kunyah_renyah @RRDelusi Bukan bela igrs bang, saya juga benci... Tp itu yang ada otomatis dari steam berdasarkan user feedback dan review (yang kebanyakan ngawur), coba cek di google article steam cara nomor 2, tulis aja ""igrs steam"" biasanya paling atas",2040776886377435357,,Kunyah_renyah,in,,0,1,0,https://x.com/Alex_Brigz/status/2040776886377435357,969387143289233408,Alex_Brigz,40,id,keep_id_anchor,False,bukan bela igrs bang saya juga benci tp itu yang ada otomatis dari steam berdasarkan user feedback dan review yang kebanyakan ngawur coba cek di google article steam cara nomor tulis aja igrs steam biasanya paling atas,[],0,1,218,37,0,1,1,0.5531,0.0117,3,1.0,0.6422222222222222,68,3.0,1.0,8.032128514056225e-05,0.0,-1,0,0.79042095,0.36074308,-0.19668995,-0.05140198,819,-1,0.031579413,0,Non-Buzzer
2040776380892463206,2026-04-05 12:59:39+00:00,0,I KNEW IT CloverPIt get 18+ and it's should be 15 by IGRS standard hahahahha https://t.co/x57CEHshDb,2040776380892463206,https://pbs.twimg.com/media/HFJLF2mbAAE67Mc.jpg,,en,,0,0,0,https://x.com/H4ydon/status/2040776380892463206,1420063018939936771,H4ydon,20,en,keep_id_anchor,False,i knew it cloverpit get and it s should be by igrs standard hahahahha,[],0,0,69,14,0,0,1,0.2699,0.0073,1,0.5,0.6086111111111111,67,0.0,0.0,0.0,0.0,-1,0,0.49387276,0.21844223,0.021440296,1.1622024,820,-1,0.0011830616,0,Non-Buzzer
2040776303226617961,2026-04-05 12:59:21+00:00,0,hadeuhh IGRS ga jelas,2040776303226617961,,,in,,0,0,0,https://x.com/Lifanterra/status/2040776303226617961,1569505891,Lifanterra,4,so,keep_id_anchor,False,hadeuhh igrs tidak jelas,[],0,0,24,4,0,0,1,1.0,0.0418,1,1.0,0.6036111111111111,67,0.0,0.0,0.0,0.0,-1,0,0.7397636,0.31357196,1.2720654,0.20328555,821,-1,0.0073895818,0,Non-Buzzer
2040776272729850094,2026-04-05 12:59:13+00:00,1,"(terlepas dr bahasan IGRS) kayaknya terlalu jujur nih yg ngisi buat The Chef's Shift. ""Illegal drugs"" memang ada di ceritanya, tapi ini drug fiksi yg ilegalnya dalam fiksi aja. ""Depiction of suicide"" juga gak on-screen

... tapi emang bener sih 16+. Mayan itu game isinya wkwk",2040776272729850094,,,in,,0,1,0,https://x.com/PseudoMonious/status/2040776272729850094,1862418884,PseudoMonious,47,id,keep_id_anchor,False,terlepas dari bahasan igrs kayaknya terlalu jujur ini yang ngisi buat the chef s shift illegal drugs memang ada di ceritanya tapi ini drug fiksi yang ilegalnya dalam fiksi aja depiction of suicide juga tidak on screen tapi emang benar sih mayan itu game isinya wkwk,[],0,0,265,46,0,2,0,0.3452,0.019,1,1.0,0.6013888888888889,67,0.0,0.0,0.0,0.0,-1,0,0.5685562,0.27328938,1.142462,0.17943385,822,-1,0.0015385156,0,Non-Buzzer
2040776142987350245,2026-04-05 12:58:42+00:00,0,But is rated inappropriately by IGRS,2040776142987350245,,,en,,0,0,0,https://x.com/sutaduatiga/status/2040776142987350245,749476447803150336,sutaduatiga,6,en,keep_id_anchor,False,but is rated inappropriately by igrs,[],0,0,36,6,0,0,1,0.5884,0.0092,1,0.5,0.5927777777777777,67,1.0,0.0,0.0,0.0,-1,0,0.7924025,0.3311292,-2.318086,1.3206667,823,-1,0.0031425343,0,Non-Buzzer
2040776094765260974,2026-04-05 12:58:31+00:00,0,"ts4 got rated ""not fit for distribution"" by igrs lmao",2040776094765260974,,,en,,0,1,0,https://x.com/feelingfluky/status/2040776094765260974,1933077347567296512,feelingfluky,10,en,keep_id_anchor,False,ts got rated not fit for distribution by igrs lmao,[],0,0,50,10,0,1,1,0.8368,0.0069,1,1.0,0.5897222222222223,67,0.0,0.0,0.0,0.0,-1,0,0.80821943,0.19181931,-1.6311427,0.92902905,824,-1,0.0042649424,0,Non-Buzzer
2040762850751447083,2026-04-05 12:58:23+00:00,1,@Syndarrr03 @BudiBukanIntel Kalo untuk sekarang segitu tapi kalo ngikutin regulasi IGRS tuh harus ada kebijakan baru,2040776062553182549,,Syndarrr03,in,,0,0,0,https://x.com/haenetizen/status/2040776062553182549,1080020119,haenetizen,16,id,keep_id_anchor,False,kalau untuk sekarang segitu tapi kalau ngikutin regulasi igrs itu harus ada kebijakan baru,[],0,1,90,14,0,1,1,0.3362,0.0069,1,1.0,0.5875,67,1.0,0.0,0.0,0.0,-1,0,0.71183807,0.25540337,0.10170226,-0.5253752,825,-1,0.0007970215,0,Non-Buzzer
2040607663848034623,2026-04-05 12:58:17+00:00,4,"@radityaris @Mangroxian Harusnya cuman kasih rating dan tanpa ada pemalakan sama sekali idealnya.

Tuntut supaya IGRS lebih professional untuk seperti ini, jangan dibubarin begitu aja.",2040776036133323217,,radityaris,in,,0,2,1,https://x.com/Lord_Mudcrab95/status/2040776036133323217,85068203,Lord_Mudcrab95,25,id,keep_id_anchor,False,harusnya cuman kasih rating dan tanpa ada pemalakan sama sekali idealnya tuntut supaya igrs lebih professional untuk seperti ini jangan dibubarin begitu aja,[],0,1,156,23,0,7,0,0.4712,0.0085,1,1.0,0.5858333333333333,67,1.0,1.0,0.0,0.0,-1,0,0.6287714,0.28785986,0.38699856,-0.56462187,826,-1,0.0014106056,0,Non-Buzzer
2040775971213857017,2026-04-05 12:58:01+00:00,0,Ini IGRS tolol bener,2040775971213857017,,,in,,0,0,0,https://x.com/_ZyZ_Z/status/2040775971213857017,1543451950100119552,_ZyZ_Z,4,id,keep_id_anchor,False,ini igrs tolol benar,[],0,0,20,4,0,0,1,1.0,0.0092,1,1.0,0.5813888888888888,67,0.0,0.0,0.0,0.0,0,1,0.9550136,0.2878627,1.9947767,0.4935225,827,-1,0.03498813,0,Non-Buzzer
2040710112923501023,2026-04-05 12:57:56+00:00,0,"@MiskinTV_ Beli mahal mahal biar anak seneng, pas mau beli game kena IGRS jugak 😭😭",2040775950070341721,,MiskinTV_,in,,0,0,0,https://x.com/nikonikoknee_/status/2040775950070341721,1585819113028718592,nikonikoknee_,14,id,keep_id_anchor,False,beli mahal mahal biar anak seneng pas mau beli game kena igrs jugak,[],0,1,67,13,0,0,1,0.5972,0.0107,1,1.0,0.58,67,1.0,0.0,0.0,0.0,-1,0,0.7424528,0.3550078,0.70329434,-0.44510928,828,-1,0.004838246,0,Non-Buzzer
2040727652261417333,2026-04-05 12:57:52+00:00,1,@iPoopBased IGRS states that the game has 3+ rating,2040775930717884760,,iPoopBased,en,,0,0,0,https://x.com/mirfan_16/status/2040775930717884760,407516753,mirfan_16,9,en,keep_id_anchor,False,igrs states that the game has rating,[],0,1,36,7,0,1,1,0.4249,0.0088,1,1.0,0.5788888888888889,67,1.0,0.0,0.0,0.0,1,0,0.8695514,0.3832004,-2.4480946,0.2553989,829,-1,0.09835635,0,Non-Buzzer
2040773983927210098,2026-04-05 12:55:57+00:00,1,@UGM_FESS @LaksitoLintung IGRS Gnya gooner,2040775449383715020,,UGM_FESS,in,,0,0,0,https://x.com/AkuilaOpo/status/2040775449383715020,1615936703751127041,AkuilaOpo,5,id,keep_id_anchor,False,igrs gnya gooner,[],0,1,16,3,0,1,1,1.0,0.0035,1,1.0,0.5469444444444445,67,1.0,0.0,0.0,0.0,0,1,0.93901145,0.36270097,0.10326549,1.6114526,830,-1,0.029942207,0,Non-Buzzer
2040775389010866683,2026-04-05 12:55:43+00:00,0,"oh, ternyata KOMDONGO itu bikin IGRS untuk gooning.

IGRS (Indonesia Gooning Rating System), ckp tw aj 😁",2040775389010866683,,,in,,0,0,0,https://x.com/01nm2_/status/2040775389010866683,1677842828670697472,01nm2_,16,id,keep_id_anchor,False,oh ternyata komdongo itu bikin igrs untuk gooning igrs indonesia gooning rating system ckp tw aj,[],0,0,96,16,0,0,1,0.771,0.0131,1,1.0,0.5430555555555555,67,0.0,0.0,0.0,0.0,1,0,0.81895757,0.40680593,-0.3549586,0.6770982,831,-1,0.778688,0,Non-Buzzer
2040775374347661496,2026-04-05 12:55:39+00:00,0,with whats happening to steam (IGRS) we for real masuk surga jalur dizalimi pemerintah,2040775374347661496,,,in,,0,0,0,https://x.com/Kritzkrieg__/status/2040775374347661496,1444563196254167046,Kritzkrieg__,14,en,keep_id_anchor,False,with whats happening to steam igrs we for real masuk surga jalur dizalimi pemerintah,[],0,0,84,14,0,0,1,0.3294,0.0129,1,1.0,0.5419444444444445,67,0.0,0.0,0.0,0.0,-1,0,0.69806594,0.32185292,-0.42650062,1.0031532,832,-1,0.0017698085,0,Non-Buzzer
2040775346799440263,2026-04-05 12:55:33+00:00,1,I think igrs stands for indonesia gooners raring system atp....,2040775346799440263,,,en,,0,0,0,https://x.com/reinardstar/status/2040775346799440263,1216053606085840896,reinardstar,10,en,keep_id_anchor,False,i think igrs stands for indonesia gooners raring system atp,[],0,0,59,10,0,1,1,0.7475,0.0126,2,1.0,0.4413888888888889,67,0.0,0.0,0.0,0.0,1,0,0.8555075,0.27913412,-1.2242603,1.818915,833,-1,0.099503584,0,Non-Buzzer
2040775275190026473,2026-04-05 12:55:16+00:00,0,IGRS IS DOOOGGGSHIIITTTTTTT,2040775275190026473,,,en,,0,0,0,https://x.com/impulsivelymee/status/2040775275190026473,1798277904960528384,impulsivelymee,3,de,keep_id_anchor,False,igrs is dooogggshiiittttttt,[],0,0,27,3,0,0,1,1.0,0.0111,1,1.0,0.5355555555555556,67,0.0,0.0,0.0,0.0,-1,0,0.78160965,0.33207038,-0.5591147,1.8217851,834,-1,0.003947409,0,Non-Buzzer
2040775120860705132,2026-04-05 12:54:39+00:00,0,Would be funny if some angry gamers decided to dox people at komdigi because of the igrs stuff,2040775120860705132,,,en,,0,0,0,https://x.com/BukanKennyG/status/2040775120860705132,332040256,BukanKennyG,18,en,keep_id_anchor,False,would be funny if some angry gamers decided to dox people at komdigi because of the igrs stuff,[],0,0,94,18,0,0,1,0.3011,0.0135,1,1.0,0.5252777777777777,67,0.0,0.0,0.0,0.0,-1,0,0.69925094,0.3717278,0.019148033,-0.017873473,835,-1,0.0016271448,0,Non-Buzzer
2040775031450636606,2026-04-05 12:54:17+00:00,1,Lempar tanggung jawabnya ke steam? dari awal ngapain lo bikin IGRS? oh iya biar keliatan kerja gitu ya,2040775031450636606,,,in,,0,0,0,https://x.com/hakeruuu/status/2040775031450636606,105481350,hakeruuu,18,id,keep_id_anchor,False,lempar tanggung jawabnya ke steam dari awal ngapain kamu bikin igrs oh iya biar keliatan kerja gitu ya,[],0,0,102,18,0,1,1,0.5763,0.0114,1,1.0,0.5191666666666667,67,0.0,0.0,0.0,0.0,5,0,0.84944344,0.33783293,1.2769401,-0.12983079,836,-1,0.22488886,0,Non-Buzzer
2040774910096908675,2026-04-05 12:53:48+00:00,4,"Our game is currently rated 13+ by IGRS
#gameindonesia #igrs https://t.co/JiGZZFLLGf",2040774910096908675,https://pbs.twimg.com/media/HFJJs8oaYAAZpmK.jpg,,en,,0,0,0,https://x.com/NicknationGames/status/2040774910096908675,864087663741030404,NicknationGames,14,en,keep_id_anchor,False,our game is currently rated by igrs gameindonesia igrs,[],0,0,54,9,0,4,0,0.7087,0.0068,1,1.0,0.5111111111111111,67,0.0,1.0,0.0,0.0,1,0,0.8695514,0.36598796,-1.9298079,0.4430934,837,-1,0.16409354,0,Non-Buzzer
2040771378841104471,2026-04-05 12:53:40+00:00,0,"@aniblogsan52394 Trus ? Hubungannya sama harga apa ? Data ekonomi tuh mayoritasnya udh publik, ahli ekonomi tu ngitungin terus tiap hari (kurleb la). Hubungannya sama IGRS apa ? ini tuh beda masalah",2040774872666873898,,aniblogsan52394,in,,0,1,0,https://x.com/Al38819917/status/2040774872666873898,1054540018927071232,Al38819917,29,id,keep_id_anchor,False,trus hubungannya sama harga apa data ekonomi itu mayoritasnya sudah publik ahli ekonomi itu ngitungin terus tiap hari kurleb la hubungannya sama igrs apa ini itu beda masalah,[],0,1,174,28,0,1,1,0.2881,0.0053,1,0.5,0.5088888888888888,67,2.0,0.0,0.0,0.0,-1,0,0.542856,0.21270059,0.538372,-0.7196304,838,-1,0.0015402107,0,Non-Buzzer
2040738476317143134,2026-04-05 12:52:33+00:00,0,@KrowThornes Semakin Abang liat igrs semakin Abang muak dan marah sendiri yang ada mending buka yang lain bang daripada liat kelakuan pemerintah yang selalu buat elus dada astaghfirullah,2040774592370032975,,KrowThornes,in,,0,0,0,https://x.com/boy_qalam/status/2040774592370032975,1417850282994638849,boy_qalam,28,id,keep_id_anchor,False,semakin abang liat igrs semakin abang muak dan marah sendiri yang ada mending buka yang lain bang daripada liat kelakuan pemerintah yang selalu buat elus dada astaghfirullah,[],0,1,173,27,0,0,1,0.4078,0.0113,1,1.0,0.49027777777777776,67,1.0,0.0,0.0,0.0,-1,0,0.6401505,0.21902746,1.4229401,0.04635447,839,-1,0.0016367035,0,Non-Buzzer
2040774457133056337,2026-04-05 12:52:00+00:00,0,"You see, IGRS consists nothing but the dimwitted old-fart boomer that knows nothing about technology",2040774457133056337,,,en,,0,0,0,https://x.com/A11Kiky/status/2040774457133056337,1535004593897504768,A11Kiky,16,en,keep_id_anchor,False,you see igrs consists nothing but the dimwitted old fart boomer that knows nothing about technology,[],0,0,99,16,0,0,1,0.3713,0.0118,1,1.0,0.4811111111111111,67,0.0,0.0,0.0,0.0,-1,0,0.64571404,0.3059288,0.16509087,0.5211202,840,-1,0.0025258835,0,Non-Buzzer
2040774376354623844,2026-04-05 12:51:41+00:00,0,We need to send those people (Komdongo and IGRS) to the Warzone for Battle Royale Quads. Map: Strait of Hormuz.,2040774376354623844,,,en,,0,0,0,https://x.com/Mirwanovich/status/2040774376354623844,62414938,Mirwanovich,20,en,keep_id_anchor,False,we need to send those people komdongo and igrs to the warzone for battle royale quads map strait of hormuz,[],0,0,106,20,0,0,1,0.4444,0.0154,1,1.0,0.47583333333333333,67,0.0,0.0,0.0,0.0,-1,0,0.4432586,0.14485452,0.7396814,0.8881188,841,-1,0.008300562,0,Non-Buzzer
2040659301661045133,2026-04-05 12:51:21+00:00,0,@zidnyman @kemkomdigi Merusak bgt emang IGRS mending nyaman di human review full gameplay dia wkwk,2040774291873284484,,zidnyman,in,,0,0,0,https://x.com/RodzaAkbar_JpId/status/2040774291873284484,1699779695838199808,RodzaAkbar_JpId,15,id,keep_id_anchor,False,merusak banget emang igrs mending nyaman di human review full gameplay dia wkwk,[],0,1,79,13,0,0,1,0.6603,0.0092,1,0.5,0.4702777777777778,67,2.0,0.0,0.0,0.0,-1,0,0.7185093,0.43678257,-0.037752066,0.29620016,842,-1,0.019236319,0,Non-Buzzer
2040774270759113014,2026-04-05 12:51:16+00:00,0,"IGRS is so stupid, like ESRB is a thing.  Kalo lu mau kerja @komdigi, mening lu edukasi tu para ortu yg gaptek soal ESRB ini, lewat iklan, postingan, berita, or something... Use the media for ur gain, like u always do. Dan itu JAUH lebih gampang daripada ngerating game satu-satu.",2040774270759113014,,,in,,0,0,0,https://x.com/Gif_Said/status/2040774270759113014,1542887551723196416,Gif_Said,51,id,keep_id_anchor,False,igrs is so stupid like esrb is a thing kalau kamu mau kerja mening kamu edukasi itu para ortu yang gaptek soal esrb ini lewat iklan postingan berita or something use the media for ur gain like u always do dan itu jauh lebih gampang daripada ngerating game satu satu,[],0,0,265,50,0,0,1,0.3336,0.0145,1,0.5,0.4688888888888889,67,0.0,0.0,0.0,0.0,-1,0,0.7611327,0.40714967,-0.32068318,0.37116244,843,-1,0.004182419,0,Non-Buzzer
2040613949981552776,2026-04-05 12:50:38+00:00,0,@gagahmei IGRS kknya ke semua ja,2040774110918398286,,gagahmei,in,,0,0,0,https://x.com/pajarsidik_/status/2040774110918398286,333245547,pajarsidik_,6,id,keep_id_anchor,False,igrs kknya ke semua ja,[],0,1,22,5,0,0,1,0.0,0.0,1,0.5,0.4583333333333333,67,1.0,0.0,0.0,0.0,0,0,0.92275417,0.28863433,1.7902021,0.60643446,844,-1,0.012822059,0,Non-Buzzer
2040773998544580882,2026-04-05 12:50:11+00:00,2,"Indonesia's Ministry of Communication and Digital Affairs used their so called IGRS (Indonesia Game Rating System) and falsely labelled each games on Steam
They released a statement hours later, telling that the false labels were autogenerated, which pretty much telling that they",2040773998544580882,,,en,,0,1,0,https://x.com/FlwrmnShiragiku/status/2040773998544580882,1527855127159533568,FlwrmnShiragiku,43,en,keep_id_anchor,False,indonesia s ministry of communication and digital affairs used their so called igrs indonesia game rating system and falsely labelled each games on steam they released a statement hours later telling that the false labels were autogenerated which pretty much telling that they,[],0,0,276,43,0,3,0,0.4715,0.019,1,1.0,0.4508333333333333,67,0.0,0.0,0.0,0.0,1,0,0.80692995,0.36816388,-1.3649429,-0.09339448,845,-1,0.03148171,0,Non-Buzzer
2040773853304201647,2026-04-05 12:49:37+00:00,0,Ini steam bisa ngegugat igrs gk si njir,2040773853304201647,,,in,,0,0,0,https://x.com/reinardstar/status/2040773853304201647,1216053606085840896,reinardstar,8,tl,keep_id_anchor,False,ini steam bisa ngegugat igrs gk si njir,[],0,0,39,8,0,0,1,0.5466,0.0069,2,1.0,0.4413888888888889,67,0.0,0.0,0.0,0.0,5,0,0.83933324,0.21903804,1.0836494,0.21216996,846,-1,0.01426122,0,Non-Buzzer
2040773691827724638,2026-04-05 12:48:58+00:00,0,"igrs
ini gue rating sendiri",2040773691827724638,,,in,,0,0,0,https://x.com/hejokayang/status/2040773691827724638,1148552528180592640,hejokayang,5,id,keep_id_anchor,False,igrs ini saya rating sendiri,[],0,0,28,5,0,0,1,0.0,0.0,1,1.0,0.4305555555555556,67,0.0,0.0,0.0,0.0,-1,0,0.78950775,0.34747908,0.25698578,0.223741,847,-1,0.0011483978,0,Non-Buzzer
2040773642381099093,2026-04-05 12:48:46+00:00,0,Mampus besok masuk kantor dengan segala perkara IGRS ini😵‍💫,2040773642381099093,,,in,,0,0,0,https://x.com/kopeyy/status/2040773642381099093,53292450,kopeyy,9,id,keep_id_anchor,False,mampus besok masuk kantor dengan segala perkara igrs ini,[],0,0,56,9,0,0,1,0.2559,0.0044,1,1.0,0.4272222222222222,67,0.0,0.0,0.0,0.0,-1,0,0.6487272,0.19919418,1.9126196,0.41914567,848,-1,0.0008459996,0,Non-Buzzer
2040773532020515189,2026-04-05 12:48:20+00:00,0,"IGRS is whack
Call of Duty got 3+
While CS2 got 18+",2040773532020515189,,,en,,0,0,0,https://x.com/itsD_037/status/2040773532020515189,2757405062,itsD_037,12,en,keep_id_anchor,False,igrs is whack call of duty got while cs got,[],0,0,43,10,0,0,1,0.4298,0.0069,1,1.0,0.42,67,0.0,0.0,0.0,0.0,-1,0,0.4823478,0.1791449,-0.38264704,1.303968,849,-1,0.0015833082,0,Non-Buzzer
2040704635128943030,2026-04-05 12:47:58+00:00,0,@mhuseinali Kalau konsol bagaimana bro iya kali igrs juga kena,2040773441205493864,,mhuseinali,in,,0,0,0,https://x.com/MJRTiger123/status/2040773441205493864,1937245580,MJRTiger123,10,id,keep_id_anchor,False,kalau konsol bagaimana bro iya kali igrs juga kena,[],0,1,50,9,0,0,1,0.2955,0.0072,1,1.0,0.41388888888888886,67,1.0,0.0,0.0,0.0,-1,0,0.72063386,0.36596623,0.63785625,0.18569824,850,-1,0.0011353007,0,Non-Buzzer
2040773349559955882,2026-04-05 12:47:36+00:00,0,IGRS is such a fucking joke,2040773349559955882,,,en,,0,0,0,https://x.com/kopikasir/status/2040773349559955882,1312337912084590592,kopikasir,6,en,keep_id_anchor,False,igrs is such a fucking joke,[],0,0,27,6,0,0,1,0.8577,0.006,1,1.0,0.4077777777777778,67,0.0,0.0,0.0,0.0,-1,0,0.95869863,0.35909182,-0.27196154,1.8566319,851,-1,0.023007238,0,Non-Buzzer
2040772386635788389,2026-04-05 12:43:47+00:00,0,"Rating IGRS tuh aneh njir, Anak umur 3 tahun mana yang udh punya akun steam dan maen gta di pc 🗿
/jk",2040772386635788389,,,in,,0,0,0,https://x.com/13_zae/status/2040772386635788389,1268044957253689345,13_zae,21,id,keep_id_anchor,False,rating igrs itu aneh njir anak umur tahun mana yang sudah punya akun steam dan maen gta di pc jk,[],0,0,96,20,0,0,1,0.3214,0.0118,1,1.0,0.3441666666666667,67,0.0,0.0,0.0,0.0,-1,0,0.7426852,0.43164527,-0.9175218,0.3044259,852,-1,0.0052528232,0,Non-Buzzer
2040751083321274482,2026-04-05 12:43:17+00:00,1,@No1Real0 We can never win bro as long as the anime onlys continue to dominate otaku spaces. Also what's this IGRS,2040772260282376481,,No1Real0,en,,0,1,0,https://x.com/Homuboil7/status/2040772260282376481,1595323291073359872,Homuboil7,22,en,keep_id_anchor,False,we can never win bro as long as the anime onlys continue to dominate otaku spaces also what s this igrs,[],0,1,103,21,0,2,0,0.4506,0.0121,1,1.0,0.3358333333333333,67,1.0,0.0,0.0,0.0,-1,0,0.65372455,0.2891331,0.2072738,0.80344254,853,-1,0.007213868,0,Non-Buzzer
2040772193211277402,2026-04-05 12:43:01+00:00,0,Wkwkwk IGRS QUONTL,2040772193211277402,,,in,,0,0,0,https://x.com/ruangKoosongg/status/2040772193211277402,1439527647143292928,ruangKoosongg,3,pl,keep_id_anchor,False,wkwkwk igrs quontl,[],0,0,18,3,0,0,1,0.7352,0.0024,1,1.0,0.3313888888888889,67,0.0,0.0,0.0,0.0,-1,0,0.72953814,0.2137025,-0.2468939,1.7934936,854,-1,0.0011703294,0,Non-Buzzer
2040772159480775069,2026-04-05 12:42:53+00:00,0,"IGRS KONTOL
KOMDIGI MEMEK",2040772159480775069,,,in,,0,0,0,https://x.com/DokutahLianSyah/status/2040772159480775069,1419991676311855104,DokutahLianSyah,4,sw,keep_id_anchor,False,igrs kontol komdigi memek,[],0,0,25,4,0,0,1,0.8302,0.0128,2,0.4,0.32916666666666666,67,2.0,0.0,0.0,0.0,0,1,0.8802897,0.3620657,0.8531368,0.84707916,855,-1,0.19018948,0,Non-Buzzer
2040772098034123065,2026-04-05 12:42:38+00:00,0,"Sampah banget web IGRS, gajelas.",2040772098034123065,,,in,,0,0,0,https://x.com/Noireism/status/2040772098034123065,1129434764904095744,Noireism,5,id,keep_id_anchor,False,sampah banget web igrs gajelas,[],0,0,30,5,0,0,1,0.4597,0.0032,1,1.0,0.325,67,0.0,0.0,0.0,0.0,-1,0,0.7704635,0.30492404,1.2699934,0.13790417,856,-1,0.0016516864,0,Non-Buzzer
2040772039271936238,2026-04-05 12:42:24+00:00,602,"Ya Coretax, ya IGRS. Deploy belom siap tapi dipaksain. yang kena imbasnya ya rakyat jelata macem kita ini.",2040772039271936238,,,in,,1,2,285,https://x.com/ShaniBudi/status/2040772039271936238,43553349,ShaniBudi,18,id,keep_id_anchor,False,ya coretax ya igrs deploy belum siap tapi dipaksain yang kena imbasnya ya rakyat jelata macem kita ini,[],0,0,102,18,0,890,0,0.4305,0.0095,1,1.0,0.3211111111111111,67,0.0,2.0,0.0,0.0,-1,0,0.64501345,0.34171075,0.60240495,0.00091320556,857,-1,0.002901604,0,Non-Buzzer
2040772025883767025,2026-04-05 12:42:21+00:00,1,IGRS dan semua org yg ngeacc can go rot in hell,2040772025883767025,,,in,,0,0,0,https://x.com/cesyii_/status/2040772025883767025,1843207083925336064,cesyii_,11,en,keep_id_anchor,False,igrs dan semua orang yang ngeacc can go rot in hell,[],0,0,51,11,0,1,1,0.3719,0.0115,1,1.0,0.3202777777777778,67,0.0,0.0,0.0,0.0,-1,0,0.6654273,0.28984952,0.63547,0.9309634,858,-1,0.0023075917,0,Non-Buzzer
2040772017784488347,2026-04-05 12:42:19+00:00,0,mau belajar buat ujian jadi ga mood gara-gara igrs slop ini,2040772017784488347,,,in,,0,1,0,https://x.com/awkwardsodium/status/2040772017784488347,1002213263529033728,awkwardsodium,12,id,keep_id_anchor,False,mau belajar buat ujian jadi tidak mood gara gara igrs slop ini,[],0,0,62,12,0,1,1,0.7209,0.0128,1,1.0,0.31972222222222224,67,0.0,0.0,0.0,0.0,-1,0,0.63004154,0.32077357,0.8852064,-0.12156791,859,-1,0.003727484,0,Non-Buzzer
2040771965120852399,2026-04-05 12:42:06+00:00,18,IGRS !ml 18+ wkwkw https://t.co/PdM2eegkyH,2040771965120852399,https://pbs.twimg.com/media/HFJHSLsbsAAo2XI.jpg,,in,,1,1,1,https://x.com/basemole/status/2040771965120852399,475145182,basemole,8,pl,keep_id_anchor,False,igrs ml wkwkw,[],0,0,13,3,0,21,0,0.6003,0.0019,1,1.0,0.3161111111111111,67,0.0,0.0,0.0,0.0,-1,0,0.7162689,0.20956056,-0.7589582,1.8646723,860,-1,0.0011619759,0,Non-Buzzer
2040771906308383117,2026-04-05 12:41:52+00:00,0,Tiba tiba kebayang igrs ngasih rating love and deepspace 3+ 🙂🙂🙂,2040771906308383117,,,in,,0,0,0,https://x.com/inabujank/status/2040771906308383117,1918091458202222593,inabujank,10,tl,keep_id_anchor,False,tiba tiba kebayang igrs ngasih rating love and deepspace,[],0,0,56,9,0,0,1,0.9098,0.0063,1,1.0,0.31222222222222223,67,0.0,0.0,0.0,0.0,-1,0,0.6352251,0.28431752,0.17982233,0.52864754,861,-1,0.0013701937,0,Non-Buzzer
2040261923883884845,2026-04-05 12:41:25+00:00,0,@f1speed_indo udah liat rating F1 25 yg dikasih lemabaga IGRS by komdigi min ? 😆 https://t.co/KCLQhZCctj,2040771792797831608,https://pbs.twimg.com/media/HFJHBQ2aIAAG2wi.jpg,f1speed_indo,in,,0,0,0,https://x.com/nomnom382/status/2040771792797831608,2030781692840173568,nomnom382,17,id,keep_id_anchor,False,sudah liat rating f yang dikasih lemabaga igrs by komdigi min,[],0,1,61,11,0,0,1,0.3443,0.0139,1,1.0,0.3047222222222222,67,1.0,0.0,0.0,0.0,-1,0,0.7421932,0.31310505,0.23578212,0.88695866,862,-1,0.0018155513,0,Non-Buzzer
2040607663848034623,2026-04-05 12:40:56+00:00,2,"@Christyandi_R @Lord_Mudcrab95 Yang elu sebutin (ESRB &amp; CERO) itu juridiksi khusus hanya beredar di negara masing2 btw (in this case Amerika Utara &amp; Jepang) Klo IARC iya itu internasional standar buat negara yg belum punya rating board until IGRS ada.

Klo dijual di indo berarti itu game impor bukan resmi.",2040771668218662914,,Christyandi_R,in,,0,1,0,https://x.com/DaniSplatKing/status/2040771668218662914,412144926,DaniSplatKing,50,id,keep_id_anchor,False,yang elu sebutin esrb cero itu juridiksi khusus hanya beredar di negara masing btw in this case amerika utara jepang kalau iarc iya itu internasional standar buat negara yang belum punya rating board until igrs ada kalau dijual di indo berarti itu game impor bukan resmi,[],0,1,270,46,0,3,0,0.2752,0.0179,4,0.8,0.2966666666666667,67,3.0,0.0,0.0,0.0,-1,0,0.6721833,0.28383046,-0.21923102,-0.40384984,863,-1,0.020580072,0,Non-Buzzer
2040771533011046746,2026-04-05 12:40:23+00:00,34,"Sebuah insight menarik tentang IGRS. 

Dulu katanya program ini bakal mengakomodasi perkembangan industri game lokal karena ""katanya"" diisi anak² muda. Eksekusinya?  arah gak jelas, menutup ruang ekspresi, dan sekali lagi, malah menghambat perkembangan industri game lokal https://t.co/nWKYJRxT9U",2040771533011046746,https://pbs.twimg.com/media/HFJG4vTa0AA7WxC.jpg,,in,,2,5,14,https://x.com/xenoshroomer/status/2040771533011046746,1792933098683826176,xenoshroomer,40,id,keep_id_anchor,False,sebuah insight menarik tentang igrs dulu katanya program ini bakal mengakomodasi perkembangan industri game lokal karena katanya diisi anak muda eksekusinya arah tidak jelas menutup ruang ekspresi dan sekali lagi malah menghambat perkembangan industri game lokal,[],0,0,262,36,0,55,0,0.2863,0.0113,1,1.0,0.2875,67,0.0,0.0,0.0,0.0,-1,0,0.73139024,0.35996652,-0.37175128,-0.74569815,864,-1,0.0022454518,0,Non-Buzzer
2040770990104596810,2026-04-05 12:38:14+00:00,0,Tolol banget emang IGRS ini !!,2040770990104596810,,,in,,0,0,0,https://x.com/gillsevensense/status/2040770990104596810,1555238112,gillsevensense,5,tl,keep_id_anchor,False,tolol banget emang igrs ini,[],0,0,27,5,0,0,1,0.6607,0.0094,1,1.0,0.25166666666666665,67,0.0,0.0,0.0,0.0,0,0,0.96901083,0.2660461,2.2978466,0.42183405,865,-1,0.023146946,0,Non-Buzzer
2040770863658861012,2026-04-05 12:37:44+00:00,0,we're so back to game piracy with this IGRS shit,2040770863658861012,,,en,,0,0,0,https://x.com/tioammar/status/2040770863658861012,24481728,tioammar,11,en,keep_id_anchor,False,we re so back to game piracy with this igrs shit,[],0,0,48,11,0,0,1,0.4049,0.008,1,1.0,0.24333333333333335,67,0.0,0.0,0.0,0.0,-1,0,0.629656,0.29932734,0.6577856,-0.07307801,866,-1,0.0010140631,0,Non-Buzzer
2040770804661817815,2026-04-05 12:37:30+00:00,0,"Isi tlku klo g Fox Mccloud yah kegoblokan Komdigi dan IGRS, idk whether to feel aroused or offended 🙂‍↕️.",2040770804661817815,,,in,,0,0,0,https://x.com/kuda_melenting/status/2040770804661817815,1879831722713604096,kuda_melenting,18,en,keep_id_anchor,False,isi tlku kalau g fox mccloud yah kegoblokan komdigi dan igrs idk whether to feel aroused or offended,[],0,0,100,18,0,0,1,0.3885,0.0127,1,1.0,0.23944444444444443,67,0.0,0.0,0.0,0.0,-1,0,0.5860481,0.2998918,0.72396934,0.81667364,867,-1,0.0021728023,0,Non-Buzzer
2040707677148561663,2026-04-05 12:35:15+00:00,1,"@kerissakti @anda_winata Rated E by ESRB but got 18+ from IGRS
Rated M by ESRB but got 3+ from IGRS
What's that if not stupid?
Just look around Twitter, the screenshot is everywhere",2040770240616018056,,kerissakti,en,,0,0,0,https://x.com/samminustakes/status/2040770240616018056,1809528642197942274,samminustakes,34,en,keep_id_anchor,False,rated e by esrb but got from igrs rated m by esrb but got from igrs what s that if not stupid just look around twitter the screenshot is everywhere,[],0,1,147,30,0,1,1,0.5986,0.013,1,1.0,0.20194444444444445,67,1.0,0.0,0.0,0.0,-1,0,0.5764345,0.22205916,-0.28400716,1.1392348,868,-1,0.002310959,0,Non-Buzzer
2040770099230208043,2026-04-05 12:34:41+00:00,0,Btw ini yg kena IGRS game di PC aja kan ya? Kalau di PS store apakah kena juga?,2040770099230208043,,,in,,0,0,0,https://x.com/NurdienAsslm/status/2040770099230208043,522728958,NurdienAsslm,18,id,keep_id_anchor,False,btw ini yang kena igrs game di pc aja kan ya kalau di ps store apakah kena juga,[],0,0,79,18,0,0,1,0.3778,0.0088,1,1.0,0.1925,67,0.0,0.0,0.0,0.0,-1,0,0.70269287,0.3285074,-0.18599619,0.0244464,869,-1,0.0016155744,0,Non-Buzzer
2040770068179755395,2026-04-05 12:34:34+00:00,0,saatnya main game rekomendasi negara IGRS https://t.co/UwHX0Lj2XM,2040770068179755395,https://pbs.twimg.com/media/HFJAv1HbcAEXq0I.jpg,,in,,0,0,0,https://x.com/kenjay_/status/2040770068179755395,969526741604614144,kenjay_,10,id,keep_id_anchor,False,saatnya main game rekomendasi negara igrs,[],0,0,41,6,0,0,1,0.4139,0.0101,1,1.0,0.19055555555555556,67,0.0,0.0,0.0,0.0,-1,0,0.7217994,0.36968198,-0.0036328598,-0.34686202,870,-1,0.0017571243,0,Non-Buzzer
2040543737261293855,2026-04-05 12:32:37+00:00,2,"@nurfaishal9 @ChouSenka lebih tepatnya steam “harus” ngikut rating IGRS wkwkwkwk

ini detail soal game nasih game yg kena RC

https://t.co/DXIB20Mpip",2040769577882362017,,nurfaishal9,in,,0,0,1,https://x.com/AneshMadyantara/status/2040769577882362017,1805890316907757568,AneshMadyantara,23,id,keep_id_anchor,False,lebih tepatnya steam harus ngikut rating igrs wkwkwkwk ini detail soal game nasih game yang kena rc,[],0,1,99,17,0,3,0,0.3525,0.0056,1,0.5,0.15805555555555556,67,1.0,0.0,0.0,0.0,1,0,0.8263737,0.42439812,-0.8442211,-0.6914474,871,-1,0.014544175,0,Non-Buzzer
2040769367382864029,2026-04-05 12:31:47+00:00,0,Aldo pasti udah napsu banget pengin mantat2in sm goblok2in Komdigi/IGRS,2040769367382864029,,,in,,0,0,0,https://x.com/8isul/status/2040769367382864029,1648958309851082752,8isul,11,id,keep_id_anchor,False,aldo pasti sudah napsu banget pengin mantat in sama goblok in komdigi igrs,[],0,0,74,13,0,0,1,0.351,0.012,1,1.0,0.14416666666666667,67,0.0,0.0,0.0,0.0,-1,0,0.7682064,0.31055173,1.251907,0.54050696,872,-1,0.0023138423,0,Non-Buzzer
2040769324349268189,2026-04-05 12:31:37+00:00,0,Farming Simulator Dapat Rating IGRS 18+ &amp; The Sims 4 RC?! THAT'S FUCKING IT! I'M LEAVING RAINYNESIA/LIGHTNINGNESIA/THUNDERNESIA FOR FUCK'S SAKE! MOVE TO BRISBANE ANY FUCKING TIME! https://t.co/VKR7bzaEHO,2040769324349268189,https://pbs.twimg.com/media/HFJE4pkagAIHwvl.jpg,,en,,0,0,0,https://x.com/Yafie_A_Raihan/status/2040769324349268189,1379738074242932737,Yafie_A_Raihan,35,en,keep_id_anchor,False,farming simulator dapat rating igrs the sims rc that s fucking it i m leaving rainynesia lightningnesia thundernesia for fuck s sake move to brisbane any fucking time,[],0,0,166,28,0,0,1,0.3749,0.0118,1,1.0,0.1413888888888889,67,0.0,0.0,0.0,0.0,-1,0,0.58126247,0.2580203,0.040303856,0.47680184,873,-1,0.002175762,0,Non-Buzzer
2040769264404300267,2026-04-05 12:31:22+00:00,2,"IGRS 🤝 Coretax
Sistem blm matang tpi udh publish",2040769264404300267,,,in,,0,0,0,https://x.com/makanindomie3/status/2040769264404300267,1401438728267046920,makanindomie3,8,id,keep_id_anchor,False,igrs coretax sistem belum matang tpi sudah publish,[],0,0,50,8,0,2,0,0.4305,0.0124,1,1.0,0.13722222222222222,67,0.0,0.0,0.0,0.0,-1,0,0.6214055,0.23800687,-1.1534611,1.3596888,874,-1,0.0059855366,0,Non-Buzzer
2040769232372404510,2026-04-05 12:31:15+00:00,0,"IGRS ini kok aku liat ada celah untuk dipungli

""bayar dulu bos nanti gw kasih rating ijo""",2040769232372404510,,,in,,0,1,0,https://x.com/susahberaq/status/2040769232372404510,895331197,susahberaq,17,id,keep_id_anchor,False,igrs ini kok aku liat ada celah untuk dipungli bayar dulu bos nanti saya kasih rating ijo,[],0,0,89,17,0,1,1,0.4317,0.0076,1,1.0,0.13527777777777777,67,0.0,0.0,0.0,0.0,-1,0,0.6974764,0.27845764,0.9456029,0.24441892,875,-1,0.0016444214,0,Non-Buzzer
2040645711650509022,2026-04-05 12:29:14+00:00,0,@rayrestufauzi IGRS alias INDONESIAN GOONERS RATING SYSTEM emang anj,2040768727453708779,,rayrestufauzi,in,,0,0,0,https://x.com/inimahjapran/status/2040768727453708779,1803251055469502464,inimahjapran,9,id,keep_id_anchor,False,igrs alias indonesian gooners rating system emang anj,[],0,1,53,8,0,0,1,0.5353,0.0094,1,1.0,0.10166666666666667,67,1.0,0.0,0.0,0.0,1,0,0.9197844,0.33056656,-1.4428147,1.4800553,876,-1,0.08940736,0,Non-Buzzer
2040768499426197625,2026-04-05 12:29:12+00:00,0,"Mass: what sins did they commit?
IGRS: being woke.",2040768718821892296,,Religuary,en,,0,0,0,https://x.com/Religuary/status/2040768718821892296,1902882460381351938,Religuary,9,en,keep_id_anchor,False,mass what sins did they commit igrs being woke,[],0,1,46,9,0,0,1,0.4312,0.0038,1,1.0,0.10111111111111111,67,0.0,0.0,0.0,0.0,-1,0,0.4542936,0.16505006,0.61478466,1.1542157,877,-1,0.0015833082,0,Non-Buzzer
2040632610339369214,2026-04-05 12:28:21+00:00,0,@AimyuuNao What's IGRS?,2040768502362214890,,AimyuuNao,en,,0,1,0,https://x.com/VincDigiArt/status/2040768502362214890,1438473105622519809,VincDigiArt,4,tl,keep_id_anchor,False,what s igrs,[],0,1,11,3,0,1,1,0.6226,0.0036,1,1.0,0.08694444444444445,67,1.0,0.0,0.0,0.0,0,0,0.86540806,0.27375424,-2.1507516,2.6575468,878,-1,0.017084636,0,Non-Buzzer
2040768442480070866,2026-04-05 12:28:06+00:00,0,"Batalin IGRS ga anjing
Udah ada PEGI ama ESRB gausah ikut ikutan, kalo mau korup mah ngomong aja anjing @kemkomdigi",2040768442480070866,,,in,,0,0,0,https://x.com/0p_py/status/2040768442480070866,1487885105888915456,0p_py,20,id,keep_id_anchor,False,batalin igrs tidak anjing sudah ada pegi sama esrb gausah ikut ikutan kalau mau korup mah ngomong aja anjing,[],0,0,108,19,0,0,1,0.3779,0.0148,1,0.5,0.08277777777777778,67,0.0,0.0,0.0,0.0,6,0,0.822134,0.31675386,1.3328865,0.25079957,879,-1,0.15344328,0,Non-Buzzer
2040768319142445080,2026-04-05 12:27:37+00:00,0,"Never put IGRS on Nintendo eShop, PlayStation Store, and Xbox Microsoft Store.
They're not ready yet.",2040768319142445080,,,en,,0,0,0,https://x.com/allaamnaufal20/status/2040768319142445080,1589575016165027840,allaamnaufal20,17,en,keep_id_anchor,False,never put igrs on nintendo eshop playstation store and xbox microsoft store they re not ready yet,[],0,0,97,17,0,0,1,0.4653,0.0067,1,1.0,0.07472222222222222,67,0.0,0.0,0.0,0.0,-1,0,0.6253656,0.19523266,-1.0826857,0.7140733,880,-1,0.0012484185,0,Non-Buzzer
2040768305439609105,2026-04-05 12:27:34+00:00,0,"IGRS: I guess rating bro
Is Persona illegal now Indonesia? https://t.co/mHuhu6QeS7",2040768305439609105,https://pbs.twimg.com/media/HFJD9VAaMAAXHlp.jpg,,en,,0,0,0,https://x.com/Iezhar7th/status/2040768305439609105,2001078491371200515,Iezhar7th,14,en,keep_id_anchor,False,igrs i guess rating bro is persona illegal now indonesia,[],0,0,56,10,0,0,1,0.3703,0.0098,1,1.0,0.07388888888888889,67,0.0,0.0,0.0,0.0,-1,0,0.7493317,0.3023809,-0.95391405,1.2885191,881,-1,0.0009872641,0,Non-Buzzer
2040766941925961934,2026-04-05 12:27:09+00:00,0,"Da sanction yang memadai Dan IGRS nga terlalu di implementasikan ke video game yang masuk jika dilihat permen 2016 itu (kek mereka cuman mau infokan bahwa nih Indo at least udh punya rating system sendiri)

Makanya baru naik 2026 masalahnya yah karena emg baru kerasa impactnya",2040768200292667897,,SircuTrito,in,,0,1,0,https://x.com/SircuTrito/status/2040768200292667897,1033571380803993600,SircuTrito,46,id,keep_id_anchor,False,da sanction yang memadai dan igrs nga terlalu di implementasikan ke video game yang masuk jika dilihat permen itu kek mereka cuman mau infokan bahwa ini indo at least sudah punya rating system sendiri makanya baru naik masalahnya yah karena emg baru kerasa impactnya,[],0,1,266,44,0,1,1,0.3924,0.0114,2,1.0,0.03194444444444444,67,0.0,0.0,0.0,0.0,-1,0,0.7944533,0.44150454,-0.25824517,-0.7453499,882,-1,0.032193653,0,Non-Buzzer
2040768187567165476,2026-04-05 12:27:06+00:00,8,"Aku ngerti sama yang dilakuin IGRS ini dan sebenernya gpp yak kalo ada rating"" umur gitu mah, cuman targetnya ada beberapa yang Miss gitu + untuk konfirmasi umur misal pake KTP agar mikir juga dan yang pasti pliss IGRS jangan dikit dikit blokar blokir blokar blokir, cape beud 🥲",2040768187567165476,,,in,,0,2,0,https://x.com/Neibiiru/status/2040768187567165476,1799006085971640320,Neibiiru,47,id,keep_id_anchor,False,aku ngerti sama yang dilakuin igrs ini dan sebenernya gapapa yak kalau ada rating umur gitu mah cuman targetnya ada beberapa yang miss gitu untuk konfirmasi umur misal pake ktp agar mikir juga dan yang pasti pliss igrs jangan dikit dikit blokar blokir blokar blokir cape beud,[],0,0,275,47,0,10,0,0.3617,0.0119,1,1.0,0.0661111111111111,67,0.0,0.0,0.0,0.0,-1,0,0.70960563,0.41601828,0.6190501,-0.15161584,883,-1,0.0032321527,0,Non-Buzzer
2040640458263785754,2026-04-05 12:26:41+00:00,1,@reynoldtyb Gua yakin juga para petani atau bajak laut bakal ramai kalau ada beberapa game yang mereka inginkan di prohibited sama igrs di steam,2040768085133779419,,reynoldtyb,in,,0,1,0,https://x.com/LazyrevilLeona/status/2040768085133779419,1947300766890496000,LazyrevilLeona,24,id,keep_id_anchor,False,saya yakin juga para petani atau bajak laut bakal ramai kalau ada beberapa game yang mereka inginkan di prohibited sama igrs di steam,[],0,1,133,23,0,2,0,0.3282,0.0024,1,1.0,0.059166666666666666,67,1.0,0.0,0.0,0.0,-1,0,0.61742043,0.25810125,0.77046126,-1.4843498,884,-1,0.00080519,0,Non-Buzzer
2040766941925961934,2026-04-05 12:25:03+00:00,0,"Lihan itu sekitaran 2 tahun.

Kenapa ada masa peralihan?? Yah emg karena ini termasuk besar keinginan kominfo di permen baru yaitu bener bener nge implementasikan IGRS ke banyak Gaming platform dunia termasuk steam.

Permen 2016 itu lack in those karena emg nga a-",2040767670971412787,,SircuTrito,in,,1,1,0,https://x.com/SircuTrito/status/2040767670971412787,1033571380803993600,SircuTrito,43,id,keep_id_anchor,False,lihan itu sekitaran tahun mengapa ada masa peralihan yah emg karena ini termasuk besar keinginan kominfo di permen baru yaitu benar benar nge implementasikan igrs ke banyak gaming platform dunia termasuk steam permen itu lack in those karena emg nga a,[],0,1,251,41,0,2,0,0.3985,0.0082,2,1.0,0.03194444444444444,67,0.0,0.0,0.0,0.0,-1,0,0.7227296,0.38351423,-0.020875538,-0.689444,885,-1,0.0018769061,0,Non-Buzzer
2040767379349938274,2026-04-05 12:23:53+00:00,0,"Ga ada hubungan sama IGRS, tapi masih soal game.
Pernah magang di sebuah studio game. Waktu itu, saya sempat main ke SMA saya dulu bareng beberapa teman. Ketemu lah kami dengan seorang guru, udah cukup sepuh, tapi kami ga pernah liat dia waktu masih sekolah. Kayaknya baru. (cont)",2040767379349938274,,,in,,0,1,0,https://x.com/setsundere/status/2040767379349938274,1273950541526122496,setsundere,48,id,keep_id_anchor,False,tidak ada hubungan sama igrs tapi masih soal game pernah magang di sebuah studio game waktu itu saya sempat main ke sama saya dulu bareng beberapa teman ketemu lah kami dengan seorang guru sudah cukup sepuh tapi kami tidak pernah liat dia waktu masih sekolah kayaknya baru cont,[],0,0,277,48,0,1,1,0.3068,0.0297,1,0.5,0.0125,67,0.0,0.0,0.0,0.0,-1,0,0.6350516,0.26926357,0.23069125,-0.36143446,886,-1,0.0070499056,0,Non-Buzzer
2040758868536701027,2026-04-05 12:23:32+00:00,0,"""Politik sangat ngaruh di hidup kita termasuk game makanya kita harus melek politik"" well buat kasus IGRS ini masalahnya beyond politic sih, karena mau komdiginya Windah Basudara pun kalau isinya boomer semua ya sama aja, toh mereka kan gak ""dipilih"" kita.",2040767292783677940,,garmenputus,in,,0,0,0,https://x.com/garmenputus/status/2040767292783677940,39967114,garmenputus,41,id,keep_id_anchor,False,politik sangat ngaruh di hidup kita termasuk game makanya kita harus melek politik well buat kasus igrs ini masalahnya beyond politic sih karena mau komdiginya windah basudara pun kalau isinya boomer semua ya sama aja toh mereka kan tidak dipilih kita,[],0,1,251,41,0,0,1,0.5017,0.0099,1,1.0,0.006666666666666667,67,0.0,0.0,0.0,0.0,-1,0,0.73777604,0.24924834,1.0630445,-1.1778796,887,-1,0.0012506585,0,Non-Buzzer
2040767191373787147,2026-04-05 12:23:08+00:00,1,"""ayo dek... main game edukasi yok..""
""gamau papa... ga diverif igrs""

""ngentod yok, udh diverif igrs""
""gas. top / bottom?""

anjing banget yallah",2040767191373787147,,,in,,0,0,0,https://x.com/eesu_ace/status/2040767191373787147,1444162510693617670,eesu_ace,22,id,keep_id_anchor,False,ayo dek main game edukasi yok gamau papa tidak diverif igrs ngentod yok sudah diverif igrs gas top bottom anjing banget yallah,[],0,0,126,22,0,1,1,0.2211,0.0121,1,1.0,0.0,67,0.0,0.0,0.0,0.0,-1,0,0.7455897,0.3594273,1.2619804,0.09277468,888,-1,0.0025160918,0,Non-Buzzer
2041661562835104098,2026-04-07 23:37:03+00:00,0,"Untuk mengisi kegabutan, mari kita kemas ulang data IGRS https://t.co/g2CIhUzEen https://t.co/GOD1UnZ3Gq",2041661562835104098,https://pbs.twimg.com/media/HFVwV5xbYAAXHpJ.jpg,,in,,0,0,1,https://x.com/melekmedia/status/2041661562835104098,146060482,melekmedia,17,id,keep_id_anchor,False,untuk mengisi kegabutan mari kita kemas ulang data igrs,[],0,0,55,9,0,1,1,0.2539,0.005,1,0.3333333333333333,36.05027777777778,6,0.0,0.0,0.0,0.0,-1,0,0.62973773,0.2643602,0.36529312,0.25401407,889,-1,0.0012283459,0,Non-Buzzer
2041659785469423684,2026-04-07 23:29:59+00:00,1,"Ini cuma gua, atau telkomsel juga ikutan nge-block game karena IGRS juga kah?

Udah lebih dari 2 hari ga bisa log-in Umamusume lewat HP 😩 https://t.co/g8A8kLNRoS",2041659785469423684,https://pbs.twimg.com/media/HFVuwMCaoAA2GZH.jpg,,in,,0,2,0,https://x.com/Arachnic_/status/2041659785469423684,1513946848020807680,Arachnic_,30,id,keep_id_anchor,False,ini cuma saya atau telkomsel juga ikutan nge block game karena igrs juga kah sudah lebih dari hari tidak bisa log in umamusume lewat hp,[],0,0,135,25,0,3,0,0.4199,0.0128,1,1.0,59.11416666666667,6,0.0,0.0,0.0,0.0,-1,0,0.67734885,0.32365724,0.35770392,-0.2532344,890,-1,0.0037890035,0,Non-Buzzer
2041659085414953153,2026-04-07 23:27:12+00:00,0,IGRS gak akan jadi masalah kalo yang menaungi itu bukan PEMERINTAH,2041659085414953153,,,in,,0,0,0,https://x.com/HollowMelody_1/status/2041659085414953153,1488401452213026816,HollowMelody_1,11,id,keep_id_anchor,False,igrs tidak akan jadi masalah kalau yang menaungi itu bukan pemerintah,[],0,0,69,11,0,0,1,0.4882,0.0316,1,1.0,59.06777777777778,6,0.0,0.0,0.0,0.0,-1,0,0.51238483,0.14709347,0.6231818,-0.015851043,891,-1,0.006604218,0,Non-Buzzer
2040637611753320857,2026-04-07 23:26:36+00:00,0,@emyr_za1 what do you think about IGRS @grok,2041658931660124350,,emyr_za1,en,,0,1,0,https://x.com/wongkongenekok/status/2041658931660124350,1697800634341466112,wongkongenekok,8,en,keep_id_anchor,False,what do you think about igrs,[],0,1,28,6,0,1,1,0.4193,0.0056,2,1.0,59.000277777777775,6,2.0,0.0,0.0,0.0,0,1,0.80662584,0.3407145,-1.9172672,1.6717175,892,-1,0.010635388,0,Non-Buzzer
2041652988868202936,2026-04-07 23:24:17+00:00,0,@RWWReborn Kayak masalah IGRS sama steam jadinya...wakakakak.,2041658348559536481,,RWWReborn,in,,0,0,0,https://x.com/bayoeoe/status/2041658348559536481,349551279,bayoeoe,8,id,keep_id_anchor,False,seperti masalah igrs sama steam jadinya wakakakak,[],0,1,49,7,0,0,1,0.0,0.0,1,1.0,59.01916666666666,6,1.0,0.0,0.0,0.0,5,0,0.8384458,0.3269982,0.73465306,-0.28250286,893,-1,0.004339229,0,Non-Buzzer
2038681625631007151,2026-04-07 23:23:09+00:00,0,@Steam WOII HAPUS IGRS BANG SAT(RIO),2041658063854432559,,Steam,in,,0,0,0,https://x.com/wongkongenekok/status/2041658063854432559,1697800634341466112,wongkongenekok,7,de,keep_id_anchor,False,woii hapus igrs bang sat rio,[],0,1,28,6,0,0,1,0.666,0.0064,2,1.0,59.000277777777775,6,2.0,0.0,0.0,0.0,-1,0,0.71055317,0.25066578,0.5498953,1.6482153,894,-1,0.0016910301,0,Non-Buzzer
2041531585733025928,2026-04-07 23:21:34+00:00,37,"@TheGameVerse the funny part is, a few days ago Komdigi (Ministry of Digital &amp; Communication) asked Steam to provide official clarification regarding IGRS. what a retarded ministry 🥀",2041657666632900791,,TheGameVerse,en,,0,1,1,https://x.com/LXVCXXXLIXLVI/status/2041657666632900791,1666660315856248833,LXVCXXXLIXLVI,27,en,keep_id_anchor,False,the funny part is a few days ago komdigi ministry of digital communication asked steam to provide official clarification regarding igrs what a retarded ministry,[],0,1,160,25,0,39,0,0.3851,0.0127,1,1.0,58.97388888888889,6,1.0,0.0,0.0,0.0,-1,0,0.571656,0.32299355,-0.16243818,0.75399363,895,-1,0.0017675487,0,Non-Buzzer
2041651434723381613,2026-04-07 22:56:48+00:00,0,"jujur aja ya, narasi ‘gamer itu maniak’ tuh udah ketinggalan banget. sekarang yang lagi ribut itu bukan soal kecanduan game, tapi soal sistem IGRS yang kacau, ratingnya banyak yang ga masuk akal. verifikasi ga jelas, bahkan pemerintah sendiri bilang belum final. tapi yang kena",2041651434723381613,,,in,,0,1,0,https://x.com/b3rsetubuh/status/2041651434723381613,1581465605835587585,b3rsetubuh,44,id,keep_id_anchor,False,jujur aja ya narasi gamer itu maniak itu sudah ketinggalan banget sekarang yang lagi ribut itu bukan soal kecanduan game tapi soal sistem igrs yang kacau ratingnya banyak yang tidak masuk akal verifikasi tidak jelas bahkan pemerintah sendiri bilang belum final tapi yang kena,[],0,0,275,44,0,1,1,0.3191,0.0292,1,1.0,58.56111111111111,4,0.0,0.0,0.0,0.0,8,0,0.8389987,0.43265903,0.0051855035,-1.112886,896,-1,0.07133009,0,Non-Buzzer
2041353677496254495,2026-04-07 22:55:06+00:00,0,"@ferrykoto Betul saya setuju game membuat kecanduan dan mempengaruhi perilaku anak. Tapi paham gak pak kalau rating IGRS di Steam ini gak efektif? Baca data lagi sih pak saran saya, anak anak jaman sekarang main game di PLATFORM mana aja, sehingga lebih tepat sasaran.",2041651007911030949,,ferrykoto,in,,0,1,0,https://x.com/dvtrhx/status/2041651007911030949,1060584787214163969,dvtrhx,44,id,keep_id_anchor,False,betul saya setuju game membuat kecanduan dan mempengaruhi perilaku anak tapi paham tidak pak kalau rating igrs di steam ini tidak efektif baca data lagi sih pak saran saya anak anak jaman sekarang main game di platform mana aja sehingga lebih tepat sasaran,[],0,1,256,43,0,1,1,0.5125,0.0255,1,1.0,58.53277777777778,4,1.0,0.0,0.0,0.0,1,0,0.8201644,0.4215049,-0.4679427,-1.279432,897,-1,0.04642479,0,Non-Buzzer
2041650215334342917,2026-04-07 22:51:58+00:00,1,Ini kira-kira Anies lagi mau main game apa ya? Tapi gak bisa gara-gara IGRS (?),2041650215334342917,,,in,,0,1,0,https://x.com/ashaabull/status/2041650215334342917,1073866854899212288,ashaabull,16,id,keep_id_anchor,False,ini kira kira anies lagi mau main game apa ya tapi tidak bisa gara gara igrs,[],0,0,76,16,0,2,0,0.7038,0.0146,1,1.0,58.480555555555554,4,0.0,0.0,0.0,0.0,-1,0,0.7101751,0.33749714,0.5534557,-0.21657708,898,-1,0.0149479285,0,Non-Buzzer
2041120779757400168,2026-04-07 22:31:19+00:00,0,"@Analyst_V2 Lagian aneh bgt penilaian IGRS, game bkp kok 3+🗿",2041645022546931747,,Analyst_V2,in,,0,1,0,https://x.com/Segagoreng1107/status/2041645022546931747,399574930,Segagoreng1107,10,id,keep_id_anchor,False,lagian aneh banget penilaian igrs game bkp kok,[],0,1,46,8,0,1,1,0.5431,0.0045,1,1.0,58.13638888888889,4,1.0,0.0,0.0,0.0,-1,0,0.773166,0.44345874,-0.074834555,-0.17813289,899,-1,0.01374969,0,Non-Buzzer
2041636278257775066,2026-04-07 21:56:35+00:00,3,and this law is not about children please its a excuse to a control censorship and mass surveillance so we use id face scan for age verification to prove we are over 16 18 which cause data leak.look at igrs a h3nt41 game rated as 3+ while some friendly game rated 18+ on steam. https://t.co/7RMnLJ5ofK,2041636278257775066,https://pbs.twimg.com/media/HFVZXlWa8AAg-cI.jpg,,en,,0,1,1,https://x.com/Rafi09210/status/2041636278257775066,1907800778435440640,Rafi09210,59,en,keep_id_anchor,False,and this law is not about children please its a excuse to a control censorship and mass surveillance so we use id face scan for age verification to prove we are over which cause data leak look at igrs a h nt game rated as while some friendly game rated on steam,[],0,0,261,52,0,5,0,0.3568,0.015,1,0.3333333333333333,5.846111111111111,2,1.0,0.0,0.0,0.0,-1,0,0.7161173,0.35152206,-0.80156916,-0.46382248,900,-1,0.0027453445,0,Non-Buzzer
2041457466748375381,2026-04-07 21:14:06+00:00,1,@onnowpurbo Pak game bokep malah di rating SU. Dan game bertani malah 18+. Akuin aja orang2 dibalik IGRS adalah orang generasi tua yang gak tahu menahu masalah game. Padahal ngerating sesuatu itu harus dicoba dulu. Film aja di tonton. Masa game kagak dimaenin?,2041625586502922634,,onnowpurbo,in,,0,0,0,https://x.com/TarantikaA93671/status/2041625586502922634,1992122807770378240,TarantikaA93671,43,id,keep_id_anchor,False,pak game bokep malah di rating su dan game bertani malah akuin aja orang dibalik igrs adalah orang generasi tua yang tidak tahu menahu masalah game padahal ngerating sesuatu itu harus dicoba dulu film aja di tonton masa game kagak dimaenin,[],0,1,239,41,0,1,1,0.3812,0.0158,1,1.0,56.849444444444444,2,1.0,0.0,0.0,0.0,9,0,0.80550563,0.3983291,0.18222415,-1.3916858,901,-1,0.102993935,0,Non-Buzzer
2041457466748375381,2026-04-07 20:08:49+00:00,1,"@onnowpurbo jangan ngelawak, market steam di indonesia itu cuma seupil, mereka gak ngaruh kalo kita ga ada, kita sekarang udah mulai dilirik gamegame bikin showcase di sini aja udah bagus pake ada acara IGRS gak penting gini.",2041609160752504981,,onnowpurbo,in,,0,0,0,https://x.com/gusaaarrr/status/2041609160752504981,1832962882327441408,gusaaarrr,37,id,keep_id_anchor,False,jangan ngelawak market steam di indonesia itu cuma seupil mereka tidak ngaruh kalau kita tidak ada kita sekarang sudah mulai dilirik gamegame bikin showcase di sini aja sudah bagus pake ada acara igrs tidak penting gini,[],0,1,219,36,0,1,1,0.531,0.0331,1,1.0,55.76138888888889,2,1.0,0.0,0.0,0.0,-1,0,0.75006133,0.36731425,0.3754345,-1.0086507,902,-1,0.016376136,0,Non-Buzzer
2041120779757400168,2026-04-07 20:06:09+00:00,0,"@ZonaKitten @Analyst_V2 Komdigi (Kementerian Komunikasi dan Digital Indonesia) baru-baru ini klarifikasi soal label rating IGRS (Indonesia Game Rating System) yang muncul di Steam. Ternyata, rating itu bukan resmi dari pemerintah, melainkan hasil self-declare publisher yang belum terverifikasi dan belum",2041608490175635909,,ZonaKitten,in,,0,0,1,https://x.com/grok/status/2041608490175635909,1720665183188922368,grok,41,id,keep_id_anchor,False,komdigi kementerian komunikasi dan digital indonesia baru baru ini klarifikasi soal label rating igrs indonesia game rating system yang muncul di steam ternyata rating itu bukan resmi dari pemerintah melainkan hasil self declare publisher yang belum terverifikasi dan belum,[],0,1,273,39,0,1,1,0.5305,0.0305,1,0.5,4.440555555555555,2,2.0,0.0,0.0,0.0,1,1,0.84234494,0.36368734,-1.3536527,0.16311885,903,-1,0.8793786,1,Buzzer
2041597037972746512,2026-04-07 19:20:39+00:00,0,IGRS 3+ nya ga ada yah,2041597037972746512,,,in,,0,0,0,https://x.com/kopisusu73/status/2041597037972746512,1160951515172896768,kopisusu73,6,so,keep_id_anchor,False,igrs nya tidak ada yah,[],0,0,22,5,0,0,1,0.7671,0.0206,1,1.0,54.95861111111111,2,0.0,0.0,0.0,0.0,-1,0,0.7646421,0.2657838,1.0034132,0.59129643,904,-1,0.002685186,0,Non-Buzzer
2041591138830971217,2026-04-07 19:04:24+00:00,0,"@onnowpurbo Tujuannya ya dua hal, menekan developer/publisher (ini potensi cuan pasif yang memungkinkan ada aspek yang diatur di bawah meja) juga menekan player. IGRS bisa digunakan mengontrol dua hal itu, berarti masuk ke fase selanjutnya untuk membatasi gerak opini dalam platform.",2041592946416611769,,Ioroiisme,in,,0,1,0,https://x.com/Ioroiisme/status/2041592946416611769,1456857857186361356,Ioroiisme,42,id,keep_id_anchor,False,tujuannya ya dua hal menekan developer publisher ini potensi cuan pasif yang memungkinkan ada aspek yang diatur di bawah meja juga menekan player igrs bisa digunakan mengontrol dua hal itu berarti masuk ke fase selanjutnya untuk membatasi gerak opini dalam platform,[],0,1,265,41,0,1,1,0.2279,0.0094,2,1.0,54.64944444444444,2,0.0,0.0,0.0,0.0,-1,0,0.6571169,0.31678784,-0.71500236,-0.11767571,905,-1,0.0010471796,0,Non-Buzzer
2041591138830971217,2026-04-07 19:02:06+00:00,0,"@onnowpurbo Siapa yang rugi dari adanya IGRS? Ya mayoritas komunitas dan player yang gak sampai 1.5 juta tadi. KOMDONGO ini bukan cuma mau bikin panduan rating usia, tapi juga mau punya hak untuk mengontrol secara penuh semua konten yang ada di-game,",2041592367703310340,,Ioroiisme,in,,0,1,0,https://x.com/Ioroiisme/status/2041592367703310340,1456857857186361356,Ioroiisme,43,id,keep_id_anchor,False,siapa yang rugi dari adanya igrs ya mayoritas komunitas dan player yang tidak sampai juta tadi komdongo ini bukan cuma mau bikin panduan rating usia tapi juga mau punya hak untuk mengontrol secara penuh semua konten yang ada di game,[],0,1,232,40,0,1,1,0.2907,0.0153,2,1.0,54.64944444444444,2,0.0,0.0,0.0,0.0,-1,0,0.78351057,0.37698042,-0.31791258,-0.96431595,906,-1,0.0029819966,0,Non-Buzzer
2041582339885777369,2026-04-07 18:22:15+00:00,0,"Indo gebrakannya selalu ada aja emg, fr dah IGRS mah ""Ini gw rating sendiri"" tai",2041582339885777369,,,in,,0,0,0,https://x.com/cookiesmaungga/status/2041582339885777369,1529475718605746176,cookiesmaungga,15,id,keep_id_anchor,False,indo gebrakannya selalu ada aja emg fr dah igrs mah ini saya rating sendiri tai,[],0,0,79,15,0,0,1,0.4349,0.0093,1,1.0,53.985277777777775,1,0.0,0.0,0.0,0.0,-1,0,0.7077185,0.3045723,1.1370983,0.22057636,907,-1,0.001874503,0,Non-Buzzer
2041567111693398349,2026-04-07 17:21:44+00:00,1,"wtf roblox juga pake igrs 💀

baru ngeh.

bjir. https://t.co/L2nbXlaNPL",2041567111693398349,https://pbs.twimg.com/media/HFUaeBga8AEP78j.jpg,,in,,0,1,0,https://x.com/oscartotango/status/2041567111693398349,77412879,oscartotango,12,id,keep_id_anchor,False,wtf roblox juga pake igrs baru ngeh bjir,[],0,0,40,8,0,2,0,0.4788,0.0071,1,1.0,52.97666666666667,6,0.0,0.0,0.0,0.0,-1,0,0.50315344,0.23171753,0.8504867,0.43562633,908,-1,0.0011792313,0,Non-Buzzer
2041565354754023679,2026-04-07 17:14:45+00:00,0,"Saya setuju dengan statemen kecanduan game ini, tapi ga ada kaitan mas sama rating, apalagi IGRS. Game online di rating pun orang tua masih pada ngasih anaknya gadget, ga peduli di install apa. Makanya perlu pengawasan juga dari orang tuanya, jangan semata-mata nyalahin gamenya",2041565354754023679,,,in,,0,0,0,https://x.com/hydarnus/status/2041565354754023679,1908112280849666048,hydarnus,45,id,keep_id_anchor,False,saya setuju dengan statemen kecanduan game ini tapi tidak ada kaitan mas sama rating apalagi igrs game online di rating pun orang tua masih pada ngasih anaknya gadget tidak peduli di install apa makanya perlu pengawasan juga dari orang tuanya jangan semata mata nyalahin gamenya,[],0,0,278,45,0,0,1,0.4477,0.0267,1,0.5,11.562222222222223,6,0.0,0.0,0.0,0.0,1,0,0.8201644,0.40594274,-0.6146921,-1.0440367,909,-1,0.36658114,0,Non-Buzzer
2041064580450021638,2026-04-07 17:09:38+00:00,0,"@ferrykoto @rarafsanjani_ @aryankushh @aniesbaswedan Argumen basi jir “nDaK aDa KaTa StEaM” tolol. Konteks IGRS aja di Steam, game PC.",2041564068029534393,,ferrykoto,in,,0,0,0,https://x.com/8issleekest/status/2041564068029534393,494732991,8issleekest,19,id,keep_id_anchor,False,argumen basi jir ndak ada kata steam tolol konteks igrs aja di steam game pc,[],0,1,76,15,0,0,1,0.378,0.0075,1,1.0,52.775,6,1.0,0.0,0.0,0.0,-1,0,0.797698,0.37147275,0.23041135,-1.0930089,910,-1,0.0015579521,0,Non-Buzzer
2041472634094018686,2026-04-07 17:07:37+00:00,0,"@mog_mediaa padahal daripada IGRS, kita lebih butuh edukasi mental guna menghadapi skena kompetitif di game. baik buat bocil, maupun yang udah gede",2041563557691891915,,mog_mediaa,in,,0,0,0,https://x.com/aryankushh/status/2041563557691891915,528202228,aryankushh,22,id,keep_id_anchor,False,padahal daripada igrs kita lebih butuh edukasi mental guna menghadapi skena kompetitif di game baik buat bocil maupun yang sudah gede,[],0,1,133,21,0,0,1,0.2702,0.0035,1,1.0,52.74138888888889,6,1.0,0.0,0.0,0.0,-1,0,0.65491545,0.28388888,0.26518813,-1.7135333,911,-1,0.00084735017,0,Non-Buzzer
2041064580450021638,2026-04-07 17:01:45+00:00,0,"@Bram_no3 @fuckchmstry @ferrykoto @aniesbaswedan Ha? Sejak kapan? Gamehouse mah PC dlu kocak lu. Gw sama sekali ga ada ngomong game mobile, gw stay on topic IGRS, Steam, dan bacotan berapa lama gw main. Jan lempar kesalahan lu.",2041562084258017673,,Bram_no3,in,,0,0,0,https://x.com/harist_ixcents/status/2041562084258017673,778261480047190016,harist_ixcents,37,id,keep_id_anchor,False,ha sejak kapan gamehouse mah pc dlu kocak kamu saya sama sekali tidak ada ngomong game mobile saya stay on topic igrs steam dan bacotan berapa lama saya main jan lempar kesalahan kamu,[],0,1,183,33,0,0,1,0.3432,0.0161,2,0.5,35.849444444444444,6,1.0,1.0,0.0,0.0,-1,0,0.708397,0.32519025,0.62021506,-0.4382376,912,-1,0.0054722526,0,Non-Buzzer
2041561988791464291,2026-04-07 17:01:23+00:00,0,"Cok ini IGRS buat nutupin bgn beli 25.000 Motor listrik kh????? FKN STUPID, FKN STUPID ITS NOT EVEN ""MOTORCYCLE DELIVERY"" DAWGGG... https://t.co/WSfMpEvtB3",2041561988791464291,https://pbs.twimg.com/media/HFUVg48aoAAjbG3.jpg,,en,,0,0,0,https://x.com/Gif_Said/status/2041561988791464291,1542887551723196416,Gif_Said,26,id,keep_id_anchor,False,cok ini igrs buat nutupin bgn beli motor listrik kh fkn stupid fkn stupid its not even motorcycle delivery dawggg,[],0,0,113,20,0,0,1,0.2925,0.0046,1,0.5,0.4688888888888889,6,0.0,0.0,0.0,0.0,-1,0,0.583779,0.24069338,1.3576646,0.20279633,913,-1,0.0011926913,0,Non-Buzzer
2041353677496254495,2026-04-07 16:52:09+00:00,0,"@ferrykoto Orang gatau apa² soal game dan komunitasnya tapi sotoy seakan² paling tau. Modal riset sejam dua jam doang kok menggurui orang yg emsng ada di dalam ekosistem komunitas tsb bertahun². Gamers Indo itu tidak anti IGRS sebagai age classification, tapi anti pemblokiran konten game.",2041559667487469898,,ferrykoto,in,,0,0,0,https://x.com/SylentSevenstar/status/2041559667487469898,1090560775947575296,SylentSevenstar,45,id,keep_id_anchor,False,orang gatau apa soal game dan komunitasnya tapi sotoy seakan paling tau modal riset sejam dua jam doang kok menggurui orang yang emsng ada di dalam ekosistem komunitas tsb bertahun gamers indo itu tidak anti igrs sebagai age classification tapi anti pemblokiran konten game,[],0,1,273,44,0,0,1,0.2879,0.0193,1,0.5,3.6094444444444442,7,2.0,1.0,0.0,0.0,-1,0,0.7857269,0.34591183,0.08521059,-1.3256499,914,-1,0.007318585,0,Non-Buzzer
2041559143132361094,2026-04-07 16:50:04+00:00,0,"gegara ulah kemkominfo, igrs, ini fandom hoyo ribut lagi perkara mana yg lbh dark storynya zzz apa genshin lmao

yawlahhh",2041559143132361094,,,in,,0,0,0,https://x.com/386_hana/status/2041559143132361094,3218927936,386_hana,20,id,keep_id_anchor,False,gegara ulah kemkominfo igrs ini fandom hoyo ribut lagi perkara mana yang lbh dark storynya zzz apa genshin lmao yawlahhh,[],0,0,120,20,0,0,1,0.4726,0.0033,1,1.0,52.44888888888889,7,0.0,0.0,0.0,0.0,-1,0,0.6641661,0.24684033,1.541285,1.058444,915,-1,0.0011792313,0,Non-Buzzer
2041460387502010543,2026-04-07 16:44:34+00:00,0,"@tilehopper Agree to disagree aja.

Poin gua adalah Steam bukan partner resmi IARC karena ya emang gak ada source soal itu, form yang dibikin semirip mungkin, mungkin cara supaya diakui USK dll.

Ada beberapa poin lu yg kayaknya gak faktual, tapi it's okay. Kita sama2 gak setuju sama IGRS.",2041557756776477040,,tilehopper,in,,0,0,0,https://x.com/_hendrasusanto/status/2041557756776477040,25480266,_hendrasusanto,50,id,keep_id_anchor,False,agree to disagree aja poin saya adalah steam bukan partner resmi iarc karena ya emang tidak ada source soal itu form yang dibikin semirip mungkin mungkin cara supaya diakui usk dll ada beberapa poin kamu yang kayaknya tidak faktual tapi it s okay kita sama tidak setuju sama igrs,[],0,1,279,49,0,0,1,0.3102,0.0252,2,0.6666666666666666,51.06722222222222,7,1.0,1.0,0.0,0.0,-1,0,0.5958823,0.3018474,0.2887571,-0.27203673,916,-1,0.0033793414,0,Non-Buzzer
2041552837281468591,2026-04-07 16:25:01+00:00,0,"Gua mau bahas IGRS lupa terus, tidur dulu ngabruk",2041552837281468591,,,in,,0,0,0,https://x.com/aresterisk/status/2041552837281468591,724003459419136001,aresterisk,9,id,keep_id_anchor,False,saya mau bahas igrs lupa terus tidur dulu ngabruk,[],0,0,49,9,0,0,1,0.4553,0.0051,1,1.0,52.03138888888889,7,0.0,0.0,0.0,0.0,-1,0,0.7207511,0.22422303,1.4858128,0.21977644,917,-1,0.0013816304,0,Non-Buzzer
2041551204011184611,2026-04-07 16:18:31+00:00,0,"Polemik Rating Game di Steam, Komdigi Selidiki Kejanggalan IGRS dan Libatkan Industri
https://t.co/r5Z1ATsBE6",2041551204011184611,,,in,,0,0,0,https://x.com/jawapos/status/2041551204011184611,2392460208,jawapos,16,id,keep_id_anchor,False,polemik rating game di steam komdigi selidiki kejanggalan igrs dan libatkan industri,[],0,0,84,12,0,0,1,0.3576,0.0083,1,1.0,51.92305555555556,7,0.0,0.0,0.0,0.0,1,0,0.8013695,0.4135889,-0.536483,-0.79765207,918,-1,0.0016400925,0,Non-Buzzer
2041549145329287257,2026-04-07 16:10:21+00:00,0,"Twitter aka X is my ""lowkey"" app, I can talk about femboy futa house being rated 3+ by IGRS and motherfuckers will still be reposting that shit.",2041549145329287257,,,en,,0,0,0,https://x.com/ivosdementia/status/2041549145329287257,2019037723584245760,ivosdementia,27,en,keep_id_anchor,False,twitter aka x is my lowkey app i can talk about femboy futa house being rated by igrs and motherfuckers will still be reposting that shit,[],0,0,137,26,0,0,1,0.455,0.0122,1,1.0,51.786944444444444,7,0.0,0.0,0.0,0.0,-1,0,0.5959717,0.32294193,-0.43585724,0.9870195,919,-1,0.007173567,0,Non-Buzzer
2041549058028994772,2026-04-07 16:10:00+00:00,0,"Akui Ada Kejanggalan IGRS Steam, Komdigi Lakukan Investigasi

https://t.co/ycqGUbuQMR",2041549058028994772,,,in,,0,0,0,https://x.com/TirtoID/status/2041549058028994772,4187275698,TirtoID,12,id,keep_id_anchor,False,akui ada kejanggalan igrs steam komdigi lakukan investigasi,[],0,0,59,8,0,0,1,0.8111,0.0086,1,1.0,51.78111111111111,7,0.0,0.0,0.0,0.0,-1,0,0.7655866,0.30256742,0.7813904,0.15017466,920,-1,0.0015607391,0,Non-Buzzer
2041460387502010543,2026-04-07 15:57:32+00:00,1,"@tilehopper I assume you read this? Ini AI-nya halu. Again, nggak ada sumber Steam itu support IARC.

Justru maksud Steam adalah, kalau lu udah dapat IARC via Epic Games misalnya, gak bisa pake rating itu doang untuk Steam, tapi harus isi ulang questionnaire Steam (atau urus sendiri ke IGRS) https://t.co/vOwmmfR1q3",2041545921717235837,https://pbs.twimg.com/media/HFUGWfxbwAAEct9.jpg,tilehopper,in,,0,1,0,https://x.com/_hendrasusanto/status/2041545921717235837,25480266,_hendrasusanto,54,id,keep_id_anchor,False,i assume you read this ini ai nya halu again tidak ada sumber steam itu support iarc justru maksud steam adalah kalau kamu sudah dapat iarc via epic games misalnya tidak bisa pake rating itu doang untuk steam tapi harus isi ulang questionnaire steam atau urus sendiri ke igrs,[],0,1,275,49,0,2,0,0.3072,0.0201,2,0.6666666666666666,51.06722222222222,9,1.0,1.0,0.0,0.0,1,0,0.80755204,0.40381438,-0.43678007,-0.7307011,921,-1,0.029036887,0,Non-Buzzer
2040757110951322044,2026-04-07 15:45:29+00:00,1,"@kurawa Alah nyocot main gama aja enggak pernah lu cuma BUZZER doang lu duit duit lu yg dapet juga dari pajak kita lu, kerja kagak, ngerti game kagak, sekarang salahin steam padahal pihak steam diem diem aja TOLOL KOMDIGI AMA IGRS TOLOL",2041542890409828536,,kurawa,in,,0,0,0,https://x.com/Lipssszzz____/status/2041542890409828536,1675211733257039873,Lipssszzz____,42,id,keep_id_anchor,False,alah nyocot main gama aja enggak pernah kamu cuma buzzer doang kamu duit duit kamu yang dapet juga dari pajak kita kamu kerja kagak ngerti game kagak sekarang salahin steam padahal pihak steam diem diem aja tolol komdigi sama igrs tolol,[],0,1,236,41,0,1,1,0.4098,0.0166,1,0.5,3.5930555555555554,9,2.0,0.0,0.0,0.0,0,1,0.8110441,0.36826667,1.1148359,-0.62196,922,-1,0.24472125,0,Non-Buzzer
2041457466748375381,2026-04-07 15:44:09+00:00,0,"@onnowpurbo Pak tanpa memperkecil hati, ini bukan ranah anda yang didebatkan ini perihal IGRS di steam, 70 jt anak yang bapak singgung itu udah bapak riset belum platform game yang dia gunain itu pakai steam? apa jangan jangan game mobile Anda kelompokkan juga? kalau gitu ya anda salah dong.",2041542555159200236,,onnowpurbo,in,,0,0,0,https://x.com/kusaritari/status/2041542555159200236,1751994192744906752,kusaritari,49,id,keep_id_anchor,False,pak tanpa memperkecil hati ini bukan ranah anda yang didebatkan ini perihal igrs di steam jt anak yang bapak singgung itu sudah bapak riset belum platform game yang dia gunain itu pakai steam apa jangan jangan game mobile anda kelompokkan juga kalau gitu ya anda salah dong,[],0,1,273,47,0,0,1,0.5246,0.0205,1,1.0,51.35027777777778,9,1.0,0.0,0.0,0.0,-1,0,0.7319279,0.4122873,0.69279224,-0.98621774,923,-1,0.0033354373,0,Non-Buzzer
2041539348764738020,2026-04-07 15:31:25+00:00,1,"Konten Magdalene diblokir = aduan masyarakat
Rating IGRS ngaco = self submission, steam publish rating palsu

Komdigidaw selalu paling benar 🫡👍",2041539348764738020,,,in,,0,0,0,https://x.com/deburiaria/status/2041539348764738020,40306925,deburiaria,18,id,keep_id_anchor,False,konten magdalene diblokir aduan masyarakat rating igrs ngaco self submission steam publish rating palsu komdigidaw selalu paling benar,[],0,0,134,18,0,1,1,0.3774,0.0093,1,1.0,51.13805555555555,9,0.0,0.0,0.0,0.0,-1,0,0.6321285,0.30141312,-0.41527787,0.30938062,924,-1,0.0011310703,0,Non-Buzzer
2041460387502010543,2026-04-07 15:27:10+00:00,0,"@tilehopper Gua udah googling dan baca docs di Steamworks, nggak ada kata-kata Steam udah integrate IARC. Di halaman yang membahas Indonesia juga ditulis jelas:

In particular, you must not submit a IGRS rating on Steam if it has been generated through the IARC process on a third-party store",2041538277904384090,,tilehopper,en,,0,1,0,https://x.com/_hendrasusanto/status/2041538277904384090,25480266,_hendrasusanto,50,en,keep_id_anchor,False,saya sudah googling dan baca docs di steamworks tidak ada kata kata steam sudah integrate iarc di halaman yang membahas indonesia juga ditulis jelas in particular you must not submit a igrs rating on steam if it has been generated through the iarc process on a third party store,[],0,1,278,49,0,1,1,0.3384,0.0195,2,0.6666666666666666,51.06722222222222,9,1.0,1.0,0.0,0.0,-1,0,0.74670625,0.33042207,-0.9983369,0.37908316,925,-1,0.0024307163,0,Non-Buzzer
2041536000363823340,2026-04-07 15:23:52+00:00,1,@mog_mediaa rating IGRS berapa ini?,2041537449592238289,,mog_mediaa,in,,0,1,0,https://x.com/gbfonry/status/2041537449592238289,876144607133814785,gbfonry,5,id,keep_id_anchor,False,rating igrs berapa ini,[],0,1,22,4,0,2,0,0.0,0.0,1,1.0,51.01222222222222,9,1.0,0.0,0.0,0.0,4,0,0.82558787,0.30148578,-0.7859016,0.68535227,926,-1,0.0041242703,0,Non-Buzzer
2041536061978116205,2026-04-07 15:19:38+00:00,0,"Kemarin saya liat di IGRS ada game yang seharusnya bukan 18+ malah dikasih rate 3+ kemudian ketika anak dibawah 18+ taun main game itu... YANG DISALAHKAN GAME NYA?!!, aneh emang kwkwkw",2041536385451200826,,HlfBloodPr1nce,in,,0,0,0,https://x.com/HlfBloodPr1nce/status/2041536385451200826,1633049026567491587,HlfBloodPr1nce,31,id,keep_id_anchor,False,kemarin saya liat di igrs ada game yang seharusnya bukan malah dikasih rate kemudian ketika anak dibawah taun main game itu yang disalahkan game nya aneh emang kwkwkw,[],0,1,166,28,0,0,1,0.3282,0.018,1,1.0,50.94166666666667,9,0.0,0.0,0.0,0.0,-1,0,0.7736181,0.40820727,-0.019100118,-0.63523436,927,-1,0.0025540227,0,Non-Buzzer
2041353677496254495,2026-04-07 15:18:52+00:00,1,@ferrykoto Jadi intinya mau bahas apa sih? IGRS yg ratingnya ngawur (game bokep dirating 3+ dong)? Diskredit Anies? Blokir game (yg mana ini termasuk hal bodoh)? Analogi kalo gamer isinya org suka kekerasan? Atau apa sih? Heran deh,2041536192328671437,,ferrykoto,in,,0,0,0,https://x.com/Capt_Gizmodon/status/2041536192328671437,1657912961128857601,Capt_Gizmodon,38,id,keep_id_anchor,False,jadi intinya mau bahas apa sih igrs yang ratingnya ngawur game bokep dirating dong diskredit anies blokir game yang mana ini termasuk hal bodoh analogi kalau gamer isinya orang suka kekerasan atau apa sih heran deh,[],0,1,214,36,0,1,1,0.2676,0.0142,1,1.0,50.92888888888889,9,1.0,0.0,0.0,0.0,-1,0,0.7830732,0.43554065,-0.035757255,-0.7724658,928,-1,0.0034968692,0,Non-Buzzer
2041528252125298868,2026-04-07 15:11:52+00:00,0,"@vyyouna Liat politik seliweran di tl ga ada kabar baik😭 IGRS lah, dollar naik, bbm langka, indo ga mundur dari BoP, see how fucked up our country is",2041534429320110163,,vyyouna,in,,0,1,0,https://x.com/asheonlk/status/2041534429320110163,1810093649054830592,asheonlk,28,id,keep_id_anchor,False,liat politik seliweran di tl tidak ada kabar baik igrs lah dollar naik bbm langka indo tidak mundur dari bop see how fucked up our country is,[],0,1,141,27,0,1,1,0.265,0.0175,1,1.0,50.812222222222225,9,1.0,0.0,0.0,0.0,-1,0,0.6192876,0.23161377,1.2169731,-0.05107157,929,-1,0.003060852,0,Non-Buzzer
2041324725537054735,2026-04-07 15:01:36+00:00,0,@kerissakti Sudah lah akui saja keberadaan IGRS juga dari awal juga gak efektif.............,2041531846773862504,,kerissakti,in,,0,0,0,https://x.com/HilalBilal/status/2041531846773862504,118237063,HilalBilal,13,id,keep_id_anchor,False,sudah lah akui saja keberadaan igrs juga dari awal juga tidak efektif,[],0,1,69,12,0,0,1,0.3201,0.013,1,1.0,50.64111111111111,9,1.0,0.0,0.0,0.0,-1,0,0.6695357,0.34144253,0.044703618,0.010485766,930,-1,0.0015881116,0,Non-Buzzer
2041531006096953809,2026-04-07 14:58:16+00:00,0,IGRS is so bad until Steam changes back to PEGI.,2041531006096953809,,,en,,0,0,0,https://x.com/nhs_noctis/status/2041531006096953809,1119214886234361863,nhs_noctis,10,en,keep_id_anchor,False,igrs is so bad until steam changes back to pegi,[],0,0,47,10,0,0,1,0.4048,0.0086,1,1.0,50.58555555555556,20,0.0,0.0,0.0,0.0,-1,0,0.67974335,0.2933607,-0.9929943,1.06926,931,-1,0.0010140631,0,Non-Buzzer
2041529084522738148,2026-04-07 14:50:38+00:00,2,"Steam parah banget memang.
#gaming #steam #retrogaming #IGRS https://t.co/OdHnpcuCco",2041529084522738148,https://pbs.twimg.com/media/HFT3sQMbQAAomKy.jpg,,in,,0,1,0,https://x.com/emulapor/status/2041529084522738148,1329322853775228929,emulapor,12,id,keep_id_anchor,False,steam parah banget memang gaming steam retrogaming igrs,[],0,0,55,8,0,3,0,0.5792,0.0038,1,0.5,10.045,20,0.0,0.0,0.0,0.0,-1,0,0.797698,0.39920717,0.0014857133,-0.18673766,932,-1,0.0067332755,0,Non-Buzzer
2041457466748375381,2026-04-07 14:49:52+00:00,1,"@Bram_no3 @ero_semut @onnowpurbo Belum terjadi karena orang2 yg ngurus IGRS sama idiotnya kayak lo dan akhirnya di takedown steam. Masa logika anak TK gini doang lo ga paham sih?

Penyepong pemerintah kalo tantrum samsaknya ke anies ya? Sukses banget nih gw ngetriggered manusia tolol kyk lo, nembaknya kemana2 🤣",2041528892012511240,,Bram_no3,in,,0,1,0,https://x.com/bayiajaib/status/2041528892012511240,90759123,bayiajaib,48,id,keep_id_anchor,False,belum terjadi karena orang yang ngurus igrs sama idiotnya seperti kamu dan akhirnya di takedown steam masa logika anak tk gini doang kamu tidak paham sih penyepong pemerintah kalau tantrum samsaknya ke anies ya sukses banget ini saya ngetriggered manusia tolol seperti kamu nembaknya kemana,[],0,1,290,45,0,2,0,0.2993,0.0253,2,1.0,49.94222222222222,20,1.0,1.0,0.0,0.0,-1,0,0.77138054,0.2821586,1.6372051,-0.5038653,933,-1,0.0025578958,0,Non-Buzzer
2041528791839932622,2026-04-07 14:49:28+00:00,0,"Wah Pak Onno kali ini blunder, padahal saya salah satu yg mengagumi gagasan RT/RW Net dan wajan bolic (sampe buat sendiri). Jadi ga respect gini ngelihat opini beliau mengenai IGRS hehe",2041528791839932622,,,in,,0,0,0,https://x.com/ramagedd0n/status/2041528791839932622,389899487,ramagedd0n,32,id,keep_id_anchor,False,wah pak onno kali ini blunder padahal saya salah satu yang mengagumi gagasan rt rw net dan wajan bolic sampe buat sendiri jadi tidak respect gini ngelihat opini beliau mengenai igrs hehe,[],0,0,186,32,0,0,1,0.273,0.0159,1,0.5,2.321111111111111,20,1.0,0.0,0.0,0.0,-1,0,0.6920014,0.37124407,0.92451435,0.053443193,934,-1,0.0060303262,0,Non-Buzzer
2041526416379203610,2026-04-07 14:46:37+00:00,0,"Kalau bicara sosmed, ya beda lagi. Yang sedang rame kan IGRS di Steam yang jelas-jelas Steam tuh platform niche.",2041528074613965213,,nurizkaf96,in,,0,0,0,https://x.com/nurizkaf96/status/2041528074613965213,63906947,nurizkaf96,20,id,keep_id_anchor,False,kalau bicara sosmed ya beda lagi yang sedang rame kan igrs di steam yang jelas jelas steam itu platform niche,[],0,1,109,20,0,0,1,0.3901,0.0051,1,1.0,50.39138888888889,20,0.0,0.0,0.0,0.0,5,0,0.80331933,0.33059368,0.45709327,-0.40661946,935,-1,0.005469269,0,Non-Buzzer
2041457466748375381,2026-04-07 14:42:50+00:00,2,"@AthallahriqMS @cve20251202 @cebmerut @onnowpurbo 1% pun enggak nyampe harusnya, game pc selain harga gamenya yang lumayan, untuk beli pcnya aja udah cukup mahal. Bahkan gw berani bilang angka yang main game bajakan bakalan lebih tinggi daripada yang main game original. Dan sayangnya IGRS ini gak ngaruh untuk game bajakan.",2041527121022189592,,AthallahriqMS,in,,0,0,0,https://x.com/javafeedsss/status/2041527121022189592,1988540513843355648,javafeedsss,49,id,keep_id_anchor,False,pun enggak nyampe harusnya game pc selain harga gamenya yang lumayan untuk beli pcnya aja sudah cukup mahal bahkan saya berani bilang angka yang main game bajakan bakalan lebih tinggi daripada yang main game original dan sayangnya igrs ini tidak ngaruh untuk game bajakan,[],0,1,271,44,0,2,0,0.3159,0.0151,1,0.5,11.52,20,2.0,0.0,0.0,0.0,-1,0,0.76721436,0.2682566,0.19830798,-1.6499203,936,-1,0.0040675,0,Non-Buzzer
2040988529577296200,2026-04-07 14:41:14+00:00,0,"@quis_alexi15970 @IKKIttebayo @BosPurwa Bukan, igrs ini discourse dah dari lama banget yg ga terealisasi, bahkan sebelum covid klo g salah.

Tujuannya udah jelas mau malak lah, cara lama, mempersulit izin, trus maen belakang, lumrah di semua sektor institusi yg udah ada.",2041526719027577298,,quis_alexi15970,in,,0,1,0,https://x.com/Ravness_/status/2041526719027577298,1757357367388499968,Ravness_,41,id,keep_id_anchor,False,bukan igrs ini discourse dah dari lama banget yang tidak terealisasi bahkan sebelum covid kalau g salah tujuannya sudah jelas mau malak lah cara lama mempersulit izin trus maen belakang lumrah di semua sektor institusi yang sudah ada,[],0,1,233,38,0,1,1,0.3684,0.019,1,1.0,50.30166666666667,20,1.0,0.0,0.0,0.0,-1,0,0.66427755,0.310692,0.65015906,-0.3213837,937,-1,0.0016885044,0,Non-Buzzer
2041457466748375381,2026-04-07 14:36:59+00:00,0,"@onnowpurbo Ayolah aku suka baca data apalagi memang lagi belajar tentang data. Kalau bahkan gak bisa provide terbuka ya bisa aku asumsikan saja ya IGRS ini project buatan biar bisa entah apapun itu tujuannya.

Belum masalah ekonomi per saat ini 🇮🇩 juga kena imbas krisis. Game ga semurah itu",2041525651027747176,,r_oneand1,in,,0,1,0,https://x.com/r_oneand1/status/2041525651027747176,1082654406292717570,r_oneand1,48,id,keep_id_anchor,False,ayolah aku suka baca data apalagi memang lagi belajar tentang data kalau bahkan tidak bisa provide terbuka ya bisa aku asumsikan saja ya igrs ini project buatan biar bisa entah apapun itu tujuannya belum masalah ekonomi per saat ini juga kena imbas krisis game tidak semurah itu,[],0,1,278,47,0,1,1,0.2892,0.024,1,1.0,50.23083333333334,20,0.0,0.0,0.0,0.0,-1,0,0.62638474,0.26411414,0.24041817,-0.99352497,938,-1,0.002094808,0,Non-Buzzer
2041064580450021638,2026-04-07 14:36:53+00:00,1,"@ferrykoto @aryankushh @aniesbaswedan menurut keyakinan saya, anda tipe boomer jaka sembung bawa golok. konteks yg dibahas kan IGRS yg membatasi game pc di platform steam, ssan anda itu konteksnya game mobile.",2041525627359232164,,ferrykoto,in,,0,0,0,https://x.com/ranggaprp/status/2041525627359232164,278848793,ranggaprp,31,id,keep_id_anchor,False,menurut keyakinan saya anda tipe boomer jaka sembung bawa golok konteks yang dibahas kan igrs yang membatasi game pc di platform steam ssan anda itu konteksnya game mobile,[],0,1,171,28,0,1,1,0.3909,0.0092,1,1.0,50.229166666666664,20,1.0,0.0,0.0,0.0,-1,0,0.74948573,0.36078355,-0.0072362158,-0.9675175,939,-1,0.0013078338,0,Non-Buzzer
2041523899603800278,2026-04-07 14:30:02+00:00,0,"IGRS dan keributan-mawutnya kemarin hanya sepersekian kecil gegar adaptasi agen suprastruktur dalam merespon teknologi kiwari, diperparah pula dgn banyaknya pendengung sebagai corong pembalik narasi.

NAAS KALI AWAKNDEWEK!",2041523899603800278,,,in,,0,0,0,https://x.com/rzyfzyfzyf/status/2041523899603800278,188324884,rzyfzyfzyf,28,id,keep_id_anchor,False,igrs dan keributan mawutnya kemarin hanya sepersekian kecil gegar adaptasi agen suprastruktur dalam merespon teknologi kiwari diperparah pula dengan banyaknya pendengung sebagai corong pembalik narasi naas kali awakndewek,[],0,0,221,28,0,0,1,0.3747,0.005,1,1.0,50.115,20,0.0,0.0,0.0,0.0,-1,0,0.62754965,0.3505119,0.5560192,-0.4130833,940,-1,0.0013317309,0,Non-Buzzer
2041523592878547438,2026-04-07 14:28:48+00:00,0,"Gamers pada bahas IGRS, pedagang pada bahas harga plastik. Lu pada juga tau kalo protes bakalan diserang terror TNI atau Polisi.
https://t.co/f95Cs7FqDO",2041523592878547438,,,in,,0,0,0,https://x.com/trickymindful/status/2041523592878547438,62229279,trickymindful,25,id,keep_id_anchor,False,gamers pada bahas igrs pedagang pada bahas harga plastik kamu pada juga tau kalau protes bakalan diserang terror tni atau polisi,[],0,0,128,21,0,0,1,0.3936,0.0102,1,1.0,50.09444444444444,20,0.0,0.0,0.0,0.0,-1,0,0.64235646,0.29258636,0.7680664,-1.2379348,941,-1,0.0011749645,0,Non-Buzzer
2041353677496254495,2026-04-07 14:28:20+00:00,9,"@ferrykoto Plus malu woi udah masuk ke telinga seorang pengamat internasional kontroversi IGRS sudah diunggah oleh Director of Research &amp; Insights di Niko Partners, Daniel Ahmad

Dia pendapatnya lebih berpengaruh di dunia game ketimbang kamu pak 🙈🙈 https://t.co/j0eZzeIrVV",2041523474012028932,https://pbs.twimg.com/media/HFTyx6FbYAATPDU.jpg,ibnukazuyal,in,,0,0,0,https://x.com/ibnukazuyal/status/2041523474012028932,885207585686552576,ibnukazuyal,40,id,keep_id_anchor,False,plus malu woi sudah masuk ke telinga seorang pengamat internasional kontroversi igrs sudah diunggah oleh director of research insights di niko partners daniel ahmad dia pendapatnya lebih berpengaruh di dunia game ketimbang kamu pak,[],0,1,231,34,0,9,0,0.4358,0.0075,2,0.5,1.5822222222222222,20,2.0,0.0,0.0,0.0,-1,0,0.6452439,0.3915543,-0.007110775,-0.07751807,942,-1,0.008598357,0,Non-Buzzer
2041457466748375381,2026-04-07 14:25:21+00:00,0,@bayiajaib @ero_semut @onnowpurbo Gw minta lu buktiin ada game yg ga bisa di beli di indonesia gara gara IGRS ga bisa? Tolol banget..,2041522721285414975,,bayiajaib,in,,0,1,0,https://x.com/Bram_no3/status/2041522721285414975,1897919070684823554,Bram_no3,23,id,keep_id_anchor,False,saya minta kamu buktiin ada game yang tidak bisa di beli di indonesia gara gara igrs tidak bisa tolol banget,[],0,1,108,20,0,1,1,0.7044,0.0253,1,0.3333333333333333,40.60472222222222,20,3.0,5.0,0.0,0.0,-1,0,0.7928627,0.36439568,0.62520295,-0.49834338,943,-1,0.05283646,0,Non-Buzzer
2041353677496254495,2026-04-07 14:23:30+00:00,150,"@ferrykoto Kasihan ada orang yg udah tua mencoba ikut² perihal IGRS yg gak paham soal steam dan sistem rating game 🙈

Udah itu mencoba nge jatuhin 1 orang pula, malu ama umur 😹",2041522259278630962,,ferrykoto,in,,0,2,1,https://x.com/ibnukazuyal/status/2041522259278630962,885207585686552576,ibnukazuyal,31,id,keep_id_anchor,False,kasihan ada orang yang sudah tua mencoba ikut perihal igrs yang tidak paham soal steam dan sistem rating game sudah itu mencoba nge jatuhin orang pula malu sama umur,[],0,1,165,29,0,153,0,0.4424,0.0209,2,0.5,1.5822222222222222,20,2.0,0.0,0.0,0.0,-1,0,0.7826715,0.39989403,0.035950266,-1.0860289,944,-1,0.039697576,0,Non-Buzzer
2041457466748375381,2026-04-07 14:19:40+00:00,1,"@Bram_no3 @ero_semut @onnowpurbo Si tolol ngegeser gawang, sekarang ya jelas ga ada lah org IGRS uda dicabut dari steam. Ngeles lo itu ga berguna tolol.",2041521291522662636,,Bram_no3,in,,1,2,0,https://x.com/bayiajaib/status/2041521291522662636,90759123,bayiajaib,25,id,keep_id_anchor,False,si tolol ngegeser gawang sekarang ya jelas tidak ada lah orang igrs uda dicabut dari steam ngeles kamu itu tidak berguna tolol,[],0,1,126,22,0,4,0,0.5146,0.0204,2,1.0,49.94222222222222,20,1.0,1.0,0.0,0.0,0,0,0.8133566,0.32024688,1.8232974,-0.21819459,945,-1,0.023628043,0,Non-Buzzer
2041508616759615929,2026-04-07 14:18:48+00:00,0,"@fizzzzyyyyyyy @KuntoAjiW Udah berkali-kali sebenernya IGRS itu ketemu AGI, ketemu game dev lokal, sosialiasi di konvensi game sini. Cuma endingnya tetap aja zonk.",2041521075994206218,,fizzzzyyyyyyy,in,,0,0,0,https://x.com/KEMO_HUNZ/status/2041521075994206218,1042045727097143307,KEMO_HUNZ,24,id,keep_id_anchor,False,sudah berkali kali sebenernya igrs itu ketemu agi ketemu game dev lokal sosialiasi di konvensi game sini cuma endingnya tetap aja zonk,[],0,1,134,22,0,0,1,0.2794,0.0046,1,0.5,47.290277777777774,20,2.0,0.0,0.0,0.0,-1,0,0.71231496,0.3620901,0.7398158,-0.58055437,946,-1,0.0028718575,0,Non-Buzzer
2041520831399068039,2026-04-07 14:17:50+00:00,0,"- Tekstil naik
- Plastik naik
- Trump ancam genocide
- Someone was murdered in Japan because of working her dream job
- IGRS

tiap baca berita makin ke-trigger. 
Ga bisa ngapa-ngapain.
Ini dunia apa sih.",2041520831399068039,,,in,,0,0,0,https://x.com/emptyspacerant/status/2041520831399068039,1590145548564058114,emptyspacerant,33,id,keep_id_anchor,False,tekstil naik plastik naik trump ancam genocide someone was murdered in japan because of working her dream job igrs tiap baca berita makin ke trigger tidak bisa ngapa ngapain ini dunia apa sih,[],0,0,191,33,0,0,1,0.3886,0.0181,1,1.0,49.91166666666667,20,0.0,0.0,0.0,0.0,-1,0,0.42681646,0.10388788,1.0947653,1.0332261,947,-1,0.0015652888,0,Non-Buzzer
2041509361382576455,2026-04-07 14:12:44+00:00,3,@ZhugeEX Have you asked Valve about this article? It said that Valve give an apology to Komdigi about the IGRS implementation https://t.co/WhjIRoZpIR,2041519549913166214,,ZhugeEX,en,,0,0,0,https://x.com/tondatona/status/2041519549913166214,53097719,tondatona,25,en,keep_id_anchor,False,have you asked valve about this article it said that valve give an apology to komdigi about the igrs implementation,[],0,1,115,20,0,3,0,0.3713,0.0149,1,1.0,49.82666666666667,20,1.0,0.0,0.0,0.0,-1,0,0.6465039,0.27900517,-0.19568549,1.2140521,948,-1,0.0018136521,0,Non-Buzzer
2041509361382576455,2026-04-07 14:11:36+00:00,5,"@ZhugeEX I don't know why but this section feels like it makes it sounds like the AGI is also participating in the IGRS rating process, when they're actually not and are just criticizing the IGRS not to be restricting/authoritative. Just something to point out. https://t.co/9a3Qlnon8v",2041519261315903821,https://pbs.twimg.com/media/HFTtyutaIAAe7-k.png,ZhugeEX,en,,0,0,0,https://x.com/FareyDonch501/status/2041519261315903821,1113408595771633664,FareyDonch501,51,en,keep_id_anchor,False,i don t know why but this section feels like it makes it sounds like the agi is also participating in the igrs rating process when they re actually not and are just criticizing the igrs not to be restricting authoritative just something to point out,[],0,1,249,46,0,5,0,0.502,0.0191,1,1.0,49.80777777777778,20,1.0,0.0,0.0,0.0,-1,0,0.7274576,0.3797378,-1.0388472,0.64418745,949,-1,0.008803783,0,Non-Buzzer
2041519056872964574,2026-04-07 14:10:47+00:00,0,"Baiknya stop, pak. Setiap pernyataan bapak justru jadi blunder. Toh bisa di crosscheck sendiri, IGRS akhirnya 'ngalah'. Rating balik lagi ke Pegi. Jadi udah ya. Gabaik hate sosok jadi yapping sana sini ga karuan",2041519056872964574,,,in,,0,0,0,https://x.com/AriefPurs/status/2041519056872964574,66657025,AriefPurs,34,id,keep_id_anchor,False,baiknya stop pak setiap pernyataan bapak justru jadi blunder toh bisa di crosscheck sendiri igrs akhirnya ngalah rating balik lagi ke pegi jadi sudah ya gabaik hate sosok jadi yapping sana sini tidak karuan,[],0,0,206,34,0,0,1,0.2514,0.0102,1,1.0,49.79416666666667,20,0.0,0.0,0.0,0.0,-1,0,0.7267373,0.37540135,0.64878196,-0.2432313,950,-1,0.001510384,0,Non-Buzzer
2041457466748375381,2026-04-07 14:08:05+00:00,6,"@Ervain2 @luthfilaziiz_ @onnowpurbo Tapi sorry udah bukan boomer yg harusnya disalahin. 

Stakeholder kunci IGRS ini meuthia Hafid dan Sony (yg bilang steam minta maaf itu) adalah Gen X. 

Harusnya menyasar gen X kalo mau.",2041518379866161408,,Ervain2,in,,0,1,0,https://x.com/fizzzzyyyyyyy/status/2041518379866161408,1032224904,fizzzzyyyyyyy,34,id,keep_id_anchor,False,tapi sorry sudah bukan boomer yang harusnya disalahin stakeholder kunci igrs ini meuthia hafid dan sony yang bilang steam minta maaf itu adalah gen x harusnya menyasar gen x kalau mau,[],0,1,183,31,0,7,0,0.3844,0.0091,1,0.5,39.22361111111111,20,2.0,1.0,0.0,0.0,-1,0,0.6554446,0.32259232,0.7350571,-0.09669408,951,-1,0.002049574,0,Non-Buzzer
2041516845858185503,2026-04-07 14:02:00+00:00,0,"panduan IGRS
https://t.co/7lEcKnBN60",2041516845858185503,,,in,,0,0,0,https://x.com/ogyw1n/status/2041516845858185503,780623641532731392,ogyw1n,6,id,keep_id_anchor,False,panduan igrs,[],0,0,12,2,1,0,1,0.2907,0.0012,1,1.0,49.647777777777776,20,0.0,0.0,0.0,0.0,0,0,0.8386104,0.25571054,-0.6078822,1.6711508,952,-1,0.0026413566,0,Non-Buzzer
2041515567920947575,2026-04-07 13:56:55+00:00,3,"Komdigi Bertemu Steam Bahas Rating Game IGRS, Akui Ada Kejanggalan https://t.co/Hsv0HtroKM",2041515567920947575,,,in,,0,1,1,https://x.com/ferrykoto/status/2041515567920947575,24893875,ferrykoto,14,id,keep_id_anchor,False,komdigi bertemu steam bahas rating game igrs akui ada kejanggalan,[],0,0,65,10,0,5,0,1.0,0.0111,1,0.5,38.841388888888886,27,0.0,23.0,0.0,0.0,-1,0,1.0000001,0.42593682,-0.37657303,0.05906901,953,-1,0.46397066,0,Non-Buzzer
2041512702749855891,2026-04-07 13:45:32+00:00,0,yang urus2 IGRS kyk sekumpulan orang dongo,2041512702749855891,,,in,,0,0,0,https://x.com/Rifqyhazard/status/2041512702749855891,444567921,Rifqyhazard,7,id,keep_id_anchor,False,yang urus igrs seperti sekumpulan orang dongo,[],0,0,45,7,0,0,1,0.4928,0.0085,1,1.0,49.373333333333335,27,0.0,0.0,0.0,0.0,0,0,0.8032743,0.21036465,1.5201247,0.35239664,954,-1,0.0069836904,0,Non-Buzzer
2041457466748375381,2026-04-07 13:45:26+00:00,0,"@Indie_S_Orilly @onnowpurbo Benar sekali, secara makro benar.
Tetapi age rating IARC tidak memiliki wewenang untuk mengawasi dan megatur sebaran dan konten game di indonesia.
Maka IGRS seperti halnya GARC, CERO, ESRB dibuat",2041512677286277376,,Indie_S_Orilly,in,,0,0,0,https://x.com/Rinto_edy/status/2041512677286277376,188579138,Rinto_edy,32,id,keep_id_anchor,False,benar sekali secara makro benar tetapi age rating iarc tidak memiliki wewenang untuk mengawasi dan megatur sebaran dan konten game di indonesia maka igrs seperti halnya garc cero esrb dibuat,[],0,1,190,30,0,0,1,0.3132,0.0182,2,0.6666666666666666,48.37083333333333,27,2.0,1.0,0.0,1.0,-1,0,0.74226975,0.3492786,-0.553542,-0.58242786,955,-1,0.0037694727,0,Non-Buzzer
2041457466748375381,2026-04-07 13:44:46+00:00,0,"@onnowpurbo IGRS ini juga merambah game berbasis mobile ga? Jika iya, 70 juta jadi angka yang masuk akal. Tapi kalau dianggapnya cuma dari Steam yang basisnya pc? Nonsense.",2041512512039088152,,onnowpurbo,in,,0,0,0,https://x.com/indomiegrgsate/status/2041512512039088152,185921311,indomiegrgsate,28,id,keep_id_anchor,False,igrs ini juga merambah game berbasis mobile tidak jika iya juta jadi angka yang masuk akal tapi kalau dianggapnya cuma dari steam yang basisnya pc nonsense,[],0,1,155,26,0,0,1,0.2967,0.0128,1,1.0,49.36055555555556,27,1.0,0.0,0.0,0.0,-1,0,0.75124913,0.32402846,0.033299416,-1.4043928,956,-1,0.001542175,0,Non-Buzzer
2041509885771489354,2026-04-07 13:34:20+00:00,0,"70jt anak Indonesia pakai Steam???
Kwokwokwo makin hari makin ngawur buzzer.

Mending IGRS buat rating game di Roblox aja udah, lebih banyak anak² maen disitu walaupun udah pakai pembatasan umur. 🤡

Lu lawan Gabe Newell, dia mah bodo amat platformnya hilang pengguna dr Indonesia",2041509885771489354,,,in,,0,0,0,https://x.com/uray_z/status/2041509885771489354,706924218,uray_z,43,id,keep_id_anchor,False,jt anak indonesia pakai steam kwokwokwo makin hari makin ngawur buzzer mending igrs buat rating game di roblox aja sudah lebih banyak anak maen disitu walaupun sudah pakai pembatasan umur kamu lawan gabe newell dia mah bodo amat platformnya hilang pengguna dari indonesia,[],0,0,271,43,0,0,1,0.3408,0.0179,1,1.0,49.18666666666667,27,0.0,0.0,0.0,0.0,-1,0,0.7497754,0.37973347,0.09470121,-0.14295961,957,-1,0.0033973064,0,Non-Buzzer
2041457466748375381,2026-04-07 13:33:26+00:00,0,"@Rinto_edy @onnowpurbo Kita selama ini sudah punya IARC sebagai acuan rating game, jadi ketiadaan IGRS itu bersifat default dan tidak pernah bikin konsumen Indonesia secara umum dirugikan.",2041509656837927328,,Rinto_edy,in,,0,1,0,https://x.com/Indie_S_Orilly/status/2041509656837927328,157970644,Indie_S_Orilly,27,id,keep_id_anchor,False,kita selama ini sudah punya iarc sebagai acuan rating game jadi ketiadaan igrs itu bersifat default dan tidak pernah bikin konsumen indonesia secara umum dirugikan,[],0,1,163,25,0,1,1,0.3871,0.018,2,0.5,38.72,27,3.0,2.0,0.0,0.16666666666666666,-1,0,0.75447446,0.36343265,-0.6660057,-0.6459518,958,-1,0.016831392,0,Non-Buzzer
2041423208973516921,2026-04-07 13:32:42+00:00,0,@tekarok007 ngebacot doang.. urusin noh IGRS masak game bokep boleh usia 3 tahun mn pake ngeles it dr pihak steam.,2041509472192082148,,tekarok007,in,,0,0,0,https://x.com/OpiniRakyatID/status/2041509472192082148,2030427466599481344,OpiniRakyatID,20,id,keep_id_anchor,False,ngebacot doang urusin noh igrs masak game bokep boleh usia tahun mn pake ngeles it dari pihak steam,[],0,1,99,18,0,0,1,0.2833,0.0094,1,0.5,2.6352777777777776,27,2.0,0.0,0.0,0.0,-1,0,0.6930953,0.35015824,0.6210276,-0.047135483,959,-1,0.0021482306,0,Non-Buzzer
2041499970327765272,2026-04-07 13:30:39+00:00,0,@Quinny_hrly Kirain mau goreng IGRS lagi,2041508958838599836,,Quinny_hrly,in,,0,0,0,https://x.com/Youronlymeta/status/2041508958838599836,1993542330004258817,Youronlymeta,6,id,keep_id_anchor,False,kirain mau goreng igrs lagi,[],0,1,27,5,0,0,1,0.0,0.0,1,1.0,49.125277777777775,27,1.0,0.0,0.0,0.0,-1,0,0.698226,0.23467205,1.6305199,0.5973515,960,-1,0.00086747453,0,Non-Buzzer
2041353677496254495,2026-04-07 13:29:06+00:00,121,"@ferrykoto Nih gw akun asli X, gw kecanduan game di umur 27 tahun, iya gw bakal ngatain orang yg hanya numpang di sebuah masalah yg dia gak tau menahu dan hanya mau menjatuhkan orsng lain.

Gw beli game mahal pake duit hasil kerja dengan gaji umr, gw protes lah karena rsting IGRS gak jelas. https://t.co/Bqmc1nLJRj",2041508569338855625,https://pbs.twimg.com/media/HFTlOFzbwAAoiZQ.jpg,ferrykoto,in,,0,2,0,https://x.com/ibnukazuyal/status/2041508569338855625,885207585686552576,ibnukazuyal,58,id,keep_id_anchor,False,ini saya akun asli x saya kecanduan game di umur tahun iya saya bakal ngatain orang yang hanya numpang di sebuah masalah yang dia tidak tau menahu dan hanya mau menjatuhkan orsng lain saya beli game mahal pake duit hasil kerja dengan gaji umr saya protes lah karena rsting igrs tidak jelas,[],0,1,289,52,0,123,0,0.339,0.0218,2,0.5,1.5822222222222222,27,2.0,0.0,0.0,0.0,-1,0,0.65831184,0.3158693,0.45206264,-0.5737379,961,-1,0.006608756,0,Non-Buzzer
2041457466748375381,2026-04-07 13:28:36+00:00,0,"@Indie_S_Orilly @onnowpurbo Benar sekali,
Untuk bisa eksekusi dengan bagus, maka perlu dibuat dulu sebuah sistemnya. Komteks IGRS  Ini memang masih kacau, masih banyak masalah, namun jika tidak dibuat sisten ini maka konsumen indonesia secara umum akan banyak dirugikan.",2041508443153219671,,Indie_S_Orilly,in,,0,1,0,https://x.com/Rinto_edy/status/2041508443153219671,188579138,Rinto_edy,38,id,keep_id_anchor,False,benar sekali untuk bisa eksekusi dengan bagus maka perlu dibuat dulu sebuah sistemnya komteks igrs ini memang masih kacau masih banyak masalah namun jika tidak dibuat sisten ini maka konsumen indonesia secara umum akan banyak dirugikan,[],0,1,235,36,0,1,1,0.3871,0.0229,2,0.6666666666666666,48.37083333333333,27,2.0,1.0,0.0,1.0,-1,0,0.70205885,0.30360675,0.44847655,-0.4366072,962,-1,0.005180964,0,Non-Buzzer
2041496255923425565,2026-04-07 13:25:48+00:00,0,"@Indie_S_Orilly @ferrykoto Dia udah klarifikasi, tapi kaya disengaja gitu ya dibuat nuancenya vague mumpung yang lagi hangat yg IGRS wkwkwkw",2041507737927069792,,Indie_S_Orilly,in,,0,2,1,https://x.com/sn_0_z_/status/2041507737927069792,1598808482899431424,sn_0_z_,20,id,keep_id_anchor,False,dia sudah klarifikasi tapi seperti disengaja gitu ya dibuat nuancenya vague mumpung yang lagi hangat yang igrs wkwkwkw,[],0,1,118,18,0,3,0,0.4973,0.0057,1,0.5,39.73888888888889,27,2.0,0.0,0.0,0.0,-1,0,0.746506,0.28309456,1.3075718,-0.026066024,963,-1,0.002769153,0,Non-Buzzer
2041506074164146668,2026-04-07 13:19:12+00:00,0,"Capek bacain postingan buzzer perkara IGRS ini, pengen nanggepin tapi percuma",2041506074164146668,,,in,,0,0,0,https://x.com/Marchelmar3/status/2041506074164146668,1342521311927521280,Marchelmar3,11,id,keep_id_anchor,False,capek bacain postingan buzzer perkara igrs ini pengen nanggepin tapi percuma,[],0,0,76,11,0,0,1,0.388,0.0079,1,1.0,48.934444444444445,27,0.0,0.0,0.0,0.0,-1,0,0.7851367,0.3620411,1.2291379,0.018752504,964,-1,0.0014844502,0,Non-Buzzer
2041064580450021638,2026-04-07 13:17:42+00:00,0,"@ferrykoto @rarafsanjani_ @aryankushh @aniesbaswedan Bang, jaka sembung bang
Aryan udah narik konteks ke game steam tapi situ bawa ke mobile game
Dan IGRS saat ini bikin ulahnya di steam, belom ke mobile 🙃",2041505697326862620,,ferrykoto,in,,0,0,0,https://x.com/Greywing20/status/2041505697326862620,1322382426941743106,Greywing20,32,id,keep_id_anchor,False,bang jaka sembung bang aryan sudah narik konteks ke game steam tapi situ bawa ke mobile game dan igrs saat ini bikin ulahnya di steam belum ke mobile,[],0,1,149,28,0,0,1,0.5446,0.0131,1,1.0,48.909444444444446,27,1.0,0.0,0.0,0.0,-1,0,0.7788143,0.3468036,0.26768297,-0.9571924,965,-1,0.0064006397,0,Non-Buzzer
2041374822962462893,2026-04-07 13:17:40+00:00,0,"@nadsthenut Wkwk tau tuh, blm bener ngasi rating nya. Tp udh ditarik lagi katanya skrg igrs.",2041505690737676774,,nadsthenut,in,,0,0,0,https://x.com/akunsiyahutt/status/2041505690737676774,1155794446803324928,akunsiyahutt,16,id,keep_id_anchor,False,wkwk tau itu belum benar ngasi rating nya tp sudah ditarik lagi katanya sekarang igrs,[],0,1,85,15,0,0,1,0.5306,0.011,1,1.0,48.90888888888889,27,1.0,0.0,0.0,0.0,-1,0,0.767913,0.38225764,0.39537594,0.0756951,966,-1,0.008218539,0,Non-Buzzer
2041492135741157712,2026-04-07 13:17:13+00:00,3,"@cve20251202 @fraviato @onnowpurbo Sebelum ada IGRS udah ada guide rating kali. ESRB, PEGI, yang udah ada sejak lama. Buat playstore juga udah ada IARC. Balik lagi, gimana ortunya aja dirumah buat ngawasin anak main gamenya gimana.",2041505576447025655,,cve20251202,in,,0,0,0,https://x.com/101107mma/status/2041505576447025655,1674871698,101107mma,36,id,keep_id_anchor,False,sebelum ada igrs sudah ada guide rating kali esrb pegi yang sudah ada sejak lama buat playstore juga sudah ada iarc balik lagi bagaimana ortunya aja dirumah buat ngawasin anak main gamenya bagaimana,[],0,1,198,33,0,3,0,0.2627,0.014,1,1.0,48.90138888888889,27,1.0,0.0,0.0,0.0,-1,0,0.7623521,0.4065532,-0.6022641,-0.65848964,967,-1,0.00262437,0,Non-Buzzer
2041505029211967647,2026-04-07 13:15:02+00:00,2,"Dengan hormat pak, Tanpa rating game dari IGRS pun, platform tempat kami membeli game pun sudah melakukan rating jauh lebih baik dari IGRS. Kalau dalam pandangan Bpk gamers cuma bisa merusuh, Bpk bisa search ini di Google. Whitemon, F0rsaken, Xccurate, Oura, Windah Basudara.",2041505029211967647,,,in,,0,0,0,https://x.com/Andiiian/status/2041505029211967647,75052384,Andiiian,43,id,keep_id_anchor,False,dengan hormat pak tanpa rating game dari igrs pun platform tempat kami membeli game pun sudah melakukan rating jauh lebih baik dari igrs kalau dalam pandangan bpk gamers cuma bisa merusuh bpk bisa search ini di google whitemon f rsaken xccurate oura windah basudara,[],0,0,265,44,0,2,0,0.266,0.0049,1,1.0,48.865,27,0.0,0.0,0.0,0.0,-1,0,0.7614815,0.39657626,-0.9178679,-0.14426787,968,-1,0.002260871,0,Non-Buzzer
2041457466748375381,2026-04-07 13:13:03+00:00,4,"@onnowpurbo Market game Indonesia paling gede hanya mobile, yang lucunya selama test kemarin gk muncul IGRS di Google Play Store dan Apple App Store.

Dan ini yang memang paling rawan menyerang anak Indonesia.",2041504526658834613,,onnowpurbo,in,,0,0,0,https://x.com/NVT58232209/status/2041504526658834613,1593614123828641796,NVT58232209,33,id,keep_id_anchor,False,market game indonesia paling gede hanya mobile yang lucunya selama test kemarin gk muncul igrs di google play store dan apple app store dan ini yang memang paling rawan menyerang anak indonesia,[],0,1,193,32,0,4,0,0.523,0.0144,2,1.0,48.81611111111111,27,1.0,0.0,0.0,0.0,-1,0,0.68409383,0.28795266,0.17259884,-0.3252096,969,-1,0.010781205,0,Non-Buzzer
2041457466748375381,2026-04-07 13:12:06+00:00,2,"@onnowpurbo Yg terserang paling parah dari IGRS adalah orang dewasa di Platform PC/Console.

Pengguna steam sendiri Indonesia 2021 ~1.5jt, estimasi 2026 2jt+.
Dan ada data baru dari Steam kapabilitas daya beli Indonesia cuma 30% dari harga AAA normal (60 USD)",2041504289189924946,,onnowpurbo,in,,1,1,0,https://x.com/NVT58232209/status/2041504289189924946,1593614123828641796,NVT58232209,42,id,keep_id_anchor,False,yang terserang paling parah dari igrs adalah orang dewasa di platform pc console pengguna steam sendiri indonesia jt estimasi jt dan ada data baru dari steam kapabilitas daya beli indonesia cuma dari harga aaa normal usd,[],0,1,220,36,0,4,0,0.2789,0.0157,2,1.0,48.81611111111111,27,1.0,0.0,0.0,0.0,-1,0,0.6506006,0.3167145,-0.6555125,0.16838823,970,-1,0.003649472,0,Non-Buzzer
1757999321927352382,2026-04-07 13:12:03+00:00,0,"Yah...

Lek podo rame tapi gak terlalu ngikuti mbahas IGRS...

Yo...

18+, lah...

Uhm...

Yo igrs sek muncul e taun 2026, sih~~~
___

Yo mek lek gamer veteran...

Yo...

Lek asal mbaca perkara double bind...

Sambil kalimat berita yang ""menuai pro dan kontra"" - https://t.co/R5WOD4a9cP",2041504277693366403,https://pbs.twimg.com/tweet_video_thumb/HFThUKUboAAVbjj.jpg,Leefan_arashi,in,,0,1,0,https://x.com/Leefan_arashi/status/2041504277693366403,1012358239042789376,Leefan_arashi,47,id,keep_id_anchor,False,yah lek podo rame tapi tidak terlalu ngikuti mbahas igrs yo lah uhm yo igrs sek muncul e taun sih yo mek lek gamer veteran yo lek asal mbaca perkara double bind sambil kalimat berita yang menuai pro dan kontra,[],0,1,209,40,0,1,1,0.4696,0.0175,1,1.0,48.81527777777778,27,0.0,0.0,0.0,0.0,-1,0,0.69248235,0.36744484,0.99121344,-0.032490503,971,-1,0.026868291,0,Non-Buzzer
2041457466748375381,2026-04-07 13:10:30+00:00,0,"@onnowpurbo (c.) yang memang baru bisa di-afford jikalau sudah punya uang sendiri. Problem soal IGRS kemarin juga sebetulnya; 1.) klasifikasi yang nggak jelas. Gim dengan konten nudity malah masuk 3+ sedangkan cozy farming sim 18+ alias terbalik. Kalau kayak gini, kan, jelas nggak sesuai.",2041503885764993185,,Undeirtale,in,,0,1,0,https://x.com/Undeirtale/status/2041503885764993185,784501107749969920,Undeirtale,45,id,keep_id_anchor,False,c yang memang baru bisa di afford jikalau sudah punya uang sendiri problem soal igrs kemarin juga sebetulnya klasifikasi yang tidak jelas game dengan konten nudity malah masuk sedangkan cozy farming sim alias terbalik kalau seperti gini kan jelas tidak sesuai,[],0,1,259,41,0,1,1,0.2967,0.0198,1,1.0,48.78944444444444,27,0.0,0.0,0.0,0.0,-1,0,0.71189415,0.37156922,0.23477945,-0.6116583,972,-1,0.0023040352,0,Non-Buzzer
2041492135741157712,2026-04-07 13:09:21+00:00,3,@cve20251202 @fraviato @onnowpurbo Gada IGRS juga udah ada panduannya.,2041503595770896723,,cve20251202,in,,0,0,0,https://x.com/yourpadawann/status/2041503595770896723,252440962,yourpadawann,9,id,keep_id_anchor,False,gada igrs juga sudah ada panduannya,[],0,1,35,6,0,3,0,0.0,0.0,1,1.0,48.77027777777778,27,1.0,0.0,0.0,0.0,-1,0,0.7250364,0.33248883,0.56187,0.74068666,973,-1,0.00129034,0,Non-Buzzer
2041496255923425565,2026-04-07 13:08:28+00:00,3,"@ferrykoto Kepentok character limit untuk status Twitter karena tidak punya centang biru? Kan bisa dipendekin dari ""pembatasan umur &amp; rating game"" jadi PP TUNAS &amp; IGRS, berkurang tuh dari 29 character jadi 15 character. Trus jadi bisa deh nambahin ""medsos"" di belakang kata ""platform"". 😁",2041503375276343756,,Indie_S_Orilly,in,,0,0,0,https://x.com/Indie_S_Orilly/status/2041503375276343756,157970644,Indie_S_Orilly,44,id,keep_id_anchor,False,kepentok character limit untuk status twitter karena tidak punya centang biru kan bisa dipendekin dari pembatasan umur rating game jadi pp tunas igrs berkurang itu dari character jadi character trus jadi bisa deh nambahin medsos di belakang kata platform,[],0,1,254,39,0,3,0,0.2267,0.0127,2,0.5,38.72,27,3.0,2.0,0.0,0.16666666666666666,-1,0,0.6705401,0.28472462,-0.4647491,-0.16137719,974,-1,0.0057134572,0,Non-Buzzer
2041475693213893092,2026-04-07 13:05:52+00:00,2,"@ferrykoto @progresionalis Lagian kenapa banget harus buru buru implemantasi igrs sih?
Gamenya juga banyak yang belum diberi rating pula.
Dan memangnya kenapa dengan sistem rating yang sudah ada sekarang? Apa dirasa belum cukup sampai harus pakai sistem yang baru??",2041502718406312285,,ferrykoto,in,,0,0,0,https://x.com/mochf_/status/2041502718406312285,1288228676,mochf_,39,id,keep_id_anchor,False,lagian mengapa banget harus buru buru implemantasi igrs sih gamenya juga banyak yang belum diberi rating pula dan memangnya mengapa dengan sistem rating yang sudah ada sekarang apa dirasa belum cukup sampai harus pakai sistem yang baru,[],0,1,235,37,0,2,0,0.4475,0.0226,1,1.0,48.71222222222222,27,1.0,0.0,0.0,0.0,1,0,0.83077323,0.43983388,-0.677967,-0.999667,975,-1,0.22194275,0,Non-Buzzer
2041457466748375381,2026-04-07 13:04:12+00:00,0,"@nd_haryo @ZakiMhd4 @onnowpurbo Kan lagi bahas IGRS dan tweet anies disini, masa bawa bawa megalodon",2041502299185696783,,nd_haryo,in,,0,1,0,https://x.com/Bram_no3/status/2041502299185696783,1897919070684823554,Bram_no3,15,tl,keep_id_anchor,False,kan lagi bahas igrs dan tweet anies disini masa bawa bawa megalodon,[],0,1,67,12,0,1,1,0.6653,0.0054,1,0.3333333333333333,40.60472222222222,27,3.0,5.0,0.0,0.0,-1,0,0.7177982,0.29855713,0.7403448,0.8627832,976,-1,0.0038297155,0,Non-Buzzer
2041202726126993888,2026-04-07 13:03:23+00:00,0,@cozywithnicky Dia kira steam mau inisiatif sendiri nerapin IGRS 😭,2041502096370077951,,cozywithnicky,in,,0,1,0,https://x.com/its_arleigh/status/2041502096370077951,2156290188,its_arleigh,9,id,keep_id_anchor,False,dia kira steam mau inisiatif sendiri nerapin igrs,[],0,1,49,8,0,1,1,0.447,0.0008,1,1.0,48.670833333333334,27,1.0,0.0,0.0,0.0,-1,0,0.72731423,0.22556281,0.7394936,-0.54992723,977,-1,0.0017155085,0,Non-Buzzer
2041492135741157712,2026-04-07 13:02:02+00:00,0,"@fraviato @onnowpurbo Bos, kalau nggak pakai IGRS, lo mau biarin anak-anak main game penuh kekerasan/unsur dewasa tanpa label usia?

Komdigi buat IGRS ini supaya anak Indonesia aman, terhindar dari PEDO",2041501753972338759,,fraviato,in,,0,11,0,https://x.com/cve20251202/status/2041501753972338759,1995836841883533312,cve20251202,32,id,keep_id_anchor,False,bos kalau tidak pakai igrs kamu mau biarin anak anak main game penuh kekerasan unsur dewasa tanpa label usia komdigi buat igrs ini supaya anak indonesia aman terhindar dari pedo,[],0,1,177,30,0,11,0,0.4381,0.0224,1,0.5,48.38361111111111,27,1.0,3.0,0.0,0.0,-1,0,0.7395115,0.31945568,0.378924,-0.29408014,978,-1,0.0066167437,0,Non-Buzzer
2041501505925312704,2026-04-07 13:01:02+00:00,0,Ketika IGRS di hapus oleh steam. Dah tau kan dari sini siapa yang disalahkan dan dirugikan. Gw juga ogah minta maaf yang bukan siapa siapa dan belum ada resmi. Apalagi NGAJAK NGOPI AJA BELUM PERNAH. Sok asik anjg,2041501505925312704,,,in,,0,0,0,https://x.com/Vanverz/status/2041501505925312704,1065938461184614400,Vanverz,38,id,keep_id_anchor,False,ketika igrs di hapus oleh steam dah tau kan dari sini siapa yang disalahkan dan dirugikan saya juga ogah minta maaf yang bukan siapa siapa dan belum ada resmi apalagi ngajak ngopi aja belum pernah sok asik anjing,[],0,0,212,38,0,0,1,0.4874,0.0207,1,1.0,48.63166666666667,27,0.0,0.0,0.0,0.0,-1,0,0.7072189,0.29011703,1.0576143,-0.038418036,979,-1,0.0034630813,0,Non-Buzzer
2041490673850011878,2026-04-07 13:00:29+00:00,10,"@cve20251202 Lah yg bilang bukan milik komdigi siapa?
Yg dipermasalahkan emang IGRS di Steam. Kenapa bisa ngaco sistem ratingnya?

Padahal formulir 11-12 ngikut sistem rating negara lain yg udah ada.

Gaada yg mempermasalahkan sistem rating IGRS as long as pengaplikasiannya bener. Lha ini",2041501365189718393,,cve20251202,in,,0,0,1,https://x.com/fraviato/status/2041501365189718393,1051840382319788032,fraviato,44,id,keep_id_anchor,False,lah yang bilang bukan milik komdigi siapa yang dipermasalahkan emang igrs di steam mengapa bisa ngaco sistem ratingnya padahal formulir ngikut sistem rating negara lain yang sudah ada gaada yang mempermasalahkan sistem rating igrs as long as pengaplikasiannya benar lha ini,[],0,1,273,41,0,11,0,0.3312,0.0208,1,0.5,48.04555555555555,27,2.0,1.0,4.0160642570281125e-05,0.0,1,1,0.8322818,0.44560322,-0.4767344,-0.068826824,980,-1,0.84263366,0,Non-Buzzer
2041457466748375381,2026-04-07 13:00:23+00:00,9,"@onnowpurbo Gimana²? Jadi keliatan banget kalo Komdigi isinya boomer² bangka semua

Game itu bukan cuma buat anak² ya pak, bahkan mayoritas demografi pemain game itu ya orang dewasa, yang bisa beli game dengan harga ratusan ribu rupiah

Oh ternyata ini yg handle IGRS, ngira game ada ML doang",2041501342167154900,,onnowpurbo,in,,0,1,1,https://x.com/Shirogatana_/status/2041501342167154900,1402288823745224705,Shirogatana_,48,id,keep_id_anchor,False,bagaimana jadi keliatan banget kalau komdigi isinya boomer bangka semua game itu bukan cuma buat anak ya pak bahkan mayoritas demografi pemain game itu ya orang dewasa yang bisa beli game dengan harga ratusan ribu rupiah oh ternyata ini yang handle igrs ngira game ada ml doang,[],0,1,277,47,0,11,0,0.3599,0.0191,1,1.0,48.62083333333333,27,1.0,0.0,0.0,0.0,-1,0,0.78948665,0.3322102,0.5618942,-1.61896,981,-1,0.001863589,0,Non-Buzzer
2041501335304974464,2026-04-07 13:00:22+00:00,8,"Dari 1,4 juta orang itu, berapa yang rutin beli game AAA?

Aku yakin gak semuanya, lha yang main Dota 2 atau CS doang juga ada, atau free game lain macam Where Winds Meet, WuWa, etc.

Yang beli dikit, ngapain perusahaan game besar repot sensor buat ngikutin ratingnya IGRS? 🤣",2041501335304974464,,,in,,0,1,5,https://x.com/ridwanadit/status/2041501335304974464,115603547,ridwanadit,49,id,keep_id_anchor,False,dari juta orang itu berapa yang rutin beli game aaa aku yakin tidak semuanya lha yang main dota atau cs doang juga ada atau free game lain macam where winds meet wuwa etc yang beli dikit ngapain perusahaan game besar repot sensor buat ngikutin ratingnya igrs,[],0,0,258,46,0,14,0,0.2975,0.0178,1,1.0,48.620555555555555,27,0.0,0.0,0.0,0.0,-1,0,0.78948665,0.3320662,-0.19250159,-1.1193162,982,-1,0.00302491,0,Non-Buzzer
2041500797813625156,2026-04-07 12:58:14+00:00,0,"Jujur yak, masukan aja buat Komdigi, kalau tujuannya IGRS untuk melindungi anak2, akan lebih kena kalo implementasi awalnya untuk game2 di platform mobile, di android atau iOS, karna market dan aksesnya lebih besar disitu, bukan di platform PC macem Steam, apalagi konsol macem PS",2041500797813625156,,,in,,0,1,0,https://x.com/andikaGoGo86/status/2041500797813625156,1245852938,andikaGoGo86,44,id,keep_id_anchor,False,jujur yak masukan aja buat komdigi kalau tujuannya igrs untuk melindungi anak akan lebih kena kalau implementasi awalnya untuk game di platform mobile di android atau ios karna market dan aksesnya lebih besar disitu bukan di platform pc macem steam apalagi konsol macem ps,[],0,0,272,44,0,1,1,0.2772,0.017,1,1.0,48.585,28,0.0,0.0,0.0,0.0,-1,0,0.73424065,0.3300816,-0.37575096,-0.88200915,983,-1,0.004200843,0,Non-Buzzer
2041500489226015168,2026-04-07 12:57:00+00:00,182,"Mekanisme verifikasi berlapis? Seriusan? 

https://t.co/gIiuT4X9TA

Data yang disajikan dalam website IGRS aja sampah. Benerin dulu itu crawling enginenya.

Hasil investigasi akan diumumkan secara terbuka? Kita lihat saja. RCA pada kasus PDNS kemarin saja gak jelas. https://t.co/VmwirZqcbu",2041500489226015168,https://pbs.twimg.com/media/HFTd32VaoAAWX-F.jpg,,in,,1,8,77,https://x.com/ekawicaksana/status/2041500489226015168,195743412,ekawicaksana,42,id,keep_id_anchor,False,mekanisme verifikasi berlapis seriusan data yang disajikan dalam website igrs aja sampah benerin dulu itu crawling enginenya hasil investigasi akan diumumkan secara terbuka kita lihat saja rca pada kasus pdns kemarin saja tidak jelas,[],0,0,233,34,0,268,0,0.3924,0.016,1,0.3333333333333333,2.4116666666666666,28,1.0,8.0,0.0,0.0,-1,0,0.6407768,0.323839,-0.09149802,-0.019515019,984,-1,0.0058621806,0,Non-Buzzer
2041499499940761640,2026-04-07 12:53:04+00:00,0,"Well soal IGRS lama2 makin keliatan ko kalau mereka gak ngerti game dan gak ngerti ngerating game, kalau bilangnya targetnya ""anak"" aneh juga. toh kebanyakan pengguna steam di indonesia kebanyakan sudah kuliah atau keatas

Anak Indo zaman sekarang  mah kebanyakan main game mobile",2041499499940761640,,,in,,0,1,0,https://x.com/AbyanMakarim/status/2041499499940761640,1269232261053833216,AbyanMakarim,43,id,keep_id_anchor,False,well soal igrs lama makin keliatan ko kalau mereka tidak ngerti game dan tidak ngerti ngerating game kalau bilangnya targetnya anak aneh juga toh kebanyakan pengguna steam di indonesia kebanyakan sudah kuliah atau keatas anak indo zaman sekarang mah kebanyakan main game mobile,[],0,0,277,43,0,1,1,0.307,0.0198,1,1.0,48.49888888888889,28,0.0,0.0,0.0,0.0,-1,0,0.7642105,0.38315615,0.12663338,-0.98846847,985,-1,0.0029080552,0,Non-Buzzer
2041499168032878953,2026-04-07 12:51:45+00:00,0,Komdigi dan Steam Investigasi Kesalahan IGRS yang Bikin Heboh Gamers https://t.co/IetigofpCW,2041499168032878953,,,in,,1,0,0,https://x.com/detikjatengcom/status/2041499168032878953,1668147004491587585,detikjatengcom,14,id,keep_id_anchor,False,komdigi dan steam investigasi kesalahan igrs yang bikin heboh gamers,[],0,0,68,10,0,1,1,0.5135,0.0154,1,1.0,48.47694444444444,28,0.0,0.0,0.0,0.0,-1,0,0.7688681,0.3917,-0.14825866,-0.86126256,986,-1,0.033224847,0,Non-Buzzer
2041457466748375381,2026-04-07 12:51:08+00:00,0,"@Bram_no3 @ZakiMhd4 @onnowpurbo Kagak. IGRS bagus kalo implementasinya bener. BPJS bagus kalo manajemennya bagus. Jalan tol juga bagus kalo kualitas materialnya ga dikorup. Semuanya bagus tapi dikorup semua.

Yang jelek? MBG, Kopdes,Sekolah garuda, whoosh, sama BUZZER ANJING.

Puas, buzzer laknat?",2041499014215205009,,Bram_no3,in,,0,1,0,https://x.com/nd_haryo/status/2041499014215205009,131747255,nd_haryo,41,id,keep_id_anchor,False,kagak igrs bagus kalau implementasinya benar bpjs bagus kalau manajemennya bagus jalan tol juga bagus kalau kualitas materialnya tidak dikorup semuanya bagus tapi dikorup semua yang jelek mbg kopdes sekolah garuda whoosh sama buzzer anjing puas buzzer laknat,[],0,1,258,38,0,1,1,0.4184,0.0153,1,1.0,48.46666666666667,28,1.0,1.0,0.0,0.0,-1,0,0.5785992,0.3358815,0.17471766,-0.16153423,987,-1,0.0050952425,0,Non-Buzzer
2041490673850011878,2026-04-07 12:46:09+00:00,1,"@fraviato @onnowpurbo igrs itu milik komdigi, bukan platform specific kyk steam, bsk igrs pasti juga akan merambah ke mobile yang mayoritas gamersnya bocil

komdigi nargetin steam terlebih dahulu tujuannya karena user bocil di steam tergolong sedikit (yang km bilang cuman di kisaran 1,4 juta orang) https://t.co/clYFu5OmVO",2041497758809666018,https://pbs.twimg.com/media/HFTaysRbYAAu68B.jpg,fraviato,in,,0,3,0,https://x.com/cve20251202/status/2041497758809666018,1995836841883533312,cve20251202,50,id,keep_id_anchor,False,igrs itu milik komdigi bukan platform specific seperti steam besok igrs pasti juga akan merambah ke mobile yang mayoritas gamersnya bocil komdigi nargetin steam terlebih dahulu tujuannya karena user bocil di steam tergolong sedikit yang km bilang cuman di kisaran juta orang,[],0,1,274,42,0,4,0,0.2702,0.0174,1,0.5,48.38361111111111,28,1.0,3.0,0.0,0.0,-1,0,0.6754447,0.34260404,-0.2889719,0.13634036,988,-1,0.005796126,0,Non-Buzzer
2041457466748375381,2026-04-07 12:45:23+00:00,0,"@onnowpurbo IGRS tujuannya bagus, tinggal eksekusinya saja yang perlu disempurnakan. Jika kita lihat di negara maju seperti Jepang, Korea Amerika , mereka juga punya age rating dan kepatuhan pembatasan di negaranya masing masing.
Bahkan di china paling ketat",2041497566131704184,,onnowpurbo,in,,0,1,0,https://x.com/Rinto_edy/status/2041497566131704184,188579138,Rinto_edy,37,id,keep_id_anchor,False,igrs tujuannya bagus tinggal eksekusinya saja yang perlu disempurnakan jika kita lihat di negara maju seperti jepang korea amerika mereka juga punya age rating dan kepatuhan pembatasan di negaranya masing masing bahkan di china paling ketat,[],0,1,240,36,0,1,1,0.2264,0.0079,2,0.6666666666666666,48.37083333333333,28,2.0,1.0,0.0,1.0,-1,0,0.5474379,0.20802768,0.29934406,-0.5238015,989,-1,0.0013304923,0,Non-Buzzer
2041493808458944662,2026-04-07 12:43:57+00:00,0,"Btw rating umur IGRS buat game mbah Zeus itu berapa, genuinely ask 🙏 kayanya gim2 kesukaan bapak2 itu yg kaya gtuan dah",2041497205056659785,,Tsuraracchi,in,,0,0,0,https://x.com/Tsuraracchi/status/2041497205056659785,367578854,Tsuraracchi,21,id,keep_id_anchor,False,btw rating umur igrs buat game mbah zeus itu berapa genuinely ask kayanya game kesukaan bapak itu yang seperti gtuan dah,[],0,1,120,21,0,0,1,0.5862,0.0082,2,1.0,48.121944444444445,28,0.0,0.0,0.0,0.0,-1,0,0.78093886,0.41166624,-0.02276214,-0.5266391,990,-1,0.005913224,0,Non-Buzzer
2041353677496254495,2026-04-07 12:42:02+00:00,0,"@ferrykoto Ini permasalahannya rating IGRS ga tepat dan keliatan orang orang di Komdigi ga mengerti. Kenapa dipelintir ke masalah gamers maniak. Hobi apapun juga ada maniaknya.
Kalo tujuannya untuk mengontrol kecanduan game, harusnya dibarengi dengan penelitian buat nyari solusi yang tepat.",2041496723672162728,,ferrykoto,in,,0,1,0,https://x.com/zzaysmine/status/2041496723672162728,1822711106932232192,zzaysmine,41,id,keep_id_anchor,False,ini permasalahannya rating igrs tidak tepat dan keliatan orang orang di komdigi tidak mengerti mengapa dipelintir ke masalah gamers maniak hobi apapun juga ada maniaknya kalau tujuannya untuk mengontrol kecanduan game harusnya dibarengi dengan penelitian buat nyari solusi yang tepat,[],0,1,283,40,0,1,1,0.4303,0.0214,1,1.0,48.315,28,1.0,0.0,0.0,0.0,8,0,0.8389987,0.40915713,-0.35501555,-1.0034041,991,-1,0.04503629,0,Non-Buzzer
2041495176884228393,2026-04-07 12:35:53+00:00,7,"The IGRS website has an API that contains links to video links provided by game developers, which also includes some unreleased games. Developers who shares google drive links can also contain gmail accounts for employees. https://t.co/c67HtipjbP",2041495176884228393,https://pbs.twimg.com/media/HFTYsPPbwAAsPKr.jpg,,en,,1,0,0,https://x.com/dihydroxyestra/status/2041495176884228393,1321441378543435777,dihydroxyestra,39,en,keep_id_anchor,False,the igrs website has an api that contains links to video links provided by game developers which also includes some unreleased games developers who shares google drive links can also contain gmail accounts for employees,[],0,0,219,35,0,8,0,0.2803,0.0125,1,1.0,48.2125,28,0.0,0.0,0.0,0.0,-1,0,0.5875521,0.22240143,-1.1146414,0.32459292,992,-1,0.0013696684,0,Non-Buzzer
2041493808458944662,2026-04-07 12:30:27+00:00,1,"Ni boomer2 sejak ribut2 igrs pd mendadak paling tau soal game, pdhl yg mereka tau palingan game2  di hp, meanwhile yg lg dibhas itu platform beli game yg ada game2 premium yg diharga gratisan ribu sampe sejutaan

Minimal bapak2 ibu2 ini jajal beli game premium dululah seru loh",2041493808458944662,,,in,,0,2,0,https://x.com/Tsuraracchi/status/2041493808458944662,367578854,Tsuraracchi,48,id,keep_id_anchor,False,ini boomer sejak ribut igrs pd mendadak paling tau soal game padahal yang mereka tau palingan game di hp meanwhile yang lg dibhas itu platform beli game yang ada game premium yang diharga gratisan ribu sampe sejutaan minimal bapak ibu ini jajal beli game premium dululah seru loh,[],0,0,279,48,0,3,0,0.2946,0.0113,2,1.0,48.121944444444445,28,0.0,0.0,0.0,0.0,-1,0,0.777679,0.38200244,-0.07605316,-0.8823282,993,-1,0.003935155,0,Non-Buzzer
2041457466748375381,2026-04-07 12:26:28+00:00,0,"@onnowpurbo mainnya mobile, ML, FF, liat aja tuh yang sering dijadikan lomba dan pesertanya, makanya komdigi perlu dengerin MAYORITAS gamers, bukan sedikit gamer (yang belum tentu gamer), juga ganti ketua igrs tuh, ganti jadi gamer jadinya tau seluk beluknya, bukan foodie 😮‍💨",2041492804350947445,,ariomalv,in,,0,0,0,https://x.com/ariomalv/status/2041492804350947445,53289501,ariomalv,41,id,keep_id_anchor,False,mainnya mobile ml ff liat aja itu yang sering dijadikan lomba dan pesertanya makanya komdigi perlu dengerin mayoritas gamers bukan sedikit gamer yang belum tentu gamer juga ganti ketua igrs itu ganti jadi gamer jadinya tau seluk beluknya bukan foodie,[],0,1,250,40,0,0,1,0.3137,0.0174,1,1.0,48.05555555555556,28,0.0,0.0,0.0,0.0,-1,0,0.7466214,0.333392,0.09499168,-0.69100523,994,-1,0.0042349324,0,Non-Buzzer
2041492135741157712,2026-04-07 12:25:52+00:00,16,"@onnowpurbo Tapi lebih baik coba dengar pendapat dari temen2 developer game lokal juga pak, biar ada 2 sisi soal IGRS ini 🙏",2041492654782067004,,onnowpurbo,in,,0,2,0,https://x.com/fraviato/status/2041492654782067004,1051840382319788032,fraviato,21,id,keep_id_anchor,False,tapi lebih baik coba dengar pendapat dari temen developer game lokal juga pak biar ada sisi soal igrs ini,[],0,1,105,19,0,18,0,0.2257,0.0087,1,0.5,48.04555555555555,28,2.0,1.0,4.0160642570281125e-05,0.0,-1,0,0.7361909,0.403053,-0.18942708,-0.09866639,995,-1,0.0071988194,0,Non-Buzzer
2041492338636382402,2026-04-07 12:24:37+00:00,0,"Uang pajak kite dipake buzzer kualitas ginian ya Allah, ga ada teknis IGRS penjabaran tetekbengek nyerang orang lain. https://t.co/IQZAPKLvQx",2041492338636382402,https://pbs.twimg.com/tweet_video_thumb/HFTWdQMbQAA3KTi.jpg,,in,,0,0,0,https://x.com/xx6riku/status/2041492338636382402,1560675109069025280,xx6riku,22,id,keep_id_anchor,False,uang pajak kite dipake buzzer kualitas ginian ya allah tidak ada teknis igrs penjabaran tetekbengek nyerang orang lain,[],0,0,118,18,0,0,1,0.5653,0.0159,1,1.0,48.02472222222222,28,0.0,0.0,0.0,0.0,-1,0,0.7198734,0.24123691,0.7317213,-0.49732617,996,-1,0.013227712,0,Non-Buzzer
2041492251558490556,2026-04-07 12:24:16+00:00,82,"Bahas IGRS dari PoV manusia yang sering bersinggungan dengan plat merah.

Kalau rating IGRS di Steam itu ""tidak resmi"" kata Komdigi, terus kenapa bisa muncul ke publik?
Siapa yang harusnya bertanggung jawab?

20.30 malam ini.
Link di Reply yaa! https://t.co/C5KnRQzNMu",2041492251558490556,https://pbs.twimg.com/media/HFTUIpcawAAUVyY.jpg,,in,,0,2,19,https://x.com/KalanaraDika/status/2041492251558490556,1915897056377638913,KalanaraDika,44,id,keep_id_anchor,False,bahas igrs dari pov manusia yang sering bersinggungan dengan plat merah kalau rating igrs di steam itu tidak resmi kata komdigi terus mengapa bisa muncul ke publik siapa yang harusnya bertanggung jawab malam ini link di reply yaa,[],0,0,229,38,0,103,0,0.2794,0.0213,1,1.0,48.01888888888889,28,0.0,0.0,0.0,0.0,-1,0,0.749966,0.44378445,0.07761588,0.230213,997,-1,0.008173576,0,Non-Buzzer
2041457466748375381,2026-04-07 12:23:09+00:00,0,"@onnowpurbo Ya jelas keberatan lah, semua pihak yg terdampak regulasi pasti keberatan. Orang Komdigi yg ngomong gini maksudnya apa? mau bilang kalau Steam itu mensabotase implementasi IGRS?",2041491971693490479,,onnowpurbo,in,,0,0,0,https://x.com/paling_anonim/status/2041491971693490479,1704225739024093184,paling_anonim,27,id,keep_id_anchor,False,ya jelas keberatan lah semua pihak yang terdampak regulasi pasti keberatan orang komdigi yang ngomong gini maksudnya apa mau bilang kalau steam itu mensabotase implementasi igrs,[],0,1,177,26,0,0,1,0.4041,0.0159,1,1.0,48.000277777777775,28,1.0,0.0,0.0,0.0,-1,0,0.7227179,0.41335946,-0.10659302,-0.47457197,998,-1,0.004306696,0,Non-Buzzer
2041475693213893092,2026-04-07 12:22:54+00:00,1,"@ferrykoto Bro really think own us but keep make trash comment
IGRS yg di bermasalah di steam tapi merembet ke yg lain 
70jt hitungan potensi dan bukan nilai baku
even steam user cuma berapa persen https://t.co/wN7ghznrL5",2041491905729696123,https://pbs.twimg.com/media/HFTWEcxaUAAyy4U.jpg,ferrykoto,in,,0,0,0,https://x.com/DokutahLianSyah/status/2041491905729696123,1419991676311855104,DokutahLianSyah,39,id,keep_id_anchor,False,bro really think own us but keep make trash comment igrs yang di bermasalah di steam tapi merembet ke yang lain jt hitungan potensi dan bukan nilai baku even steam user cuma berapa persen,[],0,1,187,34,0,1,1,0.2219,0.0081,2,0.4,0.32916666666666666,28,2.0,0.0,0.0,0.0,-1,0,0.7429757,0.4145748,-0.28298208,-0.22721128,999,-1,0.0080598565,0,Non-Buzzer
2041167112195162132,2026-04-07 12:22:51+00:00,1,@alijaya Wakakak yaudah ikutin maunya igrs aja waktu iti. Yuk ntar bundlingan setelah kuloniku rilis,2041491893146812472,,alijaya,in,,0,1,0,https://x.com/mgyanm/status/2041491893146812472,166880884,mgyanm,15,id,keep_id_anchor,False,wakakak yaudah ikutin maunya igrs aja waktu iti yuk ntar bundlingan setelah kuloniku rilis,[],0,1,90,14,0,2,0,0.3463,0.0041,1,1.0,47.99527777777778,28,1.0,0.0,0.0,0.0,0,0,0.8380736,0.26020887,1.4383073,0.92239535,1000,-1,0.002253324,0,Non-Buzzer
2041491856836702576,2026-04-07 12:22:42+00:00,8,"Komdigi Bertemu Steam Bahas Rating Game IGRS, Akui Ada Kejanggalan https://t.co/R0uCdeaHIu",2041491856836702576,,,in,,17,0,2,https://x.com/CNNIndonesia/status/2041491856836702576,17128975,CNNIndonesia,14,id,keep_id_anchor,False,komdigi bertemu steam bahas rating game igrs akui ada kejanggalan,[],0,0,65,10,0,27,0,1.0,0.0111,1,1.0,47.992777777777775,28,0.0,0.0,0.0,0.0,-1,0,1.0000001,0.42593682,-0.37657303,0.05906901,1001,-1,0.4321347,0,Non-Buzzer
2041460387502010543,2026-04-07 12:21:25+00:00,5,@_hendrasusanto Content survey questionare di Steamworks namanya IARC Questionare dan dengan mengisi itu bisa dapat self verified rating lembaga rating yang ratify IARC termasuk Indonesia. Check the documentations buat UST sama IGRS.,2041491535808909352,,_hendrasusanto,in,,0,1,0,https://x.com/tilehopper/status/2041491535808909352,1249662133916192768,tilehopper,32,id,keep_id_anchor,False,content survey questionare di steamworks namanya iarc questionare dan dengan mengisi itu bisa dapat self verified rating lembaga rating yang ratify iarc termasuk indonesia check the documentations buat ust sama igrs,[],0,1,215,31,0,6,0,0.7025,0.0114,3,0.6,9.309166666666666,28,2.0,3.0,0.0,0.0,-1,0,0.65918016,0.24615195,-0.9212143,0.029067257,1002,-1,0.006393505,0,Non-Buzzer
2041096311831986357,2026-04-07 12:20:39+00:00,0,"@ezash Maksudnya kemarin itu lho bang, rating baru igrs ini membuat ada game yg jadi tidak bisa dibeli",2041491339855208779,,ezash,in,,0,0,0,https://x.com/esbique_/status/2041491339855208779,1415497452409352192,esbique_,18,id,keep_id_anchor,False,maksudnya kemarin itu lho bang rating baru igrs ini membuat ada game yang jadi tidak bisa dibeli,[],0,1,96,17,0,0,1,0.3703,0.0131,1,1.0,47.95861111111111,28,1.0,0.0,0.0,0.0,-1,0,0.784444,0.4062807,-0.21341233,-0.5285844,1003,-1,0.0035256222,0,Non-Buzzer
2041488875311566997,2026-04-07 12:19:34+00:00,3,"@onnowpurbo yg saya tangkap simpel sih pak. IGRS ada 2 jalur, developer ngajukan resmi ke komdigi, atau via pihak ketiga spt marketplace (steam/play store/app store)

yg rame ini pihak ketiga. sifatnya suka rela, tidak lapor komdigi, namun mengikuti standar kepatuhan IGRS.

nah yg tidak",2041491070228570151,,onnowpurbo,in,,0,1,0,https://x.com/morpiggg/status/2041491070228570151,72986033,morpiggg,46,id,keep_id_anchor,False,yang saya tangkap simpel sih pak igrs ada jalur developer ngajukan resmi ke komdigi atau via pihak ketiga spt marketplace steam play store app store yang rame ini pihak ketiga sifatnya suka rela tidak lapor komdigi namun mengikuti standar kepatuhan igrs nah yang tidak,[],0,1,268,44,0,4,0,0.5562,0.0225,1,1.0,47.940555555555555,28,1.0,0.0,0.0,0.0,-1,0,0.6991937,0.3374225,-0.1516908,-0.082343034,1004,-1,0.0058564115,0,Non-Buzzer
2041064580450021638,2026-04-07 12:18:04+00:00,1,"@5adnile8 @ferrykoto @aniesbaswedan Sepertinya sudah yah karena muncul di website IGRS, bener yah pak @ferrykoto ?",2041490692984467742,,5adnile8,in,,0,0,0,https://x.com/IwanMuhRidwan/status/2041490692984467742,87438755,IwanMuhRidwan,15,id,keep_id_anchor,False,sepertinya sudah yah karena muncul di website igrs benar yah pak,[],0,1,64,11,0,1,1,0.7671,0.0067,1,1.0,47.91555555555556,28,1.0,0.0,0.0,0.0,-1,0,0.72455645,0.37796497,0.78038836,0.3468395,1005,-1,0.0029123041,0,Non-Buzzer
2041457466748375381,2026-04-07 12:14:40+00:00,1,"@onnowpurbo gw cukup yakin 99.9% dari 70jt anak indonesia itu gakan liat igrs ketika ingin beli game sih pak.. so what's the point? 

blokir game aja gitu maunya?",2041489836658634795,,onnowpurbo,in,,0,0,1,https://x.com/rdagung_/status/2041489836658634795,1123047864559493120,rdagung_,30,id,keep_id_anchor,False,saya cukup yakin dari jt anak indonesia itu gakan liat igrs ketika ingin beli game sih pak so what s the point blokir game aja gitu maunya,[],0,1,138,27,0,2,0,0.3415,0.0184,1,1.0,47.85888888888889,28,1.0,0.0,0.0,0.0,-1,0,0.7928627,0.3740666,0.37842518,-0.44165194,1006,-1,0.0019357816,0,Non-Buzzer
2040637611753320857,2026-04-07 12:14:11+00:00,0,@emyr_za1 IGRS I nya aku yahudi,2041489714172281041,,emyr_za1,in,,0,0,0,https://x.com/mamank_garoxz/status/2041489714172281041,113569122,mamank_garoxz,6,sw,keep_id_anchor,False,igrs i nya aku yahudi,[],0,1,21,5,0,0,1,0.0,0.0,1,1.0,47.850833333333334,28,1.0,0.0,0.0,0.0,-1,0,0.5829327,0.10611174,1.5715634,1.2346209,1007,-1,0.00086747453,0,Non-Buzzer
2041353677496254495,2026-04-07 12:13:37+00:00,0,"@ferrykoto Ohhhh, kemaren ributin masalah igrs bukan buat belain gamers nih berarti??? Bener lan buat jegal pengangguran??

Kita dibilang maniak dari awal abad 21 juga udah pernah, sampe kenyang boss

Btw ini data user steam di 2024 yah, bisa baca data kan??

Mayoritas udah apa?? Udah gede! https://t.co/amW2rpmZNX",2041489569338860007,https://pbs.twimg.com/media/HFTT8LLaMAAjhRo.jpg,ferrykoto,in,,0,1,0,https://x.com/YuriAndriyanto/status/2041489569338860007,1551894168766521346,YuriAndriyanto,51,id,keep_id_anchor,False,ohhhh kemaren ributin masalah igrs bukan buat belain gamers ini berarti benar lan buat jegal pengangguran kita dibilang maniak dari awal abad juga sudah pernah sampe kenyang boss btw ini data user steam di yah bisa baca data kan mayoritas sudah apa sudah gede,[],0,1,259,44,0,1,1,0.2572,0.014,1,1.0,47.841388888888886,28,1.0,0.0,0.0,0.0,-1,0,0.76631737,0.38379687,0.35312817,-0.8730474,1008,-1,0.0021434024,0,Non-Buzzer
2041457466748375381,2026-04-07 12:09:40+00:00,2,"@onnowpurbo Jumlah game banyak kan? Mau buka lapangan kerja kan? Buka aja IGRS untuk anak anak muda, kasih tugas mereka yang rating sendiri, patok berapa game lama dan baru mau di cek

Sekali kerja, dua solusi dapat",2041488576291180992,,misterx_9945613,in,,0,0,0,https://x.com/misterx_9945613/status/2041488576291180992,966599719593041920,misterx_9945613,37,id,keep_id_anchor,False,jumlah game banyak kan mau buka lapangan kerja kan buka aja igrs untuk anak anak muda kasih tugas mereka yang rating sendiri patok berapa game lama dan baru mau di cek sekali kerja dua solusi dapat,[],0,1,197,36,0,2,0,0.4057,0.0143,2,1.0,47.730555555555554,28,1.0,0.0,0.0,0.0,-1,0,0.6929504,0.33514017,0.11171293,-1.1544127,1009,-1,0.0024260934,0,Non-Buzzer
2041457466748375381,2026-04-07 12:06:58+00:00,7,"@onnowpurbo Masalahnya gini, rating RC ngak perlu sama sekali, kita ngak butuh kebijakan sok berbudaya

Mending gini deh, ambil 10 univ yang ada jurusan game devnya, ambil yang muda muda dan suka main game, suruh mereka kerjain IGRS... Hasil bakal jauh lebih objektif, dan ngak ada rating RC",2041487898617471202,,onnowpurbo,in,,0,1,0,https://x.com/misterx_9945613/status/2041487898617471202,966599719593041920,misterx_9945613,48,id,keep_id_anchor,False,masalahnya gini rating rc ngak perlu sama sekali kita ngak butuh kebijakan sok berbudaya mending gini deh ambil univ yang ada jurusan game devnya ambil yang muda muda dan suka main game suruh mereka kerjain igrs hasil bakal jauh lebih objektif dan ngak ada rating rc,[],0,1,266,46,0,8,0,0.285,0.0135,2,1.0,47.730555555555554,28,1.0,0.0,0.0,0.0,-1,0,0.78960264,0.40831468,-0.30326834,-0.99374664,1010,-1,0.0025477866,0,Non-Buzzer
2041472634094018686,2026-04-07 12:06:56+00:00,0,@mog_mediaa IGRS bukan buat steam doang kan?,2041487890983833664,,mog_mediaa,in,,0,2,0,https://x.com/xnopzx/status/2041487890983833664,563659380,xnopzx,7,id,keep_id_anchor,False,igrs bukan buat steam doang kan,[],0,1,31,6,0,2,0,0.3673,0.0125,1,1.0,47.73,28,1.0,0.0,0.0,0.0,-1,0,0.71665996,0.27056378,0.4848303,-0.021215592,1011,-1,0.0012484341,0,Non-Buzzer
2041486865271001455,2026-04-07 12:02:52+00:00,0,DAY#2 ADVOCATING OF REMOVING RC IGRS.,2041486865271001455,,,en,,0,0,0,https://x.com/CorySakti28011/status/2041486865271001455,1894025199814868992,CorySakti28011,7,de,keep_id_anchor,False,day advocating of removing rc igrs,[],0,0,34,6,0,0,1,0.5678,0.0084,1,1.0,47.66222222222222,28,0.0,1.0,0.0,0.0,-1,0,0.6095882,0.2604661,-0.85412157,1.1641817,1012,-1,0.0011277448,0,Non-Buzzer
2041457466748375381,2026-04-07 11:59:37+00:00,0,"@onnowpurbo @Steam_Support 2/x

IGRS blg ini sesuai standar intl. Tinggal masukin aja. Pedagang miayam cek. Dan masukin sesuai std IGRS.

Ternyata menurut IGRS,
-miayam pake Babi itu gpp banget
-mi ayam mercon adalah makanan anak2 balita.
- Mi ayam aja itu untuk 18+

Yg salah siapa?",2041486046157062384,,Cyclops_Ray,in,,0,0,0,https://x.com/Cyclops_Ray/status/2041486046157062384,1205351168609640449,Cyclops_Ray,46,id,keep_id_anchor,False,x igrs blg ini sesuai standar intl tinggal masukin aja pedagang miayam cek dan masukin sesuai std igrs ternyata menurut igrs miayam pake babi itu gapapa banget mi ayam mercon adalah makanan anak balita mi ayam aja itu untuk yang salah siapa,[],0,1,240,42,0,0,1,0.511,0.011,2,0.6666666666666666,43.084722222222226,19,2.0,0.0,0.0,0.0,-1,0,0.74015945,0.30240557,1.1202123,0.32119173,1013,-1,0.005696217,0,Non-Buzzer
2040502604942197039,2026-04-07 11:54:28+00:00,0,"@Gotoants @ifeanyiakorjuru IGR isn't a marker of dev
""No gov taxes its ppl to wealth"" - Margaret Thatcher
Your governors are fleecing u to celebrate high IGRs n loot d money
Ds here is just one of many Igbo cities n d testimony of a foreigner. Can u post any Yoruba city yourself?
https://t.co/KcrPU84W0v",2041484753711567074,,Gotoants,en,,0,1,0,https://x.com/Lie_Detektor/status/2041484753711567074,1956185383332667394,Lie_Detektor,57,en,keep_id_anchor,False,igr isn t a marker of dev no gov taxes its ppl to wealth margaret thatcher your governors are fleecing u to celebrate high igrs n loot d money ds here is just one of many igbo cities n d testimony of a foreigner can u post any yoruba city yourself,[],0,1,247,51,0,1,1,0.3377,0.0125,1,1.0,47.522222222222226,19,1.0,0.0,0.0,0.0,-1,0,0.54504496,0.20170267,0.52330166,1.169247,1014,-1,0.001160622,0,Non-Buzzer
2041457466748375381,2026-04-07 11:54:17+00:00,0,"@onnowpurbo Kyknya bapak dikibulin deh pak..
Coba pak nanya ke @Steam_Support juga.

Kalo pakai analogi orang jualan, steam adalah tukang mi ayam yang selama ini jualan dengan standard international, terus IGRS dtg bilang pake standar kami ya kalo mau jualan disini. 1/x",2041484704210383140,,onnowpurbo,in,,0,1,0,https://x.com/Cyclops_Ray/status/2041484704210383140,1205351168609640449,Cyclops_Ray,43,id,keep_id_anchor,False,kyknya bapak dikibulin deh pak coba pak nanya ke juga kalau pakai analogi orang jualan steam adalah tukang mi ayam yang selama ini jualan dengan standard international terus igrs dtg bilang pake standar kami ya kalau mau jualan disini x,[],0,1,236,40,0,1,1,0.3669,0.0125,2,0.6666666666666666,43.084722222222226,19,2.0,0.0,0.0,0.0,-1,0,0.6609298,0.3241049,0.9271841,-0.35552236,1015,-1,0.0026448406,0,Non-Buzzer
2041484290299740364,2026-04-07 11:52:38+00:00,0,"Kisruh Rating IGRS, Komdigi dan Steam Sepakat Lakukan Investigasi https://t.co/r5oterS2Hm",2041484290299740364,,,in,,0,0,0,https://x.com/detikinet/status/2041484290299740364,135815019,detikinet,13,id,keep_id_anchor,False,kisruh rating igrs komdigi dan steam sepakat lakukan investigasi,[],0,0,64,9,0,0,1,0.4733,0.0087,1,0.3333333333333333,11.507777777777777,19,0.0,0.0,0.0,0.0,-1,0,0.7655866,0.33944905,-0.12173528,0.30427915,1016,-1,0.004050824,0,Non-Buzzer
2041475693213893092,2026-04-07 11:51:57+00:00,3,"@ferrykoto platform yang mana, Steam? yang total penggunanya di Indonesia aja engga nyentuh 10 juta. Atau maksudnya itu Google Play, yang selama ini pakai rating IARC di Indonesia, yang mana IGRS itu sendiri adalah anggota IARC?? Menurut saya jgn lg bahas topik yang tak/baru anda mengerti.",2041484118710751694,,ferrykoto,in,,0,0,0,https://x.com/ferryandka/status/2041484118710751694,787243104197677056,ferryandka,47,id,keep_id_anchor,False,platform yang mana steam yang total penggunanya di indonesia aja engga nyentuh juta atau maksudnya itu google play yang selama ini pakai rating iarc di indonesia yang mana igrs itu sendiri adalah anggota iarc menurut saya jgn lg bahas topik yang tidak baru anda mengerti,[],0,1,270,45,0,3,0,0.277,0.0169,1,1.0,47.48027777777778,19,1.0,0.0,0.0,0.0,-1,0,0.7598648,0.3358977,-0.5257667,-0.008485535,1017,-1,0.003792295,0,Non-Buzzer
2041457466748375381,2026-04-07 11:50:37+00:00,0,"@onnowpurbo balik lagi ke orang tua, dulu sama sekarang beda, orang tua sekarang udah klo anaknya nangis minta game dikasih, orang tua dulu biarin aja pokoknya cm boleh main sabtu minggu,dan lebih ke tidak kompeten orang2 yg mengurus IGRS, krn mereka tidak tahu menahu tentang game",2041483782071660577,,onnowpurbo,in,,0,0,0,https://x.com/GhaneshRM/status/2041483782071660577,118511014,GhaneshRM,47,id,keep_id_anchor,False,balik lagi ke orang tua dulu sama sekarang beda orang tua sekarang sudah kalau anaknya nangis minta game dikasih orang tua dulu biarin aja pokoknya cm boleh main sabtu minggu dan lebih ke tidak kompeten orang yang mengurus igrs karena mereka tidak tahu menahu tentang game,[],0,1,272,46,0,0,1,0.6229,0.019,1,1.0,47.45805555555555,19,1.0,0.0,0.0,0.0,9,0,0.80943596,0.30826795,0.800972,-1.3506137,1018,-1,0.01365963,0,Non-Buzzer
2041483500780769338,2026-04-07 11:49:30+00:00,0,Marah-marah soal bobroknya IGRS dari Komdigi dongo edisi Reviewer Game https://t.co/0fThdsHALI,2041483500780769338,,,in,,0,0,0,https://x.com/RenoArifigar/status/2041483500780769338,998271641195986944,RenoArifigar,15,id,keep_id_anchor,False,marah marah soal bobroknya igrs dari komdigi dongo edisi reviewer game,[],0,0,70,11,0,0,1,0.7955,0.0084,1,1.0,47.43944444444445,19,0.0,0.0,0.0,0.0,-1,0,0.6419225,0.3237883,0.4270418,0.6355722,1019,-1,0.0012829523,0,Non-Buzzer
2041482849547858426,2026-04-07 11:46:54+00:00,0,"Indonesia keknya masih blom butuh sistem game rating semacam igrs deh, rawan korupsi soalnya. Mending urusin judol ato ga pemerataan internet ke pelosok",2041482849547858426,,,in,,0,0,0,https://x.com/phoquebylife/status/2041482849547858426,2037492280555384832,phoquebylife,23,id,keep_id_anchor,False,indonesia keknya masih blom butuh sistem game rating semacam igrs deh rawan korupsi soalnya mending urusin judol ato tidak pemerataan internet ke pelosok,[],0,0,153,23,0,0,1,0.3652,0.0249,1,1.0,47.39611111111111,19,0.0,0.0,0.0,0.0,-1,0,0.78022575,0.40622225,-0.18938127,-0.46525323,1020,-1,0.004133393,0,Non-Buzzer
2041064580450021638,2026-04-07 11:43:29+00:00,0,"@ferrykoto @rarafsanjani_ @aryankushh @aniesbaswedan Berceramah kasus IGRS yg lagi panas ini kan karena konteks platformnya yang ada di Steam abangqu... 

mau bilang ""saya kan ndak bilang Steam"" pun juga tidak relevan.. karena cuma dia platform PC yg naikin rating bikinan negara kita ini.
Epic Store aj ngga.",2041481989535170793,,ferrykoto,in,,0,0,0,https://x.com/The_Discomafia/status/2041481989535170793,57513726,The_Discomafia,47,id,keep_id_anchor,False,berceramah kasus igrs yang lagi panas ini kan karena konteks platformnya yang ada di steam abangqu mau bilang saya kan ndak bilang steam pun juga tidak relevan karena cuma dia platform pc yang naikin rating bikinan negara kita ini epic store aj tidak,[],0,1,250,43,0,0,1,0.2394,0.0178,1,0.5,11.233055555555556,19,2.0,0.0,0.0,0.0,-1,0,0.72630405,0.41321072,0.16125327,-0.4928695,1021,-1,0.02441427,0,Non-Buzzer
2041457466748375381,2026-04-07 11:40:37+00:00,348,"@onnowpurbo Pak,yang keberatan itu rakyat Indonesia, bukan platform Steamnya. 

Kalau Steam keberatan, dari awal kita ga bakalan sempat liat rating IGRS ini muncul di game2 yg dijual di platform mereka.

Sepertinya ada upaya manipulasi informasi dari Komdigi supaya bapak berkesimpulan salah. https://t.co/itkpwQ6Xun",2041481267779445174,https://pbs.twimg.com/media/HFTLkgBbwAAnKCu.jpg,onnowpurbo,in,,0,0,32,https://x.com/Indie_S_Orilly/status/2041481267779445174,157970644,Indie_S_Orilly,46,id,keep_id_anchor,False,pak yang keberatan itu rakyat indonesia bukan platform steamnya kalau steam keberatan dari awal kita tidak bakalan sempat liat rating igrs ini muncul di game yang dijual di platform mereka sepertinya ada upaya manipulasi informasi dari komdigi supaya bapak berkesimpulan salah,[],0,1,276,41,0,380,0,0.2772,0.0241,2,0.5,38.72,19,3.0,2.0,0.0,0.16666666666666666,-1,0,0.762656,0.454187,-0.1397667,-0.7308778,1022,-1,0.068842255,0,Non-Buzzer
2041457466748375381,2026-04-07 11:40:33+00:00,33,"@cebmerut Padahal kalau soal ngeblok game, Steam aja nurut sama Jerman. Bedanya di Jerman aturannya jelas, patokannya jelas. La yg di IGRS masih semrawut untuk bikin klasifikasi yg contohnya udah decades ada dan macam2. Memang skill issue.",2041481248712102129,,cebmerut,in,,0,0,3,https://x.com/KEMO_HUNZ/status/2041481248712102129,1042045727097143307,KEMO_HUNZ,37,id,keep_id_anchor,False,padahal kalau soal ngeblok game steam aja nurut sama jerman bedanya di jerman aturannya jelas patokannya jelas la yang di igrs masih semrawut untuk bikin klasifikasi yang contohnya sudah decades ada dan macam memang skill issue,[],0,1,227,36,0,36,0,0.2559,0.012,1,0.5,47.290277777777774,19,2.0,0.0,0.0,0.0,-1,0,0.7267145,0.40169194,-0.25692058,-0.76220447,1023,-1,0.015524884,0,Non-Buzzer
2041472634094018686,2026-04-07 11:34:10+00:00,37,"@mog_mediaa Bumer bumer kolot ini bener bener gatau akar permasalahan. Scope yg mereka kerjain aja masih ga paham. Intinya, selagi judol masih beredar bebas tanpa regulasi dan mudah diakses grassroots, IGRS gue anggap program gajelas dan non-prioritas.",2041479641521848530,,mog_mediaa,in,,0,1,5,https://x.com/Voxastros/status/2041479641521848530,1635024512,Voxastros,38,id,keep_id_anchor,False,bumer bumer kolot ini benar benar gatau akar permasalahan scope yang mereka kerjain aja masih tidak paham intinya selagi judol masih beredar bebas tanpa regulasi dan mudah diakses grassroots igrs saya anggap program gajelas dan non prioritas,[],0,1,241,37,0,43,0,0.238,0.018,1,1.0,47.18388888888889,19,1.0,0.0,0.0,0.0,-1,0,0.64483804,0.30313846,0.3776998,-0.65812933,1024,-1,0.0019774155,0,Non-Buzzer
2041479161697743122,2026-04-07 11:32:15+00:00,0,kasian orang tuanya. udah percaya igrs tapi ternyata https://t.co/zsPIFGFNWD,2041479161697743122,https://pbs.twimg.com/media/HFTKaS2bMAAP-5w.png,,in,,0,1,0,https://x.com/AnimindoNet/status/2041479161697743122,294417475,AnimindoNet,12,id,keep_id_anchor,False,kasian orang tuanya sudah percaya igrs tapi ternyata,[],0,0,52,8,0,1,1,0.4475,0.0084,1,0.5,2.455277777777778,19,0.0,0.0,0.0,0.0,-1,0,0.62324315,0.22983982,1.313014,-0.12941563,1025,-1,0.0023588468,0,Non-Buzzer
2041422999824507099,2026-04-07 11:31:08+00:00,0,"@ItsukaRedSama another thing is, Anies can yap all he wants about gamers, but never did actually decided to roll out shit crap like IGRS, he said that it was bad without control, and he meant that mostly for children.",2041478881618923769,,ItsukaRedSama,en,,0,0,0,https://x.com/purwarupa3/status/2041478881618923769,1407124353674711045,purwarupa3,39,en,keep_id_anchor,False,another thing is anies can yap all he wants about gamers but never did actually decided to roll out shit crap like igrs he said that it was bad without control and he meant that mostly for children,[],0,1,197,38,0,0,1,0.3052,0.0136,1,1.0,47.13333333333333,19,1.0,0.0,0.0,0.0,-1,0,0.7035251,0.2982439,0.11085853,-0.5528548,1026,-1,0.0013504268,0,Non-Buzzer
2041120779757400168,2026-04-07 11:29:28+00:00,0,"@Analyst_V2 Gw jujur senang sih ada IGRS di Steam... tapi penerapannya... yaaaa pasti sampah, classic Komdigi L.",2041478462159102110,,Analyst_V2,in,,0,0,0,https://x.com/its_me_zhafran/status/2041478462159102110,1431820932188803078,its_me_zhafran,17,id,keep_id_anchor,False,saya jujur senang sih ada igrs di steam tapi penerapannya yaaaa pasti sampah classic komdigi l,[],0,1,94,16,0,0,1,0.3634,0.0108,1,1.0,47.105555555555554,19,1.0,0.0,0.0,0.0,-1,0,0.79472756,0.37226856,0.81468385,0.10388606,1027,-1,0.001751446,0,Non-Buzzer
2041457466748375381,2026-04-07 11:23:53+00:00,0,"@onnowpurbo FYI yak, IGRS itu gak cuman di STEAM tapi mobile platform juga kayak play store",2041477055142150646,,onnowpurbo,in,,0,0,0,https://x.com/tahuangkasa/status/2041477055142150646,2478529855,tahuangkasa,16,id,keep_id_anchor,False,fyi yak igrs itu tidak cuman di steam tapi mobile platform juga seperti play store,[],0,1,82,15,0,0,1,0.4158,0.0125,1,1.0,47.0125,19,1.0,0.0,0.0,0.0,-1,0,0.73366857,0.2623759,0.13284738,-0.7263752,1028,-1,0.001977345,0,Non-Buzzer
2041457466748375381,2026-04-07 11:18:41+00:00,0,"@onnowpurbo Anak mana yang beli game Steam ratusan ribu tiap bulan? Yang 70 juta itu main ML/FF di HP, bukan Steam. Ini cuma alasan buat nutupin rating IGRS yang ngawur.",2041475748893258041,,onnowpurbo,in,,0,1,0,https://x.com/RaisaFAl1329/status/2041475748893258041,1731253676025761792,RaisaFAl1329,31,id,keep_id_anchor,False,anak mana yang beli game steam ratusan ribu tiap bulan yang juta itu main ml ff di hp bukan steam ini cuma alasan buat nutupin rating igrs yang ngawur,[],0,1,150,29,0,1,1,0.3031,0.0122,1,1.0,46.92583333333334,19,1.0,0.0,0.0,0.0,-1,0,0.74980605,0.4044326,-0.14075263,-0.95138454,1029,-1,0.004523503,0,Non-Buzzer
2041475690076446987,2026-04-07 11:18:27+00:00,0,"IGRS itu macam label halal kemenag, tujuan awalnya bagus tapi jadi belok perkara duit",2041475690076446987,,,in,,0,0,0,https://x.com/Yaitu12921776/status/2041475690076446987,1283015320618205184,Yaitu12921776,14,id,keep_id_anchor,False,igrs itu macam label halal kemenag tujuan awalnya bagus tapi jadi belok perkara duit,[],0,0,84,14,0,0,1,0.3704,0.0065,1,1.0,46.92194444444444,19,0.0,0.0,0.0,0.0,-1,0,0.75586176,0.22764316,0.22137757,0.075148255,1030,-1,0.0008353887,0,Non-Buzzer
2041118782664646973,2026-04-07 11:16:40+00:00,0,"@relltarded Sampai detik ini Valve tidak ada public announcement soal case IGRS kemarin, berarti ya mereka tidak salah. Jadi buat apa klarifikasi.",2041475239738220762,,relltarded,in,,0,0,0,https://x.com/ekawicaksana/status/2041475239738220762,195743412,ekawicaksana,22,id,keep_id_anchor,False,sampai detik ini valve tidak ada public announcement soal case igrs kemarin berarti ya mereka tidak salah jadi buat apa klarifikasi,[],0,1,131,21,0,0,1,0.4644,0.0206,1,0.3333333333333333,2.4116666666666666,19,1.0,8.0,0.0,0.0,-1,0,0.6061643,0.25492948,0.062374998,0.3882121,1031,-1,0.0059159263,0,Non-Buzzer
2041472928911667588,2026-04-07 11:07:29+00:00,1,"On my way playing Expedition 33 on my phone 😛

Bedain mobile sama pc ya bapakkkk, steam itu purely buat PC

Gausah pke igrs segala, bocil rata2 ga punya PC, dn duit buat beli PC dan game PC",2041472928911667588,,,in,,0,0,0,https://x.com/AsthiSagitta/status/2041472928911667588,1948253863158616064,AsthiSagitta,37,id,keep_id_anchor,False,on my way playing expedition on my phone bedain mobile sama pc ya bapakkkk steam itu purely buat pc gausah pke igrs segala bocil rata tidak punya pc dn duit buat beli pc dan game pc,[],0,0,181,36,0,1,1,0.4491,0.011,1,1.0,46.73916666666667,19,0.0,0.0,0.0,0.0,-1,0,0.8090288,0.2123721,0.4991088,-0.18743396,1032,-1,0.01853643,0,Non-Buzzer
2041460387502010543,2026-04-07 10:58:52+00:00,28,"@tilehopper Tanpa rating igrs pun, game"" steam udah terfilter dari 90% anak di bawah umur, game offline di steam itu mayoritas berbayar, belum lagi minimum requirementsnya, laptop 10jt aja belum tentu bisa jalananin game AAA tahun 2022, judol membahayakan semua kalangan umur masih dibiarin.",2041470761362510036,,tilehopper,in,,0,0,3,https://x.com/adnbwta/status/2041470761362510036,351529455,adnbwta,44,id,keep_id_anchor,False,tanpa rating igrs pun game steam sudah terfilter dari anak di bawah umur game offline di steam itu mayoritas berbayar belum lagi minimum requirementsnya laptop jt aja belum tentu bisa jalananin game aaa tahun judol membahayakan semua kalangan umur masih dibiarin,[],0,1,262,41,0,31,0,0.4619,0.0189,1,1.0,46.595555555555556,16,1.0,0.0,0.0,0.0,-1,0,0.770946,0.38129145,-0.70280695,-1.2538766,1033,-1,0.009125448,0,Non-Buzzer
2041064580450021638,2026-04-07 10:58:02+00:00,0,"@Bram_no3 @harist_ixcents @ferrykoto @aniesbaswedan Udah ada klarifikasinya dan intinya mereka malah nyalahin steam, dah itu aja. Btw, elu tahu gak ada game yg bakal dihilangkan dari steam setelah igrs muncul? Cari aja di twitter banyak noh yg bahas. Setelah viral baru igrsnya diturunin dan steam pakai sistem pegi",2041470548505731260,,Bram_no3,in,,0,0,0,https://x.com/fuckchmstry/status/2041470548505731260,1225775926497046530,fuckchmstry,48,id,keep_id_anchor,False,sudah ada klarifikasinya dan intinya mereka malah nyalahin steam dah itu aja btw elu tahu tidak ada game yang bakal dihilangkan dari steam setelah igrs muncul cari aja di twitter banyak noh yang bahas setelah viral baru igrsnya diturunin dan steam pakai sistem pegi,[],0,1,265,44,0,0,1,0.2885,0.0189,2,0.6666666666666666,35.83638888888889,16,1.0,0.0,0.0,0.0,-1,0,0.79123557,0.41821578,0.14646551,-0.4567463,1034,-1,0.003968572,0,Non-Buzzer
2041064580450021638,2026-04-07 10:54:33+00:00,0,"@Bram_no3 @harist_ixcents @ferrykoto @aniesbaswedan Yaelah gamehub mah walau bisa terhubung ke steam yah tetap bayar kocak buat gamenya, kecuali kalau pakai bajakan. Tapi itu tidak belum tentu bisa do hp. Lagian kenapa malah lari ke sana pembahasannya? Kan lagi bahas igrs alias rating game, gimana sih",2041469673510957409,,Bram_no3,in,,0,1,0,https://x.com/fuckchmstry/status/2041469673510957409,1225775926497046530,fuckchmstry,46,id,keep_id_anchor,False,yaelah gamehub mah walau bisa terhubung ke steam yah tetap bayar kocak buat gamenya kecuali kalau pakai bajakan tapi itu tidak belum tentu bisa do hp lagian mengapa malah lari ke sana pembahasannya kan lagi bahas igrs alias rating game bagaimana sih,[],0,1,249,42,0,1,1,0.3041,0.0176,2,0.6666666666666666,35.83638888888889,16,1.0,0.0,0.0,0.0,-1,0,0.7724822,0.44842023,-0.28254473,-0.41102934,1035,-1,0.023182936,0,Non-Buzzer
2041468776915587420,2026-04-07 10:50:59+00:00,4,"Ok teori gue gini:
•⁠  Pertanyaan pornografi di form IGRS Yes/No-nya kebalik/dibalik.
•⁠  ⁠Steam mungkin gak sadar, jadi yang harusnya No keisi Yes. Self-assess bulk.

Jadilah banyak games yang sexually explicit dapet 3+ dan yg biasa aja dapet RC. 

Plausible gak? Wkwkwk",2041468776915587420,,,in,,1,0,1,https://x.com/rayestu/status/2041468776915587420,76984137,rayestu,44,id,keep_id_anchor,False,ok teori saya gini pertanyaan pornografi di form igrs yes no nya kebalik dibalik steam mungkin tidak sadar jadi yang harusnya no keisi yes self assess bulk jadilah banyak games yang sexually explicit dapet dan yang biasa aja dapet rc plausible tidak wkwkwk,[],0,0,256,43,0,6,0,0.2657,0.0164,1,0.5,42.803333333333335,16,0.0,1.0,0.0,0.0,-1,0,0.6847298,0.328826,0.1794122,-0.7084964,1036,-1,0.005551104,0,Non-Buzzer
2041460387502010543,2026-04-07 10:50:20+00:00,42,"@ekawicaksana masalahnya mau bawa-bawa angka anak, lha anak mayoritas mobile dan Google Play dan Apple App Store juga udah IARC compliant. Mau pake alasan apa mereka kalau hasil self-assesment IARC questionare yang diisi developer ga sesuai? 

Masalah konversi ke IGRS dan verifikasi itu udah",2041468613773951331,,ekawicaksana,in,,0,1,2,https://x.com/tilehopper/status/2041468613773951331,1249662133916192768,tilehopper,46,id,keep_id_anchor,False,masalahnya mau bawa bawa angka anak lha anak mayoritas mobile dan google play dan apple app store juga sudah iarc compliant mau pake alasan apa mereka kalau hasil self assesment iarc questionare yang diisi developer tidak sesuai masalah konversi ke igrs dan verifikasi itu sudah,[],0,1,278,45,0,45,0,0.4105,0.0169,3,0.6,9.309166666666666,16,2.0,3.0,0.0,0.0,-1,0,0.64320374,0.260596,-0.2675722,-0.84159905,1037,-1,0.010241446,0,Non-Buzzer
2041467312939946355,2026-04-07 10:45:10+00:00,0,"Ohiya jadi ingat rating igrs terus ada nukitashi aku baru ingat belum kelarin itu anime, sudah saatnya kita nonton nukitashi 🙂‍↕️",2041467312939946355,,,in,,0,0,0,https://x.com/azmnesahi/status/2041467312939946355,1995127074995273728,azmnesahi,20,id,keep_id_anchor,False,ohiya jadi ingat rating igrs terus ada nukitashi aku baru ingat belum kelarin itu anime sudah saatnya kita nonton nukitashi,[],0,0,123,20,0,0,1,0.4881,0.0057,1,1.0,46.367222222222225,16,0.0,0.0,0.0,0.0,-1,0,0.65372455,0.38514644,-0.14991434,0.34513882,1038,-1,0.0025943592,0,Non-Buzzer
2041064580450021638,2026-04-07 10:42:24+00:00,0,"@ferrykoto @aniesbaswedan Gimana ya? Rating yang ngasih kan jelas jelas IGRS pak, terus gamau disalahin? Itu rating siapa yg bikin? Macam mana dah..
Apalagi mereka gamenya beli pake uang sendiri loh pak, dan kita bayar pajak juga untuk itu.
Game 4no 3+ tapi game balap kuda aja di rate18+ heran...",2041466616375120286,,ferrykoto,in,,0,0,0,https://x.com/zzz25k/status/2041466616375120286,1930318761632079872,zzz25k,50,id,keep_id_anchor,False,bagaimana ya rating yang ngasih kan jelas jelas igrs pak terus gamau disalahin itu rating siapa yang bikin macam mana dah apalagi mereka gamenya beli pake uang sendiri loh pak dan kita bayar pajak juga untuk itu game no tapi game balap kuda aja di rate heran,[],0,1,258,47,0,0,1,0.3221,0.0144,1,1.0,46.32111111111111,16,1.0,0.0,0.0,0.0,-1,0,0.7820811,0.40539077,-0.52980685,-0.9696159,1039,-1,0.0023428916,0,Non-Buzzer
2041465618193625353,2026-04-07 10:38:26+00:00,1,"Cherry picking sekaliii sengaja bgt yang dibahas cuma ngata2innya (padahal emg pantes dikatain. Ups)

Udah banyak loh yg speak up salahnya IGRS ini di mana. Justru kami ini ngasih tau ""ini loh game yg nggak aman kok ratingnya cuma 3+"". Emang anda yang ignorant. Hwak cuih",2041465618193625353,,,in,,0,0,1,https://x.com/unicornxback/status/2041465618193625353,1014759750607646720,unicornxback,46,id,keep_id_anchor,False,cherry picking sekaliii sengaja banget yang dibahas cuma ngata innya padahal emg pantes dikatain ups sudah banyak loh yang speak up salahnya igrs ini di mana justru kami ini ngasih tau ini loh game yang tidak aman kok ratingnya cuma emang anda yang ignorant hwak cuih,[],0,0,267,46,0,2,0,0.3881,0.0172,1,1.0,46.255,16,0.0,0.0,0.0,0.0,-1,0,0.7096914,0.38502154,0.48180398,-1.1797359,1040,-1,0.006654218,0,Non-Buzzer
2041460387502010543,2026-04-07 10:37:00+00:00,51,"Coba @onnowpurbo tanya ke teman2 KOMDIGI, kalau misalnya ini masalah revenue kenapa: 

1. Developer yang sudah isi/mengisi ulang IARC Questionare tidak bisa menambahkan rating IGRS apabila mereka mengajukan asesmen terpisah ke IGRS. Hanya mengikut hasil dari IARC Questionare yang",2041465256548110579,,tilehopper,in,,0,2,10,https://x.com/tilehopper/status/2041465256548110579,1249662133916192768,tilehopper,40,id,keep_id_anchor,False,coba tanya ke teman komdigi kalau misalnya ini masalah revenue mengapa developer yang sudah isi mengisi ulang iarc questionare tidak bisa menambahkan rating igrs apabila mereka mengajukan asesmen terpisah ke igrs hanya mengikut hasil dari iarc questionare yang,[],0,1,260,38,0,63,0,0.7025,0.0132,3,0.6,9.309166666666666,16,2.0,3.0,0.0,0.0,-1,0,0.6816437,0.30663365,-0.3843402,-0.44145754,1041,-1,0.008166725,0,Non-Buzzer
2041118782664646973,2026-04-07 10:34:11+00:00,1,"@ekawicaksana Padahal namanya aja IGRS, ""INDONESIA Game Rating System"", dikelola Komdigi loh, Steam cuma ""wadah"" game dan fitur IGRS-nya😹",2041464546410512457,,ekawicaksana,in,,0,2,0,https://x.com/Harurowrr/status/2041464546410512457,1839530055418204160,Harurowrr,20,id,keep_id_anchor,False,padahal namanya aja igrs indonesia game rating system dikelola komdigi loh steam cuma wadah game dan fitur igrs nya,[],0,1,115,19,0,3,0,0.4633,0.0165,1,1.0,46.18416666666667,16,1.0,0.0,0.0,0.0,1,0,0.84839606,0.41744286,-0.8683186,0.05665183,1042,-1,0.46517116,0,Non-Buzzer
2041463787770007871,2026-04-07 10:31:10+00:00,1,Dear Team- no one is listening in your sub divisional office. I have raised IGRS complaints also. Please resolve this incorrect billing issue. @UPPCLLKO @PuVVNLHQ,2041463787770007871,,,en,,0,2,0,https://x.com/pradeepk204/status/2041463787770007871,845657353240416256,pradeepk204,25,en,keep_id_anchor,False,dear team no one is listening in your sub divisional office i have raised igrs complaints also please resolve this incorrect billing issue,[],0,0,138,23,0,3,0,0.3209,0.0088,1,1.0,46.13388888888889,16,0.0,0.0,0.0,0.0,-1,0,0.50222313,0.14624855,-0.2846458,1.329186,1043,-1,0.00079793535,0,Non-Buzzer
2041463089795928374,2026-04-07 10:28:23+00:00,4,"･｡꙳✧: . Annoucement . :✧꙳ ｡

Kali ini kita ada gform review Game Favorit! Jangan lupa kalian isi dari sekarang sebelum Azael stroke lagi. Mumpung rating dari IGRS udah dicabut juga wkowkwoko

Gform ❖ 📅 》https://t.co/2CwMqCkL1M
Waiting Room ❖⭕️》https://t.co/lgVgAwh1hf https://t.co/bGJHeKJNCA",2041463089795928374,https://pbs.twimg.com/media/HFS728jbcAANLLf.png,,in,,0,0,0,https://x.com/AzaelKyoukoCh/status/2041463089795928374,1822131703198179328,AzaelKyoukoCh,42,id,keep_id_anchor,False,annoucement kali ini kita ada gform review game favorit jangan lupa kalian isi dari sekarang sebelum azael stroke lagi mumpung rating dari igrs sudah dicabut juga wkowkwoko gform waiting room,[],0,0,191,30,0,4,0,0.4447,0.0084,1,1.0,46.0875,16,0.0,0.0,0.0,0.0,-1,0,0.7501247,0.3899236,-0.5083546,0.38381478,1044,-1,0.004108829,0,Non-Buzzer
2041448529856704902,2026-04-07 10:28:22+00:00,0,"@zanatul_91 MBG jadi tai
Kopmer jadi gedung kosong
IGRS jadi bikin malu",2041463083978420440,,zanatul_91,in,,0,0,0,https://x.com/sutaduatiga/status/2041463083978420440,749476447803150336,sutaduatiga,12,id,keep_id_anchor,False,mbg jadi tai kopmer jadi gedung kosong igrs jadi bikin malu,[],0,1,59,11,0,0,1,0.4175,0.0088,1,0.5,0.5927777777777777,16,1.0,0.0,0.0,0.0,-1,0,0.5893816,0.2000559,1.4126827,-0.11548105,1045,-1,0.0016075631,0,Non-Buzzer
2041462563976966468,2026-04-07 10:26:18+00:00,2,"IGRS itu apa bang?

Jaman SMP udah ad STEAM account boss😂 https://t.co/XSLeV0N4RK",2041462563976966468,https://pbs.twimg.com/media/HFS7YUVa0AAXdS9.jpg,,in,,0,3,0,https://x.com/orpheuskaze/status/2041462563976966468,1915345296017727488,orpheuskaze,15,id,keep_id_anchor,False,igrs itu apa bang jaman smp sudah ad steam account boss,[],0,0,55,11,0,5,0,1.0,0.0061,1,1.0,46.05277777777778,16,0.0,0.0,0.0,0.0,-1,0,0.6957414,0.3509551,0.52233976,0.35348403,1046,-1,0.0019079153,0,Non-Buzzer
2040941129051611519,2026-04-07 10:25:31+00:00,0,"@kurawa Pak mohon pahami dahulu Rating dan review 2 hal yang berbeda
Rating di berikan oleh pihak terkait, seperti di negara lain menerapkan PEGI, dalam hal ini IGRS

dengankan yang bapak search melalui AI, itu review, dimana biasa yang memberikan review itu customer",2041462366207119532,,kurawa,in,,0,0,0,https://x.com/daejeong095/status/2041462366207119532,2915965698,daejeong095,43,id,keep_id_anchor,False,pak mohon pahami dahulu rating dan review hal yang berbeda rating di berikan oleh pihak terkait seperti di negara lain menerapkan pegi dalam hal ini igrs dengankan yang bapak search melalui ai itu review dimana biasa yang memberikan review itu customer,[],0,1,252,41,0,0,1,0.5225,0.0087,1,1.0,46.039722222222224,16,1.0,0.0,0.0,0.0,-1,0,0.7040423,0.250912,-0.6955699,-0.28970763,1047,-1,0.0012095529,0,Non-Buzzer
2041461460086424061,2026-04-07 10:21:55+00:00,1,"Yang nunjukkin ini karna kasus IGRS,
dulunya nontonin reza arab di warnet th 🥶
mesti apal sama intro 'hows goin itsss piewwwdipiieeeeee'

'mungkin' pikirannya tambah maju, tapi garis kepalanya aja yang mundur. https://t.co/7TTiZkgu4P",2041461460086424061,https://pbs.twimg.com/media/HFS5ZinaUAIWW1C.png,,in,,1,1,0,https://x.com/minazuki_ame/status/2041461460086424061,1682012329163227137,minazuki_ame,35,id,keep_id_anchor,False,yang nunjukkin ini karna kasus igrs dulunya nontonin reza arab di warnet th mesti apal sama intro hows goin itsss pie mungkin pikirannya tambah maju tapi garis kepalanya aja yang mundur,[],0,0,185,31,0,3,0,0.2231,0.0015,1,1.0,45.97972222222222,16,0.0,0.0,0.0,0.0,-1,0,0.63821137,0.30699885,1.0223823,0.76516694,1048,-1,0.0010196165,0,Non-Buzzer
2041460784992297085,2026-04-07 10:19:14+00:00,0,"Emang lagi sensitif lu bang ama topic ini wkwkwk
Everyone can express themselves in internet, mereka care sama masalah IGRS cuma ya kita ga bisa maksain orang untuk bener bener serius.
This is the internet, a place to escape reality kita bisa kok mengkritik dengan cara kita",2041460784992297085,,,in,,0,1,0,https://x.com/Sanskertar/status/2041460784992297085,1717526142381613056,Sanskertar,47,id,keep_id_anchor,False,emang lagi sensitif kamu bang sama topic ini wkwkwk everyone can express themselves in internet mereka care sama masalah igrs cuma ya kita tidak bisa maksain orang untuk benar benar serius this is the internet a place to escape reality kita bisa kok mengkritik dengan cara kita,[],0,0,277,47,0,1,1,0.281,0.0213,1,1.0,45.935,16,0.0,0.0,0.0,0.0,-1,0,0.6286179,0.32159105,0.34755966,-0.22202133,1049,-1,0.0019241065,0,Non-Buzzer
2041460387502010543,2026-04-07 10:17:39+00:00,852,"Play Store, App Store, Steam, dan Epic Game Store itu semua sudah mengikuti standarisasi IARC, dimana IGRS/Indonesia/KOMDIGI juga merupakan signatory. 

Kalau misalnya dalam formulir IARC sekarang ada yang tidak mengakomodir kebutuhan IGRS, Indonesia memiliki hak untuk meminta",2041460387502010543,,,in,,2,12,264,https://x.com/tilehopper/status/2041460387502010543,1249662133916192768,tilehopper,39,id,keep_id_anchor,False,play store app store steam dan epic game store itu semua sudah mengikuti standarisasi iarc dimana igrs indonesia komdigi juga merupakan signatory kalau misalnya dalam formulir iarc sekarang ada yang tidak mengakomodir kebutuhan igrs indonesia memiliki hak untuk meminta,[],0,0,269,39,0,1130,0,0.5562,0.0166,3,0.6,9.309166666666666,16,2.0,3.0,0.0,0.0,-1,0,0.72372854,0.3227786,-0.7355194,-0.05905154,1050,-1,0.030398576,0,Non-Buzzer
2041460370179756192,2026-04-07 10:17:35+00:00,0,"Mungkin tunggu mas @ismailfahmi analisa pake Drone Emprit kasus ini, nanti keliatan kok. Yg belain IGRS dari cluster mana.. 

Bagi saya pribadi, masih lebih respek sama mas @dwioktariyadi kalo cuitannya ada yg bela pemerintah, argumen &amp; datanya valid. 

Dibanding @ferrykoto",2041460370179756192,,,in,,0,1,0,https://x.com/gaptekbet/status/2041460370179756192,502429007,gaptekbet,40,id,keep_id_anchor,False,mungkin tunggu mas analisa pake drone emprit kasus ini nanti keliatan kok yang belain igrs dari cluster mana bagi saya pribadi masih lebih respek sama mas kalau cuitannya ada yang bela pemerintah argumen datanya valid dibanding,[],0,0,227,36,0,1,1,0.3877,0.0119,1,1.0,45.9075,16,0.0,0.0,0.0,0.0,-1,0,0.5657854,0.2537181,0.27783707,-0.6719313,1051,-1,0.0021395455,0,Non-Buzzer
2041064580450021638,2026-04-07 09:57:06+00:00,0,@Bram_no3 @harist_ixcents @ferrykoto @aniesbaswedan Lu nanya yg menurut gua kompeten buat jdi bagian dari IGRS?Banyak noh game developer indo sama gamers² indo yg lebih paham mengenai ini dibanding yg ada di IGRS skrg,2041455217330585762,,Bram_no3,in,,0,1,0,https://x.com/KumekaGenzo77/status/2041455217330585762,1525772499530657792,KumekaGenzo77,34,id,keep_id_anchor,False,kamu nanya yang menurut saya kompeten buat jdi bagian dari igrs banyak noh game developer indo sama gamers indo yang lebih paham mengenai ini dibanding yang ada di igrs sekarang,[],0,1,177,30,0,1,1,0.2867,0.009,9,1.0,45.17666666666667,17,1.0,0.0,0.0,0.0,-1,0,0.78704226,0.34376174,-0.08616345,-0.19325568,1052,-1,0.0018893039,0,Non-Buzzer
2040491792295186826,2026-04-07 09:56:13+00:00,1,@DimasRamdhan_ @badakmeledak_ Gue gak kebayang kalo rezim ini tumbang karena nyenggol gamers 😭 tapi ya good lah damage di awal aja udah segini berisiknya apa lagi kalo udah bener bener nerapin censorship yang menurut gue bukan ranahnya IGRS.,2041454994126467459,,DimasRamdhan_,in,,0,0,0,https://x.com/freshsqueezeorg/status/2041454994126467459,232746593,freshsqueezeorg,37,id,keep_id_anchor,False,saya tidak kebayang kalau rezim ini tumbang karena nyenggol gamers tapi ya good lah damage di awal aja sudah segini berisiknya apa lagi kalau sudah benar benar nerapin censorship yang menurut saya bukan ranahnya igrs,[],0,1,216,35,0,1,1,0.447,0.0138,1,0.3333333333333333,1.5730555555555557,17,2.0,0.0,0.0,0.0,8,1,0.8058128,0.36214668,0.1411174,-1.4534105,1053,-1,0.6848065,0,Non-Buzzer
2041064580450021638,2026-04-07 09:55:24+00:00,0,"@Bram_no3 @harist_ixcents @ferrykoto @aniesbaswedan Faktanya memang seperti itu kok,klo misalnya kompeten gk bakal seceroboh ini IGRS",2041454789721252243,,Bram_no3,in,,0,1,0,https://x.com/KumekaGenzo77/status/2041454789721252243,1525772499530657792,KumekaGenzo77,17,id,keep_id_anchor,False,faktanya memang seperti itu kok kalau misalnya kompeten gk bakal seceroboh ini igrs,[],0,1,83,13,0,1,1,0.3345,0.0032,9,1.0,45.17666666666667,17,1.0,0.0,0.0,0.0,-1,0,0.73114204,0.382424,0.902657,-0.4168456,1054,-1,0.0023245688,0,Non-Buzzer
2041064580450021638,2026-04-07 09:53:25+00:00,0,"@Bram_no3 @harist_ixcents @ferrykoto @aniesbaswedan Ya China mh isi orang²nya kompeten semua lah IGRS?lu tonton podcast The Lazy Monday bareng salah satu dari pihak IGRS,disitu keliatan yg diajak podcast gk ngerti game",2041454290586456539,,Bram_no3,in,,0,1,0,https://x.com/KumekaGenzo77/status/2041454290586456539,1525772499530657792,KumekaGenzo77,33,id,keep_id_anchor,False,ya china mh isi orang nya kompeten semua lah igrs kamu tonton podcast the lazy monday bareng salah satu dari pihak igrs disitu keliatan yang diajak podcast gk ngerti game,[],0,1,170,30,0,1,1,0.3259,0.0141,9,1.0,45.17666666666667,17,1.0,0.0,0.0,0.0,-1,0,0.55170226,0.23338678,1.0868938,-0.34533793,1055,-1,0.0033500653,0,Non-Buzzer
2041064580450021638,2026-04-07 09:52:21+00:00,0,"@Bram_no3 @harist_ixcents @ferrykoto @aniesbaswedan ya harusnya IGRS jga menyesuaikan dengan lembaga rating game yg udh ada di Steam,Steam aja udh ngasih kategori tertentu",2041454018615263500,,Bram_no3,in,,0,1,0,https://x.com/KumekaGenzo77/status/2041454018615263500,1525772499530657792,KumekaGenzo77,24,id,keep_id_anchor,False,ya harusnya igrs jga menyesuaikan dengan lembaga rating game yang sudah ada di steam steam aja sudah ngasih kategori tertentu,[],0,1,125,20,0,1,1,0.3823,0.0044,9,1.0,45.17666666666667,17,1.0,0.0,0.0,0.0,1,0,0.85538673,0.45635775,-0.8250832,-0.9966042,1056,-1,0.1801486,0,Non-Buzzer
2041064580450021638,2026-04-07 09:49:17+00:00,0,"@Bram_no3 @harist_ixcents @ferrykoto @aniesbaswedan ngapain bawa CAPDA,kita lagi bahas steam dgn IGRS",2041453249258274881,,Bram_no3,in,,0,2,0,https://x.com/KumekaGenzo77/status/2041453249258274881,1525772499530657792,KumekaGenzo77,13,id,keep_id_anchor,False,ngapain bawa capda kita lagi bahas steam dengan igrs,[],0,1,52,9,0,2,0,0.6653,0.0075,9,1.0,45.17666666666667,17,1.0,0.0,0.0,0.0,5,0,0.85864246,0.30843174,1.1064134,-0.2397291,1057,-1,0.082066454,0,Non-Buzzer
2041108670889574433,2026-04-07 09:48:32+00:00,0,@tempodotco game itu untuk dinikmati bukan di kasih IGRS,2041453058866233452,,tempodotco,in,,0,0,0,https://x.com/KasetMu25909/status/2041453058866233452,1801918549113683968,KasetMu25909,9,id,keep_id_anchor,False,game itu untuk dinikmati bukan di kasih igrs,[],0,1,44,8,0,0,1,0.7933,0.014,1,1.0,45.42333333333333,17,1.0,0.0,0.0,0.0,-1,0,0.63932335,0.26085588,0.7557271,-0.99583733,1058,-1,0.0062345047,0,Non-Buzzer
2041064580450021638,2026-04-07 09:48:08+00:00,0,@Bram_no3 @harist_ixcents @ferrykoto @aniesbaswedan Buktinya ada game developer yg bingung tiba² game dia ada rating 18+ dari IGRS pdahal game dia gk ada unsur dewasanya yg berarti apa? pihak developee gk tau soal ini dan membuktikan klo ini hanya dilakukan secara sepihak oleh IGRS,2041452957447946705,,Bram_no3,in,,0,1,0,https://x.com/KumekaGenzo77/status/2041452957447946705,1525772499530657792,KumekaGenzo77,44,id,keep_id_anchor,False,buktinya ada game developer yang bingung tiba game dia ada rating dari igrs pdahal game dia gk ada unsur dewasanya yang berarti apa pihak developee gk tau soal ini dan membuktikan kalau ini hanya dilakukan secara sepihak oleh igrs,[],0,1,230,39,0,1,1,0.4907,0.0094,9,1.0,45.17666666666667,17,1.0,0.0,0.0,0.0,-1,0,0.8094148,0.42805937,-0.9086974,-0.55379,1059,-1,0.04839825,0,Non-Buzzer
2041064580450021638,2026-04-07 09:45:27+00:00,0,"@Bram_no3 @harist_ixcents @ferrykoto @aniesbaswedan Bro Steam itu bkn platform jual game baru lahir,mereka udh paham gimana cara ngasih rating usia yg bener, ini mh keliatan yg masukin sistem cuma dari pihak IGRS doang sedangkan pihak Steamnya gk tau",2041452282580255180,,Bram_no3,in,,0,1,0,https://x.com/KumekaGenzo77/status/2041452282580255180,1525772499530657792,KumekaGenzo77,39,id,keep_id_anchor,False,bro steam itu bkn platform jual game baru lahir mereka sudah paham bagaimana cara ngasih rating usia yang benar ini mh keliatan yang masukin sistem cuma dari pihak igrs doang sedangkan pihak steamnya gk tau,[],0,1,206,35,0,1,1,0.3324,0.0152,9,1.0,45.17666666666667,17,1.0,0.0,0.0,0.0,1,0,0.8149087,0.42834473,-0.4004447,-0.95521003,1060,-1,0.1980022,0,Non-Buzzer
2040702078922928176,2026-04-07 09:42:12+00:00,0,@naeraeirene IGRS ( Indonesia Gooning Rating system ),2041451465559216232,,naeraeirene,en,,0,0,0,https://x.com/TirpitzRtx/status/2041451465559216232,1449198149621354500,TirpitzRtx,6,en,keep_id_anchor,False,igrs indonesia gooning rating system,[],0,1,36,5,0,0,1,1.0,0.0125,1,1.0,45.31777777777778,17,1.0,1.0,0.0,0.0,1,1,1.0,0.31197426,-2.0634542,1.2375627,1061,-1,0.028263167,0,Non-Buzzer
2041064580450021638,2026-04-07 09:37:15+00:00,0,@Bram_no3 @harist_ixcents @ferrykoto @aniesbaswedan Trs kenapa jga pihak komdigi malah nyalahin steam pdahal IGRS sendiri yg salah krn mereka asal terapin age rating ini,2041450218420592713,,Bram_no3,in,,0,1,0,https://x.com/KumekaGenzo77/status/2041450218420592713,1525772499530657792,KumekaGenzo77,24,id,keep_id_anchor,False,trs mengapa jga pihak komdigi malah nyalahin steam pdahal igrs sendiri yang salah karena mereka asal terapin age rating ini,[],0,1,123,20,0,1,1,0.3611,0.0145,9,1.0,45.17666666666667,17,1.0,0.0,0.0,0.0,-1,0,0.7273531,0.37385556,0.23667271,-0.22092259,1062,-1,0.004167976,0,Non-Buzzer
2041401112172061105,2026-04-07 09:37:01+00:00,0,"@Otaku_Anime_Ind Coba cek situs IGRS nya
Rating games nya normal2 aja",2041450163345186859,,Otaku_Anime_Ind,in,,0,0,0,https://x.com/KuroNoLace/status/2041450163345186859,1985579629458112512,KuroNoLace,11,id,keep_id_anchor,False,coba cek situs igrs nya rating games nya normal aja,[],0,1,51,10,0,0,1,0.3949,0.0059,1,1.0,45.23138888888889,17,1.0,0.0,0.0,0.0,-1,0,0.7971536,0.37227273,-0.81615216,-0.20770636,1063,-1,0.0011817862,0,Non-Buzzer
2041449342536716516,2026-04-07 09:33:46+00:00,0,"Komdogo: 🗣🗣🐒🐒🥴🥴🔊📣📣 IGRS this IGRS that, Blame Steam System

Pak Gaben: Delete IGRS from Steam😎",2041449342536716516,,,sl,,0,0,0,https://x.com/SageWoody46573/status/2041449342536716516,1739688593042608128,SageWoody46573,14,en,keep_id_anchor,False,komdogo igrs this igrs that blame steam system pak gaben delete igrs from steam,[],0,0,79,14,0,0,1,0.44,0.0097,1,1.0,45.17722222222222,17,0.0,0.0,0.0,0.0,-1,0,0.69806594,0.29118335,-0.55220413,1.0981177,1064,-1,0.001874503,0,Non-Buzzer
2041064580450021638,2026-04-07 09:33:44+00:00,1,"@Bram_no3 @harist_ixcents @ferrykoto @aniesbaswedan Dan faktanya IGRS memang ngaco kok dalam ngasih rating usia,mau ngomongin sinkronisasi?Ya harusnya pihak IGRS jgn langsung terapin rating itu ke steam klo mau ratingnya sesuai,ini mh keliatan bgt asal ngasih rating",2041449336463372326,,Bram_no3,in,,0,1,0,https://x.com/KumekaGenzo77/status/2041449336463372326,1525772499530657792,KumekaGenzo77,39,id,keep_id_anchor,False,dan faktanya igrs memang ngaco kok dalam ngasih rating usia mau ngomongin sinkronisasi ya harusnya pihak igrs jgn langsung terapin rating itu ke steam kalau mau ratingnya sesuai ini mh keliatan banget asal ngasih rating,[],0,1,219,35,0,2,0,0.3324,0.011,9,1.0,45.17666666666667,17,1.0,0.0,0.0,0.0,1,0,0.8350386,0.43219742,-0.6635224,-0.44156578,1065,-1,0.087203085,0,Non-Buzzer
2040757110951322044,2026-04-07 09:21:04+00:00,0,@kurawa Kalo bukan resmi dari Komdigi kenapa Steam pakein logo nya IGRS disitu? orang orang tau kalo Steam pake PEGI buat system review mereka. Steam mah cuma platform launcher gaada sangkut pautnya sama ngasih rating umur.,2041446148922306682,,kurawa,in,,0,0,0,https://x.com/Al_Khuarizmi/status/2041446148922306682,1008653461,Al_Khuarizmi,36,id,keep_id_anchor,False,kalau bukan resmi dari komdigi mengapa steam pakein logo nya igrs disitu orang orang tau kalau steam pake pegi buat system review mereka steam mah cuma platform launcher gaada sangkut pautnya sama ngasih rating umur,[],0,1,215,35,0,0,1,0.3792,0.0272,1,1.0,44.965555555555554,17,1.0,0.0,0.0,0.0,-1,0,0.76644695,0.33300206,-0.018418496,-0.38189134,1066,-1,0.0047695218,0,Non-Buzzer
2041445614043779100,2026-04-07 09:18:57+00:00,0,Malu ga tuh igrs di omongin orang luar,2041445614043779100,,,in,,0,0,0,https://x.com/RiRuPizza/status/2041445614043779100,1498369400256094208,RiRuPizza,8,id,keep_id_anchor,False,malu tidak itu igrs di omongin orang luar,[],0,0,41,8,0,0,1,0.5208,0.0255,1,1.0,44.930277777777775,17,0.0,0.0,0.0,0.0,0,0,0.82609373,0.25490433,1.7455857,-0.22639573,1067,-1,0.06789846,0,Non-Buzzer
2041445387396125062,2026-04-07 09:18:03+00:00,0,"soal rating game (rame ni jir kmrn) gw jauh lebih mempercayai steam atau badan rating luar kaya ESRB dan PEGI karena rating mereka masuk akal

lah IGRS? 
eksekusi mereka tanggal 5 april kemaren jelek bgt, so bad even steam langsung balikin lagi dari IGRS ke PEGI besok paginya",2041445389786825030,,adrianchakab13,in,,0,1,0,https://x.com/adrianchakab13/status/2041445389786825030,1666845138273058817,adrianchakab13,48,id,keep_id_anchor,False,soal rating game rame ini jir kemarin saya jauh lebih mempercayai steam atau badan rating luar seperti esrb dan pegi karena rating mereka masuk akal lah igrs eksekusi mereka tanggal april kemaren jelek banget so bad even steam langsung balikin lagi dari igrs ke pegi besok paginya,[],0,1,280,47,0,1,1,0.2616,0.0114,1,1.0,44.915277777777774,17,0.0,0.0,0.0,0.0,-1,0,0.78818154,0.42086238,0.045226015,-0.5423632,1068,-1,0.0039902935,0,Non-Buzzer
2041445005055951264,2026-04-07 09:16:32+00:00,1,"Per hari ini, IGRS akhirnya telah menghilangkan semua kesalahan rating game-nya sendiri, termasuk Undertale dan Deltarune yang malah mendapat rating 18+
#igrs #deltarune #undertale https://t.co/7aRtSGSoRV",2041445005055951264,https://pbs.twimg.com/media/HFSrTribMAA3Afs.png,,in,,0,0,0,https://x.com/sinyalkartuntv/status/2041445005055951264,1222361040630845440,sinyalkartuntv,29,id,keep_id_anchor,False,per hari ini igrs akhirnya telah menghilangkan semua kesalahan rating game nya sendiri termasuk undertale dan deltarune yang malah mendapat rating igrs deltarune undertale,[],0,0,171,24,0,1,1,0.6958,0.0029,1,1.0,44.89,17,0.0,0.0,0.0,0.0,-1,0,0.7876804,0.36727658,-1.0493156,0.42376915,1069,-1,0.002569335,0,Non-Buzzer
2040864203540463815,2026-04-07 09:14:55+00:00,0,"@animetrends Here's the comparison: Plants vs Zombies, a game which is relatively harmless, is 18+ according to IGRS

Quite a shamble considering this game rate is E10+ (Everyone 10+) or PEGI 7/12. https://t.co/J2Zryxi8WJ",2041444598296555781,https://pbs.twimg.com/media/HFSrCe6bAAADAw7.jpg,animetrends,en,,0,0,0,https://x.com/Thegood_fa/status/2041444598296555781,1355754835992326146,Thegood_fa,38,en,keep_id_anchor,False,here s the comparison plants vs zombies a game which is relatively harmless is according to igrs quite a shamble considering this game rate is e everyone or pegi,[],0,1,161,29,0,0,1,0.6372,0.0164,1,1.0,44.863055555555555,17,1.0,0.0,0.0,0.0,-1,0,0.6159338,0.3188105,-0.067837216,-0.7112489,1070,-1,0.015498975,0,Non-Buzzer
2041353677496254495,2026-04-07 09:14:33+00:00,0,"@ferrykoto @aniesbaswedan Setuju sih, pemerintah harus tegas menerapkan IGRS. Karena game bokep aja di rating 3+ sama IGRS. Pemerintah ini sangat melindungi anak-anak 🥰 https://t.co/rhF9ghuG6B",2041444509175996650,https://pbs.twimg.com/media/HFSq9ngakAAu8At.jpg,ferrykoto,in,,0,0,0,https://x.com/noone_n_nobody_/status/2041444509175996650,891253466961633280,noone_n_nobody_,28,id,keep_id_anchor,False,setuju sih pemerintah harus tegas menerapkan igrs karena game bokep aja di rating sama igrs pemerintah ini sangat melindungi anak anak,[],0,1,134,21,0,0,1,0.6978,0.0153,1,0.5,0.8375,17,2.0,0.0,0.0,0.0,-1,0,0.702013,0.34679028,-0.120991975,-0.31977502,1071,-1,0.02054855,0,Non-Buzzer
2041443906492243971,2026-04-07 09:13:01+00:00,0,"jadi ya gaperlu direcokin sama IGRS gajelas babi ini, kalo mau keliatan kerja judol aja babi kau komdigi",2041444121613926594,,mencaridaratan,in,,0,1,0,https://x.com/mencaridaratan/status/2041444121613926594,1160494266071732224,mencaridaratan,18,id,keep_id_anchor,False,jadi ya gaperlu direcokin sama igrs gajelas babi ini kalau mau keliatan kerja judol aja babi kau komdigi,[],0,1,104,18,0,1,1,0.6022,0.0097,2,1.0,44.81722222222222,17,0.0,0.0,0.0,0.0,7,0,0.89829576,0.21531874,2.0732539,0.08766887,1072,-1,0.028448189,0,Non-Buzzer
2041443906492243971,2026-04-07 09:12:10+00:00,0,"imo yaa tentang IGRS, platform steam ini semua game yang diributin itu rata-rata berbayar dan gak “murah”. buat akses gamenya juga harus pake pc atau laptop yang pastinya ga semurah dan semudah top up diamond. syarat tersebut sebenernya uda bisa jadi “filter”.",2041443906492243971,,,in,,0,1,0,https://x.com/mencaridaratan/status/2041443906492243971,1160494266071732224,mencaridaratan,43,id,keep_id_anchor,False,imo yaa tentang igrs platform steam ini semua game yang diributin itu rata rata berbayar dan tidak murah buat akses gamenya juga harus pake pc atau laptop yang pastinya tidak semurah dan semudah top up diamond syarat tersebut sebenernya uda bisa jadi filter,[],0,0,257,43,0,1,1,0.3495,0.0176,2,1.0,44.81722222222222,17,0.0,0.0,0.0,0.0,-1,0,0.7380425,0.33785877,-0.5919603,-0.63330114,1073,-1,0.0039955084,0,Non-Buzzer
2041443426772893787,2026-04-07 09:10:15+00:00,0,"IGRS di Steam Tuai Protes, Komdigi: Bukan Rating Resmi https://t.co/MsUk64gXzY",2041443426772893787,,,in,,0,0,0,https://x.com/DokoMadeMo/status/2041443426772893787,30961653,DokoMadeMo,13,id,keep_id_anchor,False,igrs di steam tuai protes komdigi bukan rating resmi,[],0,0,52,9,0,0,1,1.0,0.0173,1,1.0,44.78527777777778,17,0.0,0.0,0.0,0.0,-1,0,1.0000004,0.36745396,-0.12649019,0.39948604,1074,-1,0.9307682,1,Buzzer
2041442666202927344,2026-04-07 09:07:16+00:00,0,"PG R E dll adalah aturan yang di terbitkan oleh FBI &amp; interpol dan sudah di dalam lulus ranting, sedangkan IGRS khusus Lock Regional Indonesia yang di terbitkan oleh @kemkomdigi, semua game game 18+ di bawah pengawasan FBI dan interpol..",2041442673182298193,,clawhs02,in,,0,2,0,https://x.com/clawhs02/status/2041442673182298193,1509984794968731648,clawhs02,40,id,keep_id_anchor,False,pg r e dll adalah aturan yang di terbitkan oleh fbi interpol dan sudah di dalam lulus ranting sedangkan igrs khusus lock regional indonesia yang di terbitkan oleh semua game game di bawah pengawasan fbi dan interpol,[],0,1,215,37,0,2,0,0.3362,0.0084,3,1.0,44.735,17,0.0,0.0,0.0,0.0,-1,0,0.5238844,0.23432568,-0.40895656,0.43022606,1075,-1,0.0013591135,0,Non-Buzzer
2041442666202927344,2026-04-07 09:07:15+00:00,0,"Sedangkan Server SG tidak menggunakan IGRS karenakan sudah ada dalam Name tag setiap Publisher game dan jika Miss age tag setiap Regional maka yang di usut bukan operator tapi publisher..
----
IGRS tidak untuk Regional SG
IGRS hanya IP Indonesia",2041442669046669541,,clawhs02,in,,0,2,0,https://x.com/clawhs02/status/2041442669046669541,1509984794968731648,clawhs02,39,id,keep_id_anchor,False,sedangkan server sg tidak menggunakan igrs karenakan sudah ada dalam name tag setiap publisher game dan jika miss age tag setiap regional maka yang di usut bukan operator tapi publisher igrs tidak untuk regional sg igrs hanya ip indonesia,[],0,1,238,39,0,2,0,0.3369,0.0176,3,1.0,44.735,17,0.0,0.0,0.0,0.0,-1,0,0.6261,0.27211466,-1.0261221,0.67303854,1076,-1,0.007427747,0,Non-Buzzer
2041442666202927344,2026-04-07 09:07:14+00:00,0,"Kata temen gw : @kemkomdigi berbohong, yang salah adalah orang-orang Indonesia masukkan data List Game, di steam ada namanya shorts paths game yang di tag jadi mustahil salah input karena terhubung semua Server dunia.. Sedangkan IGRS Lock Regional server ID..",2041442666202927344,,,in,,0,2,0,https://x.com/clawhs02/status/2041442666202927344,1509984794968731648,clawhs02,40,id,keep_id_anchor,False,kata temen saya berbohong yang salah adalah orang orang indonesia masukkan data list game di steam ada namanya shorts paths game yang di tag jadi mustahil salah input karena terhubung semua server dunia sedangkan igrs lock regional server id,[],0,0,241,39,0,2,0,0.3656,0.0171,3,1.0,44.735,17,0.0,0.0,0.0,0.0,-1,0,0.656757,0.31884068,-0.09125942,-0.23903786,1077,-1,0.009761104,0,Non-Buzzer
2041441001089413498,2026-04-07 09:00:40+00:00,0,"Pemerintah akan meminta klarifikasi ke Steam, sementara masyarakat diimbau untuk tetap mengacu pada sumber resmi #IGRS dan lebih bijak dalam memilih gim.

#InfoPublik #PPTunas #Anak #Game #RatingGame https://t.co/EfWhRDmKwU",2041441013684936786,https://pbs.twimg.com/media/HFSnxykbYAAEJrW.jpg,InfoPublikIP,in,,0,0,0,https://x.com/InfoPublikIP/status/2041441013684936786,275580050,InfoPublikIP,31,id,keep_id_anchor,False,pemerintah akan meminta klarifikasi ke steam sementara masyarakat diimbau untuk tetap mengacu pada sumber resmi igrs dan lebih bijak dalam memilih game infopublik pptunas anak game ratinggame,[],0,1,191,27,0,0,1,0.3081,0.012,2,1.0,44.624722222222225,17,0.0,0.0,0.0,0.0,-1,0,0.7422968,0.34702808,-0.72946763,-0.52766794,1078,-1,0.0025906628,0,Non-Buzzer
2041441001089413498,2026-04-07 09:00:37+00:00,0,"Halo, KawanPublik!

Kemkomdigi menegaskan rating IGRS yang muncul di Steam bukan klasifikasi resmi pemerintah.

Artinya, informasi tersebut belum tentu sesuai dengan standar yang berlaku di Indonesia.

#InfoPublik #PPTunas #Anak #Game #RatingGame https://t.co/7SdZhiWS4l",2041441001089413498,https://pbs.twimg.com/media/HFSnxNBbIAAhuZJ.jpg,,in,,0,2,0,https://x.com/InfoPublikIP/status/2041441001089413498,275580050,InfoPublikIP,35,id,keep_id_anchor,False,halo kawanpublik kemkomdigi menegaskan rating igrs yang muncul di steam bukan klasifikasi resmi pemerintah artinya informasi tersebut belum tentu sesuai dengan standar yang berlaku di indonesia infopublik pptunas anak game ratinggame,[],0,0,233,31,0,2,0,0.5549,0.0241,2,1.0,44.624722222222225,17,0.0,0.0,0.0,0.0,1,0,0.9243113,0.43509227,-1.1659038,0.048299037,1079,-1,0.98235035,1,Buzzer
2040702078922928176,2026-04-07 09:00:02+00:00,0,@TirpitzRtx Itu IGRS IGRS juga seperti tai untung kelar😭,2041440855790379359,,TirpitzRtx,in,,0,1,0,https://x.com/naeraeirene/status/2041440855790379359,1676869614670872576,naeraeirene,9,id,keep_id_anchor,False,itu igrs igrs juga seperti tai untung kelar,[],0,1,43,8,0,1,1,0.3295,0.0023,1,1.0,44.615,17,1.0,1.0,0.0,0.0,-1,0,0.70719635,0.20438968,1.6302606,0.45459503,1080,-1,0.00080519,0,Non-Buzzer
2041143705277775998,2026-04-07 08:50:06+00:00,1,@kyohamaru Pemerintah melakukan damage control kalo udah begini harus tetep dijaga tekanannya dengan harapan IGRS bener-bener dicabut atau dirombak secara masif.,2041438356752752693,,kyohamaru,in,,0,0,0,https://x.com/EmpireTimu23003/status/2041438356752752693,1952724876349091840,EmpireTimu23003,22,id,keep_id_anchor,False,pemerintah melakukan damage control kalau sudah begini harus tetep dijaga tekanannya dengan harapan igrs benar benar dicabut atau dirombak secara masif,[],0,1,151,21,0,1,1,0.2462,0.0044,1,1.0,44.449444444444445,11,1.0,0.0,0.0,0.0,-1,0,0.6404941,0.25696382,0.6106697,-0.16331106,1081,-1,0.00086747453,0,Non-Buzzer
2041437546635554900,2026-04-07 08:46:56+00:00,0,"lantas kenapa disini @kemkomdigi malah menyalahkan steam, bukannya komdigi yang harusnya memberi penilaian rating setiap game tersebut?
karena yang ngebuat IGRS itu komdigi kan?

dan @Steam bukannya hanya bertugas untuk menampilkan rating umur saja dan tidak dapat beri penilaian? https://t.co/SHLxtRIs3M",2041437557901467823,https://pbs.twimg.com/media/HFSko-OaYAAIEXl.jpg,gunnersbald,in,,0,0,0,https://x.com/gunnersbald/status/2041437557901467823,823416786,gunnersbald,43,id,keep_id_anchor,False,lantas mengapa disini malah menyalahkan steam bukannya komdigi yang harusnya memberi penilaian rating setiap game tersebut karena yang ngebuat igrs itu komdigi kan dan bukannya hanya bertugas untuk menampilkan rating umur saja dan tidak dapat beri penilaian,[],0,1,257,37,0,0,1,0.5431,0.0177,2,1.0,43.62416666666667,11,0.0,0.0,0.0,0.0,-1,0,0.79350173,0.4327525,-0.30928585,-0.8287508,1082,-1,0.022380367,0,Non-Buzzer
2040977501959369047,2026-04-07 08:42:29+00:00,0,"@akudansibd93535 @MuhadklyAcho Lah emangnya abahmu menang gak ada IGRS ?
IGRS udh ada sebelum pemilu atau 2019 kocak XD",2041436437749608929,,akudansibd93535,in,,0,0,0,https://x.com/Turu748392/status/2041436437749608929,1827010031860244480,Turu748392,18,id,keep_id_anchor,False,lah emangnya abahmu menang tidak ada igrs igrs sudah ada sebelum pemilu atau kocak xd,[],0,1,85,15,0,0,1,0.3814,0.0121,1,1.0,44.3225,11,1.0,0.0,0.0,0.0,-1,0,0.55753285,0.26829663,0.8491513,-0.35293764,1083,-1,0.0021425814,0,Non-Buzzer
2041353677496254495,2026-04-07 08:39:03+00:00,0,"@ferrykoto Tulisannya sama sekali ga nyentuh esensi masalah soal IGRS, cuma mau gebukin orang nganggur doang. Hari gini nyari makan dari gebukin orang nganggur ga bisa emangnya ya wkwkwk",2041435575799169446,,ferrykoto,in,,0,0,0,https://x.com/Pito35386217/status/2041435575799169446,1270384995299975168,Pito35386217,29,id,keep_id_anchor,False,tulisannya sama sekali tidak nyentuh esensi masalah soal igrs cuma mau gebukin orang nganggur doang hari gini nyari makan dari gebukin orang nganggur tidak bisa emangnya ya wkwkwk,[],0,1,179,28,0,0,1,0.3433,0.0249,1,1.0,44.265277777777776,11,1.0,0.0,0.0,0.0,-1,0,0.6011404,0.24345668,1.2180945,-0.05922928,1084,-1,0.0022737181,0,Non-Buzzer
2041435404172435732,2026-04-07 08:38:23+00:00,1,"It will be funny if Gaben decided to say 'fuck it we ball' and released a document from IGRS that contains Nukitashi 3+ rating

With that in mind, guilty until proven otherwise karena data di website bisa dimanipulasi kapan saja. Website universitas saja SEO-nya jadi judol :)",2041435404172435732,,,en,,0,1,1,https://x.com/arcticmonsieur/status/2041435404172435732,2930330956,arcticmonsieur,47,en,keep_id_anchor,False,it will be funny if gaben decided to say fuck it we ball and released a document from igrs that contains nukitashi rating with that in mind guilty until proven otherwise karena data di website bisa dimanipulasi kapan saja website universitas saja seo nya jadi judol,[],0,0,265,46,0,3,0,0.4091,0.0159,1,1.0,44.25416666666667,11,0.0,0.0,0.0,0.0,-1,0,0.62275994,0.3645693,0.16256645,0.35205838,1085,-1,0.0042049964,0,Non-Buzzer
2041422999824507099,2026-04-07 08:30:18+00:00,0,@ItsukaRedSama si @madeltangapung ini apa tau apa itu IGRS vs ESRB vs PEGI sok macam anies baswedan sok tau😀 IGRS mengikuti sertakan gaming development mengenai design untuk usia batasan kok😀😀😀😀si anies baswedan ESRB di USA malah pemerintah 100%😀😀😀😀😀TOLOL,2041433373147791676,,ItsukaRedSama,in,,0,0,0,https://x.com/KenapeAje/status/2041433373147791676,1709817113786146816,KenapeAje,40,id,keep_id_anchor,False,si ini apa tau apa itu igrs vs esrb vs pegi sok macam anies baswedan sok tau igrs mengikuti sertakan gaming development mengenai design untuk usia batasan kok si anies baswedan esrb di usa malah pemerintah tolol,[],0,1,211,37,0,0,1,0.3759,0.0166,1,1.0,44.11944444444445,11,1.0,0.0,0.0,0.0,-1,0,0.7098528,0.39727035,0.22095636,-0.42866686,1086,-1,0.006816216,0,Non-Buzzer
2041432684493516922,2026-04-07 08:28:52+00:00,1,"padahal ini poin terbesarnya eksekusi programnya yang bikin game anak2 jadinya 18+ sedangkan game menjurus dewasa malah 3+

bukan kenapa program ini dibuat tapi eksekusi programnya

di sinilah kekurangan pembela IGRS, gak nangkap poin masalahnya",2041433010579574794,,nanovond,in,,0,0,0,https://x.com/nanovond/status/2041433010579574794,59799195,nanovond,35,id,keep_id_anchor,False,padahal ini poin terbesarnya eksekusi programnya yang bikin game anak jadinya sedangkan game menjurus dewasa malah bukan mengapa program ini dibuat tapi eksekusi programnya di sinilah kekurangan pembela igrs tidak nangkap poin masalahnya,[],0,1,237,33,0,1,1,0.328,0.0167,1,0.5,42.95305555555556,11,0.0,0.0,0.0,0.0,-1,0,0.787887,0.40224203,-0.117877625,-0.9946613,1087,-1,0.009052967,0,Non-Buzzer
2041432965763514681,2026-04-07 08:28:41+00:00,1,Sepertinya sudah waktunya gua stop RT dll soal IGRS karna tweet buzzer kek rudi dan feri dah sering lewat di TL dan makin emosi sendiri liat ketololannya wkwk,2041432965763514681,,,in,,0,1,0,https://x.com/kaikurogane25/status/2041432965763514681,1650956765444583425,kaikurogane25,28,id,keep_id_anchor,False,sepertinya sudah waktunya saya stop rt dll soal igrs karna tweet buzzer kek rudi dan feri dah sering lewat di tl dan makin emosi sendiri liat ketololannya wkwk,[],0,0,159,28,0,2,0,0.3556,0.0112,2,0.6666666666666666,4.391666666666667,11,0.0,0.0,0.0,0.0,-1,0,0.70539004,0.30728564,0.8648673,0.18292592,1088,-1,0.002149618,0,Non-Buzzer
2040993785589768467,2026-04-07 08:24:18+00:00,0,"@SEAGamethetic @Steam @valvesoftware dude komdigi is one of idiotic ministry in indonesia, they wanna blame steam for IGRS rating that make indonesian gamers got rage. it's not steam fault, we all know that, it's komdigi fault for the stupidness they have, when IGRS is used",2041431862292390068,,SEAGamethetic,en,,0,0,0,https://x.com/reprimantum/status/2041431862292390068,940002452820041729,reprimantum,47,en,keep_id_anchor,False,dude komdigi is one of idiotic ministry in indonesia they wanna blame steam for igrs rating that make indonesian gamers got rage it s not steam fault we all know that it s komdigi fault for the stupidness they have when igrs is used,[],0,1,232,44,0,0,1,0.3423,0.024,1,1.0,44.019444444444446,11,1.0,0.0,0.0,0.0,-1,0,0.70881784,0.3541778,-0.07964571,0.62177694,1089,-1,0.002185778,0,Non-Buzzer
2040685239228653915,2026-04-07 08:05:52+00:00,0,@iPoopBased Kok banyak binatang buzzer igrs wkwkw,2041427222867988726,,iPoopBased,in,,0,0,0,https://x.com/fadhilnhaa/status/2041427222867988726,1543738725909557248,fadhilnhaa,7,id,keep_id_anchor,False,kok banyak binatang buzzer igrs wkwkw,[],0,1,37,6,0,0,1,0.6668,0.0101,1,1.0,43.71222222222222,11,1.0,0.0,0.0,0.0,0,0,0.8135321,0.28295106,1.5259622,0.37559906,1090,-1,0.00903524,0,Non-Buzzer
2041108670889574433,2026-04-07 08:02:02+00:00,0,"@moulanapanji @tempodotco @aniesbaswedan orang tua mana yang tau steam? anak mereka main game hp bahkan sosmed. Orang tua genz/milenial mungkin tau, tapi anak mereka masih stuck di cocomelon. Kalo IGRS terapin rating di game HP baru banyak orang tua yang setuju.",2041426259717349568,,moulanapanji,in,,0,1,0,https://x.com/Jiraz13/status/2041426259717349568,1395701813244940288,Jiraz13,42,id,keep_id_anchor,False,orang tua mana yang tau steam anak mereka main game hp bahkan sosmed orang tua genz milenial mungkin tau tapi anak mereka masih stuck di cocomelon kalau igrs terapin rating di game hp baru banyak orang tua yang setuju,[],0,1,217,39,0,1,1,0.6229,0.0185,1,1.0,43.64833333333333,11,1.0,0.0,0.0,0.0,-1,0,0.6997467,0.33238935,0.060610346,-1.0440427,1091,-1,0.004176211,0,Non-Buzzer
2041425891407045090,2026-04-07 08:00:35+00:00,0,"udah dikasih jadi stafsus pun masih aja, naikin lah kualitas otak lo. dah salah, gak mau ngaku salah juga lagi, trus sok iye. MIKIR LAH!!

bedain yang namanya ""rating umur"" dengan ""rating user review"" aja gak bisa 🤡

IGRS itu masalahnya di rating umur, bukan di review game nya",2041425891407045090,,,in,,0,1,0,https://x.com/gunnersbald/status/2041425891407045090,823416786,gunnersbald,48,id,keep_id_anchor,False,sudah dikasih jadi stafsus pun masih aja naikin lah kualitas otak kamu dah salah tidak mau ngaku salah juga lagi trus sok iye mikir lah bedain yang namanya rating umur dengan rating user review aja tidak bisa igrs itu masalahnya di rating umur bukan di review game nya,[],0,0,268,48,0,1,1,0.4627,0.0253,2,1.0,43.62416666666667,11,0.0,0.0,0.0,0.0,-1,0,0.7995211,0.3928917,-0.048449848,-0.59491557,1092,-1,0.015550311,0,Non-Buzzer
2041277613050638846,2026-04-07 07:57:16+00:00,3,@TheMechaXDude No wonder IGRS labeled this game as 18+,2041425056677675386,,TheMechaXDude,en,,0,1,0,https://x.com/Nidech_E30/status/2041425056677675386,1113563605805322240,Nidech_E30,9,en,keep_id_anchor,False,no wonder igrs labeled this game as,[],0,1,35,7,0,4,0,0.4506,0.0056,1,1.0,43.568888888888885,18,1.0,0.0,0.0,0.0,-1,0,0.7938155,0.41834328,-0.952078,0.1332961,1093,-1,0.0040456,0,Non-Buzzer
2041423579196309888,2026-04-07 07:51:23+00:00,0,Kekuatan politik mana yang bisa mengonsolidasikan gamers selepas ribut-ribut IGRS. Atau malah sepakat dibiarkan hangus terbakar karena tidak ada yang bisa memegangnya.,2041423579196309888,,,in,,0,0,0,https://x.com/eldidito/status/2041423579196309888,38590241,eldidito,23,id,keep_id_anchor,False,kekuatan politik mana yang bisa mengonsolidasikan gamers selepas ribut ribut igrs atau malah sepakat dibiarkan hangus terbakar karena tidak ada yang bisa memegangnya,[],0,0,165,23,0,0,1,0.359,0.0106,1,1.0,43.47083333333333,18,0.0,0.0,0.0,0.0,-1,0,0.7004229,0.31549895,0.46502024,-1.1903565,1094,-1,0.0009973367,0,Non-Buzzer
2041324725537054735,2026-04-07 07:43:01+00:00,0,"@Arii765 @ZakyFachru Buru buru atau enggak kalo emang ga kompetensinya, ga mau belajar sama apa yang dikerjakan ya sama aja
Kalo alasan buru-buru bisa kok gandeng media game sambil ditata juga kebijakannya
Dari awal mau mengimplementasikan IGRS udah kayak Coretax dan tebakan gue bener",2041421471764165065,,Arii765,in,,0,1,0,https://x.com/karz_sept/status/2041421471764165065,292164799,karz_sept,45,id,keep_id_anchor,False,buru buru atau enggak kalau emang tidak kompetensinya tidak mau belajar sama apa yang dikerjakan ya sama aja kalau alasan buru buru bisa kok gandeng media game sambil ditata juga kebijakannya dari awal mau mengimplementasikan igrs sudah seperti coretax dan tebakan saya benar,[],0,1,275,43,0,1,1,0.3696,0.017,2,1.0,43.181111111111115,18,2.0,0.0,0.0,0.0,-1,0,0.70350444,0.39873534,0.13062163,-0.48688513,1095,-1,0.020981047,0,Non-Buzzer
2040704635128943030,2026-04-07 07:41:51+00:00,0,"@subtly8263 @Alf90596480 @mhuseinali Kan yg salah Steam dlm hal tsb... Klo mau protes ke IGRS soal syarat rating umur sama blokir game berklasifikasi RC jg boleh kok

Coba liat seisi akunku, mana ada buzzer isi tweetnya kyk punyaku😅 Ketikanmu malah yg kyk buzzer. Spam capslock, spam kata kasar, nama akun gk jelas..",2041421180410958299,,subtly8263,in,,0,1,0,https://x.com/fareasy96/status/2041421180410958299,1236129966611263488,fareasy96,52,id,keep_id_anchor,False,kan yang salah steam dlm hal tsb kalau mau protes ke igrs soal syarat rating umur sama blokir game berklasifikasi rc jg boleh kok coba liat seisi akunku mana ada buzzer isi tweetnya seperti punyaku ketikanmu malah yang seperti buzzer spam capslock spam kata kasar nama akun gk jelas,[],0,1,282,49,0,1,1,0.2983,0.0162,2,0.4,37.1175,18,3.0,2.0,0.0,0.0,-1,0,0.72809374,0.4105125,-0.16276518,-0.31807786,1096,-1,0.026990943,0,Non-Buzzer
2041324725537054735,2026-04-07 07:35:18+00:00,0,"@luckyn00bs @kerissakti Mungkin ini memang sesuai uu buat tambahan negara. Kalo game tidak punya igrs gak bisa beredar di indonesia, dan bikin igrs dipungut biaya. Ntahlah kalo film lembaga sensor itu bayar atau gak. Dan pegi ini apakah bayar coba para developer bisa kasih insight ttg rating lbh dlm.",2041419532347347220,,luckyn00bs,in,,0,0,0,https://x.com/rezatri07/status/2041419532347347220,1153422151,rezatri07,49,id,keep_id_anchor,False,mungkin ini memang sesuai uu buat tambahan negara kalau game tidak punya igrs tidak bisa beredar di indonesia dan bikin igrs dipungut biaya ntahlah kalau film lembaga sensor itu bayar atau tidak dan pegi ini apakah bayar coba para developer bisa kasih insight ttg rating lbh dlm,[],0,1,278,47,0,0,1,0.2783,0.0247,1,1.0,43.202777777777776,18,1.0,0.0,0.0,0.0,-1,0,0.8145556,0.33973208,-0.26065418,-0.816224,1097,-1,0.019120486,0,Non-Buzzer
2041324725537054735,2026-04-07 07:34:00+00:00,0,"@alterozas @kerissakti Niatnya bikin IGRS itu emang ini
Ngapain ada IGRS kalo ada PEGI sama ESRB yang skalanya udah internasional",2041419203031503017,,alterozas,in,,0,0,0,https://x.com/karz_sept/status/2041419203031503017,292164799,karz_sept,20,id,keep_id_anchor,False,niatnya bikin igrs itu emang ini ngapain ada igrs kalau ada pegi sama esrb yang skalanya sudah internasional,[],0,1,108,18,0,0,1,0.373,0.0129,2,1.0,43.181111111111115,18,2.0,0.0,0.0,0.0,-1,0,0.58271587,0.25414774,1.0046452,-0.19698639,1098,-1,0.0021556201,0,Non-Buzzer
2041093747501592852,2026-04-07 07:33:08+00:00,0,"@kurawa Tai. Emang kalian yg blunder. Steam udh punya standar sndiri, punya standar age rating yg jelas (ESRB, PEGI) drpd IGRS. Ga malu kah kalian jdi bahan nyinyir ama media² overseas luar sana?",2041418984227229800,,kurawa,in,,0,0,0,https://x.com/_mabskuy/status/2041418984227229800,1157086903369256961,_mabskuy,33,id,keep_id_anchor,False,tai emang kalian yang blunder steam sudah punya standar sndiri punya standar age rating yang jelas esrb pegi drpd igrs tidak malu kah kalian jdi bahan nyinyir sama media overseas luar sana,[],0,1,188,32,0,0,1,0.3367,0.0152,1,1.0,43.166666666666664,18,1.0,0.0,0.0,0.0,-1,0,0.77569425,0.39676327,0.3684749,-0.43626836,1099,-1,0.002099577,0,Non-Buzzer
2041418195769360720,2026-04-07 07:30:00+00:00,1,"IGRS = Ini Gua Rating Sendiri

#Meme #Steam #IGRS #indonesiagameratingsystem #GTASA https://t.co/3T1JsaqwGC",2041418195769360720,https://pbs.twimg.com/amplify_video_thumb/2041418130493411328/img/r6BC6c5h13P4HLmm.jpg,,in,,0,0,0,https://x.com/langitsenayan/status/2041418195769360720,1939894464094613504,langitsenayan,14,id,keep_id_anchor,False,igrs ini saya rating sendiri meme steam igrs indonesiagameratingsystem gtasa,[],0,0,76,10,0,1,1,0.4705,0.0007,1,1.0,43.114444444444445,18,0.0,0.0,0.0,0.0,-1,0,0.7759237,0.38647172,-1.0303816,0.42494392,1100,-1,0.0023148607,0,Non-Buzzer
2041413500367749604,2026-04-07 07:28:13+00:00,0,"@rayestu Ini jawaban yg awal juga. Mgkn IGRS bikin standar klasifikasi yg cuma sekenanya dan layer ya tdk jelas bang ray. 
Let say grafis :
Kalo kartun/anime 3+
Kalo realis 18+

Untuk konten :
Ada rokok =18+
Ada adegan sex =3+

Nah standar aneh ini dikasi ke steam lalu diminta auto-sort.",2041417747066962177,,rayestu,in,,0,1,0,https://x.com/Cyclops_Ray/status/2041417747066962177,1205351168609640449,Cyclops_Ray,51,id,keep_id_anchor,False,ini jawaban yang awal juga mgkn igrs bikin standar klasifikasi yang cuma sekenanya dan layer ya tidak jelas bang ray let say grafis kalau kartun anime kalau realis untuk konten ada rokok ada adegan sex nah standar aneh ini dikasi ke steam lalu diminta auto sort,[],0,1,261,46,0,1,1,0.2859,0.0139,2,0.6666666666666666,43.084722222222226,18,2.0,0.0,0.0,0.0,-1,0,0.5939142,0.29080582,0.14544182,-0.20584656,1101,-1,0.0038737897,0,Non-Buzzer
2041401112172061105,2026-04-07 07:23:46+00:00,11,"@Otaku_Anime_Ind Kebumikan IGRS!!!
Tidak berguna!!!",2041416628668436893,,Otaku_Anime_Ind,in,,0,0,0,https://x.com/Reshidayu/status/2041416628668436893,906537336095203329,Reshidayu,5,id,keep_id_anchor,False,kebumikan igrs tidak berguna,[],0,1,28,4,0,11,0,0.5146,0.0112,1,1.0,43.010555555555555,18,1.0,0.0,0.0,0.0,-1,0,0.58856636,0.2074711,1.543709,-0.061004102,1102,-1,0.0032221703,0,Non-Buzzer
2041415184116552130,2026-04-07 07:20:19+00:00,1,"akhirnya diskusinya malah menjauh dari IGRS, padahal kalau lihat clear penjelasan pak Anies aslinya gak jauh2 dari tujuan komdigi

kan ini yg dibahas ama gamers eksekusi program IGRS ini. kenapa banyak yg gak cocok usianya. ini bisa dibalas dengan ""akan diperbaiki""",2041415757926707662,,nanovond,in,,0,2,0,https://x.com/nanovond/status/2041415757926707662,59799195,nanovond,41,id,keep_id_anchor,False,akhirnya diskusinya malah menjauh dari igrs padahal kalau lihat clear penjelasan pak anies aslinya tidak jauh dari tujuan komdigi kan ini yang dibahas sama gamers eksekusi program igrs ini mengapa banyak yang tidak cocok usianya ini bisa dibalas dengan akan diperbaiki,[],0,1,268,41,0,3,0,0.3132,0.0231,1,0.5,42.95305555555556,18,0.0,0.0,0.0,0.0,-1,0,0.74967575,0.41720375,0.053506847,-0.50578684,1103,-1,0.007827982,0,Non-Buzzer
2040972764278935648,2026-04-07 07:18:41+00:00,0,"@ARSIPAJA Kalau dilihat dari tujuannya, IGRS ini bukan buat nyusahin, tapi buat melindungi pemain yang masih muda dan bikin ekosistem game di Indonesia lebih rapi (biar orang tua juga punya acuan jelas).",2041415350647140401,,ARSIPAJA,in,,0,0,0,https://x.com/vicyrchm/status/2041415350647140401,1309871136,vicyrchm,32,id,keep_id_anchor,False,kalau dilihat dari tujuannya igrs ini bukan buat nyusahin tapi buat melindungi pemain yang masih muda dan bikin ekosistem game di indonesia lebih rapi biar orang tua juga punya acuan jelas,[],0,1,188,31,0,0,1,0.333,0.0245,1,1.0,42.92583333333334,18,1.0,0.0,0.0,0.0,-1,0,0.7958196,0.36140212,0.14990187,-0.98263735,1104,-1,0.002258175,0,Non-Buzzer
2041047293353447543,2026-04-07 07:17:19+00:00,0,@Kuroshka_id Peak ama super battle golf IGRS 18+ alasannya karena game perusak persahabatan (kalau iseng),2041415007066538387,,Kuroshka_id,in,,0,0,0,https://x.com/shirota280/status/2041415007066538387,1609559854234107904,shirota280,15,id,keep_id_anchor,False,peak sama super battle golf igrs alasannya karena game perusak persahabatan kalau iseng,[],0,1,87,13,0,0,1,0.5587,0.0019,1,1.0,42.903055555555554,18,1.0,0.0,0.0,0.0,-1,0,0.5834611,0.26339725,0.40875524,-0.8358036,1105,-1,0.001144373,0,Non-Buzzer
2041413500367749604,2026-04-07 07:11:20+00:00,5,"Gue masih bingung soal Steam-IGRS ini. Komdigi ngakunya ratingnya itu self-assess, bukan dari mereka. Itu maksudnya gimana? Masa developer game sendiri nge-assess kalo game mereka 'refused classification'? 

Maap pertanyaan nubie.",2041413500367749604,,,in,,0,2,0,https://x.com/rayestu/status/2041413500367749604,76984137,rayestu,33,id,keep_id_anchor,False,saya masih bingung soal steam igrs ini komdigi ngakunya ratingnya itu self assess bukan dari mereka itu maksudnya bagaimana masa developer game sendiri nge assess kalau game mereka refused classification maap pertanyaan nubie,[],0,0,225,33,0,7,0,0.3715,0.0188,1,0.5,42.803333333333335,18,0.0,1.0,0.0,0.0,-1,0,0.8094148,0.40990195,-1.003392,-1.0659966,1106,-1,0.09865344,0,Non-Buzzer
2041412995419688970,2026-04-07 07:09:20+00:00,0,IGRS. Indonesia Gooner Rating System,2041412995419688970,,,in,,0,1,0,https://x.com/orang_ngumpet/status/2041412995419688970,1593614803641110528,orang_ngumpet,5,id,keep_id_anchor,False,igrs indonesia gooner rating system,[],0,0,35,5,0,1,1,1.0,0.0127,1,0.5,42.34916666666667,18,1.0,0.0,0.0,0.0,1,1,1.0,0.3211511,-2.1026042,1.3137214,1107,-1,0.026865317,0,Non-Buzzer
2041412785771630633,2026-04-07 07:08:30+00:00,0,"eh tapi ini kan rame rame terkait IGRS sebenernya udah lama juga sih, pemerintah gabakal berani ngapa ngapain juga",2041412785771630633,,,in,,0,0,0,https://x.com/godbusycanihelp/status/2041412785771630633,1215948891893293061,godbusycanihelp,19,id,keep_id_anchor,False,eh tapi ini kan rame rame terkait igrs sebenernya sudah lama juga sih pemerintah gabakal berani ngapa ngapain juga,[],0,0,114,19,0,0,1,0.6158,0.01,1,1.0,42.75611111111111,18,0.0,0.0,0.0,0.0,-1,0,0.72794026,0.28212345,1.517363,-0.023098275,1108,-1,0.0013163472,0,Non-Buzzer
2039359879081582987,2026-04-07 07:06:18+00:00,0,@emcd_io April IGRS,2041412232119242960,,emcd_io,sl,,0,0,0,https://x.com/choco_cookees/status/2041412232119242960,1011408552903131136,choco_cookees,3,it,keep_id_anchor,False,april igrs,[],0,1,10,2,1,0,1,0.3274,0.0005,1,1.0,42.71944444444444,18,1.0,0.0,0.0,0.0,-1,0,0.6036693,0.1802267,0.85509133,1.0207951,1109,-1,0.00080519,0,Non-Buzzer
2041353677496254495,2026-04-07 07:06:07+00:00,6,"@ferrykoto Btw, screenshotan ini ngambil dari mana ya? Mau liat kausalitasnya dengan program rating dari IGRS.",2041412184794882188,,ferrykoto,in,,0,0,1,https://x.com/abahgaming_/status/2041412184794882188,1361156637411528704,abahgaming_,16,id,keep_id_anchor,False,btw screenshotan ini ngambil dari mana ya mau liat kausalitasnya dengan program rating dari igrs,[],0,1,96,15,0,7,0,0.605,0.0069,1,1.0,42.716388888888886,18,1.0,0.0,0.0,0.0,-1,0,0.70628196,0.35903692,-0.32397062,0.7561388,1110,-1,0.0026950585,0,Non-Buzzer
2041064496597504093,2026-04-07 07:00:02+00:00,0,"@GodotYT Yth tim IGRS. 
13 tahun years of service saya rasa cukup lah ya utk Senior role 🙏😅 https://t.co/HweAgyn3RA",2041410656768028743,https://pbs.twimg.com/media/HFSMK1SbcAA9Eii.jpg,GodotYT,in,,0,0,0,https://x.com/j1mboo23/status/2041410656768028743,139367891,j1mboo23,21,id,keep_id_anchor,False,yth tim igrs tahun years of service saya rasa cukup lah ya untuk senior role,[],0,1,76,15,0,0,1,0.5855,0.0063,1,1.0,42.615,18,1.0,0.0,0.0,0.0,-1,0,0.53532577,0.21426804,-0.02730443,0.72440803,1111,-1,0.0010764387,0,Non-Buzzer
2041409329853772203,2026-04-07 06:54:46+00:00,1,"@som00in Reminder No 11. For the personal attention of Mr Sameer, Registrar Society, Lucknow. This is how a system fails its people. A petition to Dy Registrar Firms, Societies and Chits, Agra lodged on IGRS on 24 Sep 2025 vide ID 40014625059817 is still pending and election to",2041409329853772203,,som00in,en,,0,0,1,https://x.com/rajesh_maliwal/status/2041409329853772203,894772344,rajesh_maliwal,48,en,keep_id_anchor,False,reminder no for the personal attention of mr sameer registrar society lucknow this is how a system fails its people a petition to dy registrar firms societies and chits agra lodged on igrs on sep vide id is still pending and election to,[],0,1,236,43,0,2,0,0.381,0.0188,1,1.0,42.52722222222222,17,1.0,0.0,0.0,0.0,-1,0,0.4685779,0.18279113,0.12451066,0.53492737,1112,-1,0.0017525428,0,Non-Buzzer
2041409049829441751,2026-04-07 06:53:39+00:00,2,"Dih...?
Dari pembahasan awal igrs yg notabene bener bener anomali di platform steam jd lari kemana mana sampe ngatain org maniak game
Kl emg ngga paham sama konteks yg diributin kayanya mending diem ngga sih, jujur bukan keliatan pinter tapi malah keliatan bgt red herring 🤷🏻‍♂️",2041409049829441751,,,in,,0,0,1,https://x.com/Psychelockes/status/2041409049829441751,1537031381788000256,Psychelockes,45,id,keep_id_anchor,False,dih dari pembahasan awal igrs yang notabene benar benar anomali di platform steam jd lari kemana mana sampe ngatain orang maniak game kalau emg tidak paham sama konteks yang diributin kayanya mending diem tidak sih jujur bukan keliatan pinter tapi malah keliatan banget red herring,[],0,0,281,45,0,3,0,0.2501,0.0214,1,1.0,42.50861111111111,17,0.0,0.0,0.0,0.0,-1,0,0.7856877,0.43169045,0.45033288,-1.002553,1113,-1,0.003454103,0,Non-Buzzer
2041064580450021638,2026-04-07 06:48:43+00:00,0,"@Bram_no3 @fuckchmstry @ferrykoto @aniesbaswedan Ya Allah, yang dipermasalahin sekarang itu ya yang di steam ni loh ya, beritanya udah dimana-mana loh lu tuh aneh banget astaga. Mostly beritanya itu klasifikasi game di steam oleh IGRS, yang dipermasalahin sama IGRS dan si Koto ini tu game yg ada di steam. Astaga.",2041407808852373809,,Bram_no3,in,,0,1,0,https://x.com/harist_ixcents/status/2041407808852373809,778261480047190016,harist_ixcents,51,id,keep_id_anchor,False,ya allah yang dipermasalahin sekarang itu ya yang di steam ini loh ya beritanya sudah dimana mana loh kamu itu aneh banget astaga mostly beritanya itu klasifikasi game di steam oleh igrs yang dipermasalahin sama igrs dan si koto ini itu game yang ada di steam astaga,[],0,1,266,47,0,1,1,0.3225,0.0066,2,0.5,35.849444444444444,17,1.0,1.0,0.0,0.0,-1,0,0.79857224,0.43877,0.42942786,-0.41510755,1114,-1,0.016634084,0,Non-Buzzer
2041375890295472237,2026-04-07 06:44:05+00:00,0,@patarnotstar IGRS. Indonesia Gooner Rating System,2041406643062333943,,patarnotstar,in,,0,2,0,https://x.com/orang_ngumpet/status/2041406643062333943,1593614803641110528,orang_ngumpet,6,id,keep_id_anchor,False,igrs indonesia gooner rating system,[],0,1,35,5,0,2,0,1.0,0.0127,1,0.5,42.34916666666667,17,1.0,0.0,0.0,0.0,1,1,1.0,0.3211511,-2.1026042,1.3137214,1115,-1,0.026865317,0,Non-Buzzer
2041120779757400168,2026-04-07 06:37:14+00:00,0,"@Analyst_V2 emangnya kalo gak make igrs steam gak boleh kah di indo, kan kenanya paltform.",2041404916296782150,,Analyst_V2,in,,0,0,0,https://x.com/1q5_nungha/status/2041404916296782150,2699180259,1q5_nungha,15,id,keep_id_anchor,False,emangnya kalau tidak make igrs steam tidak boleh kah di indo kan kenanya paltform,[],0,1,81,14,0,0,1,0.4337,0.0216,1,1.0,42.235,17,1.0,0.0,0.0,0.0,-1,0,0.6451607,0.21057017,0.9134596,-0.14874542,1116,-1,0.0021723702,0,Non-Buzzer
2040941129051611519,2026-04-07 06:36:01+00:00,0,"@kurawa Yang di bilang AI itu rating review, sedangkan IGRS itu rating umur",2041404611089858588,,kurawa,in,,0,0,0,https://x.com/AoOkami5/status/2041404611089858588,1357985582354321410,AoOkami5,13,id,keep_id_anchor,False,yang di bilang ai itu rating review sedangkan igrs itu rating umur,[],0,1,66,12,0,0,1,0.5225,0.0093,1,1.0,42.21472222222222,17,1.0,0.0,0.0,0.0,1,0,0.8008474,0.36840713,-1.7593073,0.39919505,1117,-1,0.0029551466,0,Non-Buzzer
2041403900276961426,2026-04-07 06:33:11+00:00,0,"Terlepas dr blunder2 IGRS dan Komdigi, tp sepertinya root kekesalan netizen ini kayaknya lebih ke ga terima Steam yg udah sedewa itu diomongin jelek sama boomer pemerintahan. Jujur jadi kayak fanboys va haters. Wkkw",2041403900276961426,,,in,,0,0,0,https://x.com/hotgamer132/status/2041403900276961426,1387010888595427330,hotgamer132,34,id,keep_id_anchor,False,terlepas dari blunder igrs dan komdigi tp sepertinya root kekesalan netizen ini kayaknya lebih ke tidak terima steam yang sudah sedewa itu diomongin jelek sama boomer pemerintahan jujur jadi seperti fanboys va haters wkkw,[],0,0,221,34,0,0,1,0.3566,0.0156,1,1.0,42.1675,17,0.0,0.0,0.0,0.0,-1,0,0.72798884,0.36004373,0.81339127,-0.5495243,1118,-1,0.0029857985,0,Non-Buzzer
2041064580450021638,2026-04-07 06:26:32+00:00,1,"@Bram_no3 @ferrykoto @aniesbaswedan Eh lu liat beritanya ato kaga sih? Justru yg nudity di IGRS itu 3+, ini lu makin halu keknya",2041402225206182236,,Bram_no3,in,,0,1,0,https://x.com/harist_ixcents/status/2041402225206182236,778261480047190016,harist_ixcents,22,id,keep_id_anchor,False,eh kamu liat beritanya ato kaga sih justru yang nudity di igrs itu ini kamu makin halu keknya,[],0,1,93,18,0,2,0,0.3701,0.0059,2,0.5,35.849444444444444,17,1.0,1.0,0.0,0.0,-1,0,0.66980267,0.22022375,1.9151773,-0.2181283,1119,-1,0.0012612471,0,Non-Buzzer
2041401112172061105,2026-04-07 06:22:07+00:00,255,"Sistem IGRS dan Steam disebut belum terhubung secara sistem, sehingga rating yang viral kemarin itu hasil yang harusnya belum tayang ke publik. Terlebih proyek ini statusnya masih uji coba dan belum ada MoU resmi antara Steam dengan Komdigi.

""Jadi ada dua kan, website-nya, IGRS https://t.co/3j76k8V5dg",2041401112172061105,https://pbs.twimg.com/media/HFSDfCzbYAAVsIs.jpg,,in,,7,18,12,https://x.com/Otaku_Anime_Ind/status/2041401112172061105,1210780624035860480,Otaku_Anime_Ind,49,id,keep_id_anchor,False,sistem igrs dan steam disebut belum terhubung secara sistem sehingga rating yang viral kemarin itu hasil yang harusnya belum tayang ke publik terlebih proyek ini statusnya masih uji coba dan belum ada mou resmi antara steam dengan komdigi jadi ada dua kan website nya igrs,[],0,0,272,45,0,292,0,0.4088,0.0277,1,1.0,41.98305555555555,17,0.0,4.0,0.0,0.0,-1,0,0.73187464,0.3849597,-0.6565791,0.16338699,1120,-1,0.0063240714,0,Non-Buzzer
2041399979479314859,2026-04-07 06:17:37+00:00,0,udah hybe babi trus ini igrs babi juga,2041399979479314859,,,in,,0,0,0,https://x.com/wonvoyager/status/2041399979479314859,457266592,wonvoyager,8,id,keep_id_anchor,False,sudah hybe babi trus ini igrs babi juga,[],0,0,39,8,0,0,1,0.6022,0.0025,1,1.0,41.908055555555556,17,0.0,0.0,0.0,0.0,7,0,0.9147392,0.21952498,2.0720928,0.47582468,1121,-1,0.020379022,0,Non-Buzzer
2041399776282017959,2026-04-07 06:16:48+00:00,1,Haruskah aku bikin gini juga biar dimutasi ke komdigi ngurusin IGRS?,2041399776282017959,,,in,,0,0,0,https://x.com/chaaphrodite/status/2041399776282017959,1782611727399677953,chaaphrodite,11,id,keep_id_anchor,False,haruskah aku bikin gini juga biar dimutasi ke komdigi ngurusin igrs,[],0,0,67,11,0,1,1,0.3234,0.0183,2,0.6666666666666666,11.059722222222222,17,1.0,1.0,0.0,0.0,-1,0,0.7429,0.30918968,1.1228282,0.4519552,1122,-1,0.0022365034,0,Non-Buzzer
2041353677496254495,2026-04-07 06:13:33+00:00,1,"@storieselk @ferrykoto Soalnya si peri ini ngetag nya soal ""Anak Kecil"". Ya udh gw kasih tau soal perilaku anak kecil gimana pasarnya dimana, jadi ngapain IGRS ngurusin age rating di steam kalo pemainnya 17+",2041398957138645059,,storieselk,in,,0,1,0,https://x.com/Shihan047/status/2041398957138645059,1838996772884197377,Shihan047,34,id,keep_id_anchor,False,soalnya si peri ini ngetag nya soal anak kecil ya sudah saya kasih tau soal perilaku anak kecil bagaimana pasarnya dimana jadi ngapain igrs ngurusin age rating di steam kalau pemainnya,[],0,1,184,31,0,2,0,0.4015,0.0162,2,1.0,41.73305555555555,17,1.0,0.0,0.0,0.0,-1,0,0.7597043,0.37683508,0.10939387,-0.91475683,1123,-1,0.0043323496,0,Non-Buzzer
2041398716972851360,2026-04-07 06:12:36+00:00,0,"Dari dulu kan pamarentah ga pernah peduli sama komunitas gamers, baik dari segala sisi. Gamers sendiri yang harus belajar ekosistem gaming. 

Ini Komdigi yang ga pernah kerja, sekalinya kerja malah menghasilkan produk super cacat (IGRS) yang menyusahkan. Jelas marah lah gamers 😌",2041398716972851360,,,in,,0,1,1,https://x.com/Panathinatikos/status/2041398716972851360,1569140625957859328,Panathinatikos,41,id,keep_id_anchor,False,dari dulu kan pamarentah tidak pernah peduli sama komunitas gamers baik dari segala sisi gamers sendiri yang harus belajar ekosistem gaming ini komdigi yang tidak pernah kerja sekalinya kerja malah menghasilkan produk super cacat igrs yang menyusahkan jelas marah lah gamers,[],0,0,274,41,0,2,0,0.3321,0.0195,1,1.0,41.824444444444445,17,0.0,0.0,0.0,0.0,8,0,0.8092543,0.32039058,0.12364439,-1.3257469,1124,-1,0.006041374,0,Non-Buzzer
2041324959050690944,2026-04-07 06:11:53+00:00,2,"@GemaShowIndo tambahan ini bang, rating langsung dari website IGRS-nya bukan lewat steam-steaman lagi wkwkkw https://t.co/vA5rTBsZ9N",2041398536512913773,,GemaShowIndo,in,,0,0,0,https://x.com/Rei_OnZ/status/2041398536512913773,1495544349622677505,Rei_OnZ,20,id,keep_id_anchor,False,tambahan ini bang rating langsung dari website igrs nya bukan lewat steam steaman lagi wkwkkw,[],0,1,93,15,0,2,0,0.5539,0.0109,1,0.5,40.92388888888889,17,1.0,0.0,0.0,0.0,-1,0,0.75971735,0.36838347,-1.0186807,0.6732222,1125,-1,0.010303671,0,Non-Buzzer
2041398509069541882,2026-04-07 06:11:46+00:00,2,"Valve? 
Rating palsu? 

Meresahkan publik? 

Yang ngizinin steam buat release ratingnya IGRS siapa? Apa iya datanya ga dari IGRS? 

Ngapain Valve ngarang-ngarang? Kek kurang kerjaan aja buat market yang cuma 1.5-2% worldwide ini",2041398509069541882,,,in,,0,3,1,https://x.com/chaaphrodite/status/2041398509069541882,1782611727399677953,chaaphrodite,36,id,keep_id_anchor,False,valve rating palsu meresahkan publik yang ngizinin steam buat release ratingnya igrs siapa apa iya datanya tidak dari igrs ngapain valve ngarang ngarang kek kurang kerjaan aja buat market yang cuma worldwide ini,[],0,0,211,33,0,6,0,0.2687,0.0143,2,0.6666666666666666,11.059722222222222,17,1.0,1.0,0.0,0.0,-1,0,0.7592039,0.3978311,-0.24592839,-0.37287807,1126,-1,0.0032039161,0,Non-Buzzer
2041398107532149156,2026-04-07 06:10:10+00:00,0,"Kl mau berantem sama anies pake isu lain aja mas, ga usah numpang buka lapak di kasus IGRS. Jatohnya jadi sotoy kagak jelas soalnya",2041398107532149156,,,in,,0,0,1,https://x.com/atheon24/status/2041398107532149156,775629565276237825,atheon24,24,id,keep_id_anchor,False,kalau mau berantem sama anies pake isu lain aja mas tidak usah numpang buka lapak di kasus igrs jatohnya jadi sotoy kagak jelas soalnya,[],0,0,135,24,0,1,1,0.3447,0.0159,1,1.0,41.78388888888889,17,0.0,0.0,0.0,0.0,-1,0,0.7436228,0.27671593,1.3129351,-0.42929903,1127,-1,0.0032588914,0,Non-Buzzer
2041353677496254495,2026-04-07 06:07:07+00:00,0,"@ferrykoto Bapak kalo beneran ngebela IGRS, harusnya jadi catatan IGRS bahwa pasar kita itu lebih besar di pasar mobile dengan game tipe kompetitif dan Microtransaction. Jadi yg harus diatur itu game dengan tipe itu, karena tidak mungkin anak kecil main game kalo tidak punya spek mumpuni",2041397340586799567,,Shihan047,in,,0,0,0,https://x.com/Shihan047/status/2041397340586799567,1838996772884197377,Shihan047,46,id,keep_id_anchor,False,bapak kalau beneran ngebela igrs harusnya jadi catatan igrs bahwa pasar kita itu lebih besar di pasar mobile dengan game tipe kompetitif dan microtransaction jadi yang harus diatur itu game dengan tipe itu karena tidak mungkin anak kecil main game kalau tidak punya spek mumpuni,[],0,1,278,45,0,0,1,0.4107,0.0189,2,1.0,41.73305555555555,17,1.0,0.0,0.0,0.0,-1,0,0.74392945,0.33080384,0.30818647,-1.2346605,1128,-1,0.0025126105,0,Non-Buzzer
2041397174425338154,2026-04-07 06:06:28+00:00,0,"IGRS bagus tapi eksekusinya jeblok semua
Entak kenapa ni lembaga ga ada beresnya tiap hari. Klo gak yang gini gini paling situs yang di blok. Udah gitu di jaringan juga parah. 
Rata rata speed test netindex itu 118mbps indonesia? Cm 45mbps loh. https://t.co/ICI2kpZl33",2041397174425338154,https://pbs.twimg.com/media/HFR_5rwagAAifxV.jpg,,in,,0,0,0,https://x.com/Shikikan_Neko08/status/2041397174425338154,1714336819,Shikikan_Neko08,46,id,keep_id_anchor,False,igrs bagus tapi eksekusinya jeblok semua entak mengapa ini lembaga tidak ada beresnya tiap hari kalau tidak yang gini gini paling situs yang di blok sudah gitu di jaringan juga parah rata rata speed test netindex itu mbps indonesia cm mbps loh,[],0,0,243,42,0,0,1,0.3113,0.0208,1,1.0,41.72222222222222,17,0.0,0.0,0.0,0.0,-1,0,0.58237934,0.3198585,0.14155868,-0.21032178,1129,-1,0.0018490427,0,Non-Buzzer
2041396494230790509,2026-04-07 06:03:46+00:00,0,Rada lucu liat r/indogamers parno banget sama igrs. Lu buka reddit aja udah harus ganti dns kenapa perkara igrs doang takut 🤣,2041396494230790509,,,in,,0,0,0,https://x.com/KuppaKingu_/status/2041396494230790509,504523930,KuppaKingu_,22,id,keep_id_anchor,False,rada lucu liat r indogamers parno banget sama igrs kamu buka reddit aja sudah harus ganti dns mengapa perkara igrs doang takut,[],0,0,126,22,0,0,1,0.3382,0.007,1,1.0,41.67722222222222,17,0.0,0.0,0.0,0.0,-1,0,0.7148419,0.35262832,0.99716026,-0.2610273,1130,-1,0.0011405629,0,Non-Buzzer
2041324725537054735,2026-04-07 06:01:28+00:00,21,"@kerissakti @PlaymenID Betul bgt. Jgn serang pribadinya yg 3 tahun blm lapor LHKPN. Kita fokus kebijakan IGRS aja. Pokoknya jgn serang soal hartanya begitu. Kasian.

https://t.co/2en0L4XEMB",2041395916775780832,,kerissakti,in,,0,1,1,https://x.com/msl1896/status/2041395916775780832,552735984,msl1896,29,id,keep_id_anchor,False,betul banget jgn serang pribadinya yang tahun belum lapor lhkpn kita fokus kebijakan igrs aja pokoknya jgn serang soal hartanya begitu kasian,[],0,1,141,22,0,23,0,0.2969,0.0062,1,1.0,41.638888888888886,17,1.0,0.0,0.0,0.0,-1,0,0.6654725,0.3549528,0.24382478,0.035457145,1131,-1,0.0011692039,0,Non-Buzzer
2041324725537054735,2026-04-07 05:59:12+00:00,0,"@Arii765 @kerissakti Sebenernya di jerman juga mereka nerapin age rating sendiri sih+ada pemblokiran
Cmn disana sistemnya jelas+diskusi sama komunitas game

Yg jadi isu sih apa patokan IGRS,soalnya game bokep gk diblokir malah banyak game"" rpg yg diblokir

Klo patokan 'ngelindungin' yah gk sesuai",2041395347126465008,,Arii765,in,,0,1,0,https://x.com/quis_alexi15970/status/2041395347126465008,1800375658465632256,quis_alexi15970,46,id,keep_id_anchor,False,sebenernya di jerman juga mereka nerapin age rating sendiri sih ada pemblokiran cmn disana sistemnya jelas diskusi sama komunitas game yang jadi isu sih apa patokan igrs soalnya game bokep gk diblokir malah banyak game rpg yang diblokir kalau patokan ngelindungin yah gk sesuai,[],0,1,277,44,0,1,1,0.2863,0.01,1,1.0,41.60111111111111,20,1.0,2.0,0.0,0.0,-1,0,0.79109025,0.39479086,-0.44573155,-0.7664284,1132,-1,0.0022475661,0,Non-Buzzer
2041394911262744657,2026-04-07 05:57:28+00:00,2,Indonesia Game Rating System (IGRS) diimplementasikan pada platform seperti Steam dengan tujuan utama untuk memberikan panduan yang jelas bagi konsumen mengenai kesesuaian konten gim dengan usia pengguna. Hal ini merupakan bagian dari regulasi pemerintah Indonesia untuk https://t.co/7yM5xXi3lO,2041394911262744657,https://pbs.twimg.com/media/HFR92ljbgAAVeBz.jpg,,in,,0,0,1,https://x.com/99propaganda/status/2041394911262744657,1427095335084515333,99propaganda,40,id,keep_id_anchor,False,indonesia game rating system igrs diimplementasikan pada platform seperti steam dengan tujuan utama untuk memberikan panduan yang jelas bagi konsumen mengenai kesesuaian konten game dengan usia pengguna hal ini merupakan bagian dari regulasi pemerintah indonesia untuk,[],0,0,268,36,0,3,0,0.3804,0.017,1,1.0,41.57222222222222,20,0.0,0.0,0.0,0.0,1,0,0.8718303,0.375927,-1.8908303,-0.12461929,1133,-1,0.87873095,1,Buzzer
2041324725537054735,2026-04-07 05:50:25+00:00,0,"@quis_alexi15970 @kerissakti Itulah sebabnya kenapa saya bingung ketika ngelihat ada rating RC di IGRS. Setahuku nggak ada rating semacam itu di badan rating apapun.

Ini yang harus ditanyakan di hadapan KomDigi. Siapa yang kasih ide untuk bikin rating tersebut, dan atas dasar apa.",2041393137697034595,,quis_alexi15970,in,,0,1,0,https://x.com/Arii765/status/2041393137697034595,304400656,Arii765,43,id,keep_id_anchor,False,itulah sebabnya mengapa saya bingung ketika ngelihat ada rating rc di igrs setahuku tidak ada rating semacam itu di badan rating apapun ini yang harus ditanyakan di hadapan komdigi siapa yang kasih ide untuk bikin rating tersebut dan atas dasar apa,[],0,1,248,41,0,1,1,0.306,0.0197,1,0.5,37.098333333333336,20,1.0,2.0,0.0,0.0,4,0,0.801027,0.34120014,-0.72058487,0.048627574,1134,-1,0.0043267254,0,Non-Buzzer
2041061566716744186,2026-04-07 05:46:15+00:00,13,"@alsjournall jangam salah kak, pembelian game disteam itu KENA PAJAK gk ada hal legal di negara ini yg bebas pajak, mereka ngebuat aturan IGRS ini jelas kemungkinan mau meras dev game biar mereka bayar dulu agar boleh masuk region Indo",2041392088622014720,,alsjournall,in,,0,1,1,https://x.com/Internetsurver/status/2041392088622014720,1618472840281600000,Internetsurver,40,id,keep_id_anchor,False,jangam salah kak pembelian game disteam itu kena pajak gk ada hal legal di negara ini yang bebas pajak mereka ngebuat aturan igrs ini jelas kemungkinan mau meras dev game biar mereka bayar dulu agar boleh masuk region indo,[],0,1,222,39,0,15,0,0.432,0.0143,1,1.0,41.38527777777778,20,1.0,0.0,0.0,0.0,-1,0,0.6921868,0.25493115,0.5301276,-0.7194068,1135,-1,0.0047163856,0,Non-Buzzer
2041390496552272275,2026-04-07 05:39:56+00:00,29,"padahal anies aja bahas IGRS 
ini dia malah ""siapa bahas PC game""
geser gawang dan bawa umur tapi nalar di tinggal https://t.co/41CUKFII5i",2041390496552272275,https://pbs.twimg.com/media/HFR50zBbIAADGa3.jpg,,in,,0,1,2,https://x.com/DokutahLianSyah/status/2041390496552272275,1419991676311855104,DokutahLianSyah,25,id,keep_id_anchor,False,padahal anies aja bahas igrs ini dia malah siapa bahas pc game geser gawang dan bawa umur tapi nalar di tinggal,[],0,0,111,21,0,32,0,0.6326,0.0112,2,0.4,0.32916666666666666,20,2.0,0.0,0.0,0.0,-1,0,0.7944921,0.3529909,0.7147631,-0.48359457,1136,-1,0.01447435,0,Non-Buzzer
2041353677496254495,2026-04-07 05:38:30+00:00,32,"@ferrykoto betul pak
jadi anak2 harus main sesuai dengan umur, seperti saran IGRS dari kementrian tercinta kita pak
contohnya game ini yg sudah di sarankan https://t.co/lRDDqrvQGP",2041390136215400798,https://pbs.twimg.com/media/HFR5gfgaEAAUn6e.jpg,ferrykoto,in,,0,0,0,https://x.com/DokutahLianSyah/status/2041390136215400798,1419991676311855104,DokutahLianSyah,29,id,keep_id_anchor,False,betul pak jadi anak harus main sesuai dengan umur seperti saran igrs dari kementrian tercinta kita pak contohnya game ini yang sudah di sarankan,[],0,1,144,24,0,32,0,0.3503,0.0109,2,0.4,0.32916666666666666,20,2.0,0.0,0.0,0.0,-1,0,0.7884154,0.2720256,0.37267962,-1.5125494,1137,-1,0.0030946853,0,Non-Buzzer
2041374590048600157,2026-04-07 05:31:07+00:00,1,"@wijayawilliam31 Ngapain igrs, itu kan steam yg harus klarifikasi (menurut mereka)",2041388278402982351,,wijayawilliam31,in,,0,0,0,https://x.com/MangAgus_10/status/2041388278402982351,1669317272845045763,MangAgus_10,11,id,keep_id_anchor,False,ngapain igrs itu kan steam yang harus klarifikasi menurut mereka,[],0,1,64,10,0,1,1,0.4973,0.0062,1,1.0,41.13305555555556,20,1.0,3.0,0.0,0.0,5,0,0.84583855,0.32911175,0.54267055,-0.31425756,1138,-1,0.03122245,0,Non-Buzzer
2041064580450021638,2026-04-07 05:21:31+00:00,0,"@ferrykoto @AhmadShiddiqN @aniesbaswedan privat? kenapa tidak dibuka se-Transparan mungkin? apakah takut salah dalam mengartikan “we are sorry to hear that…”. 
STEAM itu sudah belasan tahun, sedangkan IGRS baru hitungan bulan, sebelumnya STEAM punya klasifikasi yg lebih masuk akal.
dan knp bisa Pemerintah dilangkahi?!",2041385864455246219,,ferrykoto,in,,0,0,0,https://x.com/safriearr/status/2041385864455246219,1341336091,safriearr,44,id,keep_id_anchor,False,privat mengapa tidak dibuka se transparan mungkin apakah takut salah dalam mengartikan we are sorry to hear that steam itu sudah belasan tahun sedangkan igrs baru hitungan bulan sebelumnya steam punya klasifikasi yang lebih masuk akal dan mengapa bisa pemerintah dilangkahi,[],0,1,273,41,0,0,1,0.3656,0.0189,1,1.0,40.973055555555554,20,1.0,0.0,0.0,0.0,-1,0,0.68374497,0.2976647,0.24047728,-0.85698473,1139,-1,0.0017636839,0,Non-Buzzer
2041385378486337543,2026-04-07 05:19:35+00:00,0,"igrs igrs nya nanti dulu,

postingan sosmed aja sekarang udah dibatesin.",2041385378486337543,,,in,,0,0,0,https://x.com/arubigoreng/status/2041385378486337543,1619046804884189185,arubigoreng,11,id,keep_id_anchor,False,igrs igrs nya nanti dulu postingan sosmed aja sekarang sudah dibatesin,[],0,0,70,11,0,0,1,0.388,0.0014,1,1.0,40.94083333333333,20,0.0,0.0,0.0,0.0,-1,0,0.7606859,0.36814103,0.8565014,0.777368,1140,-1,0.0013685452,0,Non-Buzzer
2040757110951322044,2026-04-07 05:19:33+00:00,0,"@kurawa @Steam dear steam, please sue this guy.. @OfficialNewell papa gabe please

Dan buat lu mending lu ngaca gk ada yang mau memalsukan sampah kek IGRS apalagi Komdongo",2041385369720287476,,kurawa,in,,0,0,0,https://x.com/Siestice/status/2041385369720287476,1149680996989562880,Siestice,28,id,keep_id_anchor,False,dear steam please sue this guy papa gabe please dan buat kamu mending kamu ngaca gk ada yang mau memalsukan sampah kek igrs apalagi komdongo,[],0,1,140,25,0,0,1,0.3483,0.0075,1,1.0,40.94027777777778,20,1.0,0.0,0.0,0.0,-1,0,0.6121925,0.19899382,1.55441,0.8536656,1141,-1,0.0007970215,0,Non-Buzzer
2041385119618138577,2026-04-07 05:18:34+00:00,7,"Kalau emang misalkan nyalahin Steam yang kasih rating IGRS berarti kan tandanya yang kerjain itu semuanya berasal dari Steam, terus kerjanya KEMKOMINFO apa dong?

😔😔😔😔😔",2041385119618138577,,,in,,0,1,2,https://x.com/Rei_OnZ/status/2041385119618138577,1495544349622677505,Rei_OnZ,24,id,keep_id_anchor,False,kalau emang misalkan nyalahin steam yang kasih rating igrs berarti kan tandanya yang kerjain itu semuanya berasal dari steam terus kerjanya kemkominfo apa dong,[],0,0,159,24,0,10,0,0.3787,0.0082,1,0.5,40.92388888888889,20,1.0,0.0,0.0,0.0,-1,0,0.7991295,0.38221437,0.06235365,-0.34203216,1142,-1,0.002624607,0,Non-Buzzer
2041385068481171621,2026-04-07 05:18:22+00:00,1,"Ngintip API-nya ada nih di situs IGRS. 

Kenapa itu deskripsi rating ada datanya tapi gak ditampilin ya? Mau dipake tebak-tebakan? https://t.co/IbiCyuDnP0",2041385068481171621,https://pbs.twimg.com/media/HFR0qYxaMAA_p27.jpg,,in,,0,0,1,https://x.com/melekmedia/status/2041385068481171621,146060482,melekmedia,26,id,keep_id_anchor,False,ngintip api nya ada ini di situs igrs mengapa itu deskripsi rating ada datanya tapi tidak ditampilin ya mau dipake tebak tebakan,[],0,0,128,22,0,2,0,0.2927,0.0116,1,0.3333333333333333,36.05027777777778,20,0.0,0.0,0.0,0.0,-1,0,0.7975139,0.40547243,-0.80484855,0.26604724,1143,-1,0.007589777,0,Non-Buzzer
2041384214181154834,2026-04-07 05:14:58+00:00,1,"Dear ibu menteri @meutya_hafid dan jajaran @kemkomdigi,

IGRS dan kebijakan Komdigi hadir dengan tujuan perlindungan. Tapi pertanyaannya, sejauh mana negara boleh mengatur pilihan individu? https://t.co/bt4PuTMrSt",2041384214181154834,https://pbs.twimg.com/media/HFR0HntaMAAe7Ai.jpg,,in,,0,1,1,https://x.com/bebasdotid/status/2041384214181154834,3013290668,bebasdotid,28,id,keep_id_anchor,False,dear ibu menteri dan jajaran igrs dan kebijakan komdigi hadir dengan tujuan perlindungan tapi pertanyaannya sejauh mana negara boleh mengatur pilihan individu,[],0,0,158,22,0,3,0,0.2562,0.0104,1,1.0,40.86388888888889,20,0.0,0.0,0.0,0.0,-1,0,0.615358,0.20612645,0.5808448,-0.13954544,1144,-1,0.0009207658,0,Non-Buzzer
2041383039603978381,2026-04-07 05:10:18+00:00,0,IGRS dan steam bukan rating resmi pemerintah https://t.co/4UHDQ4weE2,2041383039603978381,,,in,,0,0,0,https://x.com/adangRP/status/2041383039603978381,291002925,adangRP,11,id,keep_id_anchor,False,igrs dan steam bukan rating resmi pemerintah,[],0,0,44,7,0,0,1,0.5965,0.0158,1,1.0,40.78611111111111,20,0.0,0.0,0.0,0.0,-1,0,0.7203317,0.33454645,-0.77848846,0.2101665,1145,-1,0.024047049,0,Non-Buzzer
2041364661736710245,2026-04-07 05:09:04+00:00,5,@Puspen_PKI IGRS rating: not fit for distribution,2041382728629907863,,Puspen_PKI,en,,0,0,0,https://x.com/BatasAir/status/2041382728629907863,1784172438701678592,BatasAir,7,en,keep_id_anchor,False,igrs rating not fit for distribution,[],0,1,36,6,0,5,0,0.8368,0.0052,1,1.0,40.76555555555556,20,1.0,0.0,0.0,0.0,-1,0,0.80821943,0.2607967,-2.6836805,1.2058952,1146,-1,0.0026512584,0,Non-Buzzer
2041120779757400168,2026-04-07 05:08:04+00:00,1,@NicknationGames @Analyst_V2 Tapi gapapa dari pada ga layak di distribusi di Indonesia (IGRS),2041382479639318709,,NicknationGames,in,,0,0,0,https://x.com/ferrdihidayat/status/2041382479639318709,54807349,ferrdihidayat,13,id,keep_id_anchor,False,tapi gapapa dari pada tidak layak di distribusi di indonesia igrs,[],0,1,65,11,0,1,1,0.7287,0.0139,1,1.0,40.74888888888889,20,1.0,0.0,0.0,0.0,-1,0,0.69765806,0.25834036,-0.0011141901,0.29185706,1147,-1,0.0058023916,0,Non-Buzzer
2041382092412698735,2026-04-07 05:06:32+00:00,2,"@Steam @Steam_Support Indonesian ministry of communication and digital said that Steam has apologized about IGRS rating that implemented on Steam a few days ago, is that true or just one sided claim from their side?",2041382092412698735,,Steam,en,,0,0,4,https://x.com/GhamerXYZ/status/2041382092412698735,1555367513395183616,GhamerXYZ,35,en,keep_id_anchor,False,indonesian ministry of communication and digital said that steam has apologized about igrs rating that implemented on steam a few days ago is that true or just one sided claim from their side,[],0,1,191,33,0,6,0,0.4715,0.0115,1,1.0,40.723333333333336,20,1.0,0.0,0.0,0.0,-1,0,0.7295122,0.26648173,-1.3364702,0.8207292,1148,-1,0.004093583,0,Non-Buzzer
2040995033768440118,2026-04-07 05:06:25+00:00,1,"@Kadrunbagsat @leonthecatto @rivaldyaskrr @kemkomdigi @GameRatingID @Kadrunbagsat  IGRS itu Game Rating khusus Indonesia. Orang - orang pada komplen kenapa IGRS berantakan, kok malah dianggep bela komdigi ? 

Gue malah baru tau ada PGRS.. seriously. Nah nantinya seluruh game di dunia yang mau masuk ke Indonesia harus pakai rating IGRS.",2041382062607970468,,Kadrunbagsat,in,,0,0,0,https://x.com/tsanyqudsi/status/2041382062607970468,74664680,tsanyqudsi,46,id,keep_id_anchor,False,igrs itu game rating khusus indonesia orang orang pada komplen mengapa igrs berantakan kok malah dianggep bela komdigi saya malah baru tau ada pgrs seriously nah nantinya seluruh game di dunia yang mau masuk ke indonesia harus pakai rating igrs,[],0,1,244,40,0,1,1,0.4057,0.0214,1,1.0,40.72138888888889,20,1.0,0.0,0.0,0.0,1,0,0.82166064,0.47173777,-0.5078803,0.16439283,1149,-1,0.15647726,0,Non-Buzzer
2040972764278935648,2026-04-07 05:06:24+00:00,0,"@ARSIPAJA Kenapa sih harus ribet2 nyari kambing hitam Steam?🤔 Padahal jelas banget kalau rating itu MEMANG dari Komdigi lewat IGRS. Bukannya fokus cari solusi konstruktif, mlh sibuk nyebar disinformasi. Pemerintah udah kerja keras bikin sistem rating, ko mlh dipertanyakan kredibilitasnya?",2041382057058980007,,ARSIPAJA,in,,0,1,0,https://x.com/paijokuro169599/status/2041382057058980007,2006270944768319496,paijokuro169599,40,id,keep_id_anchor,False,mengapa sih harus ribet nyari kambing hitam steam padahal jelas banget kalau rating itu memang dari komdigi lewat igrs bukannya fokus cari solusi konstruktif mlh sibuk nyebar disinformasi pemerintah sudah kerja keras bikin sistem rating ko mlh dipertanyakan kredibilitasnya,[],0,1,273,39,0,1,1,1.0,0.0139,1,1.0,40.721111111111114,20,1.0,0.0,0.0,0.0,1,1,0.9999995,0.42334053,-0.022036288,-0.5354927,1150,-1,0.6158434,0,Non-Buzzer
2040972841093669251,2026-04-07 05:05:35+00:00,1,"@awarman06 @aniesbaswedan IGRS Itu NASIONAL BUKAN CUMA JAKARTA DOANG Buzzer Yang Terhormat.
Bedain mana yang KONTEKS mana yang KORELASI. 
Kalo anda mau bahas dia waktu jadi Gubernur, oke ayo kuladeni pake Akun asli jangan akun Buzzer. 

Sok ngomongin 😅 kok anda tersinggung emang anda ngapain di komdigi",2041381853375127708,,awarman06,in,,0,0,0,https://x.com/HGrezex/status/2041381853375127708,798811626,HGrezex,46,id,keep_id_anchor,False,igrs itu nasional bukan cuma jakarta doang buzzer yang terhormat bedain mana yang konteks mana yang korelasi kalau anda mau bahas dia waktu jadi gubernur oke ayo kuladeni pake akun asli jangan akun buzzer sok ngomongin kok anda tersinggung emang anda ngapain di komdigi,[],0,1,269,44,0,1,1,0.3087,0.0216,1,1.0,40.7075,20,1.0,0.0,0.0,0.0,-1,0,0.66240734,0.329689,0.6686688,0.060929686,1151,-1,0.002288597,0,Non-Buzzer
2041381172002103670,2026-04-07 05:02:53+00:00,0,Thank you gaben for removing igrs from steam. Like why should we need another game rating?,2041381172002103670,,,en,,0,0,0,https://x.com/jeki_the_pirate/status/2041381172002103670,1643916940036169728,jeki_the_pirate,16,en,keep_id_anchor,False,thank you gaben for removing igrs from steam like why should we need another game rating,[],0,0,88,16,0,0,1,0.3396,0.0076,1,1.0,40.6625,20,0.0,0.0,0.0,0.0,1,0,0.8056885,0.42313737,-1.510694,0.039656952,1152,-1,0.009412007,0,Non-Buzzer
2041064580450021638,2026-04-07 04:59:25+00:00,0,"@harist_ixcents @ferrykoto @aniesbaswedan Kan benar, IGRS ini pembatasan, bukan kaya si asbun wan abud bilang ini pemberdayaan..",2041380300857761841,,harist_ixcents,in,,0,0,0,https://x.com/Bram_no3/status/2041380300857761841,1897919070684823554,Bram_no3,17,id,keep_id_anchor,False,kan benar igrs ini pembatasan bukan seperti si asbun wan abud bilang ini pemberdayaan,[],0,1,85,14,0,0,1,0.3806,0.0108,1,0.3333333333333333,40.60472222222222,22,3.0,5.0,0.0,0.0,-1,0,0.7436228,0.33154947,1.0031862,-0.49642265,1153,-1,0.008473577,0,Non-Buzzer
2041380148424171847,2026-04-07 04:58:49+00:00,28,"Komdigi mengungkap kalau Steam sudah minta maaf lewat email soal masalah rating IGRS.

""Jadi ada dua kan, website-nya, IGRS sama yang Steam. Itu belum connect tuh. Jadi, dia self-assessment. Jadi, tadi pagi mereka mengirim email minta maaf karena ada miskomunikasi,"" kata Komdigi. https://t.co/5AvoIwGbM0",2041380148424171847,https://pbs.twimg.com/media/HFRwOBibMAEKUUz.jpg,,in,,2,4,3,https://x.com/GamerwkID/status/2041380148424171847,1600014951438917632,GamerwkID,48,id,keep_id_anchor,False,komdigi mengungkap kalau steam sudah minta maaf lewat email soal masalah rating igrs jadi ada dua kan website nya igrs sama yang steam itu belum connect itu jadi dia self assessment jadi tadi pagi mereka mengirim email minta maaf karena ada miskomunikasi kata komdigi,[],0,0,267,44,0,37,0,0.431,0.0154,1,1.0,40.594722222222224,22,0.0,0.0,0.0,0.0,-1,0,0.79824567,0.31560943,-0.2820319,0.68339735,1154,-1,0.009294597,0,Non-Buzzer
2041374590048600157,2026-04-07 04:54:37+00:00,0,@MangAgus_10 @igrs wajib kasih rating 18+,2041379091916763374,,MangAgus_10,in,,0,1,0,https://x.com/wijayawilliam31/status/2041379091916763374,1467809322813906944,wijayawilliam31,6,id,keep_id_anchor,False,wajib kasih rating,[],0,1,18,3,0,1,1,0.7933,0.0065,1,0.5,3.207777777777778,22,2.0,1.0,0.0,0.0,4,1,0.8076972,0.3058996,0.09630211,0.5061429,1155,-1,0.014736581,0,Non-Buzzer
2041014444898255188,2026-04-07 04:54:17+00:00,0,"@RickFilmsTwo banh bagaimana caranya ke Australi, apakah lewat bea atau kerja

aku nak menghindari IGRS, game Ready or not kena banned disini",2041379009104388226,,RickFilmsTwo,in,,0,0,0,https://x.com/MrHighgrou79503/status/2041379009104388226,1812305456968409088,MrHighgrou79503,22,id,keep_id_anchor,False,banh bagaimana caranya ke australi apakah lewat bea atau kerja aku nak menghindari igrs game ready or not kena banned disini,[],0,1,124,21,0,0,1,0.6095,0.0081,1,1.0,40.51916666666666,22,1.0,1.0,0.0,0.0,-1,0,0.58312756,0.285906,-0.04706583,0.34421584,1156,-1,0.0012436002,0,Non-Buzzer
2041064580450021638,2026-04-07 04:49:56+00:00,0,"@ferrykoto @aryankushh @aniesbaswedan Meskipun bapak tidak mengatakan itu steam atau bukan
Tapi kalau itu bukan data spesifik tentang steam berarti bapak sudah keluar dari ranah diskusi utama yaitu tentang IGRS pada steam yang akan membatasi peredaran game
Market steam di indonesia sendiri terbilang kecil",2041377914026111269,,ferrykoto,in,,0,1,0,https://x.com/AchmadUmar17/status/2041377914026111269,1061564061626785793,AchmadUmar17,44,id,keep_id_anchor,False,meskipun bapak tidak mengatakan itu steam atau bukan tapi kalau itu bukan data spesifik tentang steam berarti bapak sudah keluar dari ranah diskusi utama yaitu tentang igrs pada steam yang akan membatasi peredaran game market steam di indonesia sendiri terbilang kecil,[],0,1,268,41,0,1,1,0.3533,0.0224,1,1.0,40.446666666666665,22,1.0,0.0,0.0,0.0,-1,0,0.77618825,0.33485293,0.085081056,-0.85482585,1157,-1,0.002347248,0,Non-Buzzer
2041118782664646973,2026-04-07 04:47:24+00:00,1,"@ekawicaksana ""Komdigi klaim bahwa mereka sudah meminta maaf kepada pihak Steam terkait bermasalahnya IGRS.""

ini judul yg bener nya ☝🏻",2041377279146971440,,ekawicaksana,in,,0,1,0,https://x.com/ianalvan95/status/2041377279146971440,1312411381241581568,ianalvan95,19,id,keep_id_anchor,False,komdigi klaim bahwa mereka sudah meminta maaf kepada pihak steam terkait bermasalahnya igrs ini judul yang benar nya,[],0,1,116,18,0,2,0,0.4357,0.0123,1,1.0,40.404444444444444,22,1.0,0.0,0.0,0.0,-1,0,0.7842527,0.27245653,0.40495226,0.3454959,1158,-1,0.0055675376,0,Non-Buzzer
2041376838774337640,2026-04-07 04:45:39+00:00,1,"Dedek di balkon diliatin tetangga
https://t.co/5IHNCHndPe
https://t.co/F7eECPA2iu
https://t.co/ylafEVD5ol

Senin selasa igrs steam malam selasa",2041376838774337640,,,in,,0,0,1,https://x.com/luctvie/status/2041376838774337640,1581568910,luctvie,23,id,keep_id_anchor,False,dedek di balkon diliatin tetangga senin selasa igrs steam malam selasa,[],0,0,70,11,0,2,0,0.8165,0.0014,1,0.5,5.558611111111111,22,0.0,0.0,0.0,0.0,-1,0,0.60306287,0.17454118,1.9008003,0.12530552,1159,-1,0.0018187229,0,Non-Buzzer
2040670731382743056,2026-04-07 04:44:42+00:00,1,"@BudiBukanIntel ada 4 jenis survey. mau yg manapun tetep ngaruh ke ZI mereka wkwkwk.
berhubung rating IGRS udah di rollback, jadi yaa gaperlu dulu wkwkwk",2041376599728410999,,BudiBukanIntel,in,,0,0,0,https://x.com/Claudio_sigit/status/2041376599728410999,1693160425,Claudio_sigit,25,id,keep_id_anchor,False,ada jenis survey mau yang manapun tetep ngaruh ke zi mereka wkwkwk berhubung rating igrs sudah di rollback jadi yaa gaperlu dulu wkwkwk,[],0,1,135,23,0,1,1,0.7352,0.0037,1,1.0,40.35944444444444,22,1.0,0.0,0.0,0.0,-1,0,0.6911081,0.35633373,-0.13060857,-0.25956744,1160,-1,0.0021883692,0,Non-Buzzer
2040979181333528951,2026-04-07 04:42:58+00:00,0,"@txtdrgame Tenang aja kak. Itu nnti akan dibenerin bla bla bla. Kita tunggu aja IGRS, bla bla bla

Barusan baca template buzzer kek, mata gua perih banget 🤯",2041376160114983175,,txtdrgame,in,,0,0,0,https://x.com/kaitou_kicks/status/2041376160114983175,113562885,kaitou_kicks,27,id,keep_id_anchor,False,tenang aja kak itu nnti akan dibenerin bla bla bla kita tunggu aja igrs bla bla bla barusan baca template buzzer kek mata saya perih banget,[],0,1,139,26,0,0,1,0.2364,0.0088,1,1.0,40.330555555555556,22,1.0,0.0,0.0,0.0,-1,0,0.73203564,0.28513142,1.375713,0.6163998,1161,-1,0.0009122729,0,Non-Buzzer
2041375792052289843,2026-04-07 04:41:30+00:00,0,"SPPG Sugiharjo Tuban membuat variasi menu yang istimewa dan menggugah selera untuk penerima manfaat.
Menu nasi mentega+ayam madu wijen+tahu kuah+ semangka+susu, menjadi menu pasca libur lebaran.

#LanjutkanMBG 

Pagiii THM Bali #TikTok 
IGRS Bekasi #sincerão https://t.co/TaljM2lt0p",2041375792052289843,https://pbs.twimg.com/ext_tw_video_thumb/2041375638377177088/pu/img/WOkxcCdzwOnkFfEa.jpg,,in,,0,0,0,https://x.com/Aprilia_wiji/status/2041375792052289843,326453024,Aprilia_wiji,41,id,keep_id_anchor,False,sppg sugiharjo tuban membuat variasi menu yang istimewa dan menggugah selera untuk penerima manfaat menu nasi mentega ayam madu wijen tahu kuah semangka susu menjadi menu pasca libur lebaran lanjutkanmbg pagiii thm bali tiktok igrs bekasi sincer o,[],0,0,247,38,0,0,1,0.511,0.0007,1,1.0,40.306111111111115,22,0.0,0.0,0.0,0.0,-1,0,0.593639,0.1598176,0.8058237,0.6565748,1162,-1,0.0011710051,0,Non-Buzzer
2041374692922335406,2026-04-07 04:37:08+00:00,1,Our latest analysis of the IGRS issue is out!,2041374692922335406,,,en,,0,0,0,https://x.com/darangsc/status/2041374692922335406,101963594,darangsc,9,en,keep_id_anchor,False,our latest analysis of the igrs issue is out,[],0,0,44,9,0,1,1,0.3274,0.012,1,1.0,40.233333333333334,22,0.0,0.0,0.0,0.0,-1,0,0.73662376,0.28681856,-1.4518199,1.6353916,1163,-1,0.0022982813,0,Non-Buzzer
2041374392249426127,2026-04-07 04:35:56+00:00,0,"di halaman steam aku ternyata masih pake rating system pegi, belum pake igrs (walaupun agak aneh soalnya aku udah set country di indonesia, tapi untung lah wkwk). jadi masih aman. tapi harusnya nggak apa-apa lah ya kalau udah beli mah",2041374392249426127,,,in,,0,1,0,https://x.com/tenderousy/status/2041374392249426127,2008171485870120960,tenderousy,41,id,keep_id_anchor,False,di halaman steam aku ternyata masih pake rating system pegi belum pake igrs walaupun agak aneh soalnya aku sudah set country di indonesia tapi untung lah wkwk jadi masih aman tapi harusnya tidak apa apa lah ya kalau sudah beli mah,[],0,0,230,41,0,1,1,0.3968,0.0292,1,1.0,40.21333333333333,22,0.0,0.0,0.0,0.0,-1,0,0.7624488,0.35842413,-0.47483099,-0.1139235,1164,-1,0.0038983354,0,Non-Buzzer
2041374141119668659,2026-04-07 04:34:56+00:00,3340,"Ini orang gak peduli dengan IGRS, cuma mau jatuhin Anies. Dia mau diskredit Anies bahwa ""Anies juga gak berpihak sama kalian para gamers"" padahal kita gak peduli sama Anies kecuali Armstrong. Dan dia dengan cuit kaya gini malah kontradiktif dengan standnya dia sendiri.

Nyatanya",2041374141119668659,,,in,,12,54,1112,https://x.com/madeltangapung/status/2041374141119668659,322430484,madeltangapung,44,id,keep_id_anchor,False,ini orang tidak peduli dengan igrs cuma mau jatuhin anies dia mau diskredit anies bahwa anies juga tidak berpihak sama kalian para gamers padahal kita tidak peduli sama anies kecuali armstrong dan dia dengan cuit seperti gini malah kontradiktif dengan standnya dia sendiri nyatanya,[],0,0,281,44,0,4518,0,0.3447,0.0158,1,0.5,39.29527777777778,22,0.0,2.0,0.0,0.0,-1,0,0.78519976,0.35468698,0.627307,-0.6262123,1165,-1,0.0054569375,0,Non-Buzzer
2041371423080587351,2026-04-07 04:24:08+00:00,498,"Sebagai seseorang yang pernah dikirim surat cinta 3x dari komdickgi, ga mungkin steam yang sudah punya jam terbang tinggi meminta maaf terkait rating game IGRS

Soalnya komdickgi isinya boomers kudet bisa kegocek meme timpa teks dan bahkan berita asli juga dapat surat cinta dari https://t.co/SVWMkjc5CO",2041371423080587351,https://pbs.twimg.com/media/HFRoePebsAEjazW.jpg,,in,,0,16,122,https://x.com/myshawti/status/2041371423080587351,1156869918370873344,myshawti,48,id,keep_id_anchor,False,sebagai seseorang yang pernah dikirim surat cinta x dari komdickgi tidak mungkin steam yang sudah punya jam terbang tinggi meminta maaf terkait rating game igrs soalnya komdickgi isinya boomers kudet bisa kegocek meme timpa teks dan bahkan berita asli juga dapat surat cinta dari,[],0,0,279,44,0,636,0,0.4279,0.013,1,1.0,40.016666666666666,22,0.0,0.0,0.0,0.0,-1,0,0.72285944,0.36624968,0.21141513,0.29033607,1166,-1,0.008616444,0,Non-Buzzer
2041371112492433499,2026-04-07 04:22:54+00:00,0,"Entar deh marah-marah IGRS nya, mo nyobain Breath of Fire IV dulu hari ini :D

🔴: 13.30 WIB (GMT+7)
🔗: https://t.co/eAOqIK85kR",2041371112492433499,,,in,,0,0,1,https://x.com/AneshMadyantara/status/2041371112492433499,1805890316907757568,AneshMadyantara,25,id,keep_id_anchor,False,entar deh marah marah igrs nya mo nyobain breath of fire iv dulu hari ini d wib gmt,[],0,0,83,18,0,1,1,0.7955,0.0068,1,0.5,0.15805555555555556,22,1.0,0.0,0.0,0.0,-1,0,0.70596486,0.24679254,1.4783189,1.2110226,1167,-1,0.0014636626,0,Non-Buzzer
2041369419251875855,2026-04-07 04:16:11+00:00,1,"GOATED PAPA GABEN, FUCK IGRS, FUCK KOMDIGI",2041369419251875855,,,da,,0,0,0,https://x.com/AtsuMaru_o7/status/2041369419251875855,1543097249957261313,AtsuMaru_o7,7,de,keep_id_anchor,False,goated papa gaben fuck igrs fuck komdigi,[],0,0,40,7,0,1,1,0.6987,0.0096,1,1.0,39.884166666666665,22,0.0,0.0,0.0,0.0,-1,0,0.76524043,0.23095177,1.6775446,1.4813821,1168,-1,0.0011358524,0,Non-Buzzer
2041368757243871696,2026-04-07 04:13:33+00:00,0,"Planing pemerintah bagus dari dulu

Cuman eksekusi jelek bgt bukan kasus IGRS aja ada beberapa bidang pun hampir serupa",2041368757243871696,,,in,,0,0,0,https://x.com/cryskabarchenow/status/2041368757243871696,1199464826218500096,cryskabarchenow,19,id,keep_id_anchor,False,planing pemerintah bagus dari dulu cuman eksekusi jelek banget bukan kasus igrs aja ada beberapa bidang pun hampir serupa,[],0,0,121,19,0,0,1,0.3602,0.011,1,1.0,39.84027777777778,22,0.0,0.0,0.0,0.0,-1,0,0.7242676,0.21796952,0.9573392,-0.2994848,1169,-1,0.0012354025,0,Non-Buzzer
2040972764278935648,2026-04-07 04:10:37+00:00,0,"@ARSIPAJA Kenapa sih harus ribet2 nyari kambing hitam Steam?🤔 Padahal jelas banget kalau rating itu MEMANG dari Komdigi lewat IGRS. Bukannya fokus cari solusi konstruktif, mlh sibuk nyebar disinformasi. Pemerintah udah kerja keras bikin sistem rating, ko mlh dipertanyakan kredibilitasnya?",2041368018794746239,,ARSIPAJA,in,,0,1,0,https://x.com/FilekRhino45516/status/2041368018794746239,2002283137855008768,FilekRhino45516,40,id,keep_id_anchor,False,mengapa sih harus ribet nyari kambing hitam steam padahal jelas banget kalau rating itu memang dari komdigi lewat igrs bukannya fokus cari solusi konstruktif mlh sibuk nyebar disinformasi pemerintah sudah kerja keras bikin sistem rating ko mlh dipertanyakan kredibilitasnya,[],0,1,273,39,0,1,1,1.0,0.0139,1,1.0,39.79138888888889,22,1.0,0.0,0.0,0.0,1,1,0.9999995,0.42334053,-0.022036288,-0.5354927,1170,-1,0.6158434,0,Non-Buzzer
2041367911068262759,2026-04-07 04:10:11+00:00,0,"Indonesia tu bagus kalo bikin konsep, tapi penerapannya selaluuu jelek. IGRS contohnya, MBG jg sih haha",2041367911068262759,,,in,,0,0,0,https://x.com/whereisnono/status/2041367911068262759,1081182824919527424,whereisnono,16,id,keep_id_anchor,False,indonesia itu bagus kalau bikin konsep tapi penerapannya selaluuu jelek igrs contohnya mbg jg sih haha,[],0,0,102,16,0,0,1,0.3661,0.0118,1,1.0,39.784166666666664,22,0.0,0.0,0.0,0.0,-1,0,0.7153058,0.3056796,0.5228091,0.033107445,1171,-1,0.002501065,0,Non-Buzzer
2041064580450021638,2026-04-07 04:09:18+00:00,7,"@ferrykoto @aniesbaswedan IZINNN 🙏ini berarti udah diverifikasi bang?
otome game. rating 3+ di website resmi IGRS 🙂🙏 https://t.co/kFu2IrzwFm",2041367690905067684,https://pbs.twimg.com/media/HFRlF9EagAAEAk2.jpg,ferrykoto,in,,0,1,2,https://x.com/5adnile8/status/2041367690905067684,1072206847568883712,5adnile8,20,id,keep_id_anchor,False,izinnn ini berarti sudah diverifikasi bang otome game rating di website resmi igrs,[],0,1,82,13,0,10,0,0.6108,0.0126,1,0.5,39.044444444444444,22,2.0,1.0,0.0,0.0,-1,0,0.7830318,0.3416132,-1.5753782,0.37685242,1172,-1,0.0070409756,0,Non-Buzzer
2041353677496254495,2026-04-07 04:07:28+00:00,35,"@affectio_seeker @ferrykoto Ga ada counter argument samsek tentang IGRS dia, malah bawa achievement anak2nya, padahal gatau kalo bapaknya kalo ngomong look down dan condescending banget berasa si paling paham padahal bidangnya listrik, classic boomer bau tanah. https://t.co/b4hviC7cGr",2041367226696270086,https://pbs.twimg.com/media/HFRkhtqa8AAfJHM.png,affectio_seeker,in,,0,1,1,https://x.com/sn_0_z_/status/2041367226696270086,1598808482899431424,sn_0_z_,40,id,keep_id_anchor,False,tidak ada counter argument samsek tentang igrs dia malah bawa achievement anak nya padahal gatau kalau bapaknya kalau ngomong look down dan condescending banget berasa si paling paham padahal bidangnya listrik classic boomer bau tanah,[],0,1,234,35,0,37,0,0.3657,0.0152,1,0.5,39.73888888888889,22,2.0,0.0,0.0,0.0,-1,0,0.59894127,0.2698013,0.8047031,-0.30371708,1173,-1,0.0038658583,0,Non-Buzzer
2040670731382743056,2026-04-07 04:01:07+00:00,1,@selalumautauu IGRS kontol,2041365628842566134,,selalumautauu,sl,,0,0,0,https://x.com/BudiBukanIntel/status/2041365628842566134,1794298849651212288,BudiBukanIntel,3,fi,keep_id_anchor,False,igrs kontol,[],0,1,11,2,1,1,1,1.0,0.007,1,1.0,39.63305555555556,22,1.0,4.0,0.0,0.0,0,1,1.0000002,0.3143916,0.28069115,1.3354275,1174,-1,0.008347766,0,Non-Buzzer
2040998374166716704,2026-04-07 03:49:53+00:00,0,@MrHighgrou79503 @LembagaKERIS Apa hubungan sama igrs dan formil anjir lu kira formil belain pemerintah 😹😹😹😹,2041362801801986466,,MrHighgrou79503,in,,0,1,0,https://x.com/SEdit2321840/status/2041362801801986466,1858235880965857280,SEdit2321840,14,id,keep_id_anchor,False,apa hubungan sama igrs dan formil anjir kamu kira formil belain pemerintah,[],0,1,74,12,0,1,1,0.2886,0.0048,1,1.0,39.44583333333333,22,1.0,0.0,0.0,0.0,-1,0,0.72794026,0.2668082,1.0928693,0.16769345,1175,-1,0.000804476,0,Non-Buzzer
2041064580450021638,2026-04-07 03:44:18+00:00,0,"@ferrykoto @sn_0_z_ @The_Takank @aniesbaswedan tap maaf nih, tapi di steam kan emang boleh juga dev melakukan self assesment di game mereka. Kaloupun ada miskom ternyata self assesment dev kagak sesuai sama assesment dari igrs la emang kagak ada komonukasi antara steam dan komdigi? trus kepana komdigi nyalahin steam bkan dev?",2041361396886319371,,ferrykoto,in,,0,1,0,https://x.com/kikkawa_kinji84/status/2041361396886319371,2652887353,kikkawa_kinji84,50,id,keep_id_anchor,False,tap maaf ini tapi di steam kan emang boleh juga dev melakukan self assesment di game mereka kaloupun ada miskom ternyata self assesment dev kagak sesuai sama assesment dari igrs la emang kagak ada komonukasi antara steam dan komdigi trus kepana komdigi nyalahin steam bkan dev,[],0,1,276,46,0,1,1,0.2794,0.0161,1,1.0,39.352777777777774,22,1.0,0.0,0.0,0.0,-1,0,0.77138114,0.34762052,0.49292427,-0.79063517,1176,-1,0.0030892617,0,Non-Buzzer
2041324725537054735,2026-04-07 03:42:49+00:00,0,"@kerissakti Masalah kebijakan, pasti personil, tetapi entah personil/oknum yang mana yang jadi pencetus polemik ini, patut dicari. Kalau tidak dicari ya yang jadi korban keseluruhan igrs.",2041361025837228063,,kerissakti,in,,0,0,0,https://x.com/doraemo1v/status/2041361025837228063,1162290760386879488,doraemo1v,27,id,keep_id_anchor,False,masalah kebijakan pasti personil tetapi entah personil oknum yang mana yang jadi pencetus polemik ini patut dicari kalau tidak dicari ya yang jadi korban keseluruhan igrs,[],0,1,170,26,0,0,1,0.2543,0.0085,1,1.0,39.32805555555556,22,1.0,0.0,0.0,0.0,-1,0,0.6654725,0.27762678,0.64025176,-0.5512289,1177,-1,0.0008041181,0,Non-Buzzer
2041360528317268336,2026-04-07 03:40:51+00:00,2,Pak ada game bokep dapet rating 3+ IGRS. Anda dukung distribusi pornografi untuk anak?????,2041360528317268336,,,in,,0,0,0,https://x.com/madeltangapung/status/2041360528317268336,322430484,madeltangapung,14,id,keep_id_anchor,False,pak ada game bokep dapet rating igrs anda dukung distribusi pornografi untuk anak,[],0,0,81,13,0,2,0,0.4817,0.0082,1,0.5,39.29527777777778,22,0.0,2.0,0.0,0.0,-1,0,0.67077243,0.32597142,-0.12652849,-0.8817835,1178,-1,0.0035190848,0,Non-Buzzer
2041324725537054735,2026-04-07 03:36:33+00:00,0,"@RahmanSuwi6198 @kerissakti Nope. Untuk keputusan sekarang IGRS bukan di Boomer faktanya. 

Ada di Gen X
Meuthia Hafid
Dan Sonny Hendra",2041359447126397215,,RahmanSuwi6198,in,,0,1,0,https://x.com/fizzzzyyyyyyy/status/2041359447126397215,1032224904,fizzzzyyyyyyy,20,id,keep_id_anchor,False,nope untuk keputusan sekarang igrs bukan di boomer faktanya ada di gen x meuthia hafid dan sonny hendra,[],0,1,103,18,0,1,1,0.3844,0.0071,1,0.5,39.22361111111111,22,2.0,1.0,0.0,0.0,-1,0,0.6498342,0.30468896,0.76325494,0.19958548,1179,-1,0.0021384433,0,Non-Buzzer
2041358969961406709,2026-04-07 03:34:39+00:00,0,Steam Hapus Rating IGRS yang Jadi Polemik di Medsos https://t.co/6VIWcR1klY,2041358969961406709,,,in,,0,0,0,https://x.com/detikinet/status/2041358969961406709,135815019,detikinet,13,id,keep_id_anchor,False,steam hapus rating igrs yang jadi polemik di medsos,[],0,0,51,9,0,0,1,0.3801,0.0023,1,0.3333333333333333,11.507777777777777,22,0.0,0.0,0.0,0.0,-1,0,0.7796531,0.41024745,-0.68845105,0.13308492,1180,-1,0.0037831243,0,Non-Buzzer
2041348390743924867,2026-04-07 03:34:37+00:00,7,@txtdrgame game novel 3+ kata IGRS,2041358962222923962,,txtdrgame,sl,,0,1,0,https://x.com/kevinabscratch/status/2041358962222923962,456574350,kevinabscratch,6,sl,keep_id_anchor,False,game novel kata igrs,[],0,1,20,4,0,8,0,0.0,0.0,1,1.0,39.19138888888889,22,1.0,0.0,0.0,0.0,-1,0,0.7254495,0.30499023,-0.6870026,1.3613714,1181,-1,0.0009774924,0,Non-Buzzer
2040491792295186826,2026-04-07 03:34:00+00:00,1,"@badakmeledak_ Emang ada kok Kak, dari 2014-an kalau ga salah komdigi (dl masih parekraf atau kominfo wkwk) ajak temen2 game dev (salah satunya studioku dl) utk diskusi soal perumusan IGRS ini. Trs sama AGI jg. Nah tapi liat hasilnya kyk gini mungkin ngelibatinnya sebatas formalitas aja :) https://t.co/wKPdZa82Zk",2041358807385903500,https://pbs.twimg.com/media/HFRdA7XaEAA02UR.jpg,badakmeledak_,in,,0,0,0,https://x.com/nenganchi/status/2041358807385903500,80253949,nenganchi,51,id,keep_id_anchor,False,emang ada kok kak dari an kalau tidak salah komdigi dl masih parekraf atau kominfo wkwk ajak temen game dev salah satunya studioku dl untuk diskusi soal perumusan igrs ini trs sama agi jg nah tapi liat hasilnya seperti gini mungkin ngelibatinnya sebatas formalitas aja,[],0,1,268,45,0,1,1,0.3344,0.0239,1,1.0,39.181111111111115,22,1.0,0.0,0.0,0.0,-1,0,0.7361909,0.43981203,0.23806773,-0.06348578,1182,-1,0.0067312415,0,Non-Buzzer
2041357007773630747,2026-04-07 03:32:41+00:00,0,@brandonsalim What us IGRS ser?,2041358475448680537,,brandonsalim,en,,0,0,0,https://x.com/RashkaLLC/status/2041358475448680537,1974320092273106944,RashkaLLC,5,id,keep_id_anchor,False,what us igrs ser,[],0,1,16,4,0,0,1,0.6226,0.0029,1,1.0,39.159166666666664,22,1.0,1.0,0.0,0.0,0,0,0.86540806,0.2927796,-1.5320064,2.317601,1183,-1,0.024220932,0,Non-Buzzer
2041357007773630747,2026-04-07 03:28:43+00:00,3,@RashkaLLC Tweet ini IGRS nya apa brok?,2041357475434430952,,RashkaLLC,in,,0,1,0,https://x.com/brandonsalim/status/2041357475434430952,78938870,brandonsalim,7,id,keep_id_anchor,False,tweet ini igrs nya apa brok,[],0,1,27,6,0,4,0,0.4085,0.0011,1,1.0,39.09305555555556,22,1.0,1.0,0.0,0.0,-1,0,0.77073276,0.26824096,1.2957491,0.64058,1184,-1,0.00087113737,0,Non-Buzzer
2041096311831986357,2026-04-07 03:25:48+00:00,1,@ezash nambahin. pada website resmi IGRS. beberapa game juga ratingnya perlu dibenahi. ini salah satu contohnya. otome game rating 3+ https://t.co/ZW96EMZiHM,2041356742068748510,https://pbs.twimg.com/media/HFRbIpRb0AAhdY8.jpg,ezash,in,,0,0,0,https://x.com/5adnile8/status/2041356742068748510,1072206847568883712,5adnile8,24,id,keep_id_anchor,False,nambahin pada website resmi igrs beberapa game juga ratingnya perlu dibenahi ini salah satu contohnya otome game rating,[],0,1,119,18,0,1,1,0.3643,0.0118,1,0.5,39.044444444444444,22,2.0,1.0,0.0,0.0,1,1,0.839326,0.39292383,-1.7758482,-0.21335813,1185,-1,0.26966652,0,Non-Buzzer
2041118782664646973,2026-04-07 03:24:56+00:00,1,"@ekawicaksana gw rada bingung ih, katany igrs itu reting dri indonesia, brati pihak indo yg ngeretingkan, knapa yg disalahin steam ny, mereka kan dh punya retingny dri dlu dan paham trus knapa dibilang salah steam anjir",2041356522849239360,,ekawicaksana,in,,0,1,0,https://x.com/istriphainon5/status/2041356522849239360,1948319389042020352,istriphainon5,36,id,keep_id_anchor,False,saya rada bingung ih katany igrs itu reting dri indonesia brati pihak indo yang ngeretingkan knapa yang disalahin steam ny mereka kan dh punya retingny dri dlu dan paham trus knapa dibilang salah steam anjir,[],0,1,207,35,0,2,0,0.2719,0.0142,1,1.0,39.03,22,1.0,0.0,0.0,0.0,-1,0,0.6947741,0.2658893,0.82023144,0.5261738,1186,-1,0.0015108451,0,Non-Buzzer
2040972841093669251,2026-04-07 03:19:57+00:00,0,"@_RyanKu @andrew_mnhtns @BatasAir @aniesbaswedan Yup, sayapun baru tau ada fitur keren ini. Tapi belum, tahu saat anak cukup umur apakah fitur ini masih aktif. Mengingat secara aturan sudah berhak membuat keputusan sendiri.

Kalau dari IGRS mungkin sebatas guidebook saja (CMIIW).",2041355268760777032,,_RyanKu,in,,0,1,0,https://x.com/yudsky/status/2041355268760777032,71489160,yudsky,40,id,keep_id_anchor,False,yup sayapun baru tau ada fitur keren ini tapi belum tahu saat anak cukup umur apakah fitur ini masih aktif mengingat secara aturan sudah berhak membuat keputusan sendiri kalau dari igrs mungkin sebatas guidebook saja cmiiw,[],0,1,222,36,0,1,1,0.3925,0.0141,1,0.5,37.16388888888889,22,1.0,1.0,0.0,0.0,-1,0,0.74028194,0.3322723,-0.21528777,-0.38551918,1187,-1,0.0038727394,0,Non-Buzzer
2040704635128943030,2026-04-07 03:16:54+00:00,2,"@EliasSanSan Setuju dgn hampir semua poinmu. Postingan Mas Eza &amp; AGI jg 100% benar. Ideally IGRS cm utk panduan ortu, bkn blokir.

Klo terpaksa kompromi dgn Komdigi, mgkn IGRS bs tambah rating 21+ utk game berkonten seksual, jadi game kyk GTA gk diblokir.

Maaf klo sebelumnya ada salah kata🙏",2041354503409267160,,EliasSanSan,in,,0,0,0,https://x.com/fareasy96/status/2041354503409267160,1236129966611263488,fareasy96,49,id,keep_id_anchor,False,setuju dengan hampir semua poinmu postingan mas eza agi jg benar ideally igrs cm untuk panduan ortu bkn blokir kalau terpaksa kompromi dengan komdigi mgkn igrs bs tambah rating untuk game berkonten seksual jadi game seperti gta gk diblokir maaf kalau sebelumnya ada salah kata,[],0,1,276,45,0,2,0,0.2581,0.0136,2,0.4,37.1175,22,3.0,2.0,0.0,0.0,-1,0,0.7260114,0.42397484,-0.25878733,-0.0072389604,1188,-1,0.016633656,0,Non-Buzzer
2041353677496254495,2026-04-07 03:13:37+00:00,27,"Kalau sy amati dari komen akun2 terkait soal rating IGRS, harus saya akui--termasuk dari klaim mereka sendiri-- mereka adalah gamers maniak.

Dan terbukti, kata2 yang mereka gunakan kasar2, dgn maki2, pakai akun anonim (memalsukan diri).

Ini sesuai ciri anak kecanduan game dari https://t.co/KXH3uafRHY",2041353677496254495,https://pbs.twimg.com/media/HFRXiiMbIAEl2q7.png,,in,,148,166,2,https://x.com/ferrykoto/status/2041353677496254495,24893875,ferrykoto,47,id,keep_id_anchor,False,kalau sy amati dari komen akun terkait soal rating igrs harus saya akui termasuk dari klaim mereka sendiri mereka adalah gamers maniak dan terbukti kata yang mereka gunakan kasar dengan maki pakai akun anonim memalsukan diri ini sesuai ciri anak kecanduan game dari,[],0,0,265,43,0,343,0,0.2878,0.0094,1,0.5,38.841388888888886,22,0.0,23.0,0.0,0.0,-1,0,0.7591444,0.39923012,-0.5749659,-0.36880717,1189,-1,0.003233216,0,Non-Buzzer
2040684902866411853,2026-04-07 03:13:28+00:00,0,@RRDelusi IGRS ngasih statement panjang-panjang cuma buat dikatain KONTOOOOOL,2041353636815761873,,RRDelusi,in,,0,0,0,https://x.com/hadehhalah/status/2041353636815761873,330871894,hadehhalah,10,id,keep_id_anchor,False,igrs ngasih statement panjang panjang cuma buat dikatain kontoooool,[],0,1,67,9,0,0,1,0.3712,0.005,1,1.0,38.83888888888889,22,1.0,0.0,0.0,0.0,-1,0,0.6571149,0.3540967,0.8830534,0.5601093,1190,-1,0.0011334346,0,Non-Buzzer
2041120779757400168,2026-04-07 03:12:19+00:00,1,"@MoRifky @Analyst_V2 1. Komdigi gaya2an bikin sistem rating game sendiri, namanya IGRS.
2. Ada game di Steam (publisher game) yg ratingnya ngawur.
3. Komdigi cuci tangan dgn bilang itu rating palsu oleh Steam.
4. Netizen ribut",2041353347643703351,,MoRifky,in,,0,1,0,https://x.com/Baliho821/status/2041353347643703351,1509547156373667840,Baliho821,36,id,keep_id_anchor,False,komdigi gaya an bikin sistem rating game sendiri namanya igrs ada game di steam publisher game yang ratingnya ngawur komdigi cuci tangan dengan bilang itu rating palsu oleh steam netizen ribut,[],0,1,192,31,0,2,0,0.3557,0.0176,1,1.0,38.819722222222225,22,1.0,0.0,0.0,0.0,1,0,0.89251554,0.447302,-1.033934,-0.14482078,1191,-1,0.88567156,1,Buzzer
2040972841093669251,2026-04-07 03:11:33+00:00,0,"@yudsky @andrew_mnhtns @BatasAir @aniesbaswedan Weh hebat dong, bisa jadi pedoman tuk diterapkan di gamestore lain. tapi berharap dev membatasi pemasukannya ya agak mustahil. Ini sejauh mana ya kewenangan IGRS nanti? apa bisa blokir total atau cuma sebatas guidebook aja ya?",2041353155926249960,,yudsky,in,,1,1,0,https://x.com/_RyanKu/status/2041353155926249960,3088992973,_RyanKu,40,id,keep_id_anchor,False,weh hebat dong bisa jadi pedoman tuk diterapkan di gamestore lain tapi berharap dev membatasi pemasukannya ya agak mustahil ini sejauh mana ya kewenangan igrs nanti apa bisa blokir total atau cuma sebatas guidebook aja ya,[],0,1,221,36,0,2,0,0.3937,0.0038,1,1.0,38.80694444444445,22,1.0,1.0,0.0,0.0,-1,0,0.7459236,0.37311178,0.13596201,-0.99537,1192,-1,0.0012210651,0,Non-Buzzer
2040966658286834141,2026-04-07 03:11:29+00:00,0,@kerissakti Yah kemarin gak sempet ngecek IGRS di steam,2041353140281454630,,kerissakti,in,,0,0,0,https://x.com/RosyiYi/status/2041353140281454630,1189055605358514176,RosyiYi,9,id,keep_id_anchor,False,yah kemarin tidak sempet ngecek igrs di steam,[],0,1,45,8,0,0,1,0.5878,0.015,1,1.0,38.80583333333333,22,1.0,0.0,0.0,0.0,-1,0,0.71665996,0.22287999,1.1414493,-0.07958783,1193,-1,0.0064607807,0,Non-Buzzer
2041269610822115341,2026-04-07 03:06:20+00:00,3,"@ferrykoto Terjemahan : ""Waduh, kalah debat soal IGRS nih. Saatnya mengalihkan pembicaraan menjadi 'kebiasaan buruk bermain game secara berlebihan', moga2 pada lupa kalo saya kemarin kalah debat soal IGRS.""",2041351843004252346,,ferrykoto,in,,0,0,0,https://x.com/Indie_S_Orilly/status/2041351843004252346,157970644,Indie_S_Orilly,28,id,keep_id_anchor,False,terjemahan waduh kalah debat soal igrs ini saatnya mengalihkan pembicaraan menjadi kebiasaan buruk bermain game secara berlebihan moga pada lupa kalau saya kemarin kalah debat soal igrs,[],0,1,185,27,0,3,0,0.2946,0.0054,2,0.5,38.72,22,3.0,2.0,0.0,0.16666666666666666,-1,0,0.720881,0.4077803,-0.034364704,-0.044553343,1194,-1,0.009405434,0,Non-Buzzer
2041118782664646973,2026-04-07 03:04:47+00:00,2,@ekawicaksana @Jamrd_fuzui Gak. Lagian ngakuaja igrs masih belom sempurna tinggal di update dah beres toh. Malah nyalahin orang lain.... Kayaknya pernah liat prilaku ini sih di mana gitu,2041351451159724525,,ekawicaksana,in,,0,0,0,https://x.com/Claey_simpuru/status/2041351451159724525,1043403035186089984,Claey_simpuru,28,id,keep_id_anchor,False,tidak lagian ngakuaja igrs masih belum sempurna tinggal di update dah beres toh malah nyalahin orang lain kayaknya pernah liat prilaku ini sih di mana gitu,[],0,1,155,26,0,2,0,0.2807,0.0258,1,1.0,38.69416666666667,22,1.0,0.0,0.0,0.0,-1,0,0.7267373,0.39886054,0.3951461,-0.12004454,1195,-1,0.0043382174,0,Non-Buzzer
2040618458627580374,2026-04-07 03:04:35+00:00,0,@ShaniBudi @novazakiyaa Beneran game heartopia di IGRS 18+? Alasannya apa tuh,2041351403973845378,,ShaniBudi,in,,0,0,0,https://x.com/donisuzaku/status/2041351403973845378,904563548222664704,donisuzaku,11,id,keep_id_anchor,False,beneran game heartopia di igrs alasannya apa itu,[],0,1,48,8,0,0,1,0.5587,0.0018,1,1.0,38.69083333333333,22,1.0,0.0,0.0,0.0,-1,0,0.5841824,0.3311546,0.2658105,-0.23370369,1196,-1,0.0024072349,0,Non-Buzzer
2040704635128943030,2026-04-07 02:59:15+00:00,1,"@fareasy96 Terakhir, izin repost dari SEAgamethetic, saya 100% setuju dng AGI.

Okay sorry kalo saya main tunjuk siapa yg salah, tapi jelas banyak hak yang harus dibenahi dari IGRS. Saya tidak anti-IGRS, saya menyayangkan inkompetensi mereka dalam implementasinya.

https://t.co/KKNBhgF8K8",2041350058814345498,,EliasSanSan,in,,0,1,0,https://x.com/EliasSanSan/status/2041350058814345498,2015320018754658304,EliasSanSan,43,id,keep_id_anchor,False,terakhir izin repost dari seagamethetic saya setuju dng agi okay sorry kalau saya main tunjuk siapa yang salah tapi jelas banyak hak yang harus dibenahi dari igrs saya tidak anti igrs saya menyayangkan inkompetensi mereka dalam implementasinya,[],0,1,243,37,0,2,0,0.2325,0.0131,4,0.6666666666666666,36.7875,19,1.0,1.0,0.0,0.0,-1,0,0.6565733,0.36021692,-0.34289643,0.0023674546,1197,-1,0.004285037,0,Non-Buzzer
2041348390743924867,2026-04-07 02:57:54+00:00,8,@txtdrgame Ada game steam genre khusus dewasa di labelin sama IGRS 3+ bang 🤭🤭🤭,2041349718740291611,,txtdrgame,in,,0,0,0,https://x.com/OrbitSyndrome/status/2041349718740291611,1322124807236853760,OrbitSyndrome,13,id,keep_id_anchor,False,ada game steam genre khusus dewasa di labelin sama igrs bang,[],0,1,60,11,0,8,0,0.4294,0.0055,1,0.5,36.80777777777778,19,2.0,0.0,0.0,0.0,-1,0,0.76811075,0.35668504,-0.69518054,-0.36882424,1198,-1,0.005199594,0,Non-Buzzer
2041349062755328431,2026-04-07 02:55:17+00:00,1,"Kocak sumpah, sebelum ada IGRS, steam udah punya rating sendiri. Pertanyaanku cuma itu yg sok bikin IGRS udah pernah bikin game/aplikasi yg dipublish entah di playstore/appstore/steam ga? Kalo itu terlalu berat minimal itch io dulu deh, pernah nggak?",2041349062755328431,,,in,,0,0,0,https://x.com/ichaciing/status/2041349062755328431,1442658204,ichaciing,41,id,keep_id_anchor,False,kocak sumpah sebelum ada igrs steam sudah punya rating sendiri pertanyaanku cuma itu yang sok bikin igrs sudah pernah bikin game aplikasi yang dipublish entah di playstore appstore steam tidak kalau itu terlalu berat minimal itch io dulu deh pernah tidak,[],0,0,254,41,0,1,1,0.3589,0.023,1,1.0,38.535833333333336,19,0.0,0.0,0.0,0.0,1,0,0.83182406,0.44374743,-0.7474765,-0.26574448,1199,-1,0.07890636,0,Non-Buzzer
2040988529577296200,2026-04-07 02:53:21+00:00,1,@BosPurwa urgensi ada IGRS ini apa ya? padahal bisa pake ESRB,2041348577579147400,,BosPurwa,in,,0,1,0,https://x.com/IKKIttebayo/status/2041348577579147400,59353936,IKKIttebayo,11,id,keep_id_anchor,False,urgensi ada igrs ini apa ya padahal bisa pake esrb,[],0,1,50,10,0,2,0,0.4788,0.0071,1,1.0,38.50361111111111,19,1.0,0.0,0.0,0.0,-1,0,0.7269416,0.3663595,1.0791211,0.12567908,1200,-1,0.0026772665,0,Non-Buzzer
2040704635128943030,2026-04-07 02:50:21+00:00,0,"@fareasy96 Saya rasa kalau kamu bilang masalah utamanya klasifikasi RC yg berpotensi penarikan game dari pasar Indonesia...lah kan selama ini Steam adem ayem saja pakaI IARC, PEGI, dan ESRB.

Pas implementasi IGRS, kok bisa RC? Ada upaya censorship kah? Katanya sudah kerjasama sama IARC...",2041347818686980265,,EliasSanSan,in,,0,1,0,https://x.com/EliasSanSan/status/2041347818686980265,2015320018754658304,EliasSanSan,45,id,keep_id_anchor,False,saya rasa kalau kamu bilang masalah utamanya klasifikasi rc yang berpotensi penarikan game dari pasar indonesia lah kan selama ini steam adem ayem saja pakai iarc pegi dan esrb pas implementasi igrs kok bisa rc ada upaya censorship kah katanya sudah kerjasama sama iarc,[],0,1,269,44,0,1,1,0.3043,0.0144,4,0.6666666666666666,36.7875,19,1.0,1.0,0.0,0.0,-1,0,0.7342019,0.3983436,-0.33384287,-0.49948665,1201,-1,0.007858483,0,Non-Buzzer
2040704635128943030,2026-04-07 02:45:44+00:00,0,"@fareasy96 Idealnya, problema yg kemarin itu tidak seharusnya terjadi atau bisa ditangani dng lebih baik.

Bukan masalah di age rating kamu bilang? No, noo, itu justru salah satu poin masalahnya. Justru karena gamer Indonesia itu peduli, kita mau IGRS diperbaiki...

https://t.co/O9dMgRF9oG",2041346656969564260,,EliasSanSan,in,,0,1,0,https://x.com/EliasSanSan/status/2041346656969564260,2015320018754658304,EliasSanSan,44,id,keep_id_anchor,False,idealnya problema yang kemarin itu tidak seharusnya terjadi atau bisa ditangani dng lebih baik bukan masalah di age rating kamu bilang no noo itu justru salah satu poin masalahnya justru karena gamer indonesia itu peduli kita mau igrs diperbaiki,[],0,1,245,39,0,1,1,0.3772,0.0218,4,0.6666666666666666,36.7875,19,1.0,1.0,0.0,0.0,-1,0,0.7214334,0.37352425,0.029367149,-0.8091312,1202,-1,0.010008462,0,Non-Buzzer
2040704635128943030,2026-04-07 02:41:36+00:00,0,"@fareasy96 Kalau ujung-ujungnya debat kusir, percuma... Yang jelas kita tahu kalau IGRS ini belum siap untuk di-implementasikan.

Kamu benar kok, saya ga nyalahin kamu. Hanya saja keterbukaan akan opini itu ga bisa sepihak. Jika dan hanya jika IGRS sudah melakukan semua yg kamu sebutkan...",2041345617201619059,,EliasSanSan,in,,0,1,0,https://x.com/EliasSanSan/status/2041345617201619059,2015320018754658304,EliasSanSan,46,id,keep_id_anchor,False,kalau ujung ujungnya debat kusir percuma yang jelas kita tahu kalau igrs ini belum siap untuk di implementasikan kamu benar kok saya tidak nyalahin kamu hanya saja keterbukaan akan opini itu tidak bisa sepihak jika dan hanya jika igrs sudah melakukan semua yang kamu sebutkan,[],0,1,275,45,0,1,1,0.3737,0.025,4,0.6666666666666666,36.7875,19,1.0,1.0,0.0,0.0,-1,0,0.6969265,0.35325187,0.29383555,-0.34373975,1203,-1,0.009103764,0,Non-Buzzer
2041345112744374303,2026-04-07 02:39:35+00:00,0,"Camkan IGRS, jangan ngasal ya, saya bergekut di dunia game development juga, tp juga mainin game² di luar sana, kalo sampe salah rating, gak cuma saya. Ini orang² di tanah air bakal turun tangan.",2041345112744374303,,,in,,0,0,0,https://x.com/hosjou/status/2041345112744374303,80850764,hosjou,34,id,keep_id_anchor,False,camkan igrs jangan ngasal ya saya bergekut di dunia game development juga tp juga mainin game di luar sana kalau sampe salah rating tidak cuma saya ini orang di tanah air bakal turun tangan,[],0,0,189,34,0,0,1,0.2524,0.0169,1,1.0,38.274166666666666,19,0.0,0.0,0.0,0.0,-1,0,0.73652565,0.40988225,0.35963124,-0.571141,1204,-1,0.0054558194,0,Non-Buzzer
2041344765170725068,2026-04-07 02:38:13+00:00,0,Semalem mimpi ngobrolin IGRS sama robert pattinson di pizza hut lg nunggu pesenan jadi,2041344765170725068,,,in,,0,0,0,https://x.com/yourwin0na/status/2041344765170725068,1046060602303569920,yourwin0na,14,id,keep_id_anchor,False,semalem mimpi ngobrolin igrs sama robert pattinson di pizza hut lg nunggu pesenan jadi,[],0,0,86,14,0,0,1,0.3546,0.0015,1,1.0,38.25138888888889,19,0.0,0.0,0.0,0.0,-1,0,0.5098052,0.14450479,1.5255114,0.25803244,1205,-1,0.00081382325,0,Non-Buzzer
2041344270167359697,2026-04-07 02:36:15+00:00,0,shut down IGRS,2041344270167359697,,,en,,0,0,0,https://x.com/MengolianBeef/status/2041344270167359697,1817776723351719936,MengolianBeef,3,en,keep_id_anchor,False,shut down igrs,[],0,0,14,3,0,0,1,0.7982,0.0009,2,1.0,38.09444444444444,19,1.0,0.0,0.0,0.0,-1,0,0.72849643,0.18943073,-0.9520303,1.9755236,1206,-1,0.0011612556,0,Non-Buzzer
2041064580450021638,2026-04-07 02:34:27+00:00,0,"@royyannn @ferrykoto @sn_0_z_ @aniesbaswedan jdi mksd lu ini publisher udh isi kuisioner trus igrs verif lalu ngasih rate 3+ ?
tolol dong ? https://t.co/C9bWKrvzqc",2041343818428289414,https://pbs.twimg.com/media/HFRPYcfbkAAv5Tk.jpg,royyannn,in,,0,1,0,https://x.com/The_Takank/status/2041343818428289414,1232694928070676481,The_Takank,25,id,keep_id_anchor,False,jdi mksd kamu ini publisher sudah isi kuisioner trus igrs verif lalu ngasih rate tolol dong,[],0,1,91,16,0,1,1,0.3161,0.01,1,1.0,38.18861111111111,19,1.0,0.0,0.0,0.0,-1,0,0.6617173,0.33286923,0.8901661,0.18202858,1207,-1,0.0013620587,0,Non-Buzzer
2040491792295186826,2026-04-07 02:30:09+00:00,1,@badakmeledak_ Gua mau tanya sih kalau anak pejabat main game yang disensor IGRS reaksinya bagaimana ya. Atau jangan-jangan mereka dapat versi tanpa sensornya?,2041342738978005353,,badakmeledak_,in,,0,0,0,https://x.com/wibi_januar/status/2041342738978005353,3235880690,wibi_januar,24,id,keep_id_anchor,False,saya mau tanya sih kalau anak pejabat main game yang disensor igrs reaksinya bagaimana ya atau jangan jangan mereka dapat versi tanpa sensornya,[],0,1,143,23,0,1,1,0.5246,0.0153,1,1.0,38.11694444444444,19,1.0,0.0,0.0,0.0,-1,0,0.7158773,0.3680091,-0.44442222,-0.96320873,1208,-1,0.021479994,0,Non-Buzzer
2040685239228653915,2026-04-07 02:28:48+00:00,1,"@iPoopBased lucunya ASN itu ngelawan jurnalis game soal data dan behavior pemain 😭 jangan karena lu kerja buat pemerintah lu jadi tau segala hal, minimal sentuh dulu tuh media yang mau lu klasifikasi dan rating, bikin IGRS ga ada urgency apa apa. masalah yang di ada adain",2041342395850305651,,iPoopBased,in,,0,0,0,https://x.com/MengolianBeef/status/2041342395850305651,1817776723351719936,MengolianBeef,46,id,keep_id_anchor,False,lucunya asn itu ngelawan jurnalis game soal data dan behavior pemain jangan karena kamu kerja buat pemerintah kamu jadi tau segala hal minimal sentuh dulu itu media yang mau kamu klasifikasi dan rating bikin igrs tidak ada urgency apa apa masalah yang di ada adain,[],0,1,264,45,0,1,1,0.2898,0.0243,2,1.0,38.09444444444444,19,1.0,0.0,0.0,0.0,-1,0,0.6582153,0.34406894,0.13186823,-1.0147743,1209,-1,0.0024396507,0,Non-Buzzer
2040704635128943030,2026-04-07 02:24:24+00:00,0,"@EliasSanSan Kalau kita percaya klaim Komdigi klo Steam 'minta maaf' lwt email ke mereka karena kesalahan proses rating, knp Komdigi hrs minta maaf?

Dlm skenario tsb, cuma Steam yang melakukan kesalahan.

Masalah IGRS itu bkn di rating yg salah, tapi potensi pemblokiran game dgn rating RC.",2041341288315052346,,fareasy96,in,,0,1,0,https://x.com/fareasy96/status/2041341288315052346,1236129966611263488,fareasy96,46,id,keep_id_anchor,False,kalau kita percaya klaim komdigi kalau steam minta maaf lwt email ke mereka karena kesalahan proses rating mengapa komdigi hrs minta maaf dlm skenario tsb cuma steam yang melakukan kesalahan masalah igrs itu bkn di rating yang salah tapi potensi pemblokiran game dengan rating rc,[],0,1,279,45,0,1,1,0.4357,0.0142,2,0.4,37.1175,19,3.0,2.0,0.0,0.0,-1,0,0.79824567,0.3916886,-0.13401738,-0.14166777,1210,-1,0.046766955,0,Non-Buzzer
2041004995194085656,2026-04-07 02:23:09+00:00,0,"@Otaku_Anime_Ind ngeban game itu yang bermasalah. Game kek gta, the witcher, BG3 ato cyberpunk kedepannya gk bakal bisa didistribusikan di indo soalnya ada partial nudity, yang jelas2 ditolak keraas ama system IGRS ini. Good luck sih kalo mau maksa dev buat ngepatch, lbih milih mundur rata2",2041340974975365225,,Otaku_Anime_Ind,in,,0,0,0,https://x.com/fayn57/status/2041340974975365225,1162251489185652741,fayn57,46,id,keep_id_anchor,False,ngeban game itu yang bermasalah game kek gta the witcher bg ato cyberpunk kedepannya gk bakal bisa didistribusikan di indo soalnya ada partial nudity yang jelas ditolak keraas sama system igrs ini good luck sih kalau mau maksa dev buat ngepatch lbih milih mundur rata,[],0,1,267,45,0,0,1,0.2241,0.0111,1,1.0,38.000277777777775,19,1.0,0.0,0.0,0.0,-1,0,0.7595484,0.35312638,0.5646011,-0.81157225,1211,-1,0.0018885273,0,Non-Buzzer
2041120779757400168,2026-04-07 02:20:47+00:00,0,"@Analyst_V2 w yakim itu sistem IGRS juga pake sistem bot buat memfilter nya,, qlo manual sendiri mah beuh cape ...🤣 apalagi kerja nya u know lah.",2041340380885737485,,Analyst_V2,in,,0,0,0,https://x.com/SAHRY013/status/2041340380885737485,1360613588449193989,SAHRY013,25,id,keep_id_anchor,False,w yakim itu sistem igrs juga pake sistem bot buat memfilter nya qlo manual sendiri mah beuh cape apalagi kerja nya u know lah,[],0,1,125,24,0,0,1,0.4866,0.0142,1,1.0,37.96083333333333,19,1.0,0.0,0.0,0.0,-1,0,0.6214287,0.32217214,-0.029323291,0.4494217,1212,-1,0.012019768,0,Non-Buzzer
2040704635128943030,2026-04-07 02:19:44+00:00,0,"@EliasSanSan @mhuseinali 1. IGRS sudah establish sistem review secara lgsg dgn mengisi form, seperti yg udh dishare Mas Kris Antoni dari Toge
2. IGRS sudah establish syarat klasifikasi lewat permenkominfo dan website IGRS
3. IGRS jg sudah tergabung dgn IARC utk mempermudah klasifikasi rating game.",2041340114631336194,,EliasSanSan,in,,0,1,0,https://x.com/fareasy96/status/2041340114631336194,1236129966611263488,fareasy96,45,id,keep_id_anchor,False,igrs sudah establish sistem review secara lgsg dengan mengisi form seperti yang sudah dishare mas kris antoni dari toge igrs sudah establish syarat klasifikasi lewat permenkominfo dan website igrs igrs jg sudah tergabung dengan iarc untuk mempermudah klasifikasi rating game,[],0,1,274,40,0,1,1,0.3973,0.0109,2,0.4,37.1175,19,3.0,2.0,0.0,0.0,-1,0,0.77610296,0.30608213,-1.6084332,0.91006935,1213,-1,0.0062480117,0,Non-Buzzer
2041340064471597290,2026-04-07 02:19:32+00:00,0,"Selama steam berjalan tanpa campur tangan kementerian tolol ini kayaknya kita gk pernah dengar ada masalah rating game. 

Masalah baru muncul setelah si tolol ini masuk dgn igrs nya kan? 

So yeah... Ini salah steam.. 
100%",2041340064471597290,,,in,,0,0,0,https://x.com/idlanyer_erdna/status/2041340064471597290,379009369,idlanyer_erdna,36,id,keep_id_anchor,False,selama steam berjalan tanpa campur tangan kementerian tolol ini kayaknya kita gk pernah dengar ada masalah rating game masalah baru muncul setelah si tolol ini masuk dengan igrs nya kan so yeah ini salah steam,[],0,0,209,35,0,0,1,0.435,0.0157,1,1.0,37.94,19,0.0,0.0,0.0,0.0,1,0,0.8165078,0.46079576,0.0040120874,-0.71961105,1214,-1,0.81597054,0,Non-Buzzer
2041324725537054735,2026-04-07 02:12:43+00:00,1,"@ankbwn @kerissakti Betul banget, yang gw benci dari IGRS itu mereka menyamaratakan semua kalangan ke standar mereka, mau gw main game adult kek game gore kek terserah gw selama gw udah cukup umur,  itulah gunanya rating buat jadi penanda isi konten nya bisa dikonsumsi umur berapa aja",2041338349240430823,,ankbwn,in,,0,0,0,https://x.com/BurningCoffee0/status/2041338349240430823,1442367430253166599,BurningCoffee0,47,id,keep_id_anchor,False,betul banget yang saya benci dari igrs itu mereka menyamaratakan semua kalangan ke standar mereka mau saya main game adult kek game gore kek terserah saya selama saya sudah cukup umur itulah gunanya rating buat jadi penanda isi konten nya bisa dikonsumsi umur berapa aja,[],0,1,270,45,0,1,1,0.3427,0.0104,1,0.3333333333333333,10.664444444444445,19,3.0,1.0,0.0,0.0,1,1,0.8095027,0.36131984,-0.21090192,-0.6405492,1215,-1,0.030445995,0,Non-Buzzer
2041118782664646973,2026-04-07 02:06:27+00:00,1,"@ekawicaksana @PepThird Jangan bohong kamu, kata mbak mbak IGRS pasar kita besar lho",2041336774459531732,,ekawicaksana,in,,0,1,0,https://x.com/AkunNomerRandom/status/2041336774459531732,1270007167932706817,AkunNomerRandom,13,id,keep_id_anchor,False,jangan bohong kamu kata mbak mbak igrs pasar kita besar lho,[],0,1,59,11,0,2,0,0.4107,0.0048,1,1.0,37.721944444444446,19,1.0,0.0,0.0,0.0,-1,0,0.70800185,0.28903872,1.387441,0.09346116,1216,-1,0.0010440587,0,Non-Buzzer
2041324959050690944,2026-04-07 02:05:21+00:00,0,@GemaShowIndo jangan lupa videonya ko Aldo waktu bahas IGRS sama komdigi,2041336493952909749,,GemaShowIndo,in,,0,0,0,https://x.com/quantaaa_/status/2041336493952909749,1087203834902892544,quantaaa_,11,id,keep_id_anchor,False,jangan lupa videonya ko aldo waktu bahas igrs sama komdigi,[],0,1,58,10,0,0,1,0.4447,0.0115,1,1.0,37.70361111111111,19,1.0,0.0,0.0,0.0,-1,0,0.6874646,0.2377611,0.9068123,0.64910483,1217,-1,0.005663809,0,Non-Buzzer
2041324725537054735,2026-04-07 02:03:09+00:00,4,"@BurningCoffee0 @kerissakti RC ganti jadi 21+
Sama tambahin RP (Rating Pending) buat game yang masih dalam proses kurasi/belum didaftarkan ke IGRS",2041335944197136656,,BurningCoffee0,in,,0,0,0,https://x.com/hi_bagus/status/2041335944197136656,82270508,hi_bagus,22,id,keep_id_anchor,False,rc ganti jadi sama tambahin rp rating pending buat game yang masih dalam proses kurasi belum didaftarkan ke igrs,[],0,1,112,19,0,4,0,0.3518,0.0142,1,1.0,37.66694444444445,19,1.0,0.0,0.0,0.0,-1,0,0.7155017,0.31088805,-1.3867128,-0.0037168562,1218,-1,0.0018380904,0,Non-Buzzer
2040977610319241574,2026-04-07 02:02:22+00:00,0,"@agarpac tau dah, di banding mereka pada deploy bajer mending dipake dananya buat benerin noh blunder igrs anjj",2041335744577548592,,agarpac,in,,0,0,0,https://x.com/AthallahriqMS/status/2041335744577548592,1362549303454015488,AthallahriqMS,18,id,keep_id_anchor,False,tau dah di banding mereka pada deploy bajer mending dipake dananya buat benerin noh blunder igrs anjj,[],0,1,101,17,0,0,1,0.6157,0.0088,1,1.0,37.653888888888886,19,1.0,1.0,0.0,0.0,-1,0,0.62801147,0.3614557,0.52086043,0.043852087,1219,-1,0.0025077322,0,Non-Buzzer
2041335312908239133,2026-04-07 02:00:39+00:00,0,Someone said IGRS stand for Indonesia Gooning Rating System ☠️,2041335312908239133,,,en,,0,0,0,https://x.com/15sketsa/status/2041335312908239133,1285467339996016640,15sketsa,9,en,keep_id_anchor,False,someone said igrs stand for indonesia gooning rating system,[],0,0,59,9,0,0,1,0.8293,0.0124,1,1.0,37.625277777777775,19,0.0,0.0,0.0,0.0,1,1,0.91293764,0.30707598,-2.205151,1.5257664,1220,-1,0.6968214,0,Non-Buzzer
2041335050655223838,2026-04-07 01:59:36+00:00,0,tebak berapa M dana keluar buat IGRS bullshiit nya komdigi,2041335050655223838,,,in,,0,0,0,https://x.com/scandal_dante/status/2041335050655223838,88901866,scandal_dante,10,id,keep_id_anchor,False,tebak berapa m dana keluar buat igrs bullshiit nya komdigi,[],0,0,58,10,0,0,1,1.0,0.0215,1,1.0,37.60777777777778,29,0.0,0.0,0.0,0.0,-1,0,0.6996728,0.2480159,1.1020576,0.054224186,1221,-1,0.0028218506,0,Non-Buzzer
2041023862826262753,2026-04-07 01:57:06+00:00,0,@rizki33new @gamespark Di igrs banyak masalah ga human review seperti full game nya,2041334420842701135,,rizki33new,in,,0,0,0,https://x.com/RodzaAkbar_JpId/status/2041334420842701135,1699779695838199808,RodzaAkbar_JpId,13,id,keep_id_anchor,False,di igrs banyak masalah tidak human review seperti full game nya,[],0,1,63,11,0,0,1,0.6603,0.0157,1,0.5,0.4702777777777778,29,2.0,0.0,0.0,0.0,-1,0,0.7137077,0.36973152,-0.3985257,-0.623872,1222,-1,0.059298884,0,Non-Buzzer
2041333605264453976,2026-04-07 01:53:52+00:00,7,"The thing is, the ESRB is just a non-profit NGO that rates games to provide information. 

Meanwhile, the IGRS, with its dumbass rating system, is run by the government and meant to control. It's their attempt to force censorship.",2041333605264453976,,,en,,0,1,5,https://x.com/Howie3D/status/2041333605264453976,1849799907730960384,Howie3D,41,en,keep_id_anchor,False,the thing is the esrb is just a non profit ngo that rates games to provide information meanwhile the igrs with its dumbass rating system is run by the government and meant to control it s their attempt to force censorship,[],0,0,221,41,0,13,0,0.4457,0.0219,1,0.5,10.771944444444445,29,0.0,0.0,0.0,0.0,-1,0,0.6857861,0.3963874,-0.92393506,0.096448705,1223,-1,0.019040797,0,Non-Buzzer
2041332871768740332,2026-04-07 01:50:57+00:00,2,"Karena kemarin kami baru selesai Resident Evil Requiem, untuk kedepannya kalian pingin kami live main game apa ? atau ngobrol-ngobrol soal industri misal ngomongin IGRS ?

Jangan suruh maen game baru, ora duwe duwit bos 😂

https://t.co/lMk7LDCGHt",2041332871768740332,,,in,,0,1,0,https://x.com/mog_mediaa/status/2041332871768740332,1020980221955080193,mog_mediaa,38,id,keep_id_anchor,False,karena kemarin kami baru selesai resident evil requiem untuk kedepannya kalian pingin kami live main game apa atau ngobrol ngobrol soal industri misal ngomongin igrs jangan suruh maen game baru ora duwe duwit bos,[],0,0,212,34,0,3,0,0.2555,0.008,1,1.0,37.46361111111111,29,0.0,20.0,0.0,0.0,-1,0,0.60522664,0.31659606,0.91584265,-0.29552636,1224,-1,0.0009245168,0,Non-Buzzer
2041017583227589026,2026-04-07 01:48:44+00:00,4,"@thejjkimm - Pemerintah bikin sistem rating, namanya IGRS
- ratingnya ngaco, game yang jelas2 porno dapat rating 3+, game aman dpt rating 18+ dan ada bbrp game yang ga boleh beredar gara2 rating ini
- gamers marah
- Buzzer resmi komdigi malah menyalahkan Steam salah kasih rating",2041332314106712474,,thejjkimm,in,,0,0,0,https://x.com/si4riNew/status/2041332314106712474,1507769095152103431,si4riNew,43,id,keep_id_anchor,False,pemerintah bikin sistem rating namanya igrs ratingnya ngaco game yang jelas porno dapat rating game aman dpt rating dan ada bbrp game yang tidak boleh beredar gara rating ini gamers marah buzzer resmi komdigi malah menyalahkan steam salah kasih rating,[],0,1,251,40,0,4,0,0.3145,0.0294,1,1.0,37.42666666666667,29,1.0,0.0,0.0,0.0,1,0,0.8180171,0.4401501,-0.8369336,-0.40389338,1225,-1,0.26668286,0,Non-Buzzer
2041324959050690944,2026-04-07 01:47:30+00:00,1,"@GemaShowIndo IGRS = Ih Gue Rating Suka2, terus begitu ketauan salahnya langsung nuding salah steam, dan claim steam minta maaf. Dikira steam baru lahir kemaren https://t.co/7trYmpI6WN",2041332001920503845,https://pbs.twimg.com/tweet_video_thumb/HFREob-acAAGYTg.jpg,GemaShowIndo,in,,0,0,0,https://x.com/boihitori/status/2041332001920503845,887118833009303552,boihitori,28,id,keep_id_anchor,False,igrs ih saya rating suka terus begitu ketauan salahnya langsung nuding salah steam dan claim steam minta maaf dikira steam baru lahir kemaren,[],0,1,141,23,0,1,1,0.2606,0.0072,1,1.0,37.40611111111111,29,1.0,0.0,0.0,0.0,-1,0,0.7842527,0.36447126,0.027550213,-0.12978514,1226,-1,0.0011692418,0,Non-Buzzer
2040491792295186826,2026-04-07 01:45:32+00:00,34,"@badakmeledak_ Teman2, saya hanya ingin mengingatkan

Mari fokus kritisi konteks kebijakannya, jangan pribadi personilnya.

Kasihan orang2 teknis IGRS yg ditugaskan, karena tidak sepenuhnya direction itu di tangan mereka.

Jangan serang2 personil apalagi sampai ngulik2 pribadi orang ya.",2041331507546264017,,badakmeledak_,in,,2,0,3,https://x.com/kerissakti/status/2041331507546264017,64586729,kerissakti,37,id,keep_id_anchor,False,teman saya hanya ingin mengingatkan mari fokus kritisi konteks kebijakannya jangan pribadi personilnya kasihan orang teknis igrs yang ditugaskan karena tidak sepenuhnya direction itu di tangan mereka jangan serang personil apalagi sampai ngulik pribadi orang ya,[],0,1,261,36,0,39,0,1.0,0.0153,2,0.6666666666666666,1.665,29,2.0,24.0,0.0001606425702811245,0.006153846153846154,-1,0,0.99999976,0.22779432,0.77814823,-0.26342615,1227,-1,0.18740445,0,Non-Buzzer
2041118782664646973,2026-04-07 01:41:18+00:00,1,@ekawicaksana Hi @Steam @Steam_Support @valvesoftware did you really issued an apologize statement regarding to IGRS implementation? We did not aware there was any.,2041330443774214625,,ekawicaksana,en,,0,0,0,https://x.com/salmontamago14/status/2041330443774214625,1172485640174260224,salmontamago14,23,en,keep_id_anchor,False,hi did you really issued an apologize statement regarding to igrs implementation we did not aware there was any,[],0,1,111,19,0,1,1,0.3121,0.0069,1,1.0,37.30277777777778,29,1.0,0.0,0.0,0.0,-1,0,0.6546671,0.24764971,-0.8611688,1.48746,1228,-1,0.000804476,0,Non-Buzzer
2041324725537054735,2026-04-07 01:40:49+00:00,153,"@kerissakti Fokus ke ngilangin rating RC aja guys, saat ini emang udah di rollback dari steam tapi kalau suatu saat IGRS balik lagi dan RC masih ada it'll become a big problem once again, kita ngga tau mereka bakal pake RC buat hapus game apa aja, fokus kawal hapus RC/ganti RC jadi 21+",2041330323670392896,,kerissakti,in,,0,4,16,https://x.com/BurningCoffee0/status/2041330323670392896,1442367430253166599,BurningCoffee0,55,id,keep_id_anchor,False,fokus ke ngilangin rating rc aja guys saat ini emang sudah di rollback dari steam tapi kalau suatu saat igrs balik lagi dan rc masih ada it ll become a big problem once again kita tidak tau mereka bakal pake rc buat hapus game apa aja fokus kawal hapus rc ganti rc jadi,[],0,1,269,53,0,173,0,0.5678,0.0153,1,0.3333333333333333,10.664444444444445,29,3.0,1.0,0.0,0.0,-1,0,0.6893366,0.39021352,-0.2297599,-0.33342585,1229,-1,0.04453656,0,Non-Buzzer
2041058364512161818,2026-04-07 01:37:35+00:00,0,@tanyakanrl Rating IGRS aja kaga bener,2041329507391697100,,tanyakanrl,in,,0,0,0,https://x.com/dennyrd/status/2041329507391697100,83075717,dennyrd,6,id,keep_id_anchor,False,rating igrs aja kaga benar,[],0,1,26,5,0,0,1,0.7528,0.0022,1,1.0,37.240833333333335,29,1.0,0.0,0.0,0.0,4,0,0.8226806,0.38030565,-0.3829084,0.32654634,1230,-1,0.019438135,0,Non-Buzzer
2041329178868642295,2026-04-07 01:36:16+00:00,0,lol baru mau twit komdigi sok asik eh king gaben udah hapus rating igrs,2041329178868642295,,,in,,0,0,0,https://x.com/grieuver/status/2041329178868642295,740857590188408835,grieuver,14,id,keep_id_anchor,False,lol baru mau twit komdigi sok asik eh king gaben sudah hapus rating igrs,[],0,0,72,14,0,0,1,0.4928,0.0106,1,1.0,37.21888888888889,29,0.0,0.0,0.0,0.0,-1,0,0.7661372,0.37743393,0.18937744,0.9281758,1231,-1,0.0034732476,0,Non-Buzzer
2040972841093669251,2026-04-07 01:32:58+00:00,0,"@_RyanKu @andrew_mnhtns @BatasAir @aniesbaswedan Yup, itu kenapa secara konsep, saya setuju IGRS. Bisa membantu para ortu yang peduli. Cuma eksekusinya aja yang tampak ngasal jalan layaknya MBG dan KMP.",2041328346227982598,,_RyanKu,in,,0,1,0,https://x.com/yudsky/status/2041328346227982598,71489160,yudsky,29,id,keep_id_anchor,False,yup itu mengapa secara konsep saya setuju igrs bisa membantu para ortu yang peduli cuma eksekusinya aja yang tampak ngasal jalan layaknya mbg dan kmp,[],0,1,149,25,0,1,1,0.2534,0.0042,1,0.5,37.16388888888889,29,1.0,1.0,0.0,0.0,-1,0,0.6083758,0.31434232,0.40422454,0.15720856,1232,-1,0.0013385612,0,Non-Buzzer
2041327954136055987,2026-04-07 01:31:24+00:00,0,"lau aja kaga ngerti sama apa yg lg lu omongin.

gini aja. lu kalo kaga tau sama sekali sama “gim, steam, whatever” gausah asal asalan buat igrs some bullshit. udah ada pegi, gausah ikut ikut bikin copycat yg gajelas pula.",2041327954136055987,,,in,,0,0,0,https://x.com/SOLDIERB00y/status/2041327954136055987,1992472500010373120,SOLDIERB00y,40,id,keep_id_anchor,False,lau aja kaga ngerti sama apa yang lg kamu omongin gini aja kamu kalau kaga tau sama sekali sama game steam whatever gausah asal asalan buat igrs some bullshit sudah ada pegi gausah ikut ikut bikin copycat yang gajelas pula,[],0,0,222,40,0,0,1,0.5034,0.0096,1,1.0,37.13777777777778,29,0.0,0.0,0.0,0.0,-1,0,0.75003195,0.4333658,0.34252685,-0.5860432,1233,-1,0.0051790224,0,Non-Buzzer
2040704635128943030,2026-04-07 01:30:11+00:00,0,"@Alf90596480 @mhuseinali Justru diskusi ini kan utk sharing info. 

Makanya, apa kesalahan dari pihak IGRS dalam hal rating Steam ini? 

Udah ada syarat setiap klasifikasi di permenkominfo dan website IGRS.

Steam seharusnya tinggal mengikuti logika dari syarat-syarat itu.",2041327645775032555,,Alf90596480,in,,0,0,0,https://x.com/fareasy96/status/2041327645775032555,1236129966611263488,fareasy96,39,id,keep_id_anchor,False,justru diskusi ini kan untuk sharing info makanya apa kesalahan dari pihak igrs dalam hal rating steam ini sudah ada syarat setiap klasifikasi di permenkominfo dan website igrs steam seharusnya tinggal mengikuti logika dari syarat syarat itu,[],0,1,241,37,0,0,1,0.3973,0.007,2,0.4,37.1175,29,3.0,2.0,0.0,0.0,-1,0,0.79784024,0.38429785,-0.9811372,0.0065778447,1234,-1,0.006957787,0,Non-Buzzer
2041324725537054735,2026-04-07 01:29:02+00:00,0,@kerissakti Saya berharap ada perbaikan dan update bagus buat IGRS ke depannya.,2041327355659256035,,Arii765,in,,0,1,0,https://x.com/Arii765/status/2041327355659256035,304400656,Arii765,12,id,keep_id_anchor,False,saya berharap ada perbaikan dan update bagus buat igrs ke depannya,[],0,1,66,11,0,1,1,0.413,0.0057,1,0.5,37.098333333333336,29,1.0,2.0,0.0,0.0,-1,0,0.61643827,0.28750062,-0.47246796,0.45724893,1235,-1,0.0015157799,0,Non-Buzzer
2041064580450021638,2026-04-07 01:27:21+00:00,0,"@ferrykoto @aniesbaswedan Lo tau ga IGRS, G-nya itu singkatan dari GOBLOK",2041326931342418196,,ferrykoto,in,,0,0,0,https://x.com/MerahLarva/status/2041326931342418196,794166498465939456,MerahLarva,12,id,keep_id_anchor,False,kamu tau tidak igrs g nya itu singkatan dari goblok,[],0,1,51,10,0,0,1,0.5076,0.022,1,1.0,37.070277777777775,29,1.0,0.0,0.0,0.0,-1,0,0.6409532,0.26640204,0.87687796,0.39873725,1236,-1,0.0037929327,0,Non-Buzzer
2040704635128943030,2026-04-07 01:25:40+00:00,0,"@fareasy96 @mhuseinali Nah, yuk yuk, udah dulu Steam-nya, fokus ke IGRS. Dari artikel di atas, siapa yg banyak kerja? IGRS udah ngapain aja dong? Lepas tangan selama prosesnya? Hii, seramnya...

Nah, statement terbarunya, katanya ""Steam sudah meminta maaf atas kesalahannya"". Okay, IGRS udah minta maaf?",2041326511408759101,,EliasSanSan,in,,0,1,0,https://x.com/EliasSanSan/status/2041326511408759101,2015320018754658304,EliasSanSan,46,id,keep_id_anchor,False,nah yuk yuk sudah dulu steam nya fokus ke igrs dari artikel di atas siapa yang banyak kerja igrs sudah ngapain aja dong lepas tangan selama prosesnya hii seramnya nah statement terbarunya katanya steam sudah meminta maaf atas kesalahannya okay igrs sudah minta maaf,[],0,1,265,44,0,1,1,0.2582,0.0081,4,0.6666666666666666,36.7875,29,1.0,1.0,0.0,0.0,-1,0,0.76537794,0.34821534,0.6809171,0.47680664,1237,-1,0.0021636134,0,Non-Buzzer
2040941129051611519,2026-04-07 01:25:32+00:00,0,@kurawa Jadi rating IGRS itu diambil dari rating user review apa gimana sih? Kok tiba tiba bahas user review?,2041326475287404678,,kurawa,in,,0,0,0,https://x.com/fathanmsatria/status/2041326475287404678,1389342720,fathanmsatria,19,id,keep_id_anchor,False,jadi rating igrs itu diambil dari rating user review apa bagaimana sih kok tiba tiba bahas user review,[],0,1,102,18,0,0,1,0.6662,0.0059,1,1.0,37.04,29,1.0,0.0,0.0,0.0,1,0,0.80266136,0.32027826,-1.9747511,0.8863947,1238,-1,0.00332116,0,Non-Buzzer
2041324807946661907,2026-04-07 01:21:20+00:00,0,"Tuh komdigi atau komd.....o urus tuh judol judol yg merajalela, malah sok sokan bikin IGRS yg malah blinder juga toh",2041325419081904607,,rizaatta,in,,0,1,0,https://x.com/rizaatta/status/2041325419081904607,444557424,rizaatta,21,id,keep_id_anchor,False,itu komdigi atau komd o urus itu judol judol yang merajalela malah sok sokan bikin igrs yang malah blinder juga toh,[],0,1,115,21,0,1,1,0.6978,0.0129,1,1.0,36.97,29,0.0,0.0,0.0,0.0,-1,0,0.76120317,0.23252486,1.0635202,0.01466815,1239,-1,0.0028454196,0,Non-Buzzer
2041118782664646973,2026-04-07 01:20:12+00:00,1,"@72labs @ekawicaksana paling lewat email (surat online) dan steam bilang minta maaf karena balesan steam nya gini

""we are sorry to hear that your IGRS policy is suck and many people hate it.""",2041325132925592017,,72labs,en,,0,0,0,https://x.com/MistharOzhima/status/2041325132925592017,1167626134508335104,MistharOzhima,33,en,keep_id_anchor,False,paling lewat email surat online dan steam bilang minta maaf karena balesan steam nya gini we are sorry to hear that your igrs policy is suck and many people hate it,[],0,1,164,31,0,1,1,0.3656,0.0138,1,1.0,36.95111111111111,29,1.0,0.0,0.0,0.0,-1,0,0.72687685,0.33124626,-0.49646762,1.0256661,1240,-1,0.0017508593,0,Non-Buzzer
2041320631900545143,2026-04-07 01:19:34+00:00,7,"@memefess Jangan lupa PSE yang bikin Paypal dan Steam sempat diblokir. PSE ini sebenernya lebih bahaya karena pemerintah leluasa mengakses data pengguna aplikasi dan mengontrol konten internet. Salah satu dampak nyatanya adalah pembatasan postingan medsos, dan IGRS hanyalah sekuelnya.",2041324974900912590,,memefess,in,,0,0,0,https://x.com/FaeezEmpire/status/2041324974900912590,1358730523,FaeezEmpire,39,id,keep_id_anchor,False,jangan lupa pse yang bikin paypal dan steam sempat diblokir pse ini sebenernya lebih bahaya karena pemerintah leluasa mengakses data pengguna aplikasi dan mengontrol konten internet salah satu dampak nyatanya adalah pembatasan postingan medsos dan igrs hanyalah sekuelnya,[],0,1,271,38,0,7,0,0.3572,0.0119,1,0.5,35.88805555555555,29,1.0,0.0,0.0,0.0,-1,0,0.65981066,0.31144166,0.13477854,-0.62987113,1241,-1,0.0030561134,0,Non-Buzzer
2041324959050690944,2026-04-07 01:19:30+00:00,280,"Gw tweet ulang..pen bahas di video soal IGRS, gw akan kumpulin beberapa resource yg akan dibahas di video. Feel free juga utk ngasih sources yg ingin w bahas",2041324959050690944,,,in,,0,11,37,https://x.com/GemaShowIndo/status/2041324959050690944,383110522,GemaShowIndo,29,id,keep_id_anchor,False,saya tweet ulang pen bahas di video soal igrs saya akan kumpulin beberapa resource yang akan dibahas di video feel free juga untuk ngasih sources yang ingin w bahas,[],0,0,164,29,0,328,0,0.456,0.0075,2,0.6666666666666666,36.30583333333333,29,1.0,4.0,0.0,0.0,-1,0,0.6874646,0.20091672,0.20559008,0.63530225,1242,-1,0.0017573576,0,Non-Buzzer
2040685239228653915,2026-04-07 01:19:00+00:00,0,"@iPoopBased Market kita bener gede tapi untuk game f2p sedangkan untuk game premium di PC maupun konsol kita ini hanya remah-remah aja jadi jangan merasa sok penting.

Saya hargai IGRS ini niatnya baik tapi seperti banyak kebijakan lainnya hanya baik di niatnya saja.",2041324830193340557,,iPoopBased,in,,0,0,0,https://x.com/hilizme/status/2041324830193340557,1674709732777660416,hilizme,44,id,keep_id_anchor,False,market kita benar gede tapi untuk game f p sedangkan untuk game premium di pc maupun konsol kita ini hanya remah remah aja jadi jangan merasa sok penting saya hargai igrs ini niatnya baik tapi seperti banyak kebijakan lainnya hanya baik di niatnya saja,[],0,1,252,44,0,0,1,0.3296,0.0084,1,1.0,36.931111111111115,29,1.0,0.0,0.0,0.0,-1,0,0.6894134,0.35128695,-0.2163235,-0.8099864,1243,-1,0.0011676514,0,Non-Buzzer
2041324725537054735,2026-04-07 01:18:35+00:00,2673,"Teman2, saya hanya ingin mengingatkan

Mari fokus kritisi konteks kebijakannya, jangan pribadi personilnya.

Kasihan orang2 teknis IGRS yg ditugaskan, karena tidak sepenuhnya direction itu di tangan mereka.

Jangan serang2 personil apalagi sampai ngulik2 pribadi orang ya.",2041324725537054735,,,in,,19,83,665,https://x.com/kerissakti/status/2041324725537054735,64586729,kerissakti,36,id,keep_id_anchor,False,teman saya hanya ingin mengingatkan mari fokus kritisi konteks kebijakannya jangan pribadi personilnya kasihan orang teknis igrs yang ditugaskan karena tidak sepenuhnya direction itu di tangan mereka jangan serang personil apalagi sampai ngulik pribadi orang ya,[],0,0,261,36,0,3440,0,1.0,0.0153,2,0.6666666666666666,1.665,29,2.0,24.0,0.0001606425702811245,0.006153846153846154,-1,0,0.99999976,0.22779432,0.77814823,-0.26342615,1244,-1,0.18740445,0,Non-Buzzer
2040691915184812518,2026-04-07 01:15:43+00:00,0,@reruzensky @kemkomdigi bro igrs lupa valve pernah menang lawan trolling pattern dari roschild😭😂,2041324003621834907,,reruzensky,in,,0,0,0,https://x.com/GOALIATHH/status/2041324003621834907,1826520534831841280,GOALIATHH,13,sv,keep_id_anchor,False,bro igrs lupa valve pernah menang lawan trolling pattern dari roschild,[],0,1,70,11,0,0,1,0.3012,0.0039,1,1.0,36.87638888888889,29,1.0,0.0,0.0,0.0,-1,0,0.57682383,0.32615826,0.012502843,0.89146376,1245,-1,0.0011966685,0,Non-Buzzer
2041323644824228172,2026-04-07 01:14:17+00:00,0,"aku sebenrnya setuju apabila implementasi IGRS ini bagus. tiap negara punya customarynya tersendiri kita punya budaya dan norma sosial tersendiri kalo penerapannya kaya CERO punya jepang sih setuju"" aja yahh lah ini kocak banget absurddd",2041323644824228172,,,in,,0,0,0,https://x.com/itskadeks/status/2041323644824228172,1992834334571806720,itskadeks,35,id,keep_id_anchor,False,aku sebenrnya setuju apabila implementasi igrs ini bagus tiap negara punya customarynya tersendiri kita punya budaya dan norma sosial tersendiri kalau penerapannya seperti cero punya jepang sih setuju aja yahh lah ini kocak banget absurddd,[],0,0,239,35,0,0,1,0.2736,0.0071,1,1.0,36.8525,29,0.0,0.0,0.0,0.0,-1,0,0.5693855,0.27654117,0.244155,-0.099002786,1246,-1,0.00081480015,0,Non-Buzzer
2041311213976768844,2026-04-07 01:11:36+00:00,0,"@elbrutico_555 Coba liat deh website nya igrs ini, website aja beselemak gini kok berani berani nya bilang steam yg minta maaf.",2041322969704923596,,elbrutico_555,in,,0,0,0,https://x.com/OrbitSyndrome/status/2041322969704923596,1322124807236853760,OrbitSyndrome,21,id,keep_id_anchor,False,coba liat deh website nya igrs ini website aja beselemak gini kok berani berani nya bilang steam yang minta maaf,[],0,1,112,20,0,0,1,0.34,0.0096,1,0.5,36.80777777777778,29,2.0,0.0,0.0,0.0,-1,0,0.730209,0.3358266,0.9597792,0.4029392,1247,-1,0.0021406391,0,Non-Buzzer
2040704635128943030,2026-04-07 01:10:23+00:00,0,"@fareasy96 @mhuseinali I know, I knoww, ga ada yg tahu... 

Tapi kenapa kamu bisa menduga Steam aja yg salah? Steam jauh lebih tua dari IGRS, Steam pasti punya tim audit. Selama ini Steam mengacu ke PEGI untuk age rating system.

Nah, logika aja deh, siapa yg lebih tahu soal rating? Steam atau IGRS?",2041322662165909757,,fareasy96,in,,0,1,0,https://x.com/EliasSanSan/status/2041322662165909757,2015320018754658304,EliasSanSan,53,id,keep_id_anchor,False,i know i knoww tidak ada yang tahu tapi mengapa kamu bisa menduga steam aja yang salah steam jauh lebih tua dari igrs steam pasti punya tim audit selama ini steam mengacu ke pegi untuk age rating system nah logika aja deh siapa yang lebih tahu soal rating steam atau igrs,[],0,1,271,51,0,1,1,0.2972,0.0176,4,0.6666666666666666,36.7875,29,1.0,1.0,0.0,0.0,-1,0,0.78176475,0.35034218,-0.6844745,-0.17876092,1248,-1,0.0089043155,0,Non-Buzzer
2041321916942913714,2026-04-07 01:07:25+00:00,0,"Baru join 2018 ke Steam, tp sejujurnya sudah main game sejak 2013, walau masih menggunakan praktik tani.

Sudah teracuni membeli game steam discount setiap sale dan ada 10+ game yg tidak tersentuh sejak dibeli.

Part time Game Rater for IGRS boleh banget, 1 judul 100k boleh https://t.co/hbs6FEGftU",2041321916942913714,https://pbs.twimg.com/media/HFQ7dibbgAAwhG0.jpg,,in,,0,0,0,https://x.com/quatrevightdix/status/2041321916942913714,615797213,quatrevightdix,50,id,keep_id_anchor,False,baru join ke steam tp sejujurnya sudah main game sejak walau masih menggunakan praktik tani sudah teracuni membeli game steam discount setiap sale dan ada game yang tidak tersentuh sejak dibeli part time game rater for igrs boleh banget judul k boleh,[],0,0,250,42,0,0,1,0.3109,0.019,1,1.0,36.738055555555555,29,0.0,0.0,0.0,0.0,-1,0,0.7998046,0.3858254,-0.32976,-0.9710953,1249,-1,0.0031896147,0,Non-Buzzer
2041321752958291995,2026-04-07 01:06:46+00:00,0,"IGRS is so fucking stupid, like how can those hentai games rate is 13+ and THOSE TOTALLY NORMAL GAME IS 18++++ ??????",2041321752958291995,,,en,,0,0,0,https://x.com/enjzuu/status/2041321752958291995,1517898430773088257,enjzuu,21,en,keep_id_anchor,False,igrs is so fucking stupid like how can those hentai games rate is and those totally normal game is,[],0,0,98,19,0,0,1,0.5687,0.0127,1,1.0,36.727222222222224,29,0.0,0.0,0.0,0.0,-1,0,0.7940583,0.38692713,-1.2403003,0.13761307,1250,-1,0.010041797,0,Non-Buzzer
2041321477249892792,2026-04-07 01:05:40+00:00,0,"Untuk saat ini, rating IGRS di Steam memang dihilangkan. Tetapi buat kalian semua, jangan terlalu lengah.

Kenapa? Kita harus berkaca dari kejadian beberapa tahun lalu, tepat pada saat PSE mulai dilaksanakan.",2041321477249892792,,,in,,0,1,0,https://x.com/BigABust7/status/2041321477249892792,1863006936901492736,BigABust7,31,id,keep_id_anchor,False,untuk saat ini rating igrs di steam memang dihilangkan tetapi buat kalian semua jangan terlalu lengah mengapa kita harus berkaca dari kejadian beberapa tahun lalu tepat pada saat pse mulai dilaksanakan,[],0,0,201,31,0,1,1,0.3572,0.0053,1,1.0,36.708888888888886,29,0.0,0.0,0.0,0.0,-1,0,0.7762971,0.41477665,-0.03732709,-0.50085676,1251,-1,0.0016313602,0,Non-Buzzer
2040685530082627871,2026-04-07 00:55:58+00:00,2,"@awarman06 @reruzensky @kemkomdigi Disini yang dibahas itu sistem rating nya yg jelas² flawed. Lo bisa ga sih konstruktif ngertiin kenapa IGRS itu inferior ketimbang PEGI &amp; ESRB? 

Literasi lo kek anak sd sumpah ngentot, keliatan bngt winrate hero² lu di ml jg dibawah 60% kontol wkwkw",2041319036789948793,,awarman06,in,,0,0,0,https://x.com/hklrzki/status/2041319036789948793,1082664210318807040,hklrzki,46,id,keep_id_anchor,False,disini yang dibahas itu sistem rating nya yang jelas flawed kamu bisa tidak sih konstruktif ngertiin mengapa igrs itu inferior ketimbang pegi esrb literasi kamu kek anak sd sumpah ngentot keliatan banget winrate hero kamu di ml jg dibawah kontol wkwkw,[],0,1,251,41,0,2,0,0.3828,0.019,2,1.0,36.486111111111114,11,1.0,0.0,0.0,0.0,-1,0,0.7764792,0.43205363,-0.28122753,-0.19912481,1252,-1,0.0052417372,0,Non-Buzzer
2040685530082627871,2026-04-07 00:52:18+00:00,2,"@awarman06 @reruzensky @kemkomdigi Tantangan gue masih berlaku ye bencong penyepong igrs

https://t.co/BXL0ba5k7w",2041318112558219349,,hklrzki,in,,0,0,0,https://x.com/hklrzki/status/2041318112558219349,1082664210318807040,hklrzki,15,id,keep_id_anchor,False,tantangan saya masih berlaku ye bencong penyepong igrs,[],0,1,54,8,0,2,0,0.2477,0.0086,2,1.0,36.486111111111114,11,1.0,0.0,0.0,0.0,-1,0,0.50478303,0.23714817,0.8591992,-0.11049609,1253,-1,0.00091082125,0,Non-Buzzer
2041001216428380480,2026-04-07 00:51:28+00:00,51,"@sunsetJhesus bedanya, ESRB itu ngo, IGRS itu produk komdigi/pemerintah.

ESRB cuma ngasih rating, ga ngatur. IGRS jelas banget bisa dipake senjata sama pemerintah buat blokir/censoring sembarangan.",2041317903610609746,,sunsetJhesus,in,,0,1,0,https://x.com/Christyandi_R/status/2041317903610609746,1224722012871876608,Christyandi_R,28,id,keep_id_anchor,False,bedanya esrb itu ngo igrs itu produk komdigi pemerintah esrb cuma ngasih rating tidak ngatur igrs jelas banget bisa dipake senjata sama pemerintah buat blokir censoring sembarangan,[],0,1,180,27,0,52,0,0.3528,0.0206,1,1.0,36.47222222222222,11,1.0,1.0,0.0,0.0,-1,0,0.6876002,0.3468889,0.5393334,-0.11297757,1254,-1,0.0017000813,0,Non-Buzzer
2041317280009928998,2026-04-07 00:49:00+00:00,0,@Steam @Steam_Support is the statement in the news true? Because your side haven't even issued a press release regarding this IGRS issue. Thank you.,2041317280009928998,,Steam,en,,0,0,0,https://x.com/Cameliatty/status/2041317280009928998,1761269838901805056,Cameliatty,25,en,keep_id_anchor,False,is the statement in the news true because your side haven t even issued a press release regarding this igrs issue thank you,[],0,1,123,23,0,0,1,0.3449,0.0139,1,1.0,36.431111111111115,11,1.0,0.0,0.0,0.0,-1,0,0.67375576,0.26583576,-0.46921718,0.7709346,1255,-1,0.0014309598,0,Non-Buzzer
2041120779757400168,2026-04-07 00:45:42+00:00,2,"@Rujakkks262598 @Analyst_V2 Bener sih developer game nya gak akan ngasal kasih rating. Cuma IGRS ntah gak ngajak ato ngajak tapi gak transparan, makanya salah ngasih rating. Kalo masalah rating game ya harus ajak semua kalangan di industri gamenya kayak developer, gamer, bahkan toko game nya di ajak.",2041316452289159246,,Rujakkks262598,in,,0,0,0,https://x.com/KholiqArRazan/status/2041316452289159246,1357151057160278019,KholiqArRazan,47,id,keep_id_anchor,False,benar sih developer game nya tidak akan ngasal kasih rating cuma igrs ntah tidak ngajak ato ngajak tapi tidak transparan makanya salah ngasih rating kalau masalah rating game ya harus ajak semua kalangan di industri gamenya seperti developer gamer bahkan toko game nya di ajak,[],0,1,276,45,0,2,0,0.3529,0.0276,1,1.0,36.37611111111111,11,1.0,0.0,0.0,0.0,-1,0,0.78585136,0.37650037,-0.5963157,-1.2450286,1256,-1,0.0052468795,0,Non-Buzzer
2041309533122056337,2026-04-07 00:45:02+00:00,1,"@XxEscAltF4 Dan sperti yg w ketik diatas..w ngetik gni karena banyak yg nunjuk ke gw..makanya w ketik, gw jg tau kok mana yg ditujukan ke yg lain dn mana yg ke w wkwk 🙌🏻 anyway..NEED SOURCE LAGIII (konteks IGRS)",2041316282495299825,,XxEscAltF4,in,,0,3,0,https://x.com/GemaShowIndo/status/2041316282495299825,383110522,GemaShowIndo,41,id,keep_id_anchor,False,dan sperti yang w ketik diatas w ngetik gni karena banyak yang nunjuk ke saya makanya w ketik saya jg tau kok mana yang ditujukan ke yang lain dn mana yang ke w wkwk anyway need source lagiii konteks igrs,[],0,1,204,40,0,4,0,0.3894,0.0066,2,0.6666666666666666,36.30583333333333,11,1.0,4.0,0.0,0.0,-1,0,0.62398434,0.31976107,0.3018786,0.64888734,1257,-1,0.0011037787,0,Non-Buzzer
2041309533122056337,2026-04-07 00:41:29+00:00,1,"@XxEscAltF4 Klo ad source yg mw w bahas, feel free tarok d sni ya (konteks IGRS)",2041315388378829201,,GemaShowIndo,in,,0,0,0,https://x.com/GemaShowIndo/status/2041315388378829201,383110522,GemaShowIndo,16,en,keep_id_anchor,False,kalau ad source yang mw w bahas feel free tarok d sni ya konteks igrs,[],0,1,69,15,0,1,1,0.456,0.0045,2,0.6666666666666666,36.30583333333333,11,1.0,4.0,0.0,0.0,-1,0,0.5665418,0.29742002,0.17157468,0.7203088,1258,-1,0.0020564054,0,Non-Buzzer
2041313576540086676,2026-04-07 00:34:17+00:00,15,"kalau zaman dulu ada IGRS itu golongan 30 tahun ke atas masa mudanya pasti gak akan ada yang main Metal Slug di rental PS 1 sampek tamat. 

atau main GTA cuma buat jungkit-jungkitin mobil.

makasih Metal Slug &amp; GTA udah kasih masa muda yang asyik.",2041313576540086676,,,in,,1,1,7,https://x.com/efenerr/status/2041313576540086676,89326335,efenerr,46,id,keep_id_anchor,False,kalau zaman dulu ada igrs itu golongan tahun ke atas masa mudanya pasti tidak akan ada yang main metal slug di rental ps sampek tamat atau main gta cuma buat jungkit jungkitin mobil makasih metal slug gta sudah kasih masa muda yang asyik,[],0,0,237,43,0,24,0,0.3668,0.0167,1,1.0,36.185833333333335,11,0.0,0.0,0.0,0.0,-1,0,0.5524869,0.26411384,0.89201814,-0.47139084,1259,-1,0.0029820888,0,Non-Buzzer
2041311530189488622,2026-04-07 00:26:09+00:00,0,"Game of The Year 2025 dicap tidak layak edar, sementara konten dewasa bebas masuk dengan label ramah anak. Kesan pertama saat berlakunya sistem rating IGRS.

https://t.co/7QucilLC7b",2041311530189488622,,,in,,0,0,0,https://x.com/melekmedia/status/2041311530189488622,146060482,melekmedia,29,id,keep_id_anchor,False,game of the year dicap tidak layak edar sementara konten dewasa bebas masuk dengan label ramah anak kesan pertama saat berlakunya sistem rating igrs,[],0,0,148,24,0,0,1,0.4489,0.0218,1,0.3333333333333333,36.05027777777778,11,0.0,0.0,0.0,0.0,-1,0,0.76916313,0.382548,-1.0139575,-0.53491354,1260,-1,0.019282876,0,Non-Buzzer
2040972841093669251,2026-04-07 00:19:24+00:00,0,@aniesbaswedan co kita hampir punya presiden yang ampe igrs aja diurusin sama dia,2041309834046476678,,aniesbaswedan,in,,0,0,0,https://x.com/imthaitea/status/2041309834046476678,1108287837038772224,imthaitea,13,id,keep_id_anchor,False,co kita hampir punya presiden yang ampe igrs aja diurusin sama dia,[],0,1,66,12,0,0,1,0.3879,0.0005,1,1.0,35.937777777777775,11,1.0,0.0,0.0,0.0,-1,0,0.60546017,0.2128254,1.4867425,0.18191212,1261,-1,0.00097166916,0,Non-Buzzer
2041309080921473268,2026-04-07 00:16:25+00:00,1,Katanya IGRS kan untuk melindungi anak-anak dari bahaya game ya? Tapi belum lama ini ada seorang anak SMK di Kudus yang diintimidasi pemerintah karena mengkritik MBG dan anak SMP di Gresik kena peluru nyasar TNI. Jadi mana yang lebih berbahaya bagi anak-anak?,2041309080921473268,,,in,,0,0,0,https://x.com/FaeezEmpire/status/2041309080921473268,1358730523,FaeezEmpire,44,id,keep_id_anchor,False,katanya igrs kan untuk melindungi anak anak dari bahaya game ya tapi belum lama ini ada seorang anak smk di kudus yang diintimidasi pemerintah karena mengkritik mbg dan anak smp di gresik kena peluru nyasar tni jadi mana yang lebih berbahaya bagi anak anak,[],0,0,256,44,0,1,1,0.6978,0.0169,1,0.5,35.88805555555555,11,1.0,0.0,0.0,0.0,-1,0,0.702013,0.28874776,0.51417685,-0.15546563,1262,-1,0.022087015,0,Non-Buzzer
2041064580450021638,2026-04-07 00:14:06+00:00,2,"@Bram_no3 @ferrykoto @aniesbaswedan Ya karna itu kesalahan pribadi elu, lu liat gimana regulasi di China aja deh, itu teratur banget dan ini IGRS apaan ngawur gini.",2041308497812537580,,Bram_no3,in,,0,1,0,https://x.com/harist_ixcents/status/2041308497812537580,778261480047190016,harist_ixcents,26,id,keep_id_anchor,False,ya karna itu kesalahan pribadi elu kamu liat bagaimana regulasi di china aja deh itu teratur banget dan ini igrs apaan ngawur gini,[],0,1,130,23,0,3,0,0.3159,0.0094,2,0.5,35.849444444444444,11,1.0,1.0,0.0,0.0,-1,0,0.6202533,0.23961575,0.8738489,-0.6126572,1263,-1,0.0012275138,0,Non-Buzzer
2041064580450021638,2026-04-07 00:13:19+00:00,2,"@Bram_no3 @harist_ixcents @ferrykoto @aniesbaswedan Org mah kalau igrs ngasih rating yg bener kagak bakal ngamuk coy. Rating umur bukan rahasia umum lagi dan bahkan sebelum igrs sudah ada dari pegi. Btw rating umur tuh bukan cegah kecanduan, itu mah dari diri sendiri. Kalu rating umur cuma untuk penanda aja agar main sesuai umur",2041308300009181205,,Bram_no3,in,,0,1,0,https://x.com/fuckchmstry/status/2041308300009181205,1225775926497046530,fuckchmstry,53,id,keep_id_anchor,False,orang mah kalau igrs ngasih rating yang benar kagak bakal ngamuk coy rating umur bukan rahasia umum lagi dan bahkan sebelum igrs sudah ada dari pegi btw rating umur itu bukan cegah kecanduan itu mah dari diri sendiri kalu rating umur cuma untuk penanda aja agar main sesuai umur,[],0,1,278,49,0,3,0,0.448,0.0185,2,0.6666666666666666,35.83638888888889,11,1.0,0.0,0.0,0.0,1,0,0.8277558,0.39643568,-0.16836563,-0.7545408,1264,-1,0.36534518,0,Non-Buzzer
