manual_label_peneliti,annotation_id,sample_group,cluster_id,is_coordinated,username,full_text,clean_text,tweet_url,created_at,manual_label_annotator2,content_dup_score,lexical_similarity_score,sna_out_deg,sna_in_deg,sna_betweenness,posting_freq_per_hour,temporal_burst_score,unique_users_in_window,manual_label,semantic_dup_score,semantic_similarity_score
1,509,A_high_confidence_coordinated,1,1,PutriRahma32820,"@RRDelusi Perlu diingat, rating IGRS di Steam yang sekarang banyak masih tahap awal/self-declare dari developer, jadi belum final. Tujuannya juga bagus kok, buat lindungi pemain muda dan benahin ekosistem game, jadi wajar kalau di awal masih ada yang perlu disesuaikan.",perlu diingat rating igrs di steam yang sekarang banyak masih tahap awal self declare dari developer jadi belum final tujuannya juga bagus kok buat lindungi pemain muda dan benahin ekosistem game jadi wajar kalau di awal masih ada yang perlu disesuaikan,https://x.com/PutriRahma32820/status/2040824879990354316,2026-04-05 16:12:22,1,0.6709,0.0297,5,0,0.0,5,0.8333333333333334,116,1,0.942474,0.4491329
0,756,C_noise_control,-1,0,rpr_zero2,"@kemkomdigi Kepada yang terhina Komdongo di tempat, kata gw mending stop itu IGRS tolol ga jelas. Kasih rating umur ya kasih rating umur aja, ga usah goblok pake kontrol distribusinya juga.

Ga becus kerja lu pada. Goblok bgt bangsat bikin emosi.",kepada yang terhina komdongo di tempat kata saya mending stop itu igrs tolol tidak jelas kasih rating umur ya kasih rating umur aja tidak usah goblok pake kontrol distribusinya juga tidak becus kerja kamu pada goblok banget bangsat bikin emosi,https://x.com/rpr_zero2/status/2040790336667263414,2026-04-05 13:55:06,0,0.3648,0.0262,1,0,0.0,1,1.0,68,0,0.7424724,0.37820143
0,294,C_noise_control,-1,0,Kotaro_4844,igrs is such a joke,igrs is such a joke,https://x.com/Kotaro_4844/status/2040844572545384788,2026-04-05 17:30:37,0,0.8577,0.0059,0,0,0.0,1,1.0,74,0,0.95869863,0.35940012
1,463,A_high_confidence_coordinated,1,1,rahayu49384,"@cryofantasia Tampilan rating IGRS di Steam emang bikin banyak orang bingung, tapi harus diakui sistemnya masih dalam proses penyesuaian. Harap maklum kalau masih ada hal yang perlu diperbaiki,",tampilan rating igrs di steam emang bikin banyak orang bingung tapi harus diakui sistemnya masih dalam proses penyesuaian harap maklum kalau masih ada hal yang perlu diperbaiki,https://x.com/rahayu49384/status/2040828312340300201,2026-04-05 16:26:01,1,0.406,0.0205,5,0,0.0,6,1.0,116,1,0.89662975,0.4373872
0,1155,A_high_confidence_coordinated,4,1,wijayawilliam31,@MangAgus_10 @igrs wajib kasih rating 18+,wajib kasih rating,https://x.com/wijayawilliam31/status/2041379091916763374,2026-04-07 04:54:37,0,0.7933,0.0065,2,1,0.0,1,0.5,22,0,0.8076972,0.3058996
0,1018,B_cluster_representative,9,0,GhaneshRM,"@onnowpurbo balik lagi ke orang tua, dulu sama sekarang beda, orang tua sekarang udah klo anaknya nangis minta game dikasih, orang tua dulu biarin aja pokoknya cm boleh main sabtu minggu,dan lebih ke tidak kompeten orang2 yg mengurus IGRS, krn mereka tidak tahu menahu tentang game",balik lagi ke orang tua dulu sama sekarang beda orang tua sekarang sudah kalau anaknya nangis minta game dikasih orang tua dulu biarin aja pokoknya cm boleh main sabtu minggu dan lebih ke tidak kompeten orang yang mengurus igrs karena mereka tidak tahu menahu tentang game,https://x.com/GhaneshRM/status/2041483782071660577,2026-04-07 11:50:37,0,0.6229,0.019,1,0,0.0,1,1.0,19,0,0.80943596,0.30826795
0,228,A_high_confidence_coordinated,0,1,Albert2844,@gibran_tweet Bran benerin noh igrs,bran benerin noh igrs,https://x.com/Albert2844/status/2040865905656344948,2026-04-05 18:55:24,0,1.0,0.0032,1,0,0.0,2,1.0,34,0,0.9680432,0.29869455
0,942,C_noise_control,-1,0,ibnukazuyal,"@ferrykoto Plus malu woi udah masuk ke telinga seorang pengamat internasional kontroversi IGRS sudah diunggah oleh Director of Research &amp; Insights di Niko Partners, Daniel Ahmad

Dia pendapatnya lebih berpengaruh di dunia game ketimbang kamu pak 🙈🙈 https://t.co/j0eZzeIrVV",plus malu woi sudah masuk ke telinga seorang pengamat internasional kontroversi igrs sudah diunggah oleh director of research insights di niko partners daniel ahmad dia pendapatnya lebih berpengaruh di dunia game ketimbang kamu pak,https://x.com/ibnukazuyal/status/2041523474012028932,2026-04-07 14:28:20,0,0.4358,0.0075,2,0,0.0,2,0.5,20,0,0.6452439,0.3915543
1,465,A_high_confidence_coordinated,1,1,mintozaki75,"ini adalah link klarifikasi ttg Rating IGRS yg tampak di steam..memang membingungkan mgkn..tapi coba buka .baca dan pahami tautan dibawah ini   agar tak ada salah pengertian 

https://t.co/50gaFznK3p",ini adalah link klarifikasi ttg rating igrs yang tampak di steam memang membingungkan mgkn tapi coba buka baca dan pahami tautan dibawah ini agar tidak ada salah pengertian,https://x.com/mintozaki75/status/2040828255721365558,2026-04-05 16:25:47,1,0.3922,0.0158,2,0,0.0,3,1.0,116,1,0.80301464,0.3928229
0,159,B_cluster_representative,0,0,sssssidiq,Apalah IGRS ini ganggu banget orang mau main. Biar apeeee?,apalah igrs ini ganggu banget orang mau main biar apeeee,https://x.com/sssssidiq/status/2040908908563476776,2026-04-05 21:46:16,0,0.3968,0.0203,0,0,0.0,1,1.0,29,0,0.81471574,0.3640052
1,429,A_high_confidence_coordinated,1,1,carapaklek,@rayrestufauzi Perlu dipahami kalau rating IGRS di Steam belum final dan masih tahap laporan awal untuk merapikan ekosistem gim agar lebih aman bagi anak-anak.,perlu dipahami kalau rating igrs di steam belum final dan masih tahap laporan awal untuk merapikan ekosistem game agar lebih aman bagi anak anak,https://x.com/carapaklek/status/2040829981249745336,2026-04-05 16:32:38,1,1.0,0.0207,8,0,0.0,7,0.7777777777777778,116,1,0.99999964,0.4558667
1,522,A_high_confidence_coordinated,1,1,andybalala19,"https://t.co/JAaZKjzgGZ

IGRS &amp; rating gim di Steam harusnya diriset lebih lanjut setiap gamenya untuk memberikan rating yang pantas di setiap game-game yang beredar di Indonesia terutama di Steam. Filter yang tepat dalam memberikan rating di setiap game itu penting.",igrs rating game di steam harusnya diriset lebih lanjut setiap gamenya untuk memberikan rating yang pantas di setiap game game yang beredar di indonesia terutama di steam filter yang tepat dalam memberikan rating di setiap game itu penting,https://x.com/andybalala19/status/2040824619209527607,2026-04-05 16:11:20,1,0.4148,0.0086,5,0,0.0,4,0.6666666666666666,116,1,0.833202,0.37306905
1,508,A_high_confidence_coordinated,1,1,mintozaki75,@kukuhya mungkin masih banyak kejanggalan Rating IGRS yg terlihat di Steam...itu karna masih banyak data awal dan belum final hingga masih banyak yg harus disesuaikan..intinya kan utk melindungi pemain muda dan menata ekosistem game....semuanya butuh proses,mungkin masih banyak kejanggalan rating igrs yang terlihat di steam itu karna masih banyak data awal dan belum final hingga masih banyak yang harus disesuaikan intinya kan untuk melindungi pemain muda dan menata ekosistem game semuanya butuh proses,https://x.com/mintozaki75/status/2040824968381108471,2026-04-05 16:12:43,1,0.5285,0.028,2,0,0.0,3,1.0,116,1,0.9079288,0.45667267
0,976,C_noise_control,-1,0,Bram_no3,"@nd_haryo @ZakiMhd4 @onnowpurbo Kan lagi bahas IGRS dan tweet anies disini, masa bawa bawa megalodon",kan lagi bahas igrs dan tweet anies disini masa bawa bawa megalodon,https://x.com/Bram_no3/status/2041502299185696783,2026-04-07 13:04:12,0,0.6653,0.0054,3,5,0.0,1,0.3333333333333333,27,0,0.7177982,0.29855713
0,884,C_noise_control,-1,0,LazyrevilLeona,@reynoldtyb Gua yakin juga para petani atau bajak laut bakal ramai kalau ada beberapa game yang mereka inginkan di prohibited sama igrs di steam,saya yakin juga para petani atau bajak laut bakal ramai kalau ada beberapa game yang mereka inginkan di prohibited sama igrs di steam,https://x.com/LazyrevilLeona/status/2040768085133779419,2026-04-05 12:26:41,0,0.3282,0.0024,1,0,0.0,1,1.0,67,0,0.61742043,0.25810125
0,1000,B_cluster_representative,0,0,mgyanm,@alijaya Wakakak yaudah ikutin maunya igrs aja waktu iti. Yuk ntar bundlingan setelah kuloniku rilis,wakakak yaudah ikutin maunya igrs aja waktu iti yuk ntar bundlingan setelah kuloniku rilis,https://x.com/mgyanm/status/2041491893146812472,2026-04-07 12:22:51,0,0.3463,0.0041,1,0,0.0,1,1.0,28,0,0.8380736,0.26020887
1,370,A_high_confidence_coordinated,1,1,PPopurii,"Buat yang butuh referensi soal isu IGRS dan rating di Steam, ini penjelasan resminya sudah dirilis. Mungkin baik dibaca dulu biar informasinya lebih lengkap: https://t.co/FQwzAZE5VF",buat yang butuh referensi soal isu igrs dan rating di steam ini penjelasan resminya sudah dirilis mungkin baik dibaca dulu biar informasinya lebih lengkap,https://x.com/PPopurii/status/2040834046473941222,2026-04-05 16:48:48,1,1.0,0.0131,0,0,0.0,1,1.0,116,1,0.9999999,0.40412664
0,204,B_cluster_representative,6,0,pathethickidd,IGRS tolol anjing,igrs tolol anjing,https://x.com/pathethickidd/status/2040875697804280019,2026-04-05 19:34:18,0,0.6794,0.0106,0,0,0.0,2,1.0,25,0,0.8338208,0.3012249
1,1185,A_high_confidence_coordinated,1,1,5adnile8,@ezash nambahin. pada website resmi IGRS. beberapa game juga ratingnya perlu dibenahi. ini salah satu contohnya. otome game rating 3+ https://t.co/ZW96EMZiHM,nambahin pada website resmi igrs beberapa game juga ratingnya perlu dibenahi ini salah satu contohnya otome game rating,https://x.com/5adnile8/status/2041356742068748510,2026-04-07 03:25:48,1,0.3643,0.0118,2,1,0.0,1,0.5,22,1,0.839326,0.39292383
1,474,A_high_confidence_coordinated,1,1,Alvaro734877,@kerissakti Harus diakui bahwa memang tampilan rating IGRS di steam bagi banyak orang sangat membingungkan tapi perlu diketahui bahwa sistem ya sedang dalam masa penyesuaian dan butuh waktu,harus diakui bahwa memang tampilan rating igrs di steam bagi banyak orang sangat membingungkan tapi perlu diketahui bahwa sistem ya sedang dalam masa penyesuaian dan butuh waktu,https://x.com/Alvaro734877/status/2040827987256586261,2026-04-05 16:24:43,1,0.8778,0.0134,4,0,0.0,4,1.0,116,1,0.98153555,0.41958803
1,31,A_high_confidence_coordinated,1,1,p0litrick,"Padahal steam jg udah ngasih rating sendiri dan itu udah sangat bagus, tinggal ngikut doang kan enak ga usah repot cape2 kerja 2x tuh si igrs",padahal steam jg sudah ngasih rating sendiri dan itu sudah sangat bagus tinggal ngikut doang kan enak tidak usah repot cape kerja x itu si igrs,https://x.com/p0litrick/status/2040937799072014594,2026-04-05 23:41:04,1,0.24,0.0169,2,0,0.0,3,1.0,86,1,0.80308115,0.41196796
0,62,C_noise_control,-1,0,Duren___,"KALAU IGRS JUDOL 
--   Semua Umur   --
. https://t.co/sV6sJPfY1q",kalau igrs judol semua umur,https://x.com/Duren___/status/2040932324301480154,2026-04-05 23:19:19,0,0.4619,0.0088,0,0,0.0,1,1.0,86,0,0.65784276,0.30130386
0,839,C_noise_control,-1,0,boy_qalam,@KrowThornes Semakin Abang liat igrs semakin Abang muak dan marah sendiri yang ada mending buka yang lain bang daripada liat kelakuan pemerintah yang selalu buat elus dada astaghfirullah,semakin abang liat igrs semakin abang muak dan marah sendiri yang ada mending buka yang lain bang daripada liat kelakuan pemerintah yang selalu buat elus dada astaghfirullah,https://x.com/boy_qalam/status/2040774592370032975,2026-04-05 12:52:33,0,0.4078,0.0113,1,0,0.0,1,1.0,67,0,0.6401505,0.21902746
0,110,C_noise_control,-1,0,NomerSi_ali,"@kerissakti @mediokere Bang aku rasa menduga kalo verifikasi game di igrs ternyata masih menggunakan AI dan ini apakah ini berdampak dengan game kita juga yah?

Jujur kalo lihat komenan mereka minta klarifikasi dai @kemkomdigi bukannya minta maaf malah nyalahin steam kalo gak gitu nyewa buzzer gimana?",bang aku rasa menduga kalau verifikasi game di igrs ternyata masih menggunakan ai dan ini apakah ini berdampak dengan game kita juga yah jujur kalau lihat komenan mereka minta klarifikasi dai bukannya minta maaf malah nyalahin steam kalau tidak gitu nyewa buzzer bagaimana,https://x.com/NomerSi_ali/status/2040922793844617291,2026-04-05 22:41:27,0,0.3657,0.0233,1,0,0.0,1,1.0,49,0,0.7823219,0.45065117
0,927,C_noise_control,-1,0,HlfBloodPr1nce,"Kemarin saya liat di IGRS ada game yang seharusnya bukan 18+ malah dikasih rate 3+ kemudian ketika anak dibawah 18+ taun main game itu... YANG DISALAHKAN GAME NYA?!!, aneh emang kwkwkw",kemarin saya liat di igrs ada game yang seharusnya bukan malah dikasih rate kemudian ketika anak dibawah taun main game itu yang disalahkan game nya aneh emang kwkwkw,https://x.com/HlfBloodPr1nce/status/2041536385451200826,2026-04-07 15:19:38,0,0.3282,0.018,0,0,0.0,1,1.0,9,0,0.7736181,0.40820727
0,107,C_noise_control,-1,0,stamped_e,"@mridho_17 dulu pernah mirip2, kominpo blokir steam google paypal dll, gak lama dia divonis terbukti korupsi.

mana ngerti kejadian serupa terulang lagi sekarang gara2 IGRS.",dulu pernah mirip kominpo blokir steam google paypal dll tidak lama dia divonis terbukti korupsi mana ngerti kejadian serupa terulang lagi sekarang gara igrs,https://x.com/stamped_e/status/2040923938650575221,2026-04-05 22:46:00,0,0.2767,0.0117,1,0,0.0,1,1.0,49,0,0.6437472,0.27579138
1,452,A_high_confidence_coordinated,1,1,hilyazu,"https://t.co/BQMt0d3LRd
Sebelum ambil kesimpulan soal sistem rating IGRS di Steam, ada baiknya lihat dulu penjelasan resminya supaya konteksnya lebih lengkap",sebelum ambil kesimpulan soal sistem rating igrs di steam ada baiknya lihat dulu penjelasan resminya supaya konteksnya lebih lengkap,https://x.com/hilyazu/status/2040828994510315936,2026-04-05 16:28:43,1,0.7613,0.0132,4,0,0.0,4,0.8,116,1,0.8879705,0.39982453
1,556,A_high_confidence_coordinated,1,1,MRidhonew16179,"@kukuhya Sedikit meluruskan ya, rating IGRS yang sekarang muncul di Steam banyak yang masih berbasis data awal dari self-declare, jadi belum bisa dianggap final. Di tahap awal seperti ini wajar kalau masih ada yang perlu dirapikan sambil menyesuaikan sistem dan masukan dari pengguna.",sedikit meluruskan ya rating igrs yang sekarang muncul di steam banyak yang masih berbasis data awal dari self declare jadi belum bisa dianggap final di tahap awal seperti ini wajar kalau masih ada yang perlu dirapikan sambil menyesuaikan sistem dan masukan dari pengguna,https://x.com/MRidhonew16179/status/2040822151633330673,2026-04-05 16:01:32,1,0.507,0.0257,4,0,0.0,4,0.8,116,1,0.93041205,0.4161139
0,591,C_noise_control,-1,0,Neoleone3,"udah semuak ini perkara IGRS

what they think bout IGRS",sudah semuak ini perkara igrs what they think bout igrs,https://x.com/Neoleone3/status/2040818453750419600,2026-04-05 15:46:50,0,0.4007,0.005,0,0,0.0,1,1.0,105,0,0.7128125,0.40776616
0,69,C_noise_control,-1,0,p0litrick,"@kukuhya Buzzer igrs gila, mereka lg punya potensi cuan dr mana ya sampe brani bayar buzzer segininya?

Mau malak developer",buzzer igrs gila mereka lg punya potensi cuan dari mana ya sampe brani bayar buzzer segininya mau malak developer,https://x.com/p0litrick/status/2040931806057566693,2026-04-05 23:17:15,0,0.7759,0.0126,2,0,0.0,3,1.0,86,0,0.697299,0.33895475
0,192,C_noise_control,-1,0,KrispyWater5,"Sudah ada rating dari PEGI dan ESRB yang sudah lama, jelas dan tersedia untuk umum... malah buang2 anggaran bikin IGRS yang ga jelas. Padahal sebenarnya tinggal tingkatkan literatur aja supaya paham batasan game sesuai umur.
Segampang itu https://t.co/VV6rrE58oH",sudah ada rating dari pegi dan esrb yang sudah lama jelas dan tersedia untuk umum malah buang anggaran bikin igrs yang tidak jelas padahal sebenarnya tinggal tingkatkan literatur aja supaya paham batasan game sesuai umur segampang itu,https://x.com/KrispyWater5/status/2040889015063441714,2026-04-05 20:27:13,0,0.3036,0.0168,0,0,0.0,1,1.0,16,0,0.7623521,0.42753628
0,731,A_high_confidence_coordinated,0,1,danrrrrrrr,fakyu komdigi fakyu igrs,fakyu komdigi fakyu igrs,https://x.com/danrrrrrrr/status/2040794541402603975,2026-04-05 14:11:49,0,1.0,0.0215,0,0,0.0,1,1.0,59,0,0.85728395,0.2830991
1,470,A_high_confidence_coordinated,1,1,Ginanadia67421,"Kalau mengikuti diskusi tentang IGRS dan rating gim di Steam, ada siaran pers resmi yang menjelaskan konteksnya. Bisa dicek dulu di sini:
https://t.co/ung7RZzOMG",kalau mengikuti diskusi tentang igrs dan rating game di steam ada siaran pers resmi yang menjelaskan konteksnya bisa dicek dulu di sini,https://x.com/Ginanadia67421/status/2040828029031919997,2026-04-05 16:24:53,1,0.7017,0.0153,3,0,0.0,3,0.75,116,1,0.94243294,0.43986243
1,221,B_cluster_representative,1,0,refiandryy,"Penjelasan resmi terkait IGRS dan tampilan rating gim di Steam sudah dirilis. Bisa dibaca dulu untuk menambah konteks sebelum menarik kesimpulan: 

https://t.co/VTRC9YAJsA https://t.co/sJfNCeqEye",penjelasan resmi terkait igrs dan tampilan rating game di steam sudah dirilis bisa dibaca dulu untuk menambah konteks sebelum menarik kesimpulan,https://x.com/refiandryy/status/2040867765255610418,2026-04-05 19:02:47,1,0.7847,0.0138,0,0,0.0,1,1.0,25,1,0.93953824,0.4061089
0,878,B_cluster_representative,0,0,VincDigiArt,@AimyuuNao What's IGRS?,what s igrs,https://x.com/VincDigiArt/status/2040768502362214890,2026-04-05 12:28:21,0,0.6226,0.0036,1,0,0.0,1,1.0,67,0,0.86540806,0.27375424
0,728,C_noise_control,-1,0,jinowra,IGRS sedang menggali kuburuan nya sendiri,igrs sedang menggali kuburuan nya sendiri,https://x.com/jinowra/status/2040794886061039648,2026-04-05 14:13:11,0,0.0,0.0,0,0,0.0,1,1.0,59,0,0.48142552,0.109577335
1,549,A_high_confidence_coordinated,1,1,JancokAsu893230,"@kukuhya Sedikit info, rating IGRS yang muncul saat ini masih banyak yang berasal dari deklarasi awal dan masih terus disesuaikan. Namanya juga fase transisi sistem, jadi wajar kalau masih ada yang perlu diperjelas sambil tetap fokus ke perlindungan pemain muda.",sedikit info rating igrs yang muncul saat ini masih banyak yang berasal dari deklarasi awal dan masih terus disesuaikan namanya juga fase transisi sistem jadi wajar kalau masih ada yang perlu diperjelas sambil tetap fokus ke perlindungan pemain muda,https://x.com/JancokAsu893230/status/2040822409557934415,2026-04-05 16:02:33,1,0.4343,0.0242,5,0,0.0,5,0.8333333333333334,116,1,0.92080414,0.40777215
0,9,C_noise_control,-1,0,hydarnus,"Oh gitu, beraninya ngirim buzzer? melindungi konsumen kok pake buzzer. Kalo emang sistem igrs lu itu ga bener, ya benerin dulu kocak, jangan milih buzzer buat benerin opini, tolol anjing, punya budget tapi ga punya otak begini nih",oh gitu beraninya ngirim buzzer melindungi konsumen kok pake buzzer kalau emang sistem igrs kamu itu tidak benar ya benerin dulu kocak jangan milih buzzer buat benerin opini tolol anjing punya budget tapi tidak punya otak begini ini,https://x.com/hydarnus/status/2040941775624581291,2026-04-05 23:56:52,0,0.5321,0.0285,0,0,0.0,1,0.5,86,0,0.7690433,0.3350263
0,1181,C_noise_control,-1,0,kevinabscratch,@txtdrgame game novel 3+ kata IGRS,game novel kata igrs,https://x.com/kevinabscratch/status/2041358962222923962,2026-04-07 03:34:37,0,0.0,0.0,1,0,0.0,1,1.0,22,0,0.7254495,0.30499023
0,652,B_cluster_representative,1,0,ParkBowie,"@kemkomdigi Heh! Anda ini ya. Suruh Yang Buat IGRS Itu
DI HAPUS. SUMPAH NGGAK GUNA YA DI STEAM DAH ADA RATINGNYA LEBIH AKURAT DAN TELITI.
DARI PADA IGRS YANG TAK BERGUNA.
DAH SISTEM IGRS BELUM SIAP - ROLL OUT - KENA BACKLASH.
MALAH SALAHIN STEAM. KAN GOBLOK PARAH
GAK USAH MALU2 IN
#HapusIGRS https://t.co/W7iGL6rtKh",heh anda ini ya suruh yang buat igrs itu di hapus sumpah tidak guna ya di steam dah ada ratingnya lebih akurat dan teliti dari pada igrs yang tidak berguna dah sistem igrs belum siap roll out kena backlash malah salahin steam kan goblok parah tidak usah malu in hapusigrs,https://x.com/ParkBowie/status/2040812578662912410,2026-04-05 15:23:29,0,0.4226,0.0281,1,0,0.0,1,1.0,105,0,0.8130597,0.48728228
0,1104,C_noise_control,-1,0,vicyrchm,"@ARSIPAJA Kalau dilihat dari tujuannya, IGRS ini bukan buat nyusahin, tapi buat melindungi pemain yang masih muda dan bikin ekosistem game di Indonesia lebih rapi (biar orang tua juga punya acuan jelas).",kalau dilihat dari tujuannya igrs ini bukan buat nyusahin tapi buat melindungi pemain yang masih muda dan bikin ekosistem game di indonesia lebih rapi biar orang tua juga punya acuan jelas,https://x.com/vicyrchm/status/2041415350647140401,2026-04-07 07:18:41,0,0.333,0.0245,1,0,0.0,1,1.0,18,0,0.7958196,0.36140212
1,368,A_high_confidence_coordinated,1,1,Fatiyazean,"https://t.co/Sc1iOATufe
Untuk yang sedang ikut bahas tentang IGRS dan rating game di Steam, yuk cek rilis resmi dari pihak terkait di sini dulu ya, jadi informasi yang kita dapetin lebih jelas dan akurat",untuk yang sedang ikut bahas tentang igrs dan rating game di steam yuk cek rilis resmi dari pihak terkait di sini dulu ya jadi informasi yang kita dapetin lebih jelas dan akurat,https://x.com/Fatiyazean/status/2040834455724785868,2026-04-05 16:50:25,1,0.4875,0.0141,2,0,0.0,2,0.6666666666666666,116,1,0.9138006,0.47082862
0,870,C_noise_control,-1,0,kenjay_,saatnya main game rekomendasi negara IGRS https://t.co/UwHX0Lj2XM,saatnya main game rekomendasi negara igrs,https://x.com/kenjay_/status/2040770068179755395,2026-04-05 12:34:34,0,0.4139,0.0101,0,0,0.0,1,1.0,67,0,0.7217994,0.36968198
0,840,C_noise_control,-1,0,A11Kiky,"You see, IGRS consists nothing but the dimwitted old-fart boomer that knows nothing about technology",you see igrs consists nothing but the dimwitted old fart boomer that knows nothing about technology,https://x.com/A11Kiky/status/2040774457133056337,2026-04-05 12:52:00,0,0.3713,0.0118,0,0,0.0,1,1.0,67,0,0.64571404,0.3059288
1,342,A_high_confidence_coordinated,1,1,mniirtjak,"Agar diskursus mengenai klasifikasi gim lebih berimbang, silakan simak siaran pers resmi terkait IGRS dan kebijakan rating di Steam melalui tautan ini. Yuk, baca dulu detailnya: 
https://t.co/0JRqz9XkXf…
#IGRS #SteamRating #IndustriGim #AkuSukaDiHumilateCeweYangLebihTua",agar diskursus mengenai klasifikasi game lebih berimbang silakan simak siaran pers resmi terkait igrs dan kebijakan rating di steam melalui tautan ini yuk baca dulu detailnya igrs steamrating industrigim akusukadihumilateceweyanglebihtua,https://x.com/mniirtjak/status/2040837372775178540,2026-04-05 17:02:01,1,1.0,0.0154,0,0,0.0,1,1.0,74,1,0.9868238,0.41540876
0,1170,A_high_confidence_coordinated,1,1,FilekRhino45516,"@ARSIPAJA Kenapa sih harus ribet2 nyari kambing hitam Steam?🤔 Padahal jelas banget kalau rating itu MEMANG dari Komdigi lewat IGRS. Bukannya fokus cari solusi konstruktif, mlh sibuk nyebar disinformasi. Pemerintah udah kerja keras bikin sistem rating, ko mlh dipertanyakan kredibilitasnya?",mengapa sih harus ribet nyari kambing hitam steam padahal jelas banget kalau rating itu memang dari komdigi lewat igrs bukannya fokus cari solusi konstruktif mlh sibuk nyebar disinformasi pemerintah sudah kerja keras bikin sistem rating ko mlh dipertanyakan kredibilitasnya,https://x.com/FilekRhino45516/status/2041368018794746239,2026-04-07 04:10:37,0,1.0,0.0139,1,0,0.0,1,1.0,22,0,0.9999995,0.42334053
0,7,C_noise_control,-1,0,bebeksnorkling,"Game bokep
Steam: “Ini kasih tag ada Sexual Contentnya ya, biar org kalo beli tau mereka beli apa”
IGRS: “Wah game ini cocok untuk balita”",game bokep steam ini kasih tag ada sexual contentnya ya biar orang kalau beli tau mereka beli apa igrs wah game ini cocok untuk balita,https://x.com/bebeksnorkling/status/2040942064591118607,2026-04-05 23:58:01,0,0.3733,0.0145,0,0,0.0,1,1.0,86,0,0.73376334,0.3507167
1,502,A_high_confidence_coordinated,1,1,carapaklek,"@RRDelusi Izin bantu jelasin ya, rating IGRS yang muncul di Steam itu rata-rata masih self-declare atau data awal, jadi belum final. Wajar banget kalau di awal ini masih ada penyesuaian, karena tujuan utamanya kan buat melindungi gamer usia muda dan ngerapiin ekosistem gim kita supaya aman",izin bantu jelasin ya rating igrs yang muncul di steam itu rata rata masih self declare atau data awal jadi belum final wajar banget kalau di awal ini masih ada penyesuaian karena tujuan utamanya kan buat melindungi gamer usia muda dan ngerapiin ekosistem game kita supaya aman,https://x.com/carapaklek/status/2040825323798093970,2026-04-05 16:14:08,1,0.535,0.027,8,0,0.0,7,0.7777777777777778,116,1,0.92879695,0.44832945
1,440,A_high_confidence_coordinated,1,1,noviarguna72100,"@rayrestufauzi IGRS di Steam sekarang banyak yang masih data awal/selfdeclare dan belum final, sekaligus mengingatkan bahwa niat utamanya adalah melindungi pemain muda dan menata ekosistem game, sehingga wajar kalau di fase awal masih ada hal yang perlu disesuaikan dan diperjelas bersama.",igrs di steam sekarang banyak yang masih data awal self declare dan belum final sekaligus mengingatkan bahwa niat utamanya adalah melindungi pemain muda dan menata ekosistem game sehingga wajar kalau di fase awal masih ada hal yang perlu disesuaikan dan diperjelas bersama,https://x.com/noviarguna72100/status/2040829636226212229,2026-04-05 16:31:16,1,1.0,0.0277,7,0,0.0,6,0.6666666666666666,116,1,1.0000004,0.4021979
0,666,C_noise_control,-1,0,selaluPromo09,"LAGI LAGI DUIT PAJAK DIPAKE BUAT BAYARIN ORANG TOLOLLLL

IGRS TOLOLLL GOBLOGG

TUA BANGKA KOMDIGI MANA PAHAM TEKNOLOGI",lagi lagi duit pajak dipake buat bayarin orang tolollll igrs tololll goblogg tua bangka komdigi mana paham teknologi,https://x.com/selaluPromo09/status/2040810430638240054,2026-04-05 15:14:57,0,0.3994,0.0131,0,0,0.0,1,1.0,105,0,0.7489233,0.26493853
0,359,B_cluster_representative,0,0,swtpty,IGRS NGACO BANGET ANYINGG,igrs ngaco banget anyingg,https://x.com/swtpty/status/2040835594549633368,2026-04-05 16:54:57,0,0.6335,0.0062,0,0,0.0,1,1.0,116,0,0.8987917,0.3174835
0,1152,B_cluster_representative,1,0,jeki_the_pirate,Thank you gaben for removing igrs from steam. Like why should we need another game rating?,thank you gaben for removing igrs from steam like why should we need another game rating,https://x.com/jeki_the_pirate/status/2041381172002103670,2026-04-07 05:02:53,0,0.3396,0.0076,0,0,0.0,1,1.0,20,0,0.8056885,0.42313737
1,497,A_high_confidence_coordinated,1,1,VinaAmelia33281,"@RRDelusi Berdasarkan info yang ada, IGRS di Steam sekarang masih dalam tahap awal nih, jadi datanya belum final banget. Masih banyak yang baru deklarasi awal dari developernya. Tujuannya sih biar sistem ratingnya makin jelas dan aman buat semua kalangan usia",berdasarkan info yang ada igrs di steam sekarang masih dalam tahap awal ini jadi datanya belum final banget masih banyak yang baru deklarasi awal dari developernya tujuannya sih biar sistem ratingnya makin jelas dan aman buat semua kalangan usia,https://x.com/VinaAmelia33281/status/2040826124255862994,2026-04-05 16:17:19,1,0.6756,0.0232,3,0,0.0,3,1.0,116,1,0.95821214,0.40653798
0,883,C_noise_control,-1,0,Neibiiru,"Aku ngerti sama yang dilakuin IGRS ini dan sebenernya gpp yak kalo ada rating"" umur gitu mah, cuman targetnya ada beberapa yang Miss gitu + untuk konfirmasi umur misal pake KTP agar mikir juga dan yang pasti pliss IGRS jangan dikit dikit blokar blokir blokar blokir, cape beud 🥲",aku ngerti sama yang dilakuin igrs ini dan sebenernya gapapa yak kalau ada rating umur gitu mah cuman targetnya ada beberapa yang miss gitu untuk konfirmasi umur misal pake ktp agar mikir juga dan yang pasti pliss igrs jangan dikit dikit blokar blokir blokar blokir cape beud,https://x.com/Neibiiru/status/2040768187567165476,2026-04-05 12:27:06,0,0.3617,0.0119,0,0,0.0,1,1.0,67,0,0.70960563,0.41601828
0,1213,C_noise_control,-1,0,fareasy96,"@EliasSanSan @mhuseinali 1. IGRS sudah establish sistem review secara lgsg dgn mengisi form, seperti yg udh dishare Mas Kris Antoni dari Toge
2. IGRS sudah establish syarat klasifikasi lewat permenkominfo dan website IGRS
3. IGRS jg sudah tergabung dgn IARC utk mempermudah klasifikasi rating game.",igrs sudah establish sistem review secara lgsg dengan mengisi form seperti yang sudah dishare mas kris antoni dari toge igrs sudah establish syarat klasifikasi lewat permenkominfo dan website igrs igrs jg sudah tergabung dengan iarc untuk mempermudah klasifikasi rating game,https://x.com/fareasy96/status/2041340114631336194,2026-04-07 02:19:44,0,0.3973,0.0109,3,2,0.0,2,0.4,19,0,0.77610296,0.30608213
0,1260,C_noise_control,-1,0,melekmedia,"Game of The Year 2025 dicap tidak layak edar, sementara konten dewasa bebas masuk dengan label ramah anak. Kesan pertama saat berlakunya sistem rating IGRS.

https://t.co/7QucilLC7b",game of the year dicap tidak layak edar sementara konten dewasa bebas masuk dengan label ramah anak kesan pertama saat berlakunya sistem rating igrs,https://x.com/melekmedia/status/2041311530189488622,2026-04-07 00:26:09,0,0.4489,0.0218,0,0,0.0,1,0.3333333333333333,11,0,0.76916313,0.382548
0,708,B_cluster_representative,0,0,ahmedfahrizal_,IGRS dari Komdongo benerin wir,igrs dari komdongo benerin wir,https://x.com/ahmedfahrizal_/status/2040799007757455647,2026-04-05 14:29:34,0,0.4189,0.0046,0,0,0.0,1,1.0,59,0,0.9338811,0.33504513
0,734,A_high_confidence_coordinated,1,1,Arkanwoilah,IGRS : Indonesia GOONING rating system,igrs indonesia gooning rating system,https://x.com/Arkanwoilah/status/2040794166033326226,2026-04-05 14:10:19,0,1.0,0.0125,0,0,0.0,1,1.0,59,0,1.0,0.31197426
1,558,A_high_confidence_coordinated,1,1,Giskaelvina,"@kukuhya Untuk yang mengikuti isu IGRS &amp; rating gim di Steam, sudah ada penjelasan resmi yang bisa jadi acuan. Silakan cek dulu sebelum menarik kesimpulan.",untuk yang mengikuti isu igrs rating game di steam sudah ada penjelasan resmi yang bisa jadi acuan silakan cek dulu sebelum menarik kesimpulan,https://x.com/Giskaelvina/status/2040822036243861890,2026-04-05 16:01:04,1,1.0,0.0123,2,0,0.0,2,0.6666666666666666,116,1,0.9999999,0.47962722
1,1079,B_cluster_representative,1,0,InfoPublikIP,"Halo, KawanPublik!

Kemkomdigi menegaskan rating IGRS yang muncul di Steam bukan klasifikasi resmi pemerintah.

Artinya, informasi tersebut belum tentu sesuai dengan standar yang berlaku di Indonesia.

#InfoPublik #PPTunas #Anak #Game #RatingGame https://t.co/7SdZhiWS4l",halo kawanpublik kemkomdigi menegaskan rating igrs yang muncul di steam bukan klasifikasi resmi pemerintah artinya informasi tersebut belum tentu sesuai dengan standar yang berlaku di indonesia infopublik pptunas anak game ratinggame,https://x.com/InfoPublikIP/status/2041441001089413498,2026-04-07 09:00:37,1,0.5549,0.0241,0,0,0.0,2,1.0,17,1,0.9243113,0.43509227
0,462,A_high_confidence_coordinated,1,1,Andradeva001,@viyushiwinko Indonesia Gooning Rating System (IGRS),indonesia gooning rating system igrs,https://x.com/Andradeva001/status/2040828339221647482,2026-04-05 16:26:07,0,1.0,0.0125,1,0,0.0,1,1.0,116,0,0.9848784,0.32176873
1,1053,A_high_confidence_coordinated,8,1,freshsqueezeorg,@DimasRamdhan_ @badakmeledak_ Gue gak kebayang kalo rezim ini tumbang karena nyenggol gamers 😭 tapi ya good lah damage di awal aja udah segini berisiknya apa lagi kalo udah bener bener nerapin censorship yang menurut gue bukan ranahnya IGRS.,saya tidak kebayang kalau rezim ini tumbang karena nyenggol gamers tapi ya good lah damage di awal aja sudah segini berisiknya apa lagi kalau sudah benar benar nerapin censorship yang menurut saya bukan ranahnya igrs,https://x.com/freshsqueezeorg/status/2041454994126467459,2026-04-07 09:56:13,1,0.447,0.0138,2,0,0.0,1,0.3333333333333333,17,1,0.8058128,0.36214668
0,1065,B_cluster_representative,1,0,KumekaGenzo77,"@Bram_no3 @harist_ixcents @ferrykoto @aniesbaswedan Dan faktanya IGRS memang ngaco kok dalam ngasih rating usia,mau ngomongin sinkronisasi?Ya harusnya pihak IGRS jgn langsung terapin rating itu ke steam klo mau ratingnya sesuai,ini mh keliatan bgt asal ngasih rating",dan faktanya igrs memang ngaco kok dalam ngasih rating usia mau ngomongin sinkronisasi ya harusnya pihak igrs jgn langsung terapin rating itu ke steam kalau mau ratingnya sesuai ini mh keliatan banget asal ngasih rating,https://x.com/KumekaGenzo77/status/2041449336463372326,2026-04-07 09:33:44,0,0.3324,0.011,1,0,0.0,9,1.0,17,0,0.8350386,0.43219742
0,781,C_noise_control,-1,0,DaniSplatKing,"@Lord_Mudcrab95 @radityaris @Mangroxian Intinya tetep balik lagi, meskipun IGRS udah ada semuanya itu tergantung dari orang tua yg harus tanggung jawab sama mendidik anaknya soal konten mana yg pantes sesuai umur sama tidak.

Klo LSF bisa, harusnya IGRS jg bisa tapi karena IGRS ini baru jadi butuh proses.",intinya tetep balik lagi meskipun igrs sudah ada semuanya itu tergantung dari orang tua yang harus tanggung jawab sama mendidik anaknya soal konten mana yang pantes sesuai umur sama tidak kalau lsf bisa harusnya igrs jg bisa tapi karena igrs ini baru jadi butuh proses,https://x.com/DaniSplatKing/status/2040782994361946171,2026-04-05 13:25:56,0,0.3753,0.0168,3,0,0.0,4,0.8,68,0,0.7339412,0.32722092
0,190,C_noise_control,-1,0,Zee_Takegami59,"Penasaran gw, rating hsr, zzz, genshin, hi3, wuwa, dan games2 sejenis nya kena berapa di igrs ya?",penasaran saya rating hsr zzz genshin hi wuwa dan games sejenis nya kena berapa di igrs ya,https://x.com/Zee_Takegami59/status/2040890687038902297,2026-04-05 20:33:52,0,0.5638,0.0057,0,0,0.0,1,1.0,16,0,0.78777415,0.37624684
1,450,A_high_confidence_coordinated,1,1,Alvaro734877,@cryofantasia Harus diakui bahwa memang tampil rating IGRS di steam bagi banyak orang sangat membingungkan tapi perlu diketahui bahwa sistem ya sedang dalam masa penyesuaian dan butuh waktu,harus diakui bahwa memang tampil rating igrs di steam bagi banyak orang sangat membingungkan tapi perlu diketahui bahwa sistem ya sedang dalam masa penyesuaian dan butuh waktu,https://x.com/Alvaro734877/status/2040829062541881495,2026-04-05 16:28:59,1,0.8778,0.0128,4,0,0.0,4,1.0,116,1,0.98153555,0.42424324
0,608,C_noise_control,-1,0,azosarchive,"lebron going solo in the playoffs, gaming community indo kena IGRS gajelas, ah sudahlah sudahlah",lebron going solo in the playoffs gaming community indo kena igrs gajelas ah sudahlah sudahlah,https://x.com/azosarchive/status/2040816836569383199,2026-04-05 15:40:25,0,0.3173,0.013,0,0,0.0,1,1.0,105,0,0.41565388,0.09826836
0,95,C_noise_control,-1,0,NavriW,"IDIH GOBLOG RATING SAMPAH disingkat IGRS 
adalah pembuangan anggaran yang sampahnya Dibawah Embege.

Padahal kita tinggal ngikutin standar ESRB tapi sok sok an bikin rating sendiri, KITA NEGERA YANG GA SETARA INDIA, CINA DLL TAPI sok sok an buat system seperti negara maju.",idih goblog rating sampah disingkat igrs adalah pembuangan anggaran yang sampahnya dibawah embege padahal kita tinggal ngikutin standar esrb tapi sok sok an bikin rating sendiri kita negera yang tidak setara india cina dll tapi sok sok an buat system seperti negara maju,https://x.com/NavriW/status/2040927655911129443,2026-04-05 23:00:46,0,0.3454,0.0156,0,0,0.0,1,1.0,86,0,0.7458838,0.35845855
1,469,A_high_confidence_coordinated,1,1,JancokAsu893230,"@cryofantasia Jujur tampilan rating IGRS di Steam saat ini memang masih cukup membingungkan buat banyak orang. Tapi kalau memang masih masa penyesuaian, mungkin yang paling penting sekarang adalah update penjelasan yang rutin dan transparansi soal kriterianya",jujur tampilan rating igrs di steam saat ini memang masih cukup membingungkan buat banyak orang tapi kalau memang masih masa penyesuaian mungkin yang paling penting sekarang adalah update penjelasan yang rutin dan transparansi soal kriterianya,https://x.com/JancokAsu893230/status/2040828124028665876,2026-04-05 16:25:16,1,1.0,0.0153,5,0,0.0,5,0.8333333333333334,116,1,0.9999999,0.43088037
0,833,B_cluster_representative,1,0,reinardstar,I think igrs stands for indonesia gooners raring system atp....,i think igrs stands for indonesia gooners raring system atp,https://x.com/reinardstar/status/2040775346799440263,2026-04-05 12:55:33,0,0.7475,0.0126,0,0,0.0,2,1.0,67,0,0.8555075,0.27913412
0,35,B_cluster_representative,1,0,PaulERS89,"@kurawa Yakin steam yg ksh rating palsu? Ini ngomong stam stim tp jgn2 ga pernah menggunakan steam. Tolong lah klo mau regulasi suatu hal, mbok ya dimengerti dulu. Lama2 IGRS ga relevan dan cuman buat habis2in anggaran aja.",yakin steam yang ksh rating palsu ini ngomong stam stim tp jgn tidak pernah menggunakan steam tolong lah kalau mau regulasi suatu hal mbok ya dimengerti dulu lama igrs tidak relevan dan cuman buat habis in anggaran aja,https://x.com/PaulERS89/status/2040937116113547284,2026-04-05 23:38:21,0,0.2616,0.0192,1,0,0.0,1,1.0,86,0,0.8034821,0.39871532
0,146,A_high_confidence_coordinated,0,1,Qilogram2420,IGRS G nya Gooner,igrs g nya gooner,https://x.com/Qilogram2420/status/2040913994664546715,2026-04-05 22:06:29,0,1.0,0.0035,0,0,0.0,1,1.0,49,0,0.93901145,0.3736698
0,86,C_noise_control,-1,0,ariesu__,"@wordfangs @Steam Udah dibilangin jangan bikin marah Gamers, bebal sih. Mending IGRS muhasabah dan klarifikasi deh jangan malah ngerahin buzzer.",sudah dibilangin jangan bikin marah gamers bebal sih mending igrs muhasabah dan klarifikasi deh jangan malah ngerahin buzzer,https://x.com/ariesu__/status/2040929637816258616,2026-04-05 23:08:38,0,0.4258,0.0192,1,0,0.0,1,1.0,86,0,0.78519976,0.37027538
0,809,C_noise_control,-1,0,dubaicuwicookie,@HarrisCainee HAHAHHAHAHAHA KETAWA BANGET😭😭😭 berdasarkan igrs😭😭😭😭 lolll,hahahhahahaha ketawa banget berdasarkan igrs lolll,https://x.com/dubaicuwicookie/status/2040778471069413422,2026-04-05 13:07:57,0,0.3782,0.0015,1,0,0.0,1,1.0,68,0,0.7308594,0.28388423
0,1007,C_noise_control,-1,0,mamank_garoxz,@emyr_za1 IGRS I nya aku yahudi,igrs i nya aku yahudi,https://x.com/mamank_garoxz/status/2041489714172281041,2026-04-07 12:14:11,0,0.0,0.0,1,0,0.0,1,1.0,28,0,0.5829327,0.10611174
0,1189,C_noise_control,-1,0,ferrykoto,"Kalau sy amati dari komen akun2 terkait soal rating IGRS, harus saya akui--termasuk dari klaim mereka sendiri-- mereka adalah gamers maniak.

Dan terbukti, kata2 yang mereka gunakan kasar2, dgn maki2, pakai akun anonim (memalsukan diri).

Ini sesuai ciri anak kecanduan game dari https://t.co/KXH3uafRHY",kalau sy amati dari komen akun terkait soal rating igrs harus saya akui termasuk dari klaim mereka sendiri mereka adalah gamers maniak dan terbukti kata yang mereka gunakan kasar dengan maki pakai akun anonim memalsukan diri ini sesuai ciri anak kecanduan game dari,https://x.com/ferrykoto/status/2041353677496254495,2026-04-07 03:13:37,0,0.2878,0.0094,0,23,0.0,1,0.5,22,0,0.7591444,0.39923012
0,592,B_cluster_representative,1,0,SabethAnge12086,"Buat yang lagi ngikutin rame soal IGRS &amp; rating game di Steam, penjelasan resminya udah keluar—wajib banget dibaca biar nggak salah paham 
https://t.co/blhHeMJYgp

#IGRS #Steam #GameIndonesia #GamerIndonesia #IndustriGame #RatingGame #ViralHariIni #TrendingTopic",buat yang lagi ngikutin rame soal igrs rating game di steam penjelasan resminya sudah keluar wajib banget dibaca biar tidak salah paham igrs steam gameindonesia gamerindonesia industrigame ratinggame viralhariini trendingtopic,https://x.com/SabethAnge12086/status/2040818082936238314,2026-04-05 15:45:22,0,0.5161,0.0198,0,0,0.0,1,1.0,105,0,0.89251554,0.50047207
0,64,B_cluster_representative,0,0,SetiawanGab,@AkbarFahroby igrs ketar ketir,igrs ketar ketir,https://x.com/SetiawanGab/status/2040932179333820599,2026-04-05 23:18:44,0,0.0,0.0,1,0,0.0,1,1.0,86,0,0.8688333,0.27479902
0,960,C_noise_control,-1,0,Youronlymeta,@Quinny_hrly Kirain mau goreng IGRS lagi,kirain mau goreng igrs lagi,https://x.com/Youronlymeta/status/2041508958838599836,2026-04-07 13:30:39,0,0.0,0.0,1,0,0.0,1,1.0,27,0,0.698226,0.23467205
0,1130,C_noise_control,-1,0,KuppaKingu_,Rada lucu liat r/indogamers parno banget sama igrs. Lu buka reddit aja udah harus ganti dns kenapa perkara igrs doang takut 🤣,rada lucu liat r indogamers parno banget sama igrs kamu buka reddit aja sudah harus ganti dns mengapa perkara igrs doang takut,https://x.com/KuppaKingu_/status/2041396494230790509,2026-04-07 06:03:46,0,0.3382,0.007,0,0,0.0,1,1.0,17,0,0.7148419,0.35262832
0,464,B_cluster_representative,1,0,BosRQ_,"IGRS (rating gim lokal) itu wajar, byk negara jg punya. Tujuannya lindungi anak, bantu orang tua, jd panduan.
Masalahnya di penerapan IGRS: ada gim besar dianggap nggak layak edar, sementara yg lain ratingnya nggak konsisten. Jd yg perlu dibenahi aturan &amp; teknisnya, bukan idenya",igrs rating game lokal itu wajar byk negara jg punya tujuannya lindungi anak bantu orang tua jd panduan masalahnya di penerapan igrs ada game besar dianggap tidak layak edar sementara yang lain ratingnya tidak konsisten jd yang perlu dibenahi aturan teknisnya bukan idenya,https://x.com/BosRQ_/status/2040828295147856168,2026-04-05 16:25:56,0,0.254,0.0215,0,0,0.0,3,1.0,116,0,0.80595183,0.41388142
0,1247,C_noise_control,-1,0,OrbitSyndrome,"@elbrutico_555 Coba liat deh website nya igrs ini, website aja beselemak gini kok berani berani nya bilang steam yg minta maaf.",coba liat deh website nya igrs ini website aja beselemak gini kok berani berani nya bilang steam yang minta maaf,https://x.com/OrbitSyndrome/status/2041322969704923596,2026-04-07 01:11:36,0,0.34,0.0096,2,0,0.0,1,0.5,29,0,0.730209,0.3358266
0,231,C_noise_control,-1,0,_aridean,y Allah crashing out bgt gue gara gara igrs konyol dan skz bergantian,y allah crashing out banget saya gara gara igrs konyol dan skz bergantian,https://x.com/_aridean/status/2040864714515988774,2026-04-05 18:50:40,0,0.7209,0.0056,0,0,0.0,1,1.0,34,0,0.7564074,0.28212968
0,1037,C_noise_control,-1,0,tilehopper,"@ekawicaksana masalahnya mau bawa-bawa angka anak, lha anak mayoritas mobile dan Google Play dan Apple App Store juga udah IARC compliant. Mau pake alasan apa mereka kalau hasil self-assesment IARC questionare yang diisi developer ga sesuai? 

Masalah konversi ke IGRS dan verifikasi itu udah",masalahnya mau bawa bawa angka anak lha anak mayoritas mobile dan google play dan apple app store juga sudah iarc compliant mau pake alasan apa mereka kalau hasil self assesment iarc questionare yang diisi developer tidak sesuai masalah konversi ke igrs dan verifikasi itu sudah,https://x.com/tilehopper/status/2041468613773951331,2026-04-07 10:50:20,0,0.4105,0.0169,2,3,0.0,3,0.6,16,0,0.64320374,0.260596
1,453,A_high_confidence_coordinated,1,1,carapaklek,"@junwatu Biar nggak salah paham, rating IGRS di Steam itu kebanyakan masih data awal atau self-declare, jadi belum final. Wajar banget kalau di fase awal ini masih butuh penyesuaian demi melindungi pemain muda kita",biar tidak salah paham rating igrs di steam itu kebanyakan masih data awal atau self declare jadi belum final wajar banget kalau di fase awal ini masih butuh penyesuaian demi melindungi pemain muda kita,https://x.com/carapaklek/status/2040828752587108620,2026-04-05 16:27:46,1,0.6151,0.0379,8,0,0.0,7,0.7777777777777778,116,1,0.9404818,0.43527094
1,395,A_high_confidence_coordinated,1,1,Adiety333,"@mog_mediaa Banyak yang belum tahu, rating IGRS di Steam saat ini sebagian masih data awal/self-declare dan belum final, jadi wajar kalau masih ada yang perlu disempurnakan sambil tetap fokus ke tujuan utamanya melindungi pemain muda.",banyak yang belum tahu rating igrs di steam saat ini sebagian masih data awal self declare dan belum final jadi wajar kalau masih ada yang perlu disempurnakan sambil tetap fokus ke tujuan utamanya melindungi pemain muda,https://x.com/Adiety333/status/2040832145082692037,2026-04-05 16:41:14,1,0.6536,0.0315,5,0,0.0,5,0.8333333333333334,116,1,0.95701987,0.43026963
1,624,A_high_confidence_coordinated,1,1,noviarguna72100,"Inidia rilis resmi IGRS &amp; rating gim di Steam, bisa jadi referensi. Info yang beredar lebih lengkap:
https://t.co/jDqYWk0G15",inidia rilis resmi igrs rating game di steam bisa jadi referensi info yang beredar lebih lengkap,https://x.com/noviarguna72100/status/2040815738358055258,2026-04-05 15:36:03,1,0.5986,0.0093,7,0,0.0,6,0.6666666666666666,105,1,0.92881066,0.41156128
1,356,B_cluster_representative,1,0,Tessa44ut,"""Perlu klarifikasi tentang IGRS dan rating gim di Steam? Saran aku, cek siaran pers resmi ini dulu biar lebih paham dan dapat gambaran lengkap sebelum ikut diskusi. Info lengkapnya ada di sini: 
https://t.co/QkyzRkCBfi",perlu klarifikasi tentang igrs dan rating game di steam saran aku cek siaran pers resmi ini dulu biar lebih paham dan dapat gambaran lengkap sebelum ikut diskusi info lengkapnya ada di sini,https://x.com/Tessa44ut/status/2040835934028222620,2026-04-05 16:56:18,1,0.4714,0.0187,1,0,0.0,1,0.5,116,1,0.92648107,0.4390107
0,707,C_noise_control,-1,0,RaisShawer,@cqlumbina_ @GenshinUniverse It's kinda ironic that the one who rated IGRS are from AI,it s kinda ironic that the one who rated igrs are from ai,https://x.com/RaisShawer/status/2040799023096009144,2026-04-05 14:29:37,0,0.4249,0.0107,2,0,0.0,2,1.0,59,0,0.69245267,0.3432246
0,277,B_cluster_representative,0,0,R4ZESKY,IGRS dongo banget anjir wkwkwk https://t.co/dmIRytCnpE,igrs dongo banget anjir wkwkwk,https://x.com/R4ZESKY/status/2040849011431862762,2026-04-05 17:48:16,0,0.5641,0.004,0,0,0.0,1,1.0,74,0,0.8465426,0.3191785
0,876,B_cluster_representative,1,0,inimahjapran,@rayrestufauzi IGRS alias INDONESIAN GOONERS RATING SYSTEM emang anj,igrs alias indonesian gooners rating system emang anj,https://x.com/inimahjapran/status/2040768727453708779,2026-04-05 12:29:14,0,0.5353,0.0094,1,0,0.0,1,1.0,67,0,0.9197844,0.33056656
0,699,C_noise_control,-1,0,ItsmeMauwi,"@mediterariaa_ Bayangin deh kalo gta 6 rilis terus IGRS bilang ke rockstar ""bang, ini demi bisa masuk Indonesia senjatanya di blur ya. Sama kalo bisa ngga usah ada misi perampokan, apalagi nunjukin polisi nembak rakyat"" 🙏🏻🙏🏻",bayangin deh kalau gta rilis terus igrs bilang ke rockstar bang ini demi bisa masuk indonesia senjatanya di blur ya sama kalau bisa tidak usah ada misi perampokan apalagi nunjukin polisi nembak rakyat,https://x.com/ItsmeMauwi/status/2040800548665102448,2026-04-05 14:35:41,0,0.3186,0.0182,1,0,0.0,1,1.0,59,0,0.54476017,0.24611439
1,436,A_high_confidence_coordinated,1,1,AlinGibroez,"@rayrestufauzi Perlu diluruskan, yang tampil di Steam itu sebagian masih data awal IGRS, wajar kalau belum sepenuhnya akurat karena masih tahap pengembangan.",perlu diluruskan yang tampil di steam itu sebagian masih data awal igrs wajar kalau belum sepenuhnya akurat karena masih tahap pengembangan,https://x.com/AlinGibroez/status/2040829764072837481,2026-04-05 16:31:47,1,0.6144,0.02,5,0,0.0,5,0.8333333333333334,116,1,0.8457847,0.32532182
1,47,B_cluster_representative,1,0,anggtakhsturia,"Sedang ramai soal IGRS dan rating game di Steam? Ini siaran pers resmi dari Kemkomdigi, boleh dibaca biar paham duduk perkaranya :

https://t.co/TKpyJwC560",sedang ramai soal igrs dan rating game di steam ini siaran pers resmi dari kemkomdigi boleh dibaca biar paham duduk perkaranya,https://x.com/anggtakhsturia/status/2040934839306833973,2026-04-05 23:29:19,1,0.5799,0.015,0,0,0.0,1,1.0,86,1,0.8657713,0.4527899
1,154,B_cluster_representative,1,0,odeng9222,"Buat yang mengikuti isu IGRS dan sistem rating di Steam, penjelasan resmi sudah dirilis. Silakan cek dulu sebagai referensi awal: https://t.co/0RPAcEQ8zO",buat yang mengikuti isu igrs dan sistem rating di steam penjelasan resmi sudah dirilis silakan cek dulu sebagai referensi awal,https://x.com/odeng9222/status/2040911112456253689,2026-04-05 21:55:02,1,0.604,0.0153,0,0,0.0,1,1.0,29,1,0.91560125,0.37513924
1,274,B_cluster_representative,1,0,EndiD21883,"@cryofantasia Jujur saja tampilan rating IGRS di Steam sekarang memang bikin banyak orang bingung, tapi karena ini masih fase penyesuaian, mungkin yang paling penting sekarang adalah penjelasan rutin, transparansi kriteria, dan perbaikan bertahap supaya publik bisa ikut memahami prosesnya.",jujur saja tampilan rating igrs di steam sekarang memang bikin banyak orang bingung tapi karena ini masih fase penyesuaian mungkin yang paling penting sekarang adalah penjelasan rutin transparansi kriteria dan perbaikan bertahap supaya publik bisa ikut memahami prosesnya,https://x.com/EndiD21883/status/2040849755249824118,2026-04-05 17:51:13,1,0.7017,0.0164,1,0,0.0,2,1.0,74,1,0.9485592,0.4118979
0,278,B_cluster_representative,1,0,jamal8204,"@kemkomdigi IGRS nya woy dibenerin, game yang ada unsur dewasa masa dikasih rating 3+ logikanya dimana. 
Kalo sistem ratingnya aja ngelawak kek gitu, ngapain di kasih rating aneh",igrs nya woy dibenerin game yang ada unsur dewasa masa dikasih rating logikanya dimana kalau sistem ratingnya aja ngelawak kek gitu ngapain di kasih rating aneh,https://x.com/jamal8204/status/2040848701825118256,2026-04-05 17:47:02,0,0.3141,0.0139,1,0,0.0,1,1.0,74,0,0.8421556,0.45572433
1,241,A_high_confidence_coordinated,1,1,Inara234,"Buat yang penasaran soal status rating IGRS di Steam, ini penjelasan resmi dari Kemkomdigi. Lebih baik simak dulu informasinya supaya lebih jelas Kemkomdigi: Rating Gim di Steam Bukan Rating Resmi, Berpotensi Langgar Ketentuan di Indonesia https://t.co/rSNQn71m1K… https://t.co/vnIHRbnbQl",buat yang penasaran soal status rating igrs di steam ini penjelasan resmi dari kemkomdigi lebih baik simak dulu informasinya supaya lebih jelas kemkomdigi rating game di steam bukan rating resmi berpotensi langgar ketentuan di indonesia,https://x.com/Inara234/status/2040862120179577320,2026-04-05 18:40:21,1,1.0,0.0137,0,0,0.0,1,1.0,34,1,1.0000001,0.4404381
0,427,C_noise_control,-1,0,Dadangsutrisn0,@cryofantasia kan bikin geger emang bener tampilan rating IGRS di steam kaya lagi gak  tapi moga ajah ini cuma efek penyesuaian ajah bakal normal dan lebih baik lagi,kan bikin geger emang benar tampilan rating igrs di steam seperti lagi tidak tapi moga ajah ini cuma efek penyesuaian ajah bakal normal dan lebih baik lagi,https://x.com/Dadangsutrisn0/status/2040830075000729839,2026-04-05 16:33:01,1,0.266,0.0189,2,0,0.0,2,1.0,116,0,0.78358144,0.3649425
1,471,A_high_confidence_coordinated,1,1,carapaklek,"@cryofantasia Wajar jika banyak yang mempertanyakan rating IGRS yang muncul di Steam sekarang karena informasinya masih simpang siur. Sebagai langkah perbaikan berkelanjutan, transparansi mengenai indikator penilaian sangat diperlukan agar masa transisi ini bisa dipahami dengan baik oleh gamer",wajar jika banyak yang mempertanyakan rating igrs yang muncul di steam sekarang karena informasinya masih simpang siur sebagai langkah perbaikan berkelanjutan transparansi mengenai indikator penilaian sangat diperlukan agar masa transisi ini bisa dipahami dengan baik oleh gamer,https://x.com/carapaklek/status/2040828012850196961,2026-04-05 16:24:49,1,0.3291,0.0132,8,0,0.0,7,0.7777777777777778,116,1,0.8963289,0.46410248
1,480,A_high_confidence_coordinated,1,1,hilyazu,"@cryofantasia Wajar sih kalau banyak yang masih bingung lihat rating IGRS di Steam sekarang, karena tampilannya memang belum terlalu familiar buat sebagian pemain. Tapi menurut saya ini masih tahap penyesuaian, jadi memang butuh waktu supaya orang makin paham sistemnya.",wajar sih kalau banyak yang masih bingung lihat rating igrs di steam sekarang karena tampilannya memang belum terlalu familiar buat sebagian pemain tapi menurut saya ini masih tahap penyesuaian jadi memang butuh waktu supaya orang makin paham sistemnya,https://x.com/hilyazu/status/2040827229236818067,2026-04-05 16:21:42,1,0.4276,0.0264,4,0,0.0,4,0.8,116,1,0.91003376,0.45667967
0,784,B_cluster_representative,0,0,aomi__san,@_AmandaBrownies El IGRS,el igrs,https://x.com/aomi__san/status/2040782765634060399,2026-04-05 13:25:01,0,0.0,0.0,1,0,0.0,1,1.0,68,0,0.9024346,0.31451857
0,849,C_noise_control,-1,0,itsD_037,"IGRS is whack
Call of Duty got 3+
While CS2 got 18+",igrs is whack call of duty got while cs got,https://x.com/itsD_037/status/2040773532020515189,2026-04-05 12:48:20,0,0.4298,0.0069,0,0,0.0,1,1.0,67,0,0.4823478,0.1791449
0,921,B_cluster_representative,1,0,_hendrasusanto,"@tilehopper I assume you read this? Ini AI-nya halu. Again, nggak ada sumber Steam itu support IARC.

Justru maksud Steam adalah, kalau lu udah dapat IARC via Epic Games misalnya, gak bisa pake rating itu doang untuk Steam, tapi harus isi ulang questionnaire Steam (atau urus sendiri ke IGRS) https://t.co/vOwmmfR1q3",i assume you read this ini ai nya halu again tidak ada sumber steam itu support iarc justru maksud steam adalah kalau kamu sudah dapat iarc via epic games misalnya tidak bisa pake rating itu doang untuk steam tapi harus isi ulang questionnaire steam atau urus sendiri ke igrs,https://x.com/_hendrasusanto/status/2041545921717235837,2026-04-07 15:57:32,0,0.3072,0.0201,1,1,0.0,2,0.6666666666666666,9,0,0.80755204,0.40381438
1,466,A_high_confidence_coordinated,1,1,VinaAmelia33281,"@kerissakti Sekadar info aja nih, rating di Steam sekarang masih dalam proses awal penerapan IGRS, jadi belum final banget. Wajar sih kalau ada yang belum pas, karena lagi dibangun biar ekosistem gim di Indonesia makin rapi dan terlindungi dengan baik!",sekadar info aja ini rating di steam sekarang masih dalam proses awal penerapan igrs jadi belum final banget wajar sih kalau ada yang belum pas karena lagi dibangun biar ekosistem game di indonesia makin rapi dan terlindungi dengan baik,https://x.com/VinaAmelia33281/status/2040828188151132542,2026-04-05 16:25:31,1,0.4683,0.024,3,0,0.0,3,1.0,116,1,0.86967766,0.45329693
0,1250,C_noise_control,-1,0,enjzuu,"IGRS is so fucking stupid, like how can those hentai games rate is 13+ and THOSE TOTALLY NORMAL GAME IS 18++++ ??????",igrs is so fucking stupid like how can those hentai games rate is and those totally normal game is,https://x.com/enjzuu/status/2041321752958291995,2026-04-07 01:06:46,0,0.5687,0.0127,0,0,0.0,1,1.0,29,0,0.7940583,0.38692713
1,570,A_high_confidence_coordinated,1,1,Giskaelvina,"Untuk yang mengikuti isu IGRS &amp; rating gim di Steam, sudah ada penjelasan resmi yang bisa jadi acuan. Silakan cek dulu sebelum menarik kesimpulan
https://t.co/9hljlSwxT7",untuk yang mengikuti isu igrs rating game di steam sudah ada penjelasan resmi yang bisa jadi acuan silakan cek dulu sebelum menarik kesimpulan,https://x.com/Giskaelvina/status/2040820816536011229,2026-04-05 15:56:13,1,1.0,0.0123,2,0,0.0,2,0.6666666666666666,105,1,0.9999999,0.47962722
0,623,B_cluster_representative,1,0,hiseyyno,IGRS (Indonesian Goon Rating System),igrs indonesian goon rating system,https://x.com/hiseyyno/status/2040815781521547558,2026-04-05 15:36:13,0,0.5726,0.0083,0,0,0.0,1,1.0,105,0,0.99481845,0.3227866
1,553,B_cluster_representative,1,0,asep2b,"@kukuhya Buat yang lagi mengikuti isu IGRS dan rating gim di Steam, sudah ada penjelasan resminya yang bisa dijadikan referensi. Coba cek dulu sebelum ambil kesimpulan",buat yang lagi mengikuti isu igrs dan rating game di steam sudah ada penjelasan resminya yang bisa dijadikan referensi coba cek dulu sebelum ambil kesimpulan,https://x.com/asep2b/status/2040822312149324220,2026-04-05 16:02:10,1,0.4645,0.0116,1,0,0.0,1,0.5,116,1,0.9343042,0.44282
0,26,C_noise_control,-1,0,rizkionalisme,"@kukuhya @gilbhas halah kek igrs aja hrs nyewa buzzer. pake istilah ""melindungi anak"" lagi. tai kucing. anak2 dr dlu fun aja gaming tnpa rating. lu aja skrg yg pengen uangnya dr bisnis yg udah makin besar.",halah kek igrs aja hrs nyewa buzzer pake istilah melindungi anak lagi tai kucing anak dari dlu fun aja gaming tnpa rating kamu aja sekarang yang pengen uangnya dari bisnis yang sudah makin besar,https://x.com/rizkionalisme/status/2040938846133924086,2026-04-05 23:45:14,0,0.3886,0.0147,2,0,0.0,2,1.0,86,0,0.6927748,0.40155655
0,313,B_cluster_representative,0,0,hanadee_20,Intinya IGRS taik.,intinya igrs taik,https://x.com/hanadee_20/status/2040840752763429084,2026-04-05 17:15:27,0,0.5877,0.0017,0,0,0.0,1,1.0,74,0,0.89582217,0.34852323
0,1066,C_noise_control,-1,0,Al_Khuarizmi,@kurawa Kalo bukan resmi dari Komdigi kenapa Steam pakein logo nya IGRS disitu? orang orang tau kalo Steam pake PEGI buat system review mereka. Steam mah cuma platform launcher gaada sangkut pautnya sama ngasih rating umur.,kalau bukan resmi dari komdigi mengapa steam pakein logo nya igrs disitu orang orang tau kalau steam pake pegi buat system review mereka steam mah cuma platform launcher gaada sangkut pautnya sama ngasih rating umur,https://x.com/Al_Khuarizmi/status/2041446148922306682,2026-04-07 09:21:04,0,0.3792,0.0272,1,0,0.0,1,1.0,17,0,0.76644695,0.33300206
0,635,C_noise_control,-1,0,Skalteer,Aowkwow IGRS di ketawain inter 🤣,aowkwow igrs di ketawain inter,https://x.com/Skalteer/status/2040814625709772824,2026-04-05 15:31:37,0,0.0,0.0,0,0,0.0,1,1.0,105,0,0.6604638,0.20635614
0,92,C_noise_control,-1,0,syizuril,"@R35_AH47 Sebenarnya dibilang redudan juga enggak, karena ada beberapa perbedaan moral disini sama di CERO, klau dari perencanaannya sih publisher bisa memanfaatkan IARC untuk skali dirating akan didistribusikan otomatis ke semua lembaga rating termasuk IGRS, tinggal implementasi nya gmna",sebenarnya dibilang redudan juga enggak karena ada beberapa perbedaan moral disini sama di cero klau dari perencanaannya sih publisher bisa memanfaatkan iarc untuk skali dirating akan didistribusikan otomatis ke semua lembaga rating termasuk igrs tinggal implementasi nya gmna,https://x.com/syizuril/status/2040928123693433065,2026-04-05 23:02:37,0,0.2538,0.0059,1,0,0.0,1,1.0,86,0,0.6816437,0.347337
0,562,C_noise_control,-1,0,_sennav,"@rayrestufauzi 15+ 
Ada ""Kekerasan"" 
Well played IGRS",ada kekerasan well played igrs,https://x.com/_sennav/status/2040821892144341036,2026-04-05 16:00:30,0,0.3096,0.0012,1,0,0.0,1,0.5,116,0,0.6570856,0.31413057
0,1006,C_noise_control,-1,0,rdagung_,"@onnowpurbo gw cukup yakin 99.9% dari 70jt anak indonesia itu gakan liat igrs ketika ingin beli game sih pak.. so what's the point? 

blokir game aja gitu maunya?",saya cukup yakin dari jt anak indonesia itu gakan liat igrs ketika ingin beli game sih pak so what s the point blokir game aja gitu maunya,https://x.com/rdagung_/status/2041489836658634795,2026-04-07 12:14:40,0,0.3415,0.0184,1,0,0.0,1,1.0,28,0,0.7928627,0.3740666
1,339,B_cluster_representative,1,0,yani09842577669,"Biar diskusi soal IGRS &amp; rating gim di Steam lebih lengkap, ada siaran pers resmi yang menjelaskan konteksnya. Silakan dibaca dulu di sini: 
https://t.co/ktb0fsIdZv",biar diskusi soal igrs rating game di steam lebih lengkap ada siaran pers resmi yang menjelaskan konteksnya silakan dibaca dulu di sini,https://x.com/yani09842577669/status/2040837596113473569,2026-04-05 17:02:54,1,0.7017,0.0186,1,0,0.0,2,1.0,74,1,0.9406271,0.45113084
1,600,A_high_confidence_coordinated,2,1,Reonyree,"Buat kalian sebelum debat soal IGRS ke mana‑mana, lebih baik kalian baca dulu siaran pers resminya di sini
https://t.co/iIz1hY4PUb https://t.co/u4H1m3bYOG",buat kalian sebelum debat soal igrs ke mana mana lebih baik kalian baca dulu siaran pers resminya di sini,https://x.com/Reonyree/status/2040817465564057853,2026-04-05 15:42:55,1,1.0,0.0157,0,0,0.0,1,1.0,105,1,0.9517131,0.26788625
0,643,C_noise_control,-1,0,EmilleMaiki,"IGRS rated Doom Eternal and Persona 5 as 3+ games, while Farming Simulator 2025 and Superliminal as 18+ games

Thats Cinema 🙌",igrs rated doom eternal and persona as games while farming simulator and superliminal as games thats cinema,https://x.com/EmilleMaiki/status/2040813668431167585,2026-04-05 15:27:49,0,0.3395,0.0076,0,0,0.0,1,1.0,105,0,0.6188481,0.32773024
0,245,C_noise_control,-1,0,xathrya,"IGRS ini easy win buat govt

Keliatan doing something yg looks morally correct, tp gol yg dirugikan cuma 1%ter tanpa keterwakilan politik (pc/cons gamer)

Yekan daripada ngutak-atik judol perlu political will gede

😂😂",igrs ini easy win buat govt keliatan doing something yang looks morally correct tp gol yang dirugikan cuma ter tanpa keterwakilan politik pc cons gamer yekan daripada ngutak atik judol perlu political will gede,https://x.com/xathrya/status/2040860669684412562,2026-04-05 18:34:35,0,0.2042,0.0094,0,0,0.0,2,1.0,34,0,0.7004229,0.34677744
1,593,A_high_confidence_coordinated,1,1,JancokAsu893230,"Biar informasinya lebih utuh, ada penjelasan resmi soal IGRS dan rating gim di Steam yang bisa dicek dulu sebelum kasih opini lebih jauh nih linknya ya https://t.co/2BdMQlbh4v",biar informasinya lebih utuh ada penjelasan resmi soal igrs dan rating game di steam yang bisa dicek dulu sebelum kasih opini lebih jauh ini linknya ya,https://x.com/JancokAsu893230/status/2040818023381217365,2026-04-05 15:45:07,1,0.3445,0.0136,5,0,0.0,5,0.8333333333333334,105,1,0.94127953,0.49272063
0,227,A_high_confidence_coordinated,0,1,Albert2844,Bran bran benerin noh igrs,bran bran benerin noh igrs,https://x.com/Albert2844/status/2040865995540353494,2026-04-05 18:55:45,0,1.0,0.0032,1,0,0.0,2,1.0,34,0,0.9680432,0.26929334
0,1210,C_noise_control,-1,0,fareasy96,"@EliasSanSan Kalau kita percaya klaim Komdigi klo Steam 'minta maaf' lwt email ke mereka karena kesalahan proses rating, knp Komdigi hrs minta maaf?

Dlm skenario tsb, cuma Steam yang melakukan kesalahan.

Masalah IGRS itu bkn di rating yg salah, tapi potensi pemblokiran game dgn rating RC.",kalau kita percaya klaim komdigi kalau steam minta maaf lwt email ke mereka karena kesalahan proses rating mengapa komdigi hrs minta maaf dlm skenario tsb cuma steam yang melakukan kesalahan masalah igrs itu bkn di rating yang salah tapi potensi pemblokiran game dengan rating rc,https://x.com/fareasy96/status/2041341288315052346,2026-04-07 02:24:24,0,0.4357,0.0142,3,2,0.0,2,0.4,19,0,0.79824567,0.3916886
0,1245,C_noise_control,-1,0,GOALIATHH,@reruzensky @kemkomdigi bro igrs lupa valve pernah menang lawan trolling pattern dari roschild😭😂,bro igrs lupa valve pernah menang lawan trolling pattern dari roschild,https://x.com/GOALIATHH/status/2041324003621834907,2026-04-07 01:15:43,0,0.3012,0.0039,1,0,0.0,1,1.0,29,0,0.57682383,0.32615826
0,1238,B_cluster_representative,1,0,fathanmsatria,@kurawa Jadi rating IGRS itu diambil dari rating user review apa gimana sih? Kok tiba tiba bahas user review?,jadi rating igrs itu diambil dari rating user review apa bagaimana sih kok tiba tiba bahas user review,https://x.com/fathanmsatria/status/2041326475287404678,2026-04-07 01:25:32,0,0.6662,0.0059,1,0,0.0,1,1.0,29,0,0.80266136,0.32027826
1,548,A_high_confidence_coordinated,1,1,SidikHamdani96,@kukuhya Kalo menurut saya sih rating IGRS di Steam sekarang banyak yang masih data jadi masih belum sepenuhnya valid..,kalau menurut saya sih rating igrs di steam sekarang banyak yang masih data jadi masih belum sepenuhnya valid,https://x.com/SidikHamdani96/status/2040822471704850776,2026-04-05 16:02:48,1,1.0,0.0199,2,0,0.0,3,1.0,116,1,0.9999999,0.40938222
0,850,C_noise_control,-1,0,MJRTiger123,@mhuseinali Kalau konsol bagaimana bro iya kali igrs juga kena,kalau konsol bagaimana bro iya kali igrs juga kena,https://x.com/MJRTiger123/status/2040773441205493864,2026-04-05 12:47:58,0,0.2955,0.0072,1,0,0.0,1,1.0,67,0,0.72063386,0.36596623
0,582,B_cluster_representative,0,0,mldlyc,IGRS ini Gnya goblok kah,igrs ini gnya goblok kah,https://x.com/mldlyc/status/2040818928616960041,2026-04-05 15:48:43,0,0.4907,0.0047,0,0,0.0,1,1.0,105,0,0.9567666,0.3126687
0,188,C_noise_control,-1,0,aliffurqonasdya,We got IGRS before GTA release😮‍💨,we got igrs before gta release,https://x.com/aliffurqonasdya/status/2040891841873387556,2026-04-05 20:38:27,0,0.4298,0.0043,0,0,0.0,1,1.0,16,0,0.685973,0.25022292
0,38,C_noise_control,-1,0,meimeiajadeh,"IGRS tolol, komdigi tolol, indonesia asuuuuu. plis jangan aneh anehin steam GUE, dimana gue cuma bisa mengandalkan steam kalau mau beli otoge. IGRS cuma bisa ngasih rating 3+ ke game gooning asuuuuuuu blok.",igrs tolol komdigi tolol indonesia asuuuuu plis jangan aneh anehin steam saya dimana saya cuma bisa mengandalkan steam kalau mau beli otoge igrs cuma bisa ngasih rating ke game gooning asuuuuuuu blok,https://x.com/meimeiajadeh/status/2040936719835636093,2026-04-05 23:36:47,0,0.595,0.021,0,0,0.0,2,1.0,86,0,0.76360345,0.4289342
1,472,A_high_confidence_coordinated,1,1,noviarguna72100,"@junwatu IGRS di Steam sekarang banyak yang masih data awal/selfdeclare dan belum final, sekaligus mengingatkan bahwa niat utamanya adalah melindungi pemain muda dan menata ekosistem game, sehingga wajar kalau di fase awal masih ada hal yang perlu disesuaikan dan diperjelas bersama.",igrs di steam sekarang banyak yang masih data awal self declare dan belum final sekaligus mengingatkan bahwa niat utamanya adalah melindungi pemain muda dan menata ekosistem game sehingga wajar kalau di fase awal masih ada hal yang perlu disesuaikan dan diperjelas bersama,https://x.com/noviarguna72100/status/2040827997792670142,2026-04-05 16:24:46,1,1.0,0.0277,7,0,0.0,6,0.6666666666666666,116,1,1.0000004,0.4021979
0,654,C_noise_control,-1,0,YinkoKaelandra,"Sekali buka X setelah sekian lama timeline isinya jadi keributan IGRS doang mending ga usah nerapin IGRS di steam udah universal pake ESRB&amp;PEGI maksa harus serba lokalisasi

mana adu lempar tanggung jawab ke valve, apakah terulang kejadian 1 Agustus 2022 dilempar botol air pipis? https://t.co/yHQoJ3Ys25",sekali buka x setelah sekian lama timeline isinya jadi keributan igrs doang mending tidak usah nerapin igrs di steam sudah universal pake esrb pegi maksa harus serba lokalisasi mana adu lempar tanggung jawab ke valve apakah terulang kejadian agustus dilempar botol air pipis,https://x.com/YinkoKaelandra/status/2040812367316152804,2026-04-05 15:22:39,0,0.3731,0.0145,1,0,0.0,2,0.6666666666666666,105,0,0.73625636,0.3437986
0,1061,A_high_confidence_coordinated,1,1,TirpitzRtx,@naeraeirene IGRS ( Indonesia Gooning Rating system ),igrs indonesia gooning rating system,https://x.com/TirpitzRtx/status/2041451465559216232,2026-04-07 09:42:12,0,1.0,0.0125,1,1,0.0,1,1.0,17,0,1.0,0.31197426
1,610,A_high_confidence_coordinated,1,1,AlinGibroez,"Lagi ramai soal IGRS &amp; rating gim di Steam, ini ada siaran pers resminya buat jadi referensi awal. Silakan cek dulu sebelum menarik kesimpulan: [link]
https://t.co/8mo08zNuM0",lagi ramai soal igrs rating game di steam ini ada siaran pers resminya buat jadi referensi awal silakan cek dulu sebelum menarik kesimpulan link,https://x.com/AlinGibroez/status/2040816729807626521,2026-04-05 15:39:59,1,0.513,0.0137,5,0,0.0,5,0.8333333333333334,105,1,0.9480512,0.456417
0,825,C_noise_control,-1,0,haenetizen,@Syndarrr03 @BudiBukanIntel Kalo untuk sekarang segitu tapi kalo ngikutin regulasi IGRS tuh harus ada kebijakan baru,kalau untuk sekarang segitu tapi kalau ngikutin regulasi igrs itu harus ada kebijakan baru,https://x.com/haenetizen/status/2040776062553182549,2026-04-05 12:58:23,0,0.3362,0.0069,1,0,0.0,1,1.0,67,0,0.71183807,0.25540337
1,575,B_cluster_representative,2,0,Emmeliachr59881,"Kita harus baca dulu siaran pers resmi nya,sebelum debat soal IGRS kemana2.
Buat yg malas nyari ini link nya saya lampirkan https://t.co/m8dXvwJljb",kita harus baca dulu siaran pers resmi nya sebelum debat soal igrs kemana buat yang malas nyari ini link nya saya lampirkan,https://x.com/Emmeliachr59881/status/2040820088388116841,2026-04-05 15:53:20,1,0.6666,0.017,1,0,0.0,1,0.5,105,1,0.8952223,0.2738254
1,455,A_high_confidence_coordinated,1,1,andybalala19,"@junwatu Rating IGRS di Steam sekarang banyak yang masih data awal/selfdeclare dan belum final, niat utama dalam membuat sistem IGRS ini melindungi pemain muda yang belum cukup umur untuk memainkan game ini. Tolonglah Komdigi buat sistem IGRS lebih baik dan benar lagi agar semua senang.",rating igrs di steam sekarang banyak yang masih data awal self declare dan belum final niat utama dalam membuat sistem igrs ini melindungi pemain muda yang belum cukup umur untuk memainkan game ini tolonglah komdigi buat sistem igrs lebih baik dan benar lagi agar semua senang,https://x.com/andybalala19/status/2040828616486064310,2026-04-05 16:27:13,1,0.5998,0.0349,5,0,0.0,4,0.6666666666666666,116,1,0.90352124,0.46418363
1,482,A_high_confidence_coordinated,1,1,Deewwiiiii,"@junwatu Banyak yang salah paham soal rating IGRS di Steam, dan itu kelihatan dari tampilannya yang belum intuitif",banyak yang salah paham soal rating igrs di steam dan itu kelihatan dari tampilannya yang belum intuitif,https://x.com/Deewwiiiii/status/2040827213990567945,2026-04-05 16:21:39,1,0.4877,0.016,9,0,0.0,7,0.7,116,1,0.8158221,0.41159767
0,753,B_cluster_representative,0,0,Raza420691,"Tai, kontol IGRS kesel nian gue",tai kontol igrs kesel nian saya,https://x.com/Raza420691/status/2040790830752157891,2026-04-05 13:57:04,0,0.4929,0.0055,0,0,0.0,1,1.0,68,0,0.8525187,0.2727154
1,447,A_high_confidence_coordinated,1,1,VinaAmelia33281,"@junwatu Jadi rating yang kita lihat sekarang belum hasil akhirnya ya, soalnya masih fase awal implementasi IGRS. Wajar banget kalau ada yang belum pas, karena tujuannya kan lagi disusun biar ekosistem gim nasional makin teratur dan aman! 👍",jadi rating yang kita lihat sekarang belum hasil akhirnya ya soalnya masih fase awal implementasi igrs wajar banget kalau ada yang belum pas karena tujuannya kan lagi disusun biar ekosistem game nasional makin teratur dan aman,https://x.com/VinaAmelia33281/status/2040829174555054400,2026-04-05 16:29:26,1,0.6895,0.0207,3,0,0.0,3,1.0,116,1,0.89115703,0.447209
0,272,A_high_confidence_coordinated,1,1,0p_py,Indonesia Gooner Rating System (IGRS),indonesia gooner rating system igrs,https://x.com/0p_py/status/2040850524912972138,2026-04-05 17:54:16,0,1.0,0.0127,0,0,0.0,1,0.5,74,0,0.98954946,0.3280844
0,1060,B_cluster_representative,1,0,KumekaGenzo77,"@Bram_no3 @harist_ixcents @ferrykoto @aniesbaswedan Bro Steam itu bkn platform jual game baru lahir,mereka udh paham gimana cara ngasih rating usia yg bener, ini mh keliatan yg masukin sistem cuma dari pihak IGRS doang sedangkan pihak Steamnya gk tau",bro steam itu bkn platform jual game baru lahir mereka sudah paham bagaimana cara ngasih rating usia yang benar ini mh keliatan yang masukin sistem cuma dari pihak igrs doang sedangkan pihak steamnya gk tau,https://x.com/KumekaGenzo77/status/2041452282580255180,2026-04-07 09:45:27,0,0.3324,0.0152,1,0,0.0,9,1.0,17,0,0.8149087,0.42834473
1,632,A_high_confidence_coordinated,2,1,Ryand2727,"Josss bgt dahhh Sebelum debat soal IGRS ke mana‑mana, mungkin oke baca dulu siaran pers resminya di sini yaaaa gaissssss https://t.co/ENTVnEdMkt biarrr jelassss",josss banget dahhh sebelum debat soal igrs ke mana mana mungkin oke baca dulu siaran pers resminya di sini yaaaa gaissssss biarrr jelassss,https://x.com/Ryand2727/status/2040814955398860887,2026-04-05 15:32:56,1,0.9539,0.0139,0,0,0.0,1,1.0,105,1,0.9098203,0.35169277
1,477,A_high_confidence_coordinated,1,1,dvrtlngi,"@cryofantasia Jujur aja, tampilan rating IGRS di Steam sekarang emang masih bikin bingung buat banyak orang. Tapi kalau dilihat, ini lagi fase penyesuaian jadi wajar belum rapi—yang penting ke depan perlu update penjelasan yang rutin, transparansi kriteria, dan perbaikan terus biar makin jelas",jujur aja tampilan rating igrs di steam sekarang emang masih bikin bingung buat banyak orang tapi kalau dilihat ini lagi fase penyesuaian jadi wajar belum rapi yang penting ke depan perlu update penjelasan yang rutin transparansi kriteria dan perbaikan terus biar makin jelas,https://x.com/dvrtlngi/status/2040827260517945362,2026-04-05 16:21:50,1,0.7017,0.0213,3,0,0.0,4,1.0,116,1,0.94939333,0.41756418
0,959,C_noise_control,-1,0,OpiniRakyatID,@tekarok007 ngebacot doang.. urusin noh IGRS masak game bokep boleh usia 3 tahun mn pake ngeles it dr pihak steam.,ngebacot doang urusin noh igrs masak game bokep boleh usia tahun mn pake ngeles it dari pihak steam,https://x.com/OpiniRakyatID/status/2041509472192082148,2026-04-07 13:32:42,0,0.2833,0.0094,2,0,0.0,1,0.5,27,0,0.6930953,0.35015824
1,521,A_high_confidence_coordinated,1,1,indahsarii54648,"@RRDelusi Kalau dilihat sekarang, rating IGRS di Steam itu masih banyak yang sifatnya self-declare dari developer, jadi belum final sepenuhnya. Memang masih fase penyesuaian",kalau dilihat sekarang rating igrs di steam itu masih banyak yang sifatnya self declare dari developer jadi belum final sepenuhnya memang masih fase penyesuaian,https://x.com/indahsarii54648/status/2040824647785333123,2026-04-05 16:11:27,1,0.5148,0.0255,3,0,0.0,3,0.75,116,1,0.94541967,0.38937876
0,919,C_noise_control,-1,0,ivosdementia,"Twitter aka X is my ""lowkey"" app, I can talk about femboy futa house being rated 3+ by IGRS and motherfuckers will still be reposting that shit.",twitter aka x is my lowkey app i can talk about femboy futa house being rated by igrs and motherfuckers will still be reposting that shit,https://x.com/ivosdementia/status/2041549145329287257,2026-04-07 16:10:21,0,0.455,0.0122,0,0,0.0,1,1.0,7,0,0.5959717,0.32294193
0,384,C_noise_control,-1,0,mirasupermii,"Wanjir buzzer IGRS, banyak nih budget buat buzzernya wowkwok https://t.co/aNRM5tIPSe",wanjir buzzer igrs banyak ini budget buat buzzernya wowkwok,https://x.com/mirasupermii/status/2040832784491839897,2026-04-05 16:43:47,0,0.5888,0.0103,0,0,0.0,1,1.0,116,0,0.6721858,0.34055758
1,382,A_high_confidence_coordinated,1,1,Alizazaina94321,"@mog_mediaa Sebagai tambahan informasi, rating IGRS yang tampil di Steam saat ini banyak yang masih tahap awal/self-declare sehingga kemungkinan masih akan diperjelas seiring prosesnya.",sebagai tambahan informasi rating igrs yang tampil di steam saat ini banyak yang masih tahap awal self declare sehingga kemungkinan masih akan diperjelas seiring prosesnya,https://x.com/Alizazaina94321/status/2040833204555534697,2026-04-05 16:45:27,1,0.434,0.0184,5,0,0.0,6,1.0,116,1,0.9051088,0.3890268
0,1,A_high_confidence_coordinated,8,1,Excyde_,"@madeltangapung Kiranya bakal didukung kali ya, ngasih rating sembarangan. Taunya ngerempongin komunitas gamer yang fine2 aja selama ini tanpa IGRS",kiranya bakal didukung kali ya ngasih rating sembarangan taunya ngerempongin komunitas gamer yang fine aja selama ini tanpa igrs,https://x.com/Excyde_/status/2040942556931101159,2026-04-05 23:59:59,0,0.3316,0.008,2,0,0.0,2,1.0,86,0,0.8092543,0.38563088
0,838,C_noise_control,-1,0,Al38819917,"@aniblogsan52394 Trus ? Hubungannya sama harga apa ? Data ekonomi tuh mayoritasnya udh publik, ahli ekonomi tu ngitungin terus tiap hari (kurleb la). Hubungannya sama IGRS apa ? ini tuh beda masalah",trus hubungannya sama harga apa data ekonomi itu mayoritasnya sudah publik ahli ekonomi itu ngitungin terus tiap hari kurleb la hubungannya sama igrs apa ini itu beda masalah,https://x.com/Al38819917/status/2040774872666873898,2026-04-05 12:53:40,0,0.2881,0.0053,2,0,0.0,1,0.5,67,0,0.542856,0.21270059
0,1200,C_noise_control,-1,0,IKKIttebayo,@BosPurwa urgensi ada IGRS ini apa ya? padahal bisa pake ESRB,urgensi ada igrs ini apa ya padahal bisa pake esrb,https://x.com/IKKIttebayo/status/2041348577579147400,2026-04-07 02:53:21,0,0.4788,0.0071,1,0,0.0,1,1.0,19,0,0.7269416,0.3663595
0,651,C_noise_control,-1,0,skepticaladhit,"@Vulpeex Malak. Minta setoran 😂 masalahnya market kita ini gak begitu gede dan kalau publisher mau ignore market indo dan gk mau nurut sama IGRS, mereka gak rugi banyak. Yg paling rugi siapa? Ya gamer indo 😂",malak minta setoran masalahnya market kita ini tidak begitu gede dan kalau publisher mau ignore market indo dan gk mau nurut sama igrs mereka tidak rugi banyak yang paling rugi siapa ya gamer indo,https://x.com/skepticaladhit/status/2040812617204474130,2026-04-05 15:23:39,0,0.3999,0.0182,1,0,0.0,1,1.0,105,0,0.68504715,0.26863483
0,39,B_cluster_representative,0,0,FahrezaMahendr,@kemkomdigi Gimana sih pak kok IGRS malah ngaco parah,bagaimana sih pak kok igrs malah ngaco parah,https://x.com/FahrezaMahendr/status/2040936675770257508,2026-04-05 23:36:36,0,0.6335,0.0055,1,0,0.0,1,1.0,86,0,0.8830627,0.2827675
0,457,C_noise_control,-1,0,krisnaardis,Igrs memang nyabu kayanya😂😂😂,igrs memang nyabu kayanya,https://x.com/krisnaardis/status/2040828455286395065,2026-04-05 16:26:35,0,0.5862,0.0013,0,0,0.0,1,1.0,116,0,0.722496,0.26628914
0,270,B_cluster_representative,1,0,1RONiC_,"@WisnuKumoro komdigi kalo mau cuman biar terlihat kerja mah harusnya contek rating yg udah ada aja. orang2 juga bakal liatnya lebih positif.

responnya mungkin jadi, ""wah keren igrs ratingnya sesuai ama esrb/pegi, keliatan nih yg di igrs isinya orang2 ngerti gaming""",komdigi kalau mau cuman biar terlihat kerja mah harusnya contek rating yang sudah ada aja orang juga bakal liatnya lebih positif responnya mungkin jadi wah keren igrs ratingnya sesuai sama esrb pegi keliatan ini yang di igrs isinya orang ngerti gaming,https://x.com/1RONiC_/status/2040850609700741450,2026-04-05 17:54:37,0,0.2817,0.0225,1,0,0.0,1,1.0,74,0,0.8058332,0.4305216
1,326,A_high_confidence_coordinated,3,1,Ginanadia67421,"@ezash ""Bener banget, politik dan regulasi emang ngaruh ke hidup kita, jadi wajar kalo banyak yang penasaran. Mungkin IGRS bisa lebih transparan dan rapi lagi, biar kita semua lebih paham. Sistem baru emang butuh waktu, tapi perbaikan dan penjelasan yang jelas pasti lebih membantu🔥""",benar banget politik dan regulasi emang ngaruh ke hidup kita jadi wajar kalau banyak yang penasaran mungkin igrs bisa lebih transparan dan rapi lagi biar kita semua lebih paham sistem baru emang butuh waktu tapi perbaikan dan penjelasan yang jelas pasti lebih membantu,https://x.com/Ginanadia67421/status/2040838918489456697,2026-04-05 17:08:09,1,0.4029,0.0177,3,0,0.0,3,0.75,74,1,0.84752953,0.24911106
0,1035,C_noise_control,-1,0,fuckchmstry,"@Bram_no3 @harist_ixcents @ferrykoto @aniesbaswedan Yaelah gamehub mah walau bisa terhubung ke steam yah tetap bayar kocak buat gamenya, kecuali kalau pakai bajakan. Tapi itu tidak belum tentu bisa do hp. Lagian kenapa malah lari ke sana pembahasannya? Kan lagi bahas igrs alias rating game, gimana sih",yaelah gamehub mah walau bisa terhubung ke steam yah tetap bayar kocak buat gamenya kecuali kalau pakai bajakan tapi itu tidak belum tentu bisa do hp lagian mengapa malah lari ke sana pembahasannya kan lagi bahas igrs alias rating game bagaimana sih,https://x.com/fuckchmstry/status/2041469673510957409,2026-04-07 10:54:33,0,0.3041,0.0176,1,0,0.0,2,0.6666666666666666,16,0,0.7724822,0.44842023
1,520,A_high_confidence_coordinated,1,1,Deewwiiiii,"@RRDelusi Supaya nggak simpang siur, ini tersedia siaran pers resmi tentang IGRS dan sistem rating di Steam",supaya tidak simpang siur ini tersedia siaran pers resmi tentang igrs dan sistem rating di steam,https://x.com/Deewwiiiii/status/2040824703066255600,2026-04-05 16:11:40,1,0.5522,0.0282,9,0,0.0,7,0.7,116,1,0.8181304,0.3780589
1,479,A_high_confidence_coordinated,1,1,ayoitsmoy,"@kukuhya Sedikit meluruskan ya, rating IGRS yg muncul di Steam sekarang bnyk yg masih bersifat data awal/self-declare dari developer, jadi belum semuanya final. Memang masih tahap penyesuaian sambil dirapikan",sedikit meluruskan ya rating igrs yang muncul di steam sekarang bnyk yang masih bersifat data awal self declare dari developer jadi belum semuanya final memang masih tahap penyesuaian sambil dirapikan,https://x.com/ayoitsmoy/status/2040827249059066314,2026-04-05 16:21:47,1,0.5994,0.027,3,0,0.0,3,0.75,116,1,0.9529487,0.39910224
0,1086,C_noise_control,-1,0,KenapeAje,@ItsukaRedSama si @madeltangapung ini apa tau apa itu IGRS vs ESRB vs PEGI sok macam anies baswedan sok tau😀 IGRS mengikuti sertakan gaming development mengenai design untuk usia batasan kok😀😀😀😀si anies baswedan ESRB di USA malah pemerintah 100%😀😀😀😀😀TOLOL,si ini apa tau apa itu igrs vs esrb vs pegi sok macam anies baswedan sok tau igrs mengikuti sertakan gaming development mengenai design untuk usia batasan kok si anies baswedan esrb di usa malah pemerintah tolol,https://x.com/KenapeAje/status/2041433373147791676,2026-04-07 08:30:18,0,0.3759,0.0166,1,0,0.0,1,1.0,11,0,0.7098528,0.39727035
0,244,B_cluster_representative,0,0,WahyuAr19799578,@MangAgus_10 Ah pantek igrs,ah pantek igrs,https://x.com/WahyuAr19799578/status/2040860810952708471,2026-04-05 18:35:09,0,0.467,0.001,1,0,0.0,1,1.0,34,0,0.8755331,0.28974235
1,298,A_high_confidence_coordinated,1,1,DazzZulia,"@rayrestufauzi Sejauh ini yang terlihat di Steam katanya masih banyak yang berupa input awal (selfdeclare), jadi belum hasil kurasi final dari IGRS. Semoga nanti saat sudah final bisa lebih objektif dan sesuai dengan target usia pemain.",sejauh ini yang terlihat di steam katanya masih banyak yang berupa input awal self declare jadi belum hasil kurasi final dari igrs semoga nanti saat sudah final bisa lebih objektif dan sesuai dengan target usia pemain,https://x.com/DazzZulia/status/2040842375799730570,2026-04-05 17:21:54,1,0.4927,0.0213,3,0,0.0,2,0.5,74,1,0.8387089,0.37761837
0,1228,C_noise_control,-1,0,salmontamago14,@ekawicaksana Hi @Steam @Steam_Support @valvesoftware did you really issued an apologize statement regarding to IGRS implementation? We did not aware there was any.,hi did you really issued an apologize statement regarding to igrs implementation we did not aware there was any,https://x.com/salmontamago14/status/2041330443774214625,2026-04-07 01:41:18,0,0.3121,0.0069,1,0,0.0,1,1.0,29,0,0.6546671,0.24764971
1,354,B_cluster_representative,1,0,masgah_,"Jujur, rame soal IGRS &amp; rating gim di Steam bikin banyak orang khawatir. Gue juga kritis, tapi pengin lihat ini dengan kepala dingin.

Perlu dilurusin: rating di Steam bukan resmi pemerintah. Rating resmi di Indonesia pakai IGRS, buat batas usia, bukan asal blokir.",jujur rame soal igrs rating game di steam bikin banyak orang khawatir saya juga kritis tapi pengin lihat ini dengan kepala dingin perlu dilurusin rating di steam bukan resmi pemerintah rating resmi di indonesia pakai igrs buat batas usia bukan asal blokir,https://x.com/masgah_/status/2040836314141237544,2026-04-05 16:57:48,1,0.5364,0.0229,0,0,0.0,2,0.6666666666666666,116,1,0.90115905,0.48582932
1,590,A_high_confidence_coordinated,2,1,sbjagal74,"Untuk menghindari debat soal IGRS ngalor-ngidul, sebaiknya  baca dulu siaran pers resminya di sini: [link]’ https://t.co/gVAc7gb8NC",untuk menghindari debat soal igrs ngalor ngidul sebaiknya baca dulu siaran pers resminya di sini link,https://x.com/sbjagal74/status/2040818579369869345,2026-04-05 15:47:20,1,0.8281,0.0172,0,0,0.0,1,1.0,105,1,0.8952223,0.27679834
1,406,B_cluster_representative,1,0,bantalkusam_id,"IGRS itu apa sih?
Sederhananya, IGRS adalah sistem klasifikasi usia untuk gim di Indonesia.

Tujuannya:
- Membantu orang tua dan pemain memilih gim yang sesuai usia
- Melindungi anak dari konten yang tidak pas
- Memberi kepastian aturan bagi pengembang lokal dan global",igrs itu apa sih sederhananya igrs adalah sistem klasifikasi usia untuk game di indonesia tujuannya membantu orang tua dan pemain memilih game yang sesuai usia melindungi anak dari konten yang tidak pas memberi kepastian aturan bagi pengembang lokal dan global,https://x.com/bantalkusam_id/status/2040831328724414937,2026-04-05 16:38:00,1,0.359,0.025,0,0,0.0,3,1.0,116,1,0.819927,0.3360323
0,50,B_cluster_representative,1,0,chaaphrodite,"@cloplerr Indonesian Game Rating System, intinya kalau ada game mau masuk indo kudu lolos sensor dan rating dari IGRS ini, tapi ya gitu deh, rate nya ngaco",indonesian game rating system intinya kalau ada game mau masuk indo kudu lolos sensor dan rating dari igrs ini tapi ya gitu deh rate nya ngaco,https://x.com/chaaphrodite/status/2040934187541434513,2026-04-05 23:26:43,0,0.3896,0.0132,1,1,0.0,2,0.6666666666666666,86,0,0.8336412,0.3709685
0,1025,C_noise_control,-1,0,AnimindoNet,kasian orang tuanya. udah percaya igrs tapi ternyata https://t.co/zsPIFGFNWD,kasian orang tuanya sudah percaya igrs tapi ternyata,https://x.com/AnimindoNet/status/2041479161697743122,2026-04-07 11:32:15,0,0.4475,0.0084,0,0,0.0,1,0.5,19,0,0.62324315,0.22983982
0,160,C_noise_control,-1,0,Syarp29,"@kurawa Sblm igrs pun adem ayem loh, emang tlol aja. Terus evaluasi evaluasi, uda pernah dibahas di tlm beberapa bulan lalu suruh dikaji lebih dalam, pas uda diaplikasikan hasilnya nol 🫪",sblm igrs pun adem ayem loh emang tolol aja terus evaluasi evaluasi uda pernah dibahas di tlm beberapa bulan lalu suruh dikaji lebih dalam pas uda diaplikasikan hasilnya nol,https://x.com/Syarp29/status/2040908566794740222,2026-04-05 21:44:55,0,0.2555,0.0068,1,0,0.0,1,1.0,29,0,0.6931101,0.390865
1,263,B_cluster_representative,2,0,AdhietyaTh33187,"Daripada debat panjang soal IGRS tanpa arah, yuk luangkan waktu sebentar untuk baca siaran pers resminya dulu. Supaya obrolan kita lebih jelas dan berisi https://t.co/aG5tpTFsr0",daripada debat panjang soal igrs tanpa arah yuk luangkan waktu sebentar untuk baca siaran pers resminya dulu supaya obrolan kita lebih jelas dan berisi,https://x.com/AdhietyaTh33187/status/2040851505843216537,2026-04-05 17:58:10,1,0.7368,0.0154,0,0,0.0,2,1.0,74,1,0.8739115,0.28139997
1,408,B_cluster_representative,1,0,bobbymenra,"Kalau lagi ngikutin diskusi soal rating gim di Steam dan IGRS, ada rilis resmi yang menjelaskan posisinya. Mungkin bisa dibaca dulu untuk melengkapi informasi: https://t.co/IVY4RhX3JQ",kalau lagi ngikutin diskusi soal rating game di steam dan igrs ada rilis resmi yang menjelaskan posisinya mungkin bisa dibaca dulu untuk melengkapi informasi,https://x.com/bobbymenra/status/2040831202576498958,2026-04-05 16:37:30,1,0.4875,0.0118,1,0,0.0,2,1.0,116,1,0.92528725,0.43862346
0,308,C_noise_control,-1,0,MillastoElhart,"Emosi banget ngikutin berita IGRS, mana buzzer sudah dikerahkan.

Uang pajak kalian tuh ges",emosi banget ngikutin berita igrs mana buzzer sudah dikerahkan uang pajak kalian itu ges,https://x.com/MillastoElhart/status/2040841310920483320,2026-04-05 17:17:40,0,0.5482,0.0092,0,0,0.0,1,1.0,74,0,0.7517357,0.2796712
0,763,C_noise_control,-1,0,rvbaharktik,"@wordfangs Isi Rilis/Statement Kemkomdigi kesannya lempar tanggung jawab ke Steam? Trus ngapain ada IGRS?! 
Ohh dan satu lagi Statement/Rilis kalian Jelek!. Sekelas kementrian tuh gak ada training Public Speaking ya.",isi rilis statement kemkomdigi kesannya lempar tanggung jawab ke steam trus ngapain ada igrs ohh dan satu lagi statement rilis kalian jelek sekelas kementrian itu tidak ada training public speaking ya,https://x.com/rvbaharktik/status/2040789354835284133,2026-04-05 13:51:12,0,0.3712,0.0111,1,0,0.0,1,1.0,68,0,0.6447679,0.34596992
0,799,A_high_confidence_coordinated,1,1,noone_n_nobody_,"@fareasy96 @mhuseinali &gt;kalo gak ada berarti rating nya dari sistem steam

Steam se goblok apa sih ngasih rating IGRS nukitashi 3+ padahal di rating steam nya sendiri udh bener buat adult",gt kalau tidak ada berarti rating nya dari sistem steam steam se goblok apa sih ngasih rating igrs nukitashi padahal di rating steam nya sendiri sudah benar buat adult,https://x.com/noone_n_nobody_/status/2040779836000698747,2026-04-05 13:13:23,0,0.4405,0.0185,2,0,0.0,1,0.5,68,0,0.8333571,0.38878724
1,428,A_high_confidence_coordinated,1,1,hilyazu,"@rayrestufauzi Menurut saya wajar kalau masih ada kebingungan, karena sistem IGRS di Steam masih dalam proses penyesuaian.",menurut saya wajar kalau masih ada kebingungan karena sistem igrs di steam masih dalam proses penyesuaian,https://x.com/hilyazu/status/2040830000598061173,2026-04-05 16:32:43,1,0.5851,0.0232,4,0,0.0,4,0.8,116,1,0.8066801,0.31454316
0,613,C_noise_control,-1,0,reiikooooooo,Narasumbernya ngeremehin dampak IGRS ini ke komunitas gamers indo sumpah deh liat aja beneran ada badai...ga main² nih gw,narasumbernya ngeremehin dampak igrs ini ke komunitas gamers indo sumpah deh liat aja beneran ada badai tidak main ini saya,https://x.com/reiikooooooo/status/2040816428614574287,2026-04-05 15:38:47,0,0.3275,0.0163,0,0,0.0,1,1.0,105,0,0.77914107,0.3778432
1,409,A_high_confidence_coordinated,1,1,Alizazaina94321,"@rayrestufauzi Kalau mengikuti mekanismenya, sebagian rating IGRS di Steam saat ini masih self-declare dan belum hasil penilaian akhir, karena sistemnya memang masih berkembang untuk penataan ekosistem game.",kalau mengikuti mekanismenya sebagian rating igrs di steam saat ini masih self declare dan belum hasil penilaian akhir karena sistemnya memang masih berkembang untuk penataan ekosistem game,https://x.com/Alizazaina94321/status/2040831081159835822,2026-04-05 16:37:01,1,0.439,0.0219,5,0,0.0,6,1.0,116,1,0.8716819,0.4259156
1,483,A_high_confidence_coordinated,1,1,MRidhonew16179,"@kerissakti Jujur tampilan rating IGRS di Steam saat ini memang masih cukup membingungkan buat banyak orang. Tapi kalau memang masih masa penyesuaian, mungkin yang paling penting sekarang adalah update penjelasan yang rutin dan transparansi soal kriterianya.",jujur tampilan rating igrs di steam saat ini memang masih cukup membingungkan buat banyak orang tapi kalau memang masih masa penyesuaian mungkin yang paling penting sekarang adalah update penjelasan yang rutin dan transparansi soal kriterianya,https://x.com/MRidhonew16179/status/2040827201625661554,2026-04-05 16:21:36,1,1.0,0.0153,4,0,0.0,4,0.8,116,1,0.9999999,0.43088037
1,456,B_cluster_representative,1,0,Emmeliachr59881,@junwatu Tampilan IGRS di Steam memang masih data awal dan belum final. Sangat wajar kalo diawal masih butuh penyesuaian kan memang tujuan nya untuk melindungi pemain muda dan menata games2,tampilan igrs di steam memang masih data awal dan belum final sangat wajar kalau diawal masih butuh penyesuaian kan memang tujuan nya untuk melindungi pemain muda dan menata games,https://x.com/Emmeliachr59881/status/2040828495094538738,2026-04-05 16:26:44,1,0.5487,0.0268,1,0,0.0,1,0.5,116,1,0.9097849,0.4029798
1,507,A_high_confidence_coordinated,1,1,SidikHamdani96,@RRDelusi Kalo menurut saya sih rating IGRS di Steam sekarang banyak yang masih data jadi masih belum sepenuhnya valid..,kalau menurut saya sih rating igrs di steam sekarang banyak yang masih data jadi masih belum sepenuhnya valid,https://x.com/SidikHamdani96/status/2040825046080667658,2026-04-05 16:13:02,1,1.0,0.0199,2,0,0.0,3,1.0,116,1,0.9999999,0.40938222
1,498,B_cluster_representative,1,0,ReisaAmeli42101,"@RRDelusi Kalau ngikutin infonya, IGRS di Steam sekarang lagi dalam tahap awal implementasi, jadi datanya belum final ya. Banyak yang masih berupa deklarasi awal dari developer. Tujuannya sih bagus banget, biar sistem rating-nya jadi lebih jelas, aman, dan nyaman buat semua kalangan usia",kalau ngikutin infonya igrs di steam sekarang lagi dalam tahap awal implementasi jadi datanya belum final ya banyak yang masih berupa deklarasi awal dari developer tujuannya sih bagus banget biar sistem rating nya jadi lebih jelas aman dan nyaman buat semua kalangan usia,https://x.com/ReisaAmeli42101/status/2040826119491068144,2026-04-05 16:17:18,1,0.7113,0.021,1,0,0.0,1,1.0,116,1,0.96593696,0.36350334
0,33,C_noise_control,-1,0,NUGreenFlag,@virtualballers Mau bikin IGRS dan semacamnya juga kalo masih ada yang jual game di Shopee mah gak ngaruh.,mau bikin igrs dan semacamnya juga kalau masih ada yang jual game di shopee mah tidak ngaruh,https://x.com/NUGreenFlag/status/2040937447610306937,2026-04-05 23:39:40,0,0.531,0.0231,1,0,0.0,1,1.0,86,0,0.69539624,0.29035652
0,685,C_noise_control,-1,0,ivanws88,"@kemkomdigi kalian ngapain ngurus beginian, kalo gw kepingin punya colony di Dutch East Indies ga boleh gitu? Atau ga boleh punya pemerintahan yg tidak oligarchic di game? Dariapada bikin rating IGRS ga jelas, mending tuh ngurusin judol sana https://t.co/9ly7R6Vvk1",kalian ngapain ngurus beginian kalau saya kepingin punya colony di dutch east indies tidak boleh gitu atau tidak boleh punya pemerintahan yang tidak oligarchic di game dariapada bikin rating igrs tidak jelas mending itu ngurusin judol sana,https://x.com/ivanws88/status/2040804243918237827,2026-04-05 14:50:22,0,0.5029,0.0301,1,0,0.0,1,1.0,59,0,0.5846863,0.28553504
0,1083,C_noise_control,-1,0,Turu748392,"@akudansibd93535 @MuhadklyAcho Lah emangnya abahmu menang gak ada IGRS ?
IGRS udh ada sebelum pemilu atau 2019 kocak XD",lah emangnya abahmu menang tidak ada igrs igrs sudah ada sebelum pemilu atau kocak xd,https://x.com/Turu748392/status/2041436437749608929,2026-04-07 08:42:29,0,0.3814,0.0121,1,0,0.0,1,1.0,11,0,0.55753285,0.26829663
0,106,C_noise_control,-1,0,JackieNoboru,@kurawa igrs dibayar epic berapa sih buat ngejegal steam di indon? si tolol emang bujer,igrs dibayar epic berapa sih buat ngejegal steam di indon si tolol emang bujer,https://x.com/JackieNoboru/status/2040924084616434065,2026-04-05 22:46:34,0,0.6607,0.0091,1,0,0.0,1,1.0,49,0,0.6996728,0.29566947
0,702,C_noise_control,-1,0,Lidik58,"Buka X:
-IGRS bikin game di indo kacau
-Fans arsenal sibuk mukul ke fanbase sana sini tapi nginjek kaki sendiri https://t.co/RDRa9PtrOW",buka x igrs bikin game di indo kacau fans arsenal sibuk mukul ke fanbase sana sini tapi nginjek kaki sendiri,https://x.com/Lidik58/status/2040799905233735857,2026-04-05 14:33:08,0,0.2604,0.0086,1,0,0.0,2,1.0,59,0,0.6308954,0.2787597
0,621,C_noise_control,-1,0,SaintSpectra,"Kirain Madrid doang yg lucu ternyata Komdigi lebih lucu.
Saran aja nih, kalo kerjaannya perlu identifikasi tingkat lanjut jangan pake AI.
Kalo mau cara gampang dan gak keluar duit, ikutin aja rating yg udah ada di Steam tinggal kalian timpa pake logo IGRS. @kemkomdigi",kirain madrid doang yang lucu ternyata komdigi lebih lucu saran aja ini kalau kerjaannya perlu identifikasi tingkat lanjut jangan pake ai kalau mau cara gampang dan tidak keluar duit ikutin aja rating yang sudah ada di steam tinggal kalian timpa pake logo igrs,https://x.com/SaintSpectra/status/2040815988657279080,2026-04-05 15:37:02,0,0.4434,0.0169,0,0,0.0,1,1.0,105,0,0.6095817,0.3310913
0,970,C_noise_control,-1,0,NVT58232209,"@onnowpurbo Yg terserang paling parah dari IGRS adalah orang dewasa di Platform PC/Console.

Pengguna steam sendiri Indonesia 2021 ~1.5jt, estimasi 2026 2jt+.
Dan ada data baru dari Steam kapabilitas daya beli Indonesia cuma 30% dari harga AAA normal (60 USD)",yang terserang paling parah dari igrs adalah orang dewasa di platform pc console pengguna steam sendiri indonesia jt estimasi jt dan ada data baru dari steam kapabilitas daya beli indonesia cuma dari harga aaa normal usd,https://x.com/NVT58232209/status/2041504289189924946,2026-04-07 13:12:06,0,0.2789,0.0157,1,0,0.0,2,1.0,27,0,0.6506006,0.3167145
0,312,B_cluster_representative,0,0,debugwithcare,"@kukuhya 2 kata lucu, Buzzer IGRS",kata lucu buzzer igrs,https://x.com/debugwithcare/status/2040840832237068488,2026-04-05 17:15:46,0,0.5378,0.01,1,0,0.0,1,1.0,74,0,0.8856393,0.33198407
0,311,C_noise_control,-1,0,nipoonie,"Gray parts is not new in IGRS, we always have this ✨️Gray Parts✨️ in every life aspects as Indonesian.",gray parts is not new in igrs we always have this gray parts in every life aspects as indonesian,https://x.com/nipoonie/status/2040840885328621710,2026-04-05 17:15:58,0,0.3061,0.0122,0,0,0.0,2,1.0,74,0,0.45714104,0.21424584
0,218,C_noise_control,-1,0,Angelina_S_S,Emangnya anggaran komdigi kagak dipotong buat mbg kah? Igrs biayanya dari mana???,emangnya anggaran komdigi kagak dipotong buat mbg kah igrs biayanya dari mana,https://x.com/Angelina_S_S/status/2040869302719623628,2026-04-05 19:08:53,0,0.4337,0.0095,0,0,0.0,1,0.5,25,0,0.5596932,0.16002601
1,448,A_high_confidence_coordinated,1,1,SuryanaAja13,@cryofantasia Rating IGRS sedang dalam penyesuaian Biar lebih baik lagi di mainkan game nya untuk anak muda.,rating igrs sedang dalam penyesuaian biar lebih baik lagi di mainkan game nya untuk anak muda,https://x.com/SuryanaAja13/status/2040829161842057611,2026-04-05 16:29:23,1,0.4447,0.0151,2,0,0.0,2,1.0,116,1,0.8265979,0.43217027
0,101,B_cluster_representative,1,0,TouriHaganashi,@kurawa Dari dulu steam udah punya label klasifikasi rating game juga. Kenapa perlu ada IGRS kalau begitu?,dari dulu steam sudah punya label klasifikasi rating game juga mengapa perlu ada igrs kalau begitu,https://x.com/TouriHaganashi/status/2040925833091784823,2026-04-05 22:53:31,0,0.3704,0.0038,1,0,0.0,1,1.0,49,0,0.85421777,0.43148053
0,851,C_noise_control,-1,0,kopikasir,IGRS is such a fucking joke,igrs is such a fucking joke,https://x.com/kopikasir/status/2040773349559955882,2026-04-05 12:47:36,0,0.8577,0.006,0,0,0.0,1,1.0,67,0,0.95869863,0.35909182
0,897,B_cluster_representative,1,0,dvtrhx,"@ferrykoto Betul saya setuju game membuat kecanduan dan mempengaruhi perilaku anak. Tapi paham gak pak kalau rating IGRS di Steam ini gak efektif? Baca data lagi sih pak saran saya, anak anak jaman sekarang main game di PLATFORM mana aja, sehingga lebih tepat sasaran.",betul saya setuju game membuat kecanduan dan mempengaruhi perilaku anak tapi paham tidak pak kalau rating igrs di steam ini tidak efektif baca data lagi sih pak saran saya anak anak jaman sekarang main game di platform mana aja sehingga lebih tepat sasaran,https://x.com/dvtrhx/status/2041651007911030949,2026-04-07 22:55:06,0,0.5125,0.0255,1,0,0.0,1,1.0,4,0,0.8201644,0.4215049
0,1168,C_noise_control,-1,0,AtsuMaru_o7,"GOATED PAPA GABEN, FUCK IGRS, FUCK KOMDIGI",goated papa gaben fuck igrs fuck komdigi,https://x.com/AtsuMaru_o7/status/2041369419251875855,2026-04-07 04:16:11,0,0.6987,0.0096,0,0,0.0,1,1.0,22,0,0.76524043,0.23095177
0,360,B_cluster_representative,1,0,Bagus_Media7,"@junwatu Saran dari kami team Bagus media Kita harus bedakan antara data awal dan keputusan final; rating IGRS di Steam masih self-declare. Tujuannya melindungi pemain muda, jadi wajar kalau tahap ini masih dikoreksi bersama",saran dari kami team bagus media kita harus bedakan antara data awal dan keputusan final rating igrs di steam masih self declare tujuannya melindungi pemain muda jadi wajar kalau tahap ini masih dikoreksi bersama,https://x.com/Bagus_Media7/status/2040835339686941010,2026-04-05 16:53:56,0,0.4708,0.0271,1,0,0.0,2,1.0,116,0,0.83770096,0.3728778
0,1069,C_noise_control,-1,0,sinyalkartuntv,"Per hari ini, IGRS akhirnya telah menghilangkan semua kesalahan rating game-nya sendiri, termasuk Undertale dan Deltarune yang malah mendapat rating 18+
#igrs #deltarune #undertale https://t.co/7aRtSGSoRV",per hari ini igrs akhirnya telah menghilangkan semua kesalahan rating game nya sendiri termasuk undertale dan deltarune yang malah mendapat rating igrs deltarune undertale,https://x.com/sinyalkartuntv/status/2041445005055951264,2026-04-07 09:16:32,0,0.6958,0.0029,0,0,0.0,1,1.0,17,0,0.7876804,0.36727658
1,603,A_high_confidence_coordinated,1,1,ayoitsmoy,Ini merupakan penjelasan/siaran pers resmi terkait IGRS dan sistem rating gim di Steam. Sebaiknya baca atau cek terlebih dahulu informasinya sebelum membentuk opini lebih lanjut : https://t.co/NtGQ7GAEm9,ini merupakan penjelasan siaran pers resmi terkait igrs dan sistem rating game di steam sebaiknya baca atau cek terlebih dahulu informasinya sebelum membentuk opini lebih lanjut,https://x.com/ayoitsmoy/status/2040817222311088128,2026-04-05 15:41:57,1,0.5668,0.0213,3,0,0.0,3,0.75,105,1,0.88254845,0.4121449
1,539,A_high_confidence_coordinated,1,1,ikaikuikok,"Agar mendapatkan gambaran yang lebih utuh mengenai regulasi IGRS dan kebijakan rating gim di Steam, silakan simak poin-poin dalam siaran pers resmi Kemkomdigi berikut ini sebagai referensi sebelum berdiskusi lebih lanjut
https://t.co/7N3XKKKoPz",agar mendapatkan gambaran yang lebih utuh mengenai regulasi igrs dan kebijakan rating game di steam silakan simak poin poin dalam siaran pers resmi kemkomdigi berikut ini sebagai referensi sebelum berdiskusi lebih lanjut,https://x.com/ikaikuikok/status/2040823267393777766,2026-04-05 16:05:58,1,0.3946,0.0139,2,0,0.0,2,0.6666666666666666,116,1,0.88035274,0.44776994
0,684,C_noise_control,-1,0,AnimindoNet,"lah yg begitu mah 18+ kali? wong menurut komdigi (IGRS), yg kyk Nukitashi itu buat batita. ratingnya 3+ tuh. https://t.co/HTewtGY04f",lah yang begitu mah kali wong menurut komdigi igrs yang seperti nukitashi itu buat batita ratingnya itu,https://x.com/AnimindoNet/status/2040804262612222239,2026-04-05 14:50:27,0,0.4881,0.0138,0,0,0.0,1,0.5,59,0,0.84019697,0.25359938
0,526,C_noise_control,-1,0,JauzaaATahar,INI IGRS APA BANGET ASTAGHFIRULLAH MINIMAL BACA TAGS LAH,ini igrs apa banget astaghfirullah minimal baca tags lah,https://x.com/JauzaaATahar/status/2040824329336959117,2026-04-05 16:10:11,0,0.2792,0.0044,0,0,0.0,1,1.0,116,0,0.7851367,0.28992826
0,1215,A_high_confidence_coordinated,1,1,BurningCoffee0,"@ankbwn @kerissakti Betul banget, yang gw benci dari IGRS itu mereka menyamaratakan semua kalangan ke standar mereka, mau gw main game adult kek game gore kek terserah gw selama gw udah cukup umur,  itulah gunanya rating buat jadi penanda isi konten nya bisa dikonsumsi umur berapa aja",betul banget yang saya benci dari igrs itu mereka menyamaratakan semua kalangan ke standar mereka mau saya main game adult kek game gore kek terserah saya selama saya sudah cukup umur itulah gunanya rating buat jadi penanda isi konten nya bisa dikonsumsi umur berapa aja,https://x.com/BurningCoffee0/status/2041338349240430823,2026-04-07 02:12:43,0,0.3427,0.0104,3,1,0.0,1,0.3333333333333333,19,0,0.8095027,0.36131984
0,536,B_cluster_representative,0,0,adzumanga,Ngentot lo IGRS.,ngentot kamu igrs,https://x.com/adzumanga/status/2040823482897084647,2026-04-05 16:06:49,0,0.7798,0.0016,0,0,0.0,1,1.0,116,0,0.93541634,0.2811423
0,256,B_cluster_representative,5,0,saxophonistkawe,"Serius lu nyalahin steam? Steam yang sudah berdiri sejak 2003?? Steam yang punyanya bapak gaben??? Dibandingkan dengan igrs yang baru diinisiasi beberapa tahun belakangan?????????????
Ngacooo",serius kamu nyalahin steam steam yang sudah berdiri sejak steam yang punyanya bapak gaben dibandingkan dengan igrs yang baru diinisiasi beberapa tahun belakangan ngacooo,https://x.com/saxophonistkawe/status/2040855556639126008,2026-04-05 18:14:16,0,0.5603,0.0042,0,0,0.0,1,1.0,34,0,0.83218634,0.2688173
0,328,B_cluster_representative,0,0,textcbnkuningan,"https://t.co/RLj0QqxCZf

IGRS",igrs,https://x.com/textcbnkuningan/status/2040838728525152609,2026-04-05 17:07:24,0,0.0,0.0,0,0,0.0,1,1.0,74,0,1.0000001,0.28146854
0,1056,B_cluster_representative,1,0,KumekaGenzo77,"@Bram_no3 @harist_ixcents @ferrykoto @aniesbaswedan ya harusnya IGRS jga menyesuaikan dengan lembaga rating game yg udh ada di Steam,Steam aja udh ngasih kategori tertentu",ya harusnya igrs jga menyesuaikan dengan lembaga rating game yang sudah ada di steam steam aja sudah ngasih kategori tertentu,https://x.com/KumekaGenzo77/status/2041454018615263500,2026-04-07 09:52:21,0,0.3823,0.0044,1,0,0.0,9,1.0,17,0,0.85538673,0.45635775
0,682,B_cluster_representative,0,0,no_octis,malu bgt igrs masuk sini tolol,malu banget igrs masuk sini tolol,https://x.com/no_octis/status/2040804781720236267,2026-04-05 14:52:30,0,0.5384,0.0109,0,0,0.0,1,1.0,59,0,0.9216746,0.25321028
0,1259,C_noise_control,-1,0,efenerr,"kalau zaman dulu ada IGRS itu golongan 30 tahun ke atas masa mudanya pasti gak akan ada yang main Metal Slug di rental PS 1 sampek tamat. 

atau main GTA cuma buat jungkit-jungkitin mobil.

makasih Metal Slug &amp; GTA udah kasih masa muda yang asyik.",kalau zaman dulu ada igrs itu golongan tahun ke atas masa mudanya pasti tidak akan ada yang main metal slug di rental ps sampek tamat atau main gta cuma buat jungkit jungkitin mobil makasih metal slug gta sudah kasih masa muda yang asyik,https://x.com/efenerr/status/2041313576540086676,2026-04-07 00:34:17,0,0.3668,0.0167,0,0,0.0,1,1.0,11,0,0.5524869,0.26411384
0,881,C_noise_control,-1,0,Iezhar7th,"IGRS: I guess rating bro
Is Persona illegal now Indonesia? https://t.co/mHuhu6QeS7",igrs i guess rating bro is persona illegal now indonesia,https://x.com/Iezhar7th/status/2040768305439609105,2026-04-05 12:27:34,0,0.3703,0.0098,0,0,0.0,1,1.0,67,0,0.7493317,0.3023809
0,75,C_noise_control,-1,0,Vanour394663,"-IGRS ngawur bet,masa game lokal di kasih 18+??
-game bokep dapet 3+?? Ngawuur bet

Kalo pengen jadi lembaga tuh yeng bener masa game bokep dapet 3+ sedangkan game bertani,game santai dan slice of life masa dapat 18+

KOMDIGI(KOMedi DIGItal) https://t.co/0dkfq4hiYC",igrs ngawur bet masa game lokal di kasih game bokep dapet ngawuur bet kalau pengen jadi lembaga itu yeng benar masa game bokep dapet sedangkan game bertani game santai dan slice of life masa dapat komdigi komedi digital,https://x.com/Vanour394663/status/2040930697674940756,2026-04-05 23:12:51,0,0.4652,0.0106,0,0,0.0,1,1.0,86,0,0.69151044,0.30069602
0,1190,C_noise_control,-1,0,hadehhalah,@RRDelusi IGRS ngasih statement panjang-panjang cuma buat dikatain KONTOOOOOL,igrs ngasih statement panjang panjang cuma buat dikatain kontoooool,https://x.com/hadehhalah/status/2041353636815761873,2026-04-07 03:13:28,0,0.3712,0.005,1,0,0.0,1,1.0,22,0,0.6571149,0.3540967
1,516,A_high_confidence_coordinated,1,1,Adiety333,"@RRDelusi Sebagian rating IGRS di Steam saat ini masih bersifat sementara karena diisi sendiri dulu oleh developer. Ini memang proses awal, dan tujuannya jelas buat perlindungan pemain muda, jadi kalau masih ada yang belum pas, itu hal yang wajar dan bisa diperbaiki bareng.",sebagian rating igrs di steam saat ini masih bersifat sementara karena diisi sendiri dulu oleh developer ini memang proses awal dan tujuannya jelas buat perlindungan pemain muda jadi kalau masih ada yang belum pas itu hal yang wajar dan bisa diperbaiki bareng,https://x.com/Adiety333/status/2040824776021975507,2026-04-05 16:11:57,1,0.5017,0.0218,5,0,0.0,5,0.8333333333333334,116,1,0.9120573,0.415508
0,45,B_cluster_representative,1,0,purityringgu,"@kurawa @Steam @Steam_Support this special advisor of KOMDIGI claimed:
1. that steam created *fake rating* affecting the IGRS system therefore resulting in many games categorized as not fit for distribution
2. that steam violated indonesian regulation
can you confirm?",this special advisor of komdigi claimed that steam created fake rating affecting the igrs system therefore resulting in many games categorized as not fit for distribution that steam violated indonesian regulation can you confirm,https://x.com/purityringgu/status/2040935107297743256,2026-04-05 23:30:22,0,0.5988,0.02,1,0,0.0,1,1.0,86,0,0.81963897,0.41196927
1,581,A_high_confidence_coordinated,1,1,rpramestaa12,"Isu IGRS &amp; rating gim di Steam lagi jadi perhatian, dan sudah ada penjelasan resmi yang dirilis. Bisa jadi bahan pertimbangan sebelum beropini: https://t.co/Nv6dTHMkBj",isu igrs rating game di steam lagi jadi perhatian dan sudah ada penjelasan resmi yang dirilis bisa jadi bahan pertimbangan sebelum beropini,https://x.com/rpramestaa12/status/2040818986733232256,2026-04-05 15:48:57,1,0.568,0.0114,5,0,0.0,4,0.6666666666666666,105,1,0.9351561,0.46591628
0,935,B_cluster_representative,5,0,nurizkaf96,"Kalau bicara sosmed, ya beda lagi. Yang sedang rame kan IGRS di Steam yang jelas-jelas Steam tuh platform niche.",kalau bicara sosmed ya beda lagi yang sedang rame kan igrs di steam yang jelas jelas steam itu platform niche,https://x.com/nurizkaf96/status/2041528074613965213,2026-04-07 14:46:37,0,0.3901,0.0051,0,0,0.0,1,1.0,20,0,0.80331933,0.33059368
1,152,A_high_confidence_coordinated,1,1,EvyNurlaili,"Buat yang penasaran soal status rating IGRS di Steam, ini penjelasan resmi dari Kemkomdigi. Lebih baik simak dulu informasinya supaya lebih jelas Kemkomdigi: Rating Gim di Steam Bukan Rating Resmi, Berpotensi Langgar Ketentuan di Indonesia https://t.co/LdbXZOYxwF https://t.co/a5Isa8UjMT",buat yang penasaran soal status rating igrs di steam ini penjelasan resmi dari kemkomdigi lebih baik simak dulu informasinya supaya lebih jelas kemkomdigi rating game di steam bukan rating resmi berpotensi langgar ketentuan di indonesia,https://x.com/EvyNurlaili/status/2040911360482243019,2026-04-05 21:56:01,1,1.0,0.0137,0,0,0.0,1,1.0,29,1,1.0000001,0.4404381
0,782,C_noise_control,-1,0,clarniva,Gweh sudah beli Ready or Not tapi IGRS tida redi alias oon kali klen kenapa begindangggg 😇 https://t.co/5QwXJWuys9,gweh sudah beli ready or not tapi igrs tida redi alias oon kali klen mengapa begindangggg,https://x.com/clarniva/status/2040782935847207276,2026-04-05 13:25:42,0,0.6095,0.0074,0,0,0.0,1,1.0,68,0,0.70277846,0.28123334
0,299,A_high_confidence_coordinated,0,1,__byyyyyy,ni emang kontol apa ya igrs memek,ini emang kontol apa ya igrs memek,https://x.com/__byyyyyy/status/2040841990728995043,2026-04-05 17:20:22,0,0.8302,0.0088,0,0,0.0,1,1.0,74,0,0.9124925,0.32120454
0,892,A_high_confidence_coordinated,0,1,wongkongenekok,@emyr_za1 what do you think about IGRS @grok,what do you think about igrs,https://x.com/wongkongenekok/status/2041658931660124350,2026-04-07 23:26:36,0,0.4193,0.0056,2,0,0.0,2,1.0,6,0,0.80662584,0.3407145
0,358,C_noise_control,-1,0,daniddarmawan15,"IGRS ISINYA BOOMER BOOMER KOLOT YANG SEMOGA MATI NANTI MASUK NERAKA LU KONTOLLLLL, GAME HARVEST SIMULATOR AJA KENA 18+ TOLOL BANGET SIAPA YANG SANGE SAMA TRAKTOR JINGGGG, INI BUKAN BIDANG LU IGRS KNTL JADI JANGAN IKUT CAMPUR / NGERUSAK COMMUNITY INI!!",igrs isinya boomer boomer kolot yang semoga mati nanti masuk neraka kamu kontolllll game harvest simulator aja kena tolol banget siapa yang sange sama traktor jingggg ini bukan bidang kamu igrs kontol jadi jangan ikut campur ngerusak community ini,https://x.com/daniddarmawan15/status/2040835675357151413,2026-04-05 16:55:16,0,0.6069,0.0154,0,0,0.0,1,1.0,116,0,0.6928706,0.33342937
1,431,A_high_confidence_coordinated,1,1,AlinGibroez,"@badakmeledak_ Sedikit info, rating IGRS di Steam saat ini banyak yang masih tahap awal/self declare, jadi belum final dan masih proses penyesuaian.",sedikit info rating igrs di steam saat ini banyak yang masih tahap awal self declare jadi belum final dan masih proses penyesuaian,https://x.com/AlinGibroez/status/2040829935313641590,2026-04-05 16:32:28,1,0.5375,0.0285,5,0,0.0,5,0.8333333333333334,116,1,0.91827637,0.38614297
0,418,B_cluster_representative,1,0,SerMorningstar,"WKWKWK gue lebih percaya steam dan om gaben dibanding lu pada. alasan apa yang membuat steam tampilin rating palsu coba? gak ada IGRS juga biasanya steam pake rating ESRB, ya pasti ada permintaan lah dari yang bersangkutan, bodoh-bodoh jir alasannya",wkwkwk saya lebih percaya steam dan om gaben dibanding kamu pada alasan apa yang membuat steam tampilin rating palsu coba tidak ada igrs juga biasanya steam pake rating esrb ya pasti ada permintaan lah dari yang bersangkutan bodoh bodoh jir alasannya,https://x.com/SerMorningstar/status/2040830494250787003,2026-04-05 16:34:41,0,0.3915,0.0136,0,0,0.0,1,1.0,116,0,0.8693117,0.3872792
0,574,B_cluster_representative,4,0,honglungitis,@therottenladyy Pengaruh varka terhadap rating igrs,pengaruh varka terhadap rating igrs,https://x.com/honglungitis/status/2040820341682168104,2026-04-05 15:54:20,0,0.0,0.0,1,0,0.0,1,1.0,105,0,0.82558787,0.38711032
0,103,C_noise_control,-1,0,Whl_27,@kerissakti @Steam @Steam_Support please remove the IGRS because its suck,please remove the igrs because its suck,https://x.com/Whl_27/status/2040925685611708854,2026-04-05 22:52:56,0,0.5232,0.007,1,0,0.0,1,1.0,49,0,0.7460891,0.27609506
1,417,B_cluster_representative,1,0,bantalkusam_id,"Banyak yang bahas rating gim di Steam dan IGRS. Wajar kalau muncul pertanyaan di kalangan gamer dan developer saat ini.

Rating di Steam untuk Indonesia bukan resmi pemerintah. Rating resmi pakai IGRS sesuai aturan yang berlaku di Indonesia.

Penjelasan:
https://t.co/znTzTjoAIL",banyak yang bahas rating game di steam dan igrs wajar kalau muncul pertanyaan di kalangan gamer dan developer saat ini rating di steam untuk indonesia bukan resmi pemerintah rating resmi pakai igrs sesuai aturan yang berlaku di indonesia penjelasan,https://x.com/bantalkusam_id/status/2040830524365885841,2026-04-05 16:34:48,1,0.4613,0.0248,0,0,0.0,3,1.0,116,1,0.9086136,0.4350879
0,48,B_cluster_representative,1,0,dude_bukan,"Ini ga berita ngibul soal IGRS &amp; rating gim di Steam, bisa jadi acuan buat jangan kemakan berita ga jelas biar info yang beredar lebih lengkapnya https://t.co/uVNcSljg1g",ini tidak berita ngibul soal igrs rating game di steam bisa jadi acuan buat jangan kemakan berita tidak jelas biar info yang beredar lebih lengkapnya,https://x.com/dude_bukan/status/2040934681055801850,2026-04-05 23:28:41,0,0.3596,0.019,0,0,0.0,1,1.0,86,0,0.8623805,0.47497293
1,420,A_high_confidence_coordinated,1,1,Ginanadia67421,"@rayrestufauzi Perlu diingat juga, banyak rating IGRS di Steam saat ini masih berupa data awal atau self-declare dari developer, jadi belum semuanya final karena sistemnya masih dalam tahap penyesuaian untuk perlindungan pemain muda.",perlu diingat juga banyak rating igrs di steam saat ini masih berupa data awal atau self declare dari developer jadi belum semuanya final karena sistemnya masih dalam tahap penyesuaian untuk perlindungan pemain muda,https://x.com/Ginanadia67421/status/2040830326344429609,2026-04-05 16:34:01,1,0.5994,0.0313,3,0,0.0,3,0.75,116,1,0.920461,0.42737058
0,54,B_cluster_representative,1,0,istrinyanaga,steam rating PALSU?????? lu bandingin sendiri rating steam sama IGRS pantek lebih akurat mana,steam rating palsu kamu bandingin sendiri rating steam sama igrs pantek lebih akurat mana,https://x.com/istrinyanaga/status/2040933307626725499,2026-04-05 23:23:13,0,0.467,0.0038,0,0,0.0,1,1.0,86,0,0.9043406,0.38674426
1,344,A_high_confidence_coordinated,3,1,rpramestaa12,"@ezash Gue paham kok keresahan soal politik dan regulasi itu valid, justru karena itu sistem kayak IGRS perlu terus dibenahi dan dijelasin lebih terbuka, karena wajar kalau di fase awal masih banyak yang belum rapi dan butuh waktu buat disempurnakan.",saya paham kok keresahan soal politik dan regulasi itu valid justru karena itu sistem seperti igrs perlu terus dibenahi dan dijelasin lebih terbuka karena wajar kalau di fase awal masih banyak yang belum rapi dan butuh waktu buat disempurnakan,https://x.com/rpramestaa12/status/2040837334762156529,2026-04-05 17:01:52,1,0.4825,0.0179,5,0,0.0,4,0.6666666666666666,74,1,0.88185763,0.30034003
0,1049,C_noise_control,-1,0,Sanskertar,"Emang lagi sensitif lu bang ama topic ini wkwkwk
Everyone can express themselves in internet, mereka care sama masalah IGRS cuma ya kita ga bisa maksain orang untuk bener bener serius.
This is the internet, a place to escape reality kita bisa kok mengkritik dengan cara kita",emang lagi sensitif kamu bang sama topic ini wkwkwk everyone can express themselves in internet mereka care sama masalah igrs cuma ya kita tidak bisa maksain orang untuk benar benar serius this is the internet a place to escape reality kita bisa kok mengkritik dengan cara kita,https://x.com/Sanskertar/status/2041460784992297085,2026-04-07 10:19:14,0,0.281,0.0213,0,0,0.0,1,1.0,16,0,0.6286179,0.32159105
0,348,B_cluster_representative,1,0,masgah_,"Konsep rating nasional seperti IGRS ada bagusnya: bantu orang tua, kasih batas umur, jadi aturan developer.
Masalahnya di penerapan IGRS: ada gim besar kena status gak jelas, sementara yg lain ratingnya membingungkan. Ini tanda regulasi perlu diperbaiki, bkn cuma dibilang jelek.",konsep rating nasional seperti igrs ada bagusnya bantu orang tua kasih batas umur jadi aturan developer masalahnya di penerapan igrs ada game besar kena status tidak jelas sementara yang lain ratingnya membingungkan ini tanda regulasi perlu diperbaiki bkn cuma dibilang jelek,https://x.com/masgah_/status/2040836922365628643,2026-04-05 17:00:13,0,0.2699,0.0184,0,0,0.0,2,0.6666666666666666,74,0,0.80595183,0.4286744
0,1224,C_noise_control,-1,0,mog_mediaa,"Karena kemarin kami baru selesai Resident Evil Requiem, untuk kedepannya kalian pingin kami live main game apa ? atau ngobrol-ngobrol soal industri misal ngomongin IGRS ?

Jangan suruh maen game baru, ora duwe duwit bos 😂

https://t.co/lMk7LDCGHt",karena kemarin kami baru selesai resident evil requiem untuk kedepannya kalian pingin kami live main game apa atau ngobrol ngobrol soal industri misal ngomongin igrs jangan suruh maen game baru ora duwe duwit bos,https://x.com/mog_mediaa/status/2041332871768740332,2026-04-07 01:50:57,0,0.2555,0.008,0,20,0.0,1,1.0,29,0,0.60522664,0.31659606
0,209,C_noise_control,-1,0,markucal,IGRS apaan lagi ini? Gua tinggal motoran bentar ada aja kelakuan @kemkomdigi,igrs apaan lagi ini saya tinggal motoran bentar ada aja kelakuan,https://x.com/markucal/status/2040871713978908698,2026-04-05 19:18:28,0,0.776,0.003,0,0,0.0,1,1.0,25,0,0.64897674,0.18998855
1,400,A_high_confidence_coordinated,1,1,rahayu49384,"@badakmeledak_ Rating IGRS di Steam masih dalam proses, banyak yang self-declare dan belum final. Niatnya baik, lindungi pemain muda dan tata ekosistem game, yuk sama-sama paham.",rating igrs di steam masih dalam proses banyak yang self declare dan belum final niatnya baik lindungi pemain muda dan tata ekosistem game yuk sama sama paham,https://x.com/rahayu49384/status/2040832000475775131,2026-04-05 16:40:40,1,0.6311,0.0276,5,0,0.0,6,1.0,116,1,0.9533112,0.48051873
0,1001,C_noise_control,-1,0,CNNIndonesia,"Komdigi Bertemu Steam Bahas Rating Game IGRS, Akui Ada Kejanggalan https://t.co/R0uCdeaHIu",komdigi bertemu steam bahas rating game igrs akui ada kejanggalan,https://x.com/CNNIndonesia/status/2041491856836702576,2026-04-07 12:22:42,0,1.0,0.0111,0,0,0.0,1,1.0,28,0,1.0000001,0.42593682
1,343,B_cluster_representative,3,0,ratihzatil1993,"@ezash Keresahannya valid, tapi justru karena ini ngaruh ke publik, sistem seperti IGRS perlu terus dibenahi dengan penjelasan yang lebih terbuka dan teknis yang lebih rapi.",keresahannya valid tapi justru karena ini ngaruh ke publik sistem seperti igrs perlu terus dibenahi dengan penjelasan yang lebih terbuka dan teknis yang lebih rapi,https://x.com/ratihzatil1993/status/2040837344992039033,2026-04-05 17:01:54,1,0.4237,0.0118,1,0,0.0,1,1.0,74,1,0.81482804,0.32558367
0,90,C_noise_control,-1,0,martedws,FAK IGRS KNP THE SIMS KENA ANJ APASIH https://t.co/cTlUri6B79,fak igrs mengapa the sims kena anj apasih,https://x.com/martedws/status/2040928263464435891,2026-04-05 23:03:11,0,0.6124,0.0083,0,0,0.0,1,1.0,86,0,0.82401186,0.35784984
1,1133,B_cluster_representative,1,0,99propaganda,Indonesia Game Rating System (IGRS) diimplementasikan pada platform seperti Steam dengan tujuan utama untuk memberikan panduan yang jelas bagi konsumen mengenai kesesuaian konten gim dengan usia pengguna. Hal ini merupakan bagian dari regulasi pemerintah Indonesia untuk https://t.co/7yM5xXi3lO,indonesia game rating system igrs diimplementasikan pada platform seperti steam dengan tujuan utama untuk memberikan panduan yang jelas bagi konsumen mengenai kesesuaian konten game dengan usia pengguna hal ini merupakan bagian dari regulasi pemerintah indonesia untuk,https://x.com/99propaganda/status/2041394911262744657,2026-04-07 05:57:28,1,0.3804,0.017,0,0,0.0,1,1.0,20,1,0.8718303,0.375927
0,678,C_noise_control,-1,0,onyourtabs,"@soundofyaps ktanya ada transaksi pembelian dalam game sama gamenya based online chat... ya... kan gimnya f2p... trus top up adalah kemauan masing-masing...
i mean.. kriteria IGRS nya ga jelas..",ktanya ada transaksi pembelian dalam game sama gamenya based online chat ya kan gimnya f p trus top up adalah kemauan masing masing i mean kriteria igrs nya tidak jelas,https://x.com/onyourtabs/status/2040805580240252930,2026-04-05 14:55:41,0,0.3495,0.011,1,0,0.0,1,1.0,59,0,0.6896074,0.32843056
0,118,C_noise_control,-1,0,hrdbacot,"@rahmatnf @RifkiSuryo Mereka pernah tau game gamenya apa engga. 

Ini gw yakin org Steam juga ketawa pas deploy IGRS",mereka pernah tau game gamenya apa engga ini saya yakin orang steam juga ketawa pas deploy igrs,https://x.com/hrdbacot/status/2040920885352415707,2026-04-05 22:33:52,0,0.3782,0.0109,1,0,0.0,1,1.0,49,0,0.7440712,0.39532697
0,1015,C_noise_control,-1,0,Cyclops_Ray,"@onnowpurbo Kyknya bapak dikibulin deh pak..
Coba pak nanya ke @Steam_Support juga.

Kalo pakai analogi orang jualan, steam adalah tukang mi ayam yang selama ini jualan dengan standard international, terus IGRS dtg bilang pake standar kami ya kalo mau jualan disini. 1/x",kyknya bapak dikibulin deh pak coba pak nanya ke juga kalau pakai analogi orang jualan steam adalah tukang mi ayam yang selama ini jualan dengan standard international terus igrs dtg bilang pake standar kami ya kalau mau jualan disini x,https://x.com/Cyclops_Ray/status/2041484704210383140,2026-04-07 11:54:17,0,0.3669,0.0125,2,0,0.0,2,0.6666666666666666,19,0,0.6609298,0.3241049
1,614,A_high_confidence_coordinated,1,1,indahsarii54648,"Untuk yang ingin tahu penjelasan resmi terkait IGRS &amp; rating gim di Steam, informasinya sudah dirilis. Bisa dibaca dulu di sini: [https://t.co/MGZVQEnnsP] https://t.co/cVboYfJTxe",untuk yang ingin tahu penjelasan resmi terkait igrs rating game di steam informasinya sudah dirilis bisa dibaca dulu di sini,https://x.com/indahsarii54648/status/2040816371832090652,2026-04-05 15:38:34,1,0.7025,0.0139,3,0,0.0,3,0.75,105,1,0.93386424,0.45171753
1,542,A_high_confidence_coordinated,1,1,noviarguna72100,"@kukuhya Sedikit klarifikasi, rating IGRS yang kelihatan di Steam itu banyak yang masih data awal/selfdeclare, belum final. Wajar kalau sekarang ada yang belum pas, lagi proses disesuaikan dulu.",sedikit klarifikasi rating igrs yang kelihatan di steam itu banyak yang masih data awal self declare belum final wajar kalau sekarang ada yang belum pas lagi proses disesuaikan dulu,https://x.com/noviarguna72100/status/2040822750768681075,2026-04-05 16:03:55,1,0.9288,0.0283,7,0,0.0,6,0.6666666666666666,116,1,0.9815091,0.4045054
0,626,B_cluster_representative,6,0,arnoediad,"IGRS ANJING
KOMDIGI BANGSAT",igrs anjing komdigi bangsat,https://x.com/arnoediad/status/2040815317417656617,2026-04-05 15:34:22,0,0.4016,0.0117,0,0,0.0,1,1.0,105,0,0.8338208,0.26736176
0,145,C_noise_control,-1,0,_________judd,"@RRDelusi Nyoba cek website nya, lakok buri gini logo IGRS-nya wkaowk. Sepele bgt lo ini https://t.co/Xuaz5BbRL1",nyoba cek website nya lakok buri gini logo igrs nya wkaowk sepele banget kamu ini,https://x.com/_________judd/status/2040913997638357440,2026-04-05 22:06:30,0,0.34,0.0065,1,0,0.0,1,1.0,49,0,0.7704635,0.36395863
0,41,C_noise_control,-1,0,Delazdukedom,"@kurawa @Steam this government bootlicker is playing victim + shirk responsibility + blaming others than themselves (this is their (IGRS)@kemkomdigi own faulty rating) 

Kids games they rate 18+
While an adult 18+ games they rate 3+

explanation : 
green :18+ up
red: teen to adult 18+ up https://t.co/xIm1pyEQLC",this government bootlicker is playing victim shirk responsibility blaming others than themselves this is their igrs own faulty rating kids games they rate while an adult games they rate explanation green up red teen to adult up,https://x.com/Delazdukedom/status/2040936374413742560,2026-04-05 23:35:25,0,0.3182,0.0109,1,0,0.0,1,1.0,86,0,0.6551367,0.35463858
0,922,A_high_confidence_coordinated,0,1,Lipssszzz____,"@kurawa Alah nyocot main gama aja enggak pernah lu cuma BUZZER doang lu duit duit lu yg dapet juga dari pajak kita lu, kerja kagak, ngerti game kagak, sekarang salahin steam padahal pihak steam diem diem aja TOLOL KOMDIGI AMA IGRS TOLOL",alah nyocot main gama aja enggak pernah kamu cuma buzzer doang kamu duit duit kamu yang dapet juga dari pajak kita kamu kerja kagak ngerti game kagak sekarang salahin steam padahal pihak steam diem diem aja tolol komdigi sama igrs tolol,https://x.com/Lipssszzz____/status/2041542890409828536,2026-04-07 15:45:29,0,0.4098,0.0166,2,0,0.0,1,0.5,9,0,0.8110441,0.36826667
1,380,A_high_confidence_coordinated,1,1,Fatiyazean,"@mog_mediaa Yang penting diketahui nih, rating IGRS di Steam banyak masih data awal/self-declare belum final, tujuan utamanya lindungi pemain muda dan menata ekosistem game, jadi wajar aja kalau fase awal masih perlu disesuaikan bareng.",yang penting diketahui ini rating igrs di steam banyak masih data awal self declare belum final tujuan utamanya lindungi pemain muda dan menata ekosistem game jadi wajar aja kalau fase awal masih perlu disesuaikan bareng,https://x.com/Fatiyazean/status/2040833338144104954,2026-04-05 16:45:59,1,0.7423,0.0287,2,0,0.0,2,0.6666666666666666,116,1,0.95791554,0.4405956
1,515,A_high_confidence_coordinated,1,1,AlinGibroez,"@RRDelusi Sedikit meluruskan ya, rating IGRS yang tampil di Steam itu banyak yang masih tahap awal/self declare dari developer, jadi belum final. Memang lagi proses penyesuaian, wajar kalau masih ada yang belum pas.",sedikit meluruskan ya rating igrs yang tampil di steam itu banyak yang masih tahap awal self declare dari developer jadi belum final memang lagi proses penyesuaian wajar kalau masih ada yang belum pas,https://x.com/AlinGibroez/status/2040824799723930021,2026-04-05 16:12:03,1,1.0,0.0284,5,0,0.0,5,0.8333333333333334,116,1,1.0,0.4121436
1,329,A_high_confidence_coordinated,3,1,PutriRahma32820,"@ezash Wajar kalau isu politik dan regulasi bikin resah, tapi justru karena itu sistem kayak IGRS perlu dibenahi secara teknis dan dijelasin lebih transparan, karena namanya juga sistem baru pasti masih butuh waktu buat rapi.",wajar kalau isu politik dan regulasi bikin resah tapi justru karena itu sistem seperti igrs perlu dibenahi secara teknis dan dijelasin lebih transparan karena namanya juga sistem baru pasti masih butuh waktu buat rapi,https://x.com/PutriRahma32820/status/2040838653099073725,2026-04-05 17:07:06,1,0.4825,0.0191,5,0,0.0,5,0.8333333333333334,74,1,0.88185763,0.3078156
1,903,A_high_confidence_coordinated,1,1,grok,"@ZonaKitten @Analyst_V2 Komdigi (Kementerian Komunikasi dan Digital Indonesia) baru-baru ini klarifikasi soal label rating IGRS (Indonesia Game Rating System) yang muncul di Steam. Ternyata, rating itu bukan resmi dari pemerintah, melainkan hasil self-declare publisher yang belum terverifikasi dan belum",komdigi kementerian komunikasi dan digital indonesia baru baru ini klarifikasi soal label rating igrs indonesia game rating system yang muncul di steam ternyata rating itu bukan resmi dari pemerintah melainkan hasil self declare publisher yang belum terverifikasi dan belum,https://x.com/grok/status/2041608490175635909,2026-04-07 20:06:09,1,0.5305,0.0305,2,0,0.0,1,0.5,2,1,0.84234494,0.36368734
0,759,C_noise_control,-1,0,wh0isHanna,laughing my ass off cause my ex bf was voted 02 and i bet his game became victims of IGRS https://t.co/PZGC3snqqi,laughing my ass off cause my ex bf was voted and i bet his game became victims of igrs,https://x.com/wh0isHanna/status/2040789632045224393,2026-04-05 13:52:18,0,0.7111,0.0075,0,0,0.0,1,1.0,68,0,0.5804546,0.28951746
1,445,A_high_confidence_coordinated,1,1,rpramestaa12,"@RRDelusi Biar gak salah paham, sebenarnya wajar kok kalau di awal fase rilis gini masih banyak rating yang belum pas di Steam. Dari rilis resminya, data yang muncul sekarang itu sebagian besar masih self-declare dari sistem internal, jadi belum melalui proses verifikasi resmi dari IGRS.",biar tidak salah paham sebenarnya wajar kok kalau di awal fase rilis gini masih banyak rating yang belum pas di steam dari rilis resminya data yang muncul sekarang itu sebagian besar masih self declare dari sistem internal jadi belum melalui proses verifikasi resmi dari igrs,https://x.com/rpramestaa12/status/2040829360660480352,2026-04-05 16:30:11,1,0.4797,0.0379,5,0,0.0,4,0.6666666666666666,116,1,0.8434117,0.3849033
1,432,A_high_confidence_coordinated,1,1,Deewwiiiii,@rayrestufauzi Wajar kalau publik bingung dengan sistem rating IGRS di Steam sekarang,wajar kalau publik bingung dengan sistem rating igrs di steam sekarang,https://x.com/Deewwiiiii/status/2040829926233018625,2026-04-05 16:32:25,1,0.3676,0.0136,9,0,0.0,7,0.7,116,1,0.85481983,0.4532641
1,376,B_cluster_representative,1,0,yuka_riza,"Ini penjelasan/siaran pers resmi soal IGRS &amp; rating gim di Steam, mungkin bisa dibaca dulu sebelum berpendapat lebih jauh https://t.co/eiH9EiJBaa",ini penjelasan siaran pers resmi soal igrs rating game di steam mungkin bisa dibaca dulu sebelum berpendapat lebih jauh,https://x.com/yuka_riza/status/2040833381064450344,2026-04-05 16:46:09,1,0.6551,0.0174,0,0,0.0,1,1.0,116,1,0.9529735,0.47776183
0,93,B_cluster_representative,1,0,scr3t1y,@kurawa IGRS yg ngaco dan amburadul beserta komdigi yg inkompeten dan dongo lah yg seharusnya dievaluasi dan diperbaiki bukannya sewa buzzer macam anda yg kolot dan bodoh yg malah menyebarkan hoax dan menyalahkan steam 🤦🤦🤦🤦🤦,igrs yang ngaco dan amburadul beserta komdigi yang inkompeten dan dongo lah yang seharusnya dievaluasi dan diperbaiki bukannya sewa buzzer macam anda yang kolot dan bodoh yang malah menyebarkan hoax dan menyalahkan steam,https://x.com/scr3t1y/status/2040927927077138836,2026-04-05 23:01:51,0,0.3891,0.0119,1,0,0.0,1,1.0,86,0,0.8130597,0.39432317
1,297,A_high_confidence_coordinated,1,1,DazzZulia,"@badakmeledak_ Info yang beredar, rating IGRS di Steam sekarang sebagian masih tahap awal/selfdeclare dan belum final. Harapannya nanti setelah dikurasi bisa lebih akurat sesuai kelompok usia pemain.",info yang beredar rating igrs di steam sekarang sebagian masih tahap awal self declare dan belum final harapannya nanti setelah dikurasi bisa lebih akurat sesuai kelompok usia pemain,https://x.com/DazzZulia/status/2040842791769772093,2026-04-05 17:23:33,1,0.5375,0.0254,3,0,0.0,2,0.5,74,1,0.8647488,0.4080048
1,114,B_cluster_representative,1,0,AndiniPutr79305,Referensi resmi soal penerapan IGRS di Steam. Bisa dibaca dulu supaya pandangannya makin jelas dan lengkap https://t.co/bdUys0hJMi,referensi resmi soal penerapan igrs di steam bisa dibaca dulu supaya pandangannya makin jelas dan lengkap,https://x.com/AndiniPutr79305/status/2040922107765567490,2026-04-05 22:38:43,1,0.3866,0.0104,0,0,0.0,1,1.0,49,1,0.8311374,0.28823525
1,831,B_cluster_representative,1,0,01nm2_,"oh, ternyata KOMDONGO itu bikin IGRS untuk gooning.

IGRS (Indonesia Gooning Rating System), ckp tw aj 😁",oh ternyata komdongo itu bikin igrs untuk gooning igrs indonesia gooning rating system ckp tw aj,https://x.com/01nm2_/status/2040775389010866683,2026-04-05 12:55:43,1,0.771,0.0131,0,0,0.0,1,1.0,67,1,0.81895757,0.40680593
0,926,B_cluster_representative,4,0,gbfonry,@mog_mediaa rating IGRS berapa ini?,rating igrs berapa ini,https://x.com/gbfonry/status/2041537449592238289,2026-04-07 15:23:52,0,0.0,0.0,1,0,0.0,1,1.0,9,0,0.82558787,0.30148578
0,1016,C_noise_control,-1,0,detikinet,"Kisruh Rating IGRS, Komdigi dan Steam Sepakat Lakukan Investigasi https://t.co/r5oterS2Hm",kisruh rating igrs komdigi dan steam sepakat lakukan investigasi,https://x.com/detikinet/status/2041484290299740364,2026-04-07 11:52:38,1,0.4733,0.0087,0,0,0.0,1,0.3333333333333333,19,0,0.7655866,0.33944905
0,177,B_cluster_representative,1,0,rosyidsmile_net,"SIARAN PERS
​Menanggapi diskusi publik terkait IGRS &amp; sistem rating gim di Steam, Pnjlsan resmi mengenai kesesuaian regulasi trsbt dg ktntun hkm di Indonesia. Sgt disarankan tuk menyimak informasi lengkap lebih dl guna mndapatkn perspektif yg menyeluruh:
​https://t.co/wm3rHweS6F",siaran pers menanggapi diskusi publik terkait igrs sistem rating game di steam pnjlsan resmi mengenai kesesuaian regulasi trsbt dg ktntun hkm di indonesia sgt disarankan tuk menyimak informasi lengkap lebih dl guna mndapatkn perspektif yang menyeluruh,https://x.com/rosyidsmile_net/status/2040900644274634982,2026-04-05 21:13:26,0,0.3969,0.0232,0,0,0.0,1,1.0,29,0,0.82882077,0.37234017
1,1149,B_cluster_representative,1,0,tsanyqudsi,"@Kadrunbagsat @leonthecatto @rivaldyaskrr @kemkomdigi @GameRatingID @Kadrunbagsat  IGRS itu Game Rating khusus Indonesia. Orang - orang pada komplen kenapa IGRS berantakan, kok malah dianggep bela komdigi ? 

Gue malah baru tau ada PGRS.. seriously. Nah nantinya seluruh game di dunia yang mau masuk ke Indonesia harus pakai rating IGRS.",igrs itu game rating khusus indonesia orang orang pada komplen mengapa igrs berantakan kok malah dianggep bela komdigi saya malah baru tau ada pgrs seriously nah nantinya seluruh game di dunia yang mau masuk ke indonesia harus pakai rating igrs,https://x.com/tsanyqudsi/status/2041382062607970468,2026-04-07 05:06:25,1,0.4057,0.0214,1,0,0.0,1,1.0,20,1,0.82166064,0.47173777
0,1068,C_noise_control,-1,0,adrianchakab13,"soal rating game (rame ni jir kmrn) gw jauh lebih mempercayai steam atau badan rating luar kaya ESRB dan PEGI karena rating mereka masuk akal

lah IGRS? 
eksekusi mereka tanggal 5 april kemaren jelek bgt, so bad even steam langsung balikin lagi dari IGRS ke PEGI besok paginya",soal rating game rame ini jir kemarin saya jauh lebih mempercayai steam atau badan rating luar seperti esrb dan pegi karena rating mereka masuk akal lah igrs eksekusi mereka tanggal april kemaren jelek banget so bad even steam langsung balikin lagi dari igrs ke pegi besok paginya,https://x.com/adrianchakab13/status/2041445389786825030,2026-04-07 09:18:03,0,0.2616,0.0114,0,0,0.0,1,1.0,17,0,0.78818154,0.42086238
1,121,B_cluster_representative,1,0,adi_wahyu35,"Terlihat lagi ramai bahas game ""steam"" mengenai IGRS. Sempat cek webstenya, dan agak aneh game kayak beres-beres, seperti a little to the left dan unpacking kok malah diberi 3+? Beneran, kah, itu? Masa rating usianya itu untuk 3+? Ngaco banget.",terlihat lagi ramai bahas game steam mengenai igrs sempat cek webstenya dan agak aneh game seperti beres beres seperti a little to the left dan unpacking kok malah diberi beneran kah itu masa rating usianya itu untuk ngaco banget,https://x.com/adi_wahyu35/status/2040920371709526261,2026-04-05 22:31:49,1,0.2547,0.0124,0,0,0.0,1,1.0,49,1,0.815886,0.46897665
1,485,A_high_confidence_coordinated,1,1,carapaklek,"@kerissakti Sekadar meluruskan konteksnya, rating yang kita lihat sekarang di Steam itu belum hasil akhir karena masih fase awal penerapan IGRS. Wajar kalau ada yang kelihatan belum pas, karena memang tujuannya sedang merapikan ekosistem gim nasional agar lebih terlindungi.",sekadar meluruskan konteksnya rating yang kita lihat sekarang di steam itu belum hasil akhir karena masih fase awal penerapan igrs wajar kalau ada yang kelihatan belum pas karena memang tujuannya sedang merapikan ekosistem game nasional agar lebih terlindungi,https://x.com/carapaklek/status/2040827149675004000,2026-04-05 16:21:23,1,0.6895,0.0177,8,0,0.0,7,0.7777777777777778,116,1,0.89115703,0.48050916
1,1150,A_high_confidence_coordinated,1,1,paijokuro169599,"@ARSIPAJA Kenapa sih harus ribet2 nyari kambing hitam Steam?🤔 Padahal jelas banget kalau rating itu MEMANG dari Komdigi lewat IGRS. Bukannya fokus cari solusi konstruktif, mlh sibuk nyebar disinformasi. Pemerintah udah kerja keras bikin sistem rating, ko mlh dipertanyakan kredibilitasnya?",mengapa sih harus ribet nyari kambing hitam steam padahal jelas banget kalau rating itu memang dari komdigi lewat igrs bukannya fokus cari solusi konstruktif mlh sibuk nyebar disinformasi pemerintah sudah kerja keras bikin sistem rating ko mlh dipertanyakan kredibilitasnya,https://x.com/paijokuro169599/status/2041382057058980007,2026-04-07 05:06:24,1,1.0,0.0139,1,0,0.0,1,1.0,20,1,0.9999995,0.42334053
0,78,B_cluster_representative,1,0,Official_Yanuar,"@kurawa Malah nyalahin steam. Sebelum lu pada bikin recok. Steam sudah punya rating dan tags mereka sendiri. Lagian IGRS buat apa sih? Kalo bukan buat alat meras?

Rating international kan sudah ada pake itu juga gak masalah. Eh sok asik tapi ngaco.

Dah balik sana gooning game nukitashi https://t.co/KZy0oGxBjN",malah nyalahin steam sebelum kamu pada bikin recok steam sudah punya rating dan tags mereka sendiri lagian igrs buat apa sih kalau bukan buat alat meras rating international kan sudah ada pake itu juga tidak masalah eh sok asik tapi ngaco dah balik sana gooning game nukitashi,https://x.com/Official_Yanuar/status/2040930341108724059,2026-04-05 23:11:26,0,0.4928,0.021,1,0,0.0,1,1.0,86,0,0.8047563,0.45731732
0,844,B_cluster_representative,0,0,pajarsidik_,@gagahmei IGRS kknya ke semua ja,igrs kknya ke semua ja,https://x.com/pajarsidik_/status/2040774110918398286,2026-04-05 12:50:38,0,0.0,0.0,1,0,0.0,1,0.5,67,0,0.92275417,0.28863433
0,631,B_cluster_representative,0,0,anda_winata,"@SylentSevenstar so my point is, does IGRS is wrong?",so my point is does igrs is wrong,https://x.com/anda_winata/status/2040814999724269603,2026-04-05 15:33:07,0,0.6455,0.0112,1,1,0.0,2,1.0,105,0,0.80662584,0.33942655
1,139,A_high_confidence_coordinated,2,1,kerjosurvey,"Buat kalian Sebelum debat soal IGRS ke mana‑mana, mungkin oke baca dulu siaran pers resminya di sini ya guys https://t.co/yhg91A43dY",buat kalian sebelum debat soal igrs ke mana mana mungkin oke baca dulu siaran pers resminya di sini ya guys,https://x.com/kerjosurvey/status/2040917346865520978,2026-04-05 22:19:48,1,0.9539,0.0141,0,0,0.0,1,1.0,49,1,0.9581189,0.30673525
1,407,A_high_confidence_coordinated,1,1,Alizazaina94321,"@junwatu Perlu dilihat juga bahwa sebagian rating IGRS di Steam masih berbasis deklarasi awal developer dan belum final, karena sistem ini masih dalam proses penyesuaian.",perlu dilihat juga bahwa sebagian rating igrs di steam masih berbasis deklarasi awal developer dan belum final karena sistem ini masih dalam proses penyesuaian,https://x.com/Alizazaina94321/status/2040831304993054877,2026-04-05 16:37:54,1,0.5851,0.0231,5,0,0.0,6,1.0,116,1,0.91742,0.34665215
0,89,C_noise_control,-1,0,Orang_Tuwa,Peak playing victim buzzer. Yg ngaco IGRS yg salah ttp steam🤣🤣🤣,peak playing victim buzzer yang ngaco igrs yang salah ttp steam,https://x.com/Orang_Tuwa/status/2040929293552025902,2026-04-05 23:07:16,0,0.625,0.0119,0,0,0.0,1,1.0,86,0,0.68293965,0.3318611
0,1167,C_noise_control,-1,0,AneshMadyantara,"Entar deh marah-marah IGRS nya, mo nyobain Breath of Fire IV dulu hari ini :D

🔴: 13.30 WIB (GMT+7)
🔗: https://t.co/eAOqIK85kR",entar deh marah marah igrs nya mo nyobain breath of fire iv dulu hari ini d wib gmt,https://x.com/AneshMadyantara/status/2041371112492433499,2026-04-07 04:22:54,0,0.7955,0.0068,1,0,0.0,1,0.5,22,0,0.70596486,0.24679254
0,832,C_noise_control,-1,0,Kritzkrieg__,with whats happening to steam (IGRS) we for real masuk surga jalur dizalimi pemerintah,with whats happening to steam igrs we for real masuk surga jalur dizalimi pemerintah,https://x.com/Kritzkrieg__/status/2040775374347661496,2026-04-05 12:55:39,0,0.3294,0.0129,0,0,0.0,1,1.0,67,0,0.69806594,0.32185292
1,276,A_high_confidence_coordinated,2,1,KomariahKo26005,"Sebelum debat soal IGRS ke mana‑mana, baca dulu siaran pers resminya di sini: https://t.co/ttpo9m78KN https://t.co/Ves7SqPIRI",sebelum debat soal igrs ke mana mana baca dulu siaran pers resminya di sini,https://x.com/KomariahKo26005/status/2040849073255911744,2026-04-05 17:48:30,1,1.0,0.0157,0,0,0.0,1,1.0,74,1,0.9137209,0.2749321
1,419,A_high_confidence_coordinated,1,1,JancokAsu893230,"@rayrestufauzi Sedikit konteks, rating IGRS yang sekarang terlihat masih banyak yang belum final karena masih fase awal penyesuaian sistem untuk melindungi pemain muda.",sedikit konteks rating igrs yang sekarang terlihat masih banyak yang belum final karena masih fase awal penyesuaian sistem untuk melindungi pemain muda,https://x.com/JancokAsu893230/status/2040830461845582153,2026-04-05 16:34:33,1,0.4582,0.0262,5,0,0.0,5,0.8333333333333334,116,1,0.92080414,0.42125198
0,253,C_noise_control,-1,0,makominato,connor shoot igrs theyre deleting yo shit 😹😹😹😹😹😹😹,connor shoot igrs theyre deleting yo shit,https://x.com/makominato/status/2040856378181570608,2026-04-05 18:17:32,0,0.5778,0.002,0,0,0.0,1,1.0,34,0,0.61951315,0.26092878
0,113,C_noise_control,-1,0,geicilikechips,"app segede steam punya kredibilitas yg tinggi, bukan kyk igrs. sembarangan bgt nih orang.",app segede steam punya kredibilitas yang tinggi bukan seperti igrs sembarangan banget ini orang,https://x.com/geicilikechips/status/2040922192645628084,2026-04-05 22:39:03,0,0.2774,0.0122,0,0,0.0,1,1.0,49,0,0.66430736,0.32748112
1,94,A_high_confidence_coordinated,2,1,ilikeAK_47,"Guys kalian kalo mau debat soal IGRS ke mana‑mana, sebaiknya baca dulu siaran pers resminya di sini : https://t.co/GpPA5N09Ev",guys kalian kalau mau debat soal igrs ke mana mana sebaiknya baca dulu siaran pers resminya di sini,https://x.com/ilikeAK_47/status/2040927759313285500,2026-04-05 23:01:11,1,0.9376,0.0158,0,0,0.0,1,1.0,86,1,0.9581189,0.2901494
0,853,C_noise_control,-1,0,Homuboil7,@No1Real0 We can never win bro as long as the anime onlys continue to dominate otaku spaces. Also what's this IGRS,we can never win bro as long as the anime onlys continue to dominate otaku spaces also what s this igrs,https://x.com/Homuboil7/status/2040772260282376481,2026-04-05 12:43:17,0,0.4506,0.0121,1,0,0.0,1,1.0,67,0,0.65372455,0.2891331
0,1262,C_noise_control,-1,0,FaeezEmpire,Katanya IGRS kan untuk melindungi anak-anak dari bahaya game ya? Tapi belum lama ini ada seorang anak SMK di Kudus yang diintimidasi pemerintah karena mengkritik MBG dan anak SMP di Gresik kena peluru nyasar TNI. Jadi mana yang lebih berbahaya bagi anak-anak?,katanya igrs kan untuk melindungi anak anak dari bahaya game ya tapi belum lama ini ada seorang anak smk di kudus yang diintimidasi pemerintah karena mengkritik mbg dan anak smp di gresik kena peluru nyasar tni jadi mana yang lebih berbahaya bagi anak anak,https://x.com/FaeezEmpire/status/2041309080921473268,2026-04-07 00:16:25,0,0.6978,0.0169,1,0,0.0,1,0.5,11,0,0.702013,0.28874776
0,875,C_noise_control,-1,0,susahberaq,"IGRS ini kok aku liat ada celah untuk dipungli

""bayar dulu bos nanti gw kasih rating ijo""",igrs ini kok aku liat ada celah untuk dipungli bayar dulu bos nanti saya kasih rating ijo,https://x.com/susahberaq/status/2040769232372404510,2026-04-05 12:31:15,0,0.4317,0.0076,0,0,0.0,1,1.0,67,0,0.6974764,0.27845764
0,693,C_noise_control,-1,0,bobihart,"@toshibatv_id Kenapa ga ikut ESRB aja ya? Nanti dari situ bisa disesuaikan dengan kriteria yg ditentukan IGRS. Jangan malah asal kasih rating yg jadinya ga sesuai isi game. Contoh aja, Red Dead Redemption jadi 3+. Memangnya cocok untuk balita?",mengapa tidak ikut esrb aja ya nanti dari situ bisa disesuaikan dengan kriteria yang ditentukan igrs jangan malah asal kasih rating yang jadinya tidak sesuai isi game contoh aja red dead redemption jadi memangnya cocok untuk balita,https://x.com/bobihart/status/2040802003258077600,2026-04-05 14:41:28,0,0.2476,0.0198,1,0,0.0,1,1.0,59,0,0.62641037,0.3263492
0,533,B_cluster_representative,1,0,ianrswld,"@mhuseinali klarifikasi mereka terakhir, instead of melakukan pembenahan... malah minta pihak steam untuk klarifikasi, kan kocak malah nyalahin steam padahal rating IGRS yg amburadul. apalah yg bisa diharapkan lagi, mereka ngurus game tapi mereka sendiri gatau apa itu TLOU",klarifikasi mereka terakhir instead of melakukan pembenahan malah minta pihak steam untuk klarifikasi kan kocak malah nyalahin steam padahal rating igrs yang amburadul apalah yang bisa diharapkan lagi mereka ngurus game tapi mereka sendiri gatau apa itu tlou,https://x.com/ianrswld/status/2040823773365199202,2026-04-05 16:07:58,0,0.4157,0.0079,1,0,0.0,1,0.5,116,0,0.8134992,0.40314272
1,57,B_cluster_representative,1,0,Extra7399,"Untuk yang mengikuti isu IGRS &amp; sistem rating di Steam, penjelasan resminya sudah dirilis di sini. Mungkin bisa jadi referensi awal sebelum diskusi lebih lanjut:
https://t.co/5L3JruWt2h",untuk yang mengikuti isu igrs sistem rating di steam penjelasan resminya sudah dirilis di sini mungkin bisa jadi referensi awal sebelum diskusi lebih lanjut,https://x.com/Extra7399/status/2040933157017698679,2026-04-05 23:22:37,1,0.604,0.0135,0,0,0.0,1,1.0,86,1,0.9237424,0.39334497
1,345,A_high_confidence_coordinated,1,1,Florestone16736,"@ezash Dari sisi pengguna, sistem rating IGRS di Steam sekarang masih terasa kurang jelas. Tapi kalau ini bagian dari proses, semoga ada evaluasi dan penyempurnaan yang konsisten",dari sisi pengguna sistem rating igrs di steam sekarang masih terasa kurang jelas tapi kalau ini bagian dari proses semoga ada evaluasi dan penyempurnaan yang konsisten,https://x.com/Florestone16736/status/2040837326860153122,2026-04-05 17:01:50,1,1.0,0.0109,1,0,0.0,2,1.0,74,1,0.99999976,0.42299807
0,1173,C_noise_control,-1,0,sn_0_z_,"@affectio_seeker @ferrykoto Ga ada counter argument samsek tentang IGRS dia, malah bawa achievement anak2nya, padahal gatau kalo bapaknya kalo ngomong look down dan condescending banget berasa si paling paham padahal bidangnya listrik, classic boomer bau tanah. https://t.co/b4hviC7cGr",tidak ada counter argument samsek tentang igrs dia malah bawa achievement anak nya padahal gatau kalau bapaknya kalau ngomong look down dan condescending banget berasa si paling paham padahal bidangnya listrik classic boomer bau tanah,https://x.com/sn_0_z_/status/2041367226696270086,2026-04-07 04:07:28,0,0.3657,0.0152,2,0,0.0,1,0.5,22,0,0.59894127,0.2698013
1,365,B_cluster_representative,1,0,IraAsri325610,"https://t.co/qwttGoCnY5
""IGRS dan rating gim di Steam jadi hot topic? Baca penjelasan resmi di sini dulu biar gak salah paham.",igrs dan rating game di steam jadi hot topic baca penjelasan resmi di sini dulu biar tidak salah paham,https://x.com/IraAsri325610/status/2040834535492063587,2026-04-05 16:50:44,0,0.5658,0.0217,1,0,0.0,1,0.5,116,1,0.9646963,0.48906586
1,421,A_high_confidence_coordinated,1,1,ayoitsmoy,"@cryofantasia IGRS di Steam saat ini masih dlm tahap transisi, sehingga beberapa rating bs aja berubah setelah ada peninjauan ulang. Ini hal yg cukup wajar di tahap awal😀",igrs di steam saat ini masih dlm tahap transisi sehingga beberapa rating bs aja berubah setelah ada peninjauan ulang ini hal yang cukup wajar di tahap awal,https://x.com/ayoitsmoy/status/2040830243376894325,2026-04-05 16:33:41,1,0.2363,0.0112,3,0,0.0,3,0.75,116,1,0.8250475,0.3313342
1,173,B_cluster_representative,1,0,YusrilEka411,"""Steam telah melakukan rating palsu"".

😂😂😂😂😂

Dari dulu steam ngasih keterangan game dengan jelas, lebih percaya steam lah daripada IGRS ngawur..",steam telah melakukan rating palsu dari dulu steam ngasih keterangan game dengan jelas lebih percaya steam lah daripada igrs ngawur,https://x.com/YusrilEka411/status/2040902768106557834,2026-04-05 21:21:52,1,0.5419,0.0077,0,0,0.0,1,1.0,29,1,0.851835,0.34025902
1,392,A_high_confidence_coordinated,1,1,carapaklek,@mog_mediaa Perlu dipahami kalau rating IGRS di Steam belum final dan masih tahap laporan awal untuk merapikan ekosistem gim agar lebih aman bagi anak-anak,perlu dipahami kalau rating igrs di steam belum final dan masih tahap laporan awal untuk merapikan ekosistem game agar lebih aman bagi anak anak,https://x.com/carapaklek/status/2040832297872879670,2026-04-05 16:41:51,1,1.0,0.0207,8,0,0.0,7,0.7777777777777778,116,1,0.99999964,0.4558667
1,629,A_high_confidence_coordinated,1,1,Deewwiiiii,"Lagi ramai bahas IGRS &amp; rating gim di Steam, ini ada siaran pers resminya buat jadi referensi sebelum ambil kesimpulan. 
https://t.co/uhy793AJLw https://t.co/AkL2JXRYuB",lagi ramai bahas igrs rating game di steam ini ada siaran pers resminya buat jadi referensi sebelum ambil kesimpulan,https://x.com/Deewwiiiii/status/2040815262203859076,2026-04-05 15:34:09,1,0.783,0.0138,9,0,0.0,7,0.7,105,1,0.96638745,0.45602477
1,293,B_cluster_representative,1,0,Reejanuari,"Penjelasan resmi terkait IGRS dan sistem rating gim di Steam sudah dirilis dan bisa jadi rujukan yang lebih jelas. Sebaiknya dibaca dulu sebelum menarik kesimpulan lebih jauh: 
https://t.co/j5XWVDwm3u",penjelasan resmi terkait igrs dan sistem rating game di steam sudah dirilis dan bisa jadi rujukan yang lebih jelas sebaiknya dibaca dulu sebelum menarik kesimpulan lebih jauh,https://x.com/Reejanuari/status/2040845384252313651,2026-04-05 17:33:51,1,0.7847,0.0164,0,0,0.0,1,1.0,74,1,0.9485138,0.43242103
0,1054,C_noise_control,-1,0,KumekaGenzo77,"@Bram_no3 @harist_ixcents @ferrykoto @aniesbaswedan Faktanya memang seperti itu kok,klo misalnya kompeten gk bakal seceroboh ini IGRS",faktanya memang seperti itu kok kalau misalnya kompeten gk bakal seceroboh ini igrs,https://x.com/KumekaGenzo77/status/2041454789721252243,2026-04-07 09:55:24,0,0.3345,0.0032,1,0,0.0,9,1.0,17,0,0.73114204,0.382424
1,980,A_high_confidence_coordinated,1,1,fraviato,"@cve20251202 Lah yg bilang bukan milik komdigi siapa?
Yg dipermasalahkan emang IGRS di Steam. Kenapa bisa ngaco sistem ratingnya?

Padahal formulir 11-12 ngikut sistem rating negara lain yg udah ada.

Gaada yg mempermasalahkan sistem rating IGRS as long as pengaplikasiannya bener. Lha ini",lah yang bilang bukan milik komdigi siapa yang dipermasalahkan emang igrs di steam mengapa bisa ngaco sistem ratingnya padahal formulir ngikut sistem rating negara lain yang sudah ada gaada yang mempermasalahkan sistem rating igrs as long as pengaplikasiannya benar lha ini,https://x.com/fraviato/status/2041501365189718393,2026-04-07 13:00:29,1,0.3312,0.0208,2,1,4.016064257028112e-05,1,0.5,27,1,0.8322818,0.44560322
0,390,C_noise_control,-1,0,bantalkusam_id,"Masih ada yang perlu dibenahi di IGRS, dari konsistensi rating sampai penerapan di Steam. Masukan gamer &amp; developer penting biar lebih adil dan transparan.

Ke depan, dialog akan terus dilakukan. Baca dulu penjelasan resminya, lalu diskusi pakai data.

https://t.co/znTzTjo2Td",masih ada yang perlu dibenahi di igrs dari konsistensi rating sampai penerapan di steam masukan gamer developer penting biar lebih adil dan transparan ke depan dialog akan terus dilakukan baca dulu penjelasan resminya lalu diskusi pakai data,https://x.com/bantalkusam_id/status/2040832335570968793,2026-04-05 16:42:00,0,0.4132,0.0182,0,0,0.0,3,1.0,116,0,0.78732026,0.39659998
0,1132,C_noise_control,-1,0,quis_alexi15970,"@Arii765 @kerissakti Sebenernya di jerman juga mereka nerapin age rating sendiri sih+ada pemblokiran
Cmn disana sistemnya jelas+diskusi sama komunitas game

Yg jadi isu sih apa patokan IGRS,soalnya game bokep gk diblokir malah banyak game"" rpg yg diblokir

Klo patokan 'ngelindungin' yah gk sesuai",sebenernya di jerman juga mereka nerapin age rating sendiri sih ada pemblokiran cmn disana sistemnya jelas diskusi sama komunitas game yang jadi isu sih apa patokan igrs soalnya game bokep gk diblokir malah banyak game rpg yang diblokir kalau patokan ngelindungin yah gk sesuai,https://x.com/quis_alexi15970/status/2041395347126465008,2026-04-07 05:59:12,0,0.2863,0.01,1,2,0.0,1,1.0,20,0,0.79109025,0.39479086
1,282,B_cluster_representative,1,0,RizkyArdia29527,"Ini penjelasan resmi terkait IGRS dan sistem rating gim di Steam, bisa dicek dulu sebagai referensi sebelum menilai lebih jauh
https://t.co/E1dL49ojo1",ini penjelasan resmi terkait igrs dan sistem rating game di steam bisa dicek dulu sebagai referensi sebelum menilai lebih jauh,https://x.com/RizkyArdia29527/status/2040848036734411145,2026-04-05 17:44:23,1,0.5896,0.0155,0,0,0.0,1,1.0,74,1,0.9510437,0.4245659
0,899,C_noise_control,-1,0,Segagoreng1107,"@Analyst_V2 Lagian aneh bgt penilaian IGRS, game bkp kok 3+🗿",lagian aneh banget penilaian igrs game bkp kok,https://x.com/Segagoreng1107/status/2041645022546931747,2026-04-07 22:31:19,0,0.5431,0.0045,1,0,0.0,1,1.0,4,0,0.773166,0.44345874
0,1205,C_noise_control,-1,0,yourwin0na,Semalem mimpi ngobrolin IGRS sama robert pattinson di pizza hut lg nunggu pesenan jadi,semalem mimpi ngobrolin igrs sama robert pattinson di pizza hut lg nunggu pesenan jadi,https://x.com/yourwin0na/status/2041344765170725068,2026-04-07 02:38:13,0,0.3546,0.0015,0,0,0.0,1,1.0,19,0,0.5098052,0.14450479
0,1211,C_noise_control,-1,0,fayn57,"@Otaku_Anime_Ind ngeban game itu yang bermasalah. Game kek gta, the witcher, BG3 ato cyberpunk kedepannya gk bakal bisa didistribusikan di indo soalnya ada partial nudity, yang jelas2 ditolak keraas ama system IGRS ini. Good luck sih kalo mau maksa dev buat ngepatch, lbih milih mundur rata2",ngeban game itu yang bermasalah game kek gta the witcher bg ato cyberpunk kedepannya gk bakal bisa didistribusikan di indo soalnya ada partial nudity yang jelas ditolak keraas sama system igrs ini good luck sih kalau mau maksa dev buat ngepatch lbih milih mundur rata,https://x.com/fayn57/status/2041340974975365225,2026-04-07 02:23:09,0,0.2241,0.0111,1,0,0.0,1,1.0,19,0,0.7595484,0.35312638
1,446,A_high_confidence_coordinated,1,1,NganjukSun23590,"https://t.co/QYa3jybeLe Lagi ramai bahas IGRS dan rating gim di Steam, ini ada penjelasan resmi yang bisa jadi rujukan biar lebih paham konteksnya. Mungkin bisa disimak dulu sebelum menarik kesimpulan",lagi ramai bahas igrs dan rating game di steam ini ada penjelasan resmi yang bisa jadi rujukan biar lebih paham konteksnya mungkin bisa disimak dulu sebelum menarik kesimpulan,https://x.com/NganjukSun23590/status/2040829296277889471,2026-04-05 16:29:55,1,0.5689,0.0156,4,0,0.0,4,0.8,116,1,0.9369527,0.43619812
0,589,B_cluster_representative,5,0,bsrebahan,"@reruzensky @kemkomdigi @kemkomdigi 
UDAH IKUT AJA DR ESRB, GAUSAH RIBET2 PROYEK BODONG SOK SOK BIKIN IGRS. LIAT HASILNYA AJA NGAWUR. 
LU YG KERJA KAGA BECUS MALAH LEMPAR TANGAN KE STEAM, YG MANA SBNERNYA BUKAN WEWENANG STEAM.",sudah ikut aja dari esrb gausah ribet proyek bodong sok sok bikin igrs liat hasilnya aja ngawur kamu yang kerja kaga becus malah lempar tangan ke steam yang mana sbnernya bukan wewenang steam,https://x.com/bsrebahan/status/2040818643324612710,2026-04-05 15:47:35,0,0.3454,0.0137,1,0,0.0,1,1.0,105,0,0.85864246,0.32888013
1,812,A_high_confidence_coordinated,1,1,Alex_Brigz,"@AlizarinBlue @RRDelusi Emang salah steam bang, bukan bela igrs, saya jiga benci, tp kali ini emang salah steam.

Cara 1 daftar ke igrs, cara 2 lewat steam rata"" berdasarkan feedback dan review game. https://t.co/e11QLkKqN8",emang salah steam bang bukan bela igrs saya jiga benci tp kali ini emang salah steam cara daftar ke igrs cara lewat steam rata berdasarkan feedback dan review game,https://x.com/Alex_Brigz/status/2040777606262657325,2026-04-05 13:04:31,1,0.5531,0.017,3,1,8.032128514056225e-05,3,1.0,68,1,0.8007339,0.40645915
0,974,C_noise_control,-1,0,Indie_S_Orilly,"@ferrykoto Kepentok character limit untuk status Twitter karena tidak punya centang biru? Kan bisa dipendekin dari ""pembatasan umur &amp; rating game"" jadi PP TUNAS &amp; IGRS, berkurang tuh dari 29 character jadi 15 character. Trus jadi bisa deh nambahin ""medsos"" di belakang kata ""platform"". 😁",kepentok character limit untuk status twitter karena tidak punya centang biru kan bisa dipendekin dari pembatasan umur rating game jadi pp tunas igrs berkurang itu dari character jadi character trus jadi bisa deh nambahin medsos di belakang kata platform,https://x.com/Indie_S_Orilly/status/2041503375276343756,2026-04-07 13:08:28,0,0.2267,0.0127,3,2,0.0,2,0.5,27,0,0.6705401,0.28472462
0,720,A_high_confidence_coordinated,0,1,WibuPsikopatDes,"@SEAGamethetic Komdigi anco, IGRS biadab",komdigi anco igrs biadab,https://x.com/WibuPsikopatDes/status/2040797793795924400,2026-04-05 14:24:44,0,1.0,0.0215,1,0,0.0,1,1.0,59,0,0.9054595,0.28202042
0,674,B_cluster_representative,7,0,joyminzip,eh ngentot ini igrs kalo misalkan lads kena ban gimana babi,eh ngentot ini igrs kalau misalkan lads kena ban bagaimana babi,https://x.com/joyminzip/status/2040806315635929347,2026-04-05 14:58:36,0,0.4806,0.0061,0,0,0.0,1,1.0,59,0,0.9147392,0.190018
0,609,A_high_confidence_coordinated,0,1,fibraaaay,@ElaineCelestia IGRS KONTOL,igrs kontol,https://x.com/fibraaaay/status/2040816794936689009,2026-04-05 15:40:15,0,1.0,0.007,1,0,0.0,1,1.0,105,0,1.0000002,0.3143916
0,289,C_noise_control,-1,0,_sennav,Dem Yakuza kena block ama IGRS? Sedangkan game2 cewe yang nsfw lulus? Otw di serang massal keknya komdigi sih,dem yakuza kena block sama igrs sedangkan game cewe yang nsfw lulus otw di serang massal keknya komdigi sih,https://x.com/_sennav/status/2040846608678658157,2026-04-05 17:38:43,0,0.5156,0.0112,1,0,0.0,1,0.5,74,0,0.7072464,0.37450543
0,865,B_cluster_representative,0,0,gillsevensense,Tolol banget emang IGRS ini !!,tolol banget emang igrs ini,https://x.com/gillsevensense/status/2040770990104596810,2026-04-05 12:38:14,0,0.6607,0.0094,0,0,0.0,1,1.0,67,0,0.96901083,0.2660461
0,811,C_noise_control,-1,0,00w011,"@RRDelusi SIA NYUEUN SISTEM KUMAHA, IGRS GOBLOG?
STEAM TAG GEUS JELAS AYA FLAGGING JANG SEXUAL CONTENT SIA BERE 3 TAHUN
GOBLOG LAIN",sia nyueun sistem kumaha igrs goblog steam tag geus jelas aya flagging jang sexual content sia bere tahun goblog lain,https://x.com/00w011/status/2040778199148433443,2026-04-05 13:06:53,0,0.6597,0.0077,2,0,0.0,2,1.0,68,0,0.5965044,0.32503474
0,893,B_cluster_representative,5,0,bayoeoe,@RWWReborn Kayak masalah IGRS sama steam jadinya...wakakakak.,seperti masalah igrs sama steam jadinya wakakakak,https://x.com/bayoeoe/status/2041658348559536481,2026-04-07 23:24:17,0,0.0,0.0,1,0,0.0,1,1.0,6,0,0.8384458,0.3269982
1,501,A_high_confidence_coordinated,1,1,rahayu49384,"@RRDelusi Guys, santai dulu. Banyak yang salah paham soal rating IGRS di Steam. Ini bukan soal sensor atau kebebasan, tapi tentang melindungi pemain muda dan bikin ekosistem game lebih sehat. Banyak rating yang masih data awal/self-declare, jadi belum final. Ayo fokus ke niat baiknya",guys santai dulu banyak yang salah paham soal rating igrs di steam ini bukan soal sensor atau kebebasan tapi tentang melindungi pemain muda dan bikin ekosistem game lebih sehat banyak rating yang masih data awal self declare jadi belum final ayo fokus ke niat baiknya,https://x.com/rahayu49384/status/2040825400591540442,2026-04-05 16:14:26,1,0.6459,0.0295,5,0,0.0,6,1.0,116,1,0.8900138,0.46347576
0,235,C_noise_control,-1,0,Betspr,"Real patriot dukung igrs, video game dibuat yahudi buat mendistraksi ummat islam dari ibadah",real patriot dukung igrs video game dibuat yahudi buat mendistraksi ummat islam dari ibadah,https://x.com/Betspr/status/2040863410473320672,2026-04-05 18:45:29,0,0.5624,0.002,0,0,0.0,1,1.0,34,0,0.5829327,0.20062143
1,454,A_high_confidence_coordinated,1,1,rahayu49384,"@junwatu Sistem rating IGRS di Steam memang butuh waktu untuk adaptasi, tapi yang penting adalah komitmen untuk terus memperbaikinya. Harus ada komunikasi yang lebih jelas dan transparan dari pihak terkait biar pengguna nggak cuma sekedar ""ditunggu aja"".",sistem rating igrs di steam memang butuh waktu untuk adaptasi tapi yang penting adalah komitmen untuk terus memperbaikinya harus ada komunikasi yang lebih jelas dan transparan dari pihak terkait biar pengguna tidak cuma sekedar ditunggu aja,https://x.com/rahayu49384/status/2040828732806775267,2026-04-05 16:27:41,1,0.2687,0.019,5,0,0.0,6,1.0,116,1,0.8587795,0.3987981
0,787,C_noise_control,-1,0,b0nnysidharta,tetap mendengarkan musiksetan walopun IGRS kek kontol,tetap mendengarkan musiksetan walopun igrs kek kontol,https://x.com/b0nnysidharta/status/2040782487539081425,2026-04-05 13:23:55,0,0.7002,0.0079,0,0,0.0,1,1.0,68,0,0.58508384,0.22301787
0,124,C_noise_control,-1,0,girumon16,"IGRS malu²in ya... Sementara IRGC udah bisa nembak F-35 sama F-15nya Amerika, eeeeh IGRS malah jadinya GBLG gini...",igrs malu in ya sementara irgc sudah bisa nembak f sama f nya amerika eeeeh igrs malah jadinya gblg gini,https://x.com/girumon16/status/2040919855814053937,2026-04-05 22:29:46,0,0.7725,0.0071,0,0,0.0,1,1.0,49,0,0.74345946,0.35245517
1,524,A_high_confidence_coordinated,1,1,Giskaelvina,"@RRDelusi Kalau ngikutin infonya, IGRS di Steam sekarang masih dalam tahap awal implementasi, jadi datanya belum sepenuhnya final. Banyak yang masih deklarasi awal dari developer. Tujuan besarnya kan buat sistem rating yang lebih jelas dan aman buat semua umur.",kalau ngikutin infonya igrs di steam sekarang masih dalam tahap awal implementasi jadi datanya belum sepenuhnya final banyak yang masih deklarasi awal dari developer tujuan besarnya kan buat sistem rating yang lebih jelas dan aman buat semua umur,https://x.com/Giskaelvina/status/2040824532404166816,2026-04-05 16:10:59,1,0.7113,0.0222,2,0,0.0,2,0.6666666666666666,116,1,0.96593696,0.37300536
0,729,C_noise_control,-1,0,tizaki09,"With current IGRS situation, well damn I'm a gamedev myself HAHAHAHAH

So yeah the current situation is so fucked up and I'm so fed up with the degradation of my country
I love my country, but I mostly hate the authorities and the ignorant shts",with current igrs situation well damn i m a gamedev myself hahahahah so yeah the current situation is so fucked up and i m so fed up with the degradation of my country i love my country but i mostly hate the authorities and the ignorant shts,https://x.com/tizaki09/status/2040794860752683451,2026-04-05 14:13:05,0,0.4081,0.0156,0,0,0.0,1,1.0,59,0,0.6137879,0.22969824
0,760,C_noise_control,-1,0,Hoomanine,"What a nonsense talk here from the IGRS. You're fvcking delulu @kemkomdigi
Your system isn't ready yet, but you blame and ask steam to cover your shits. What a lame joke.

GO GET THE F JUDOL OUT OF HERE RATHER THAN THIS!!!",what a nonsense talk here from the igrs you re fvcking delulu your system isn t ready yet but you blame and ask steam to cover your shits what a lame joke go get the f judol out of here rather than this,https://x.com/Hoomanine/status/2040789603637166382,2026-04-05 13:52:12,0,0.3588,0.0151,0,0,0.0,1,1.0,68,0,0.6344718,0.34259835
0,135,C_noise_control,-1,0,Trixtar__,"Kalo mau transparan ya dari 2 sisi.  Dalam hal ini, share &amp; sosialisasikan dong tentang detail penilaian klasifikasi game menurut IGRS secara rinci, supaya developer juga bisa menyesuaikan game mereka buat user indo. Jangan rakyat terus yang ""ditelanjangi"". https://t.co/SId0HgIvVq",kalau mau transparan ya dari sisi dalam hal ini share sosialisasikan dong tentang detail penilaian klasifikasi game menurut igrs secara rinci supaya developer juga bisa menyesuaikan game mereka buat user indo jangan rakyat terus yang ditelanjangi,https://x.com/Trixtar__/status/2040917813586706669,2026-04-05 22:21:39,0,0.2586,0.0105,0,0,0.0,1,0.5,49,0,0.74290526,0.3731229
1,58,B_cluster_representative,1,0,SPayanadi,"Ada siaran pers resmi tentang IGRS &amp; rating gim di Steam,
Mari sahabat semua kita baca &amp; cek dulu sebelum kita berpendapat lebih jauh.

https://t.co/JhIz9ebfAt",ada siaran pers resmi tentang igrs rating game di steam mari sahabat semua kita baca cek dulu sebelum kita berpendapat lebih jauh,https://x.com/SPayanadi/status/2040933055498764387,2026-04-05 23:22:13,1,0.5693,0.0163,0,0,0.0,1,1.0,86,1,0.9236231,0.48303893
0,137,B_cluster_representative,0,0,Raaaxer,"Ya Allah, IGRS ada buzzernya",ya allah igrs ada buzzernya,https://x.com/Raaaxer/status/2040917770452476031,2026-04-05 22:21:29,0,0.5888,0.0021,0,0,0.0,1,1.0,49,0,0.9011446,0.3548218
0,800,C_noise_control,-1,0,boyguling,Istg just abolish the IGRS ffs,istg just abolish the igrs ffs,https://x.com/boyguling/status/2040779681080000797,2026-04-05 13:12:46,0,0.4363,0.0102,0,0,0.0,1,1.0,68,0,0.7460891,0.23470141
0,268,B_cluster_representative,1,0,stelleturu,I'm buying a game rated 3+ by IGRS,i m buying a game rated by igrs,https://x.com/stelleturu/status/2040850933521998280,2026-04-05 17:55:54,0,0.7087,0.0036,0,0,0.0,1,1.0,74,0,0.822137,0.3281753
0,1012,C_noise_control,-1,0,CorySakti28011,DAY#2 ADVOCATING OF REMOVING RC IGRS.,day advocating of removing rc igrs,https://x.com/CorySakti28011/status/2041486865271001455,2026-04-07 12:02:52,0,0.5678,0.0084,0,1,0.0,1,1.0,28,0,0.6095882,0.2604661
1,167,A_high_confidence_coordinated,1,1,MohQym68316,"Buat yang ngikutin rame IGRS &amp; rating gim di Steam, penjelasan resminya ada di sini, boleh jadi bahan baca dulu: https://t.co/YHh9eqmPS2",buat yang ngikutin rame igrs rating game di steam penjelasan resminya ada di sini boleh jadi bahan baca dulu,https://x.com/MohQym68316/status/2040905844490186859,2026-04-05 21:34:06,1,0.8088,0.0111,0,0,0.0,1,1.0,29,1,0.9335116,0.48532686
0,318,C_noise_control,-1,0,noviarguna72100,"@iPoopBased Kesalnya paham sih, TAPI karena gamer, developer, dan regulator sama-sama terdampak Dorongterus klarifikasi dan perbaikan bareng daripada makin panas. 
IGRS busa.",kesalnya paham sih tapi karena gamer developer dan regulator sama sama terdampak dorongterus klarifikasi dan perbaikan bareng daripada makin panas igrs busa,https://x.com/noviarguna72100/status/2040840299858280550,2026-04-05 17:13:39,0,0.4659,0.0093,7,0,0.0,6,0.6666666666666666,74,0,0.70369303,0.3649476
1,391,A_high_confidence_coordinated,1,1,rpramestaa12,"@mog_mediaa IGRS di Steam itu masih banyak yang pakai data awal/self-declare jadi belum final, dan memang tujuannya buat lindungi pemain muda sekaligus ngerapihin ekosistem game, jadi wajar kalau di fase awal masih ada yang perlu disesuaikan bareng.",igrs di steam itu masih banyak yang pakai data awal self declare jadi belum final dan memang tujuannya buat lindungi pemain muda sekaligus ngerapihin ekosistem game jadi wajar kalau di fase awal masih ada yang perlu disesuaikan bareng,https://x.com/rpramestaa12/status/2040832312699678855,2026-04-05 16:41:54,1,0.7423,0.0281,5,0,0.0,4,0.6666666666666666,116,1,0.96376437,0.411599
0,565,A_high_confidence_coordinated,0,1,Lipssszzz____,"@VRchama Komdigi + igrs = ""TOLOL""",komdigi igrs tolol,https://x.com/Lipssszzz____/status/2040821441881604600,2026-04-05 15:58:43,0,0.595,0.0136,2,0,0.0,1,0.5,105,0,0.84177995,0.34234512
0,1090,B_cluster_representative,0,0,fadhilnhaa,@iPoopBased Kok banyak binatang buzzer igrs wkwkw,kok banyak binatang buzzer igrs wkwkw,https://x.com/fadhilnhaa/status/2041427222867988726,2026-04-07 08:05:52,0,0.6668,0.0101,1,0,0.0,1,1.0,11,0,0.8135321,0.28295106
1,415,B_cluster_representative,1,0,rinimaulida008,"Buat yang lagi mengikuti isu IGRS dan rating gim di Steam, ini ada siaran pers resmi yang menjelaskan konteksnya. Bisa dibaca dulu biar dapat gambaran yang lebih utuh: https://t.co/7oUselpRmm",buat yang lagi mengikuti isu igrs dan rating game di steam ini ada siaran pers resmi yang menjelaskan konteksnya bisa dibaca dulu biar dapat gambaran yang lebih utuh,https://x.com/rinimaulida008/status/2040830628602810528,2026-04-05 16:35:13,1,0.628,0.0155,1,0,0.0,2,1.0,116,1,0.94243294,0.41249207
0,317,C_noise_control,-1,0,ALZgamin,Untung gw main game ginian doang di steam :v pada ribut semua ama IGRS https://t.co/KFDEoBCCPh,untung saya main game ginian doang di steam v pada ribut semua sama igrs,https://x.com/ALZgamin/status/2040840357844500671,2026-04-05 17:13:52,0,0.359,0.0069,0,0,0.0,1,1.0,74,0,0.6724272,0.29937655
1,435,A_high_confidence_coordinated,1,1,dvrtlngi,"@rayrestufauzi Sekadar info, rating IGRS di Steam saat ini banyak yang masih tahap awal/self-declare jadi belum final, dan memang tujuannya buat perlindungan pemain muda serta penataan ekosistem, jadi wajar kalau masih butuh penyesuaian",sekadar info rating igrs di steam saat ini banyak yang masih tahap awal self declare jadi belum final dan memang tujuannya buat perlindungan pemain muda serta penataan ekosistem jadi wajar kalau masih butuh penyesuaian,https://x.com/dvrtlngi/status/2040829796125647093,2026-04-05 16:31:54,1,0.6416,0.0269,3,0,0.0,4,1.0,116,1,0.9354407,0.4370423
1,511,A_high_confidence_coordinated,1,1,noviarguna72100,"@RRDelusi Rating IGRS yang kelihatan di Steam itu banyak yang masih data awal/selfdeclare, belum final. Wajar kalau sekarang ada yang belum pas, lagi proses disesuaikan dulu.",rating igrs yang kelihatan di steam itu banyak yang masih data awal self declare belum final wajar kalau sekarang ada yang belum pas lagi proses disesuaikan dulu,https://x.com/noviarguna72100/status/2040824855063564392,2026-04-05 16:12:16,1,0.9288,0.029,7,0,0.0,6,0.6666666666666666,116,1,0.9815091,0.40797493
0,52,C_noise_control,-1,0,MFRcapture,@kurawa @xLanglangBuana tak usah jauh2 deh. di X ini saja konten bokep masih bebas kok diakses. menurut anda yang orang internal KOMDIGI kenapa begitu? apakah kalian hanya makan gaji buta sambil sekali2 bikin kebijakan kontroversial yang hanya keliaran wah d teori tapi bobrok d pelaksanaan kayak IGRS?,tidak usah jauh deh di x ini saja konten bokep masih bebas kok diakses menurut anda yang orang internal komdigi mengapa begitu apakah kalian hanya makan gaji buta sambil sekali bikin kebijakan kontroversial yang hanya keliaran wah d teori tapi bobrok d pelaksanaan seperti igrs,https://x.com/MFRcapture/status/2040933861430071311,2026-04-05 23:25:25,0,0.3041,0.0239,2,0,0.0,2,1.0,86,0,0.6872611,0.32979465
0,523,C_noise_control,-1,0,KvnBhgs,Tbh once people know who's in the IGRS shit their life would be fucking over.,tbh once people know who s in the igrs shit their life would be fucking over,https://x.com/KvnBhgs/status/2040824574347272228,2026-04-05 16:11:09,0,0.3239,0.0092,0,0,0.0,1,1.0,116,0,0.6654273,0.30381194
0,1067,B_cluster_representative,0,0,RiRuPizza,Malu ga tuh igrs di omongin orang luar,malu tidak itu igrs di omongin orang luar,https://x.com/RiRuPizza/status/2041445614043779100,2026-04-07 09:18:57,0,0.5208,0.0255,0,0,0.0,1,1.0,17,0,0.82609373,0.25490433
0,567,C_noise_control,-1,0,kindahao,I fear Love and deepspace won't survive IGRS 💀💀,i fear love and deepspace won t survive igrs,https://x.com/kindahao/status/2040821342187237648,2026-04-05 15:58:19,0,0.9098,0.004,0,0,0.0,1,1.0,105,0,0.6352251,0.18583573
0,909,B_cluster_representative,1,0,hydarnus,"Saya setuju dengan statemen kecanduan game ini, tapi ga ada kaitan mas sama rating, apalagi IGRS. Game online di rating pun orang tua masih pada ngasih anaknya gadget, ga peduli di install apa. Makanya perlu pengawasan juga dari orang tuanya, jangan semata-mata nyalahin gamenya",saya setuju dengan statemen kecanduan game ini tapi tidak ada kaitan mas sama rating apalagi igrs game online di rating pun orang tua masih pada ngasih anaknya gadget tidak peduli di install apa makanya perlu pengawasan juga dari orang tuanya jangan semata mata nyalahin gamenya,https://x.com/hydarnus/status/2041565354754023679,2026-04-07 17:14:45,0,0.4477,0.0267,0,0,0.0,1,0.5,6,0,0.8201644,0.40594274
1,605,A_high_confidence_coordinated,1,1,carapaklek,Informasi resmi mengenai regulasi rating gim Steam menurut standar IGRS sudah tersedia di laman Komdigi. Mari kita pahami dulu duduk perkaranya melalui rilis ini supaya diskusi kita tetap berdasar pada data yang valid: https://t.co/VAOLohoF0o,informasi resmi mengenai regulasi rating game steam menurut standar igrs sudah tersedia di laman komdigi mari kita pahami dulu duduk perkaranya melalui rilis ini supaya diskusi kita tetap berdasar pada data yang valid,https://x.com/carapaklek/status/2040817071425298904,2026-04-05 15:41:21,1,0.3149,0.014,8,0,0.0,7,0.7777777777777778,105,1,0.8904904,0.41893077
0,290,B_cluster_representative,0,0,Serenz0_,IGRS aja pake buzzer segala lu goblok @kemkomdigi,igrs aja pake buzzer segala kamu goblok,https://x.com/Serenz0_/status/2040846441816686839,2026-04-05 17:38:03,0,0.4706,0.0124,0,0,0.0,1,1.0,74,0,0.87695783,0.3468687
0,596,C_noise_control,-1,0,pajakocak,"@kemkomdigi besok Senin. Cabut itu IGRS kalau gak mau Senin-nya kami bikin lebih Senin, dan hari setelahnya terasa Senin selamanya. 

Benerin tuh judol, pinjol, spam. Jangan sok2an",besok senin cabut itu igrs kalau tidak mau senin nya kami bikin lebih senin dan hari setelahnya terasa senin selamanya benerin itu judol pinjol spam jangan sok an,https://x.com/pajakocak/status/2040817864274591903,2026-04-05 15:44:30,0,0.6146,0.01,1,0,0.0,1,1.0,105,0,0.6605481,0.24466781
0,824,C_noise_control,-1,0,feelingfluky,"ts4 got rated ""not fit for distribution"" by igrs lmao",ts got rated not fit for distribution by igrs lmao,https://x.com/feelingfluky/status/2040776094765260974,2026-04-05 12:58:31,0,0.8368,0.0069,0,0,0.0,1,1.0,67,0,0.80821943,0.19181931
1,394,A_high_confidence_coordinated,1,1,mintozaki75,@mog_mediaa Rating IGRS di steam masih data awal jadi masih perlu banyak perbaikan,rating igrs di steam masih data awal jadi masih perlu banyak perbaikan,https://x.com/mintozaki75/status/2040832204713148427,2026-04-05 16:41:29,1,0.5565,0.0196,2,0,0.0,3,1.0,116,1,0.83728254,0.3274183
0,768,C_noise_control,-1,0,cutadh,ini fatal bgt sih igrs ngaco total,ini fatal banget sih igrs ngaco total,https://x.com/cutadh/status/2040788886486700061,2026-04-05 13:49:21,0,0.5921,0.0043,0,0,0.0,1,1.0,68,0,0.6888814,0.19124629
1,128,B_cluster_representative,1,0,Bambang65635601,"‘Informasi ini betul resmi masalah IGRS &amp; rating gim di Steam, bisa jadi referensi biar info yang beredar lebih lengkap dan valid serta akurat kebenarannya  maka silahkan dicek di [link]’https://t.co/lpaabY1u8P",informasi ini betul resmi masalah igrs rating game di steam bisa jadi referensi biar info yang beredar lebih lengkap dan valid serta akurat kebenarannya maka silahkan dicek di link,https://x.com/Bambang65635601/status/2040918773444890964,2026-04-05 22:25:28,1,0.5986,0.0113,0,0,0.0,1,1.0,49,1,0.8942218,0.43844733
1,141,B_cluster_representative,1,0,triedhi888,"Ini yang ditunggu tunggu beritanya, rilis resmi soal IGRS &amp; rating gim di Steam, 👇👇👇
https://t.co/mZ77I23ZQv",ini yang ditunggu tunggu beritanya rilis resmi soal igrs rating game di steam,https://x.com/triedhi888/status/2040915601267531776,2026-04-05 22:12:52,1,0.4519,0.0068,0,0,0.0,1,1.0,49,1,0.91005963,0.43871617
0,505,C_noise_control,-1,0,Chichi_X_Mune,this is why IGRS is a stupid idea because it's made by people who don't understand video game,this is why igrs is a stupid idea because it s made by people who don t understand video game,https://x.com/Chichi_X_Mune/status/2040825174422163910,2026-04-05 16:13:32,0,0.3544,0.0099,0,0,0.0,1,1.0,116,0,0.75381345,0.3634251
1,594,A_high_confidence_coordinated,2,1,marufin865168,"Ada baiknya, Sebelum debat soal IGRS ke mana‑mana, mungkin oke baca dulu siaran pers resminya di sini:
https://t.co/A5XPhz2geK",ada baiknya sebelum debat soal igrs ke mana mana mungkin oke baca dulu siaran pers resminya di sini,https://x.com/marufin865168/status/2040817962387706142,2026-04-05 15:44:53,1,0.9527,0.014,0,0,0.0,1,1.0,105,1,0.9186771,0.29182023
0,857,C_noise_control,-1,0,ShaniBudi,"Ya Coretax, ya IGRS. Deploy belom siap tapi dipaksain. yang kena imbasnya ya rakyat jelata macem kita ini.",ya coretax ya igrs deploy belum siap tapi dipaksain yang kena imbasnya ya rakyat jelata macem kita ini,https://x.com/ShaniBudi/status/2040772039271936238,2026-04-05 12:42:24,0,0.4305,0.0095,0,2,0.0,1,1.0,67,0,0.64501345,0.34171075
0,1258,C_noise_control,-1,0,GemaShowIndo,"@XxEscAltF4 Klo ad source yg mw w bahas, feel free tarok d sni ya (konteks IGRS)",kalau ad source yang mw w bahas feel free tarok d sni ya konteks igrs,https://x.com/GemaShowIndo/status/2041315388378829201,2026-04-07 00:41:29,0,0.456,0.0045,1,4,0.0,2,0.6666666666666666,11,0,0.5665418,0.29742002
1,597,A_high_confidence_coordinated,1,1,MRidhonew16179,"Kalau mau lihat penjelasan yang lebih lengkap, siaran pers resmi terkait IGRS &amp; rating gim di Steam bisa dibaca dulu lewat link berikut ya : https://t.co/iSS6BZBiLf",kalau mau lihat penjelasan yang lebih lengkap siaran pers resmi terkait igrs rating game di steam bisa dibaca dulu lewat link berikut ya,https://x.com/MRidhonew16179/status/2040817566969741754,2026-04-05 15:43:19,1,0.5139,0.0195,4,0,0.0,4,0.8,105,1,0.9652399,0.46222785
0,905,C_noise_control,-1,0,Ioroiisme,"@onnowpurbo Tujuannya ya dua hal, menekan developer/publisher (ini potensi cuan pasif yang memungkinkan ada aspek yang diatur di bawah meja) juga menekan player. IGRS bisa digunakan mengontrol dua hal itu, berarti masuk ke fase selanjutnya untuk membatasi gerak opini dalam platform.",tujuannya ya dua hal menekan developer publisher ini potensi cuan pasif yang memungkinkan ada aspek yang diatur di bawah meja juga menekan player igrs bisa digunakan mengontrol dua hal itu berarti masuk ke fase selanjutnya untuk membatasi gerak opini dalam platform,https://x.com/Ioroiisme/status/2041592946416611769,2026-04-07 19:04:24,0,0.2279,0.0094,0,0,0.0,2,1.0,2,0,0.6571169,0.31678784
1,165,B_cluster_representative,1,0,arsiamalia,Informasi resmi terkait sistem IGRS dan rating gim di Steam sudah dirilis. Yuk baca dulu isinya supaya pandangannya jadi lebih jelas https://t.co/073fR083UQ,informasi resmi terkait sistem igrs dan rating game di steam sudah dirilis yuk baca dulu isinya supaya pandangannya jadi lebih jelas,https://x.com/arsiamalia/status/2040906403485987243,2026-04-05 21:36:19,1,0.4566,0.0147,0,0,0.0,1,1.0,29,1,0.92528725,0.43459797
1,586,B_cluster_representative,1,0,asep2b,"Diskusi soal IGRS dan rating gim di Steam lagi ramai, tapi ada baiknya lihat dulu siaran pers resminya biar lebih lengkap. Bisa dibaca di sini:

https://t.co/G2DGxdtOW9",diskusi soal igrs dan rating game di steam lagi ramai tapi ada baiknya lihat dulu siaran pers resminya biar lebih lengkap bisa dibaca di sini,https://x.com/asep2b/status/2040818780423799089,2026-04-05 15:48:08,1,0.5131,0.0171,1,0,0.0,1,0.5,105,1,0.93381524,0.46105888
0,1125,C_noise_control,-1,0,Rei_OnZ,"@GemaShowIndo tambahan ini bang, rating langsung dari website IGRS-nya bukan lewat steam-steaman lagi wkwkkw https://t.co/vA5rTBsZ9N",tambahan ini bang rating langsung dari website igrs nya bukan lewat steam steaman lagi wkwkkw,https://x.com/Rei_OnZ/status/2041398536512913773,2026-04-07 06:11:53,0,0.5539,0.0109,1,0,0.0,1,0.5,17,0,0.75971735,0.36838347
1,532,A_high_confidence_coordinated,1,1,rpramestaa12,"@kukuhya Sedikit klarifikasi, rating IGRS di Steam itu banyak yang masih self-declare, jadi belum final. Wajar kalau masih ada yang belum pas. Ini lagi fase penyesuaian, tujuannya buat perlindungan pemain muda dan penataan ekosistem. Kalau ada yang janggal, kemungkinan masih perbaikan",sedikit klarifikasi rating igrs di steam itu banyak yang masih self declare jadi belum final wajar kalau masih ada yang belum pas ini lagi fase penyesuaian tujuannya buat perlindungan pemain muda dan penataan ekosistem kalau ada yang janggal kemungkinan masih perbaikan,https://x.com/rpramestaa12/status/2040823801127293001,2026-04-05 16:08:05,1,0.6416,0.0307,5,0,0.0,4,0.6666666666666666,116,1,0.9251847,0.4276417
0,641,C_noise_control,-1,0,verstalie,Gue mau tidur tenang tapi malah dapet kenyataan negara gue sebapuk itu dengan IGRS nya,saya mau tidur tenang tapi malah dapet kenyataan negara saya sebapuk itu dengan igrs nya,https://x.com/verstalie/status/2040813888695079098,2026-04-05 15:28:42,0,0.4553,0.0057,0,0,0.0,1,1.0,105,0,0.7207511,0.15391046
1,487,A_high_confidence_coordinated,1,1,dh74169970,@kerissakti Rating IGRS di Steam saat ini memang membingungkan &amp; butuh penyesuaian. Penting ada transparansi kriteria &amp; perbaikan rutin agar sistem makin akurat. 🎮✨,rating igrs di steam saat ini memang membingungkan butuh penyesuaian penting ada transparansi kriteria perbaikan rutin agar sistem makin akurat,https://x.com/dh74169970/status/2040827120642056562,2026-04-05 16:21:16,1,0.6324,0.01,3,0,0.0,3,1.0,116,1,0.90666556,0.3678151
1,587,A_high_confidence_coordinated,1,1,DazzZulia,"Buat yang lagi bahas IGRS &amp; rating gim di Steam, ini ada siaran pers resminya sebagai penjelasan. Bisa dicek dulu sebelum ambil kesimpulan: https://t.co/eDNu36BqBB",buat yang lagi bahas igrs rating game di steam ini ada siaran pers resminya sebagai penjelasan bisa dicek dulu sebelum ambil kesimpulan,https://x.com/DazzZulia/status/2040818730746417639,2026-04-05 15:47:56,1,0.783,0.0149,3,0,0.0,2,0.5,105,1,0.96638745,0.47555715
0,254,B_cluster_representative,1,0,goldensunfyre,"halaaah, kaya yg punya dan pernah pake steam aja lu buzzer. coba main2 dulu aja ke steam-nya. IGRS-nya yg ngablu, malah nyalahin steam. di steam gamenya udah ditag sexual content, sama IGRS dikasih rating 3+. meanwhile upin ipin dikasih rating 18+, lawak.",halaaah seperti yang punya dan pernah pake steam aja kamu buzzer coba main dulu aja ke steam nya igrs nya yang ngablu malah nyalahin steam di steam gamenya sudah ditag sexual content sama igrs dikasih rating meanwhile upin ipin dikasih rating lawak,https://x.com/goldensunfyre/status/2040856239446585369,2026-04-05 18:16:59,0,0.4052,0.0122,0,0,0.0,1,1.0,34,0,0.8021517,0.38706762
0,769,C_noise_control,-1,0,imamanbru,"Igrs tuh gimana deh😭🙏
Mereka rate berdasar apa😭",igrs itu bagaimana deh mereka rate berdasar apa,https://x.com/imamanbru/status/2040788582424891656,2026-04-05 13:48:08,0,0.3896,0.0053,0,0,0.0,1,1.0,68,0,0.6723505,0.30950037
1,488,A_high_confidence_coordinated,1,1,Deewwiiiii,"@kerissakti Jujur aja tampilan rating IGRS di Steam sekarang masih bikin bingung banyak orang. Tapi kalau ini memang lagi tahap penyesuaian, ya wajar butuh waktu",jujur aja tampilan rating igrs di steam sekarang masih bikin bingung banyak orang tapi kalau ini memang lagi tahap penyesuaian ya wajar butuh waktu,https://x.com/Deewwiiiii/status/2040827044381220891,2026-04-05 16:20:58,1,0.5278,0.0189,9,0,0.0,7,0.7,116,1,0.91003376,0.44444385
0,737,B_cluster_representative,9,0,KRathalos97,"@Uzzzzz222 Yg jadi masalah bukan IGRS tapi YANG NGURUS DIBELAKANG IGRS NYA ITU gue yakin pasti Orang2 dibelakang sana yg ngurus tuh generasi2 boomer yg gede dengan mindset kontol ""Main Game Buat Apa""",yang jadi masalah bukan igrs tapi yang ngurus dibelakang igrs nya itu saya yakin pasti orang dibelakang sana yang ngurus itu generasi boomer yang gede dengan mindset kontol main game buat apa,https://x.com/KRathalos97/status/2040793324639101179,2026-04-05 14:06:59,0,0.3983,0.0135,1,0,0.0,1,1.0,59,0,0.80550563,0.38342676
0,945,B_cluster_representative,0,0,bayiajaib,"@Bram_no3 @ero_semut @onnowpurbo Si tolol ngegeser gawang, sekarang ya jelas ga ada lah org IGRS uda dicabut dari steam. Ngeles lo itu ga berguna tolol.",si tolol ngegeser gawang sekarang ya jelas tidak ada lah orang igrs uda dicabut dari steam ngeles kamu itu tidak berguna tolol,https://x.com/bayiajaib/status/2041521291522662636,2026-04-07 14:19:40,0,0.5146,0.0204,1,1,0.0,2,1.0,20,0,0.8133566,0.32024688
0,628,B_cluster_representative,0,0,EmbyGarvail,"Sempat khawatir,
Eh Beneran ngaco kan igrs, 🤣",sempat khawatir eh beneran ngaco kan igrs,https://x.com/EmbyGarvail/status/2040815266221982140,2026-04-05 15:34:10,0,0.4278,0.0055,0,0,0.0,1,1.0,105,0,0.8362824,0.31630948
0,564,C_noise_control,-1,0,CDWolfReal,@rongrongarts I swear bro IGRS is like https://t.co/fScaJT0FGC,i swear bro igrs is like,https://x.com/CDWolfReal/status/2040821600677978619,2026-04-05 15:59:20,0,0.4756,0.0095,1,0,0.0,1,1.0,105,0,0.7128125,0.34710446
1,528,A_high_confidence_coordinated,1,1,Alvaro734877,"@kukuhya Sedikit meluruskan, rating IGRS yang muncul di Steam sekarang kebanyakan data awal/self-declare, jadi memang belum final. Lagi proses penyesuaian kok, wajar kalau ada yang terasa nggak pas sekarang. Nanti akan disesuaikan lagi sama verifikasi resmi.",sedikit meluruskan rating igrs yang muncul di steam sekarang kebanyakan data awal self declare jadi memang belum final lagi proses penyesuaian kok wajar kalau ada yang terasa tidak pas sekarang nanti akan disesuaikan lagi sama verifikasi resmi,https://x.com/Alvaro734877/status/2040824090123174204,2026-04-05 16:09:14,1,0.5095,0.0294,4,0,0.0,4,1.0,116,1,0.92844427,0.380528
0,1174,A_high_confidence_coordinated,0,1,BudiBukanIntel,@selalumautauu IGRS kontol,igrs kontol,https://x.com/BudiBukanIntel/status/2041365628842566134,2026-04-07 04:01:07,0,1.0,0.007,1,4,0.0,1,1.0,22,0,1.0000002,0.3143916
0,538,B_cluster_representative,0,0,Rikaa_key,igrs so shiiiitttyyyy,igrs so shiiiitttyyyy,https://x.com/Rikaa_key/status/2040823359437734339,2026-04-05 16:06:20,0,0.5137,0.0034,0,0,0.0,1,1.0,116,0,0.861572,0.3748094
0,77,B_cluster_representative,1,0,HaYoYo86,"Puluhan tahun make steam, baru kali ini dituduh palsu. Ayolah men, kalo bego jangan nanggung. Player lebih percaya rating steam dibanding igrs kali 🤣

Hebat lah orang tolol kek gini jadi stafsus kementerian",puluhan tahun make steam baru kali ini dituduh palsu ayolah men kalau bego jangan nanggung player lebih percaya rating steam dibanding igrs kali hebat lah orang tolol kek gini jadi stafsus kementerian,https://x.com/HaYoYo86/status/2040930435023437899,2026-04-05 23:11:49,0,0.2681,0.0138,0,0,0.0,1,1.0,86,0,0.83311796,0.3751835
0,1199,B_cluster_representative,1,0,ichaciing,"Kocak sumpah, sebelum ada IGRS, steam udah punya rating sendiri. Pertanyaanku cuma itu yg sok bikin IGRS udah pernah bikin game/aplikasi yg dipublish entah di playstore/appstore/steam ga? Kalo itu terlalu berat minimal itch io dulu deh, pernah nggak?",kocak sumpah sebelum ada igrs steam sudah punya rating sendiri pertanyaanku cuma itu yang sok bikin igrs sudah pernah bikin game aplikasi yang dipublish entah di playstore appstore steam tidak kalau itu terlalu berat minimal itch io dulu deh pernah tidak,https://x.com/ichaciing/status/2041349062755328431,2026-04-07 02:55:17,0,0.3589,0.023,0,0,0.0,1,1.0,19,0,0.83182406,0.44374743
0,1244,C_noise_control,-1,0,kerissakti,"Teman2, saya hanya ingin mengingatkan

Mari fokus kritisi konteks kebijakannya, jangan pribadi personilnya.

Kasihan orang2 teknis IGRS yg ditugaskan, karena tidak sepenuhnya direction itu di tangan mereka.

Jangan serang2 personil apalagi sampai ngulik2 pribadi orang ya.",teman saya hanya ingin mengingatkan mari fokus kritisi konteks kebijakannya jangan pribadi personilnya kasihan orang teknis igrs yang ditugaskan karena tidak sepenuhnya direction itu di tangan mereka jangan serang personil apalagi sampai ngulik pribadi orang ya,https://x.com/kerissakti/status/2041324725537054735,2026-04-07 01:18:35,0,1.0,0.0153,2,24,0.0001606425702811245,2,0.6666666666666666,29,0,0.99999976,0.22779432
0,906,C_noise_control,-1,0,Ioroiisme,"@onnowpurbo Siapa yang rugi dari adanya IGRS? Ya mayoritas komunitas dan player yang gak sampai 1.5 juta tadi. KOMDONGO ini bukan cuma mau bikin panduan rating usia, tapi juga mau punya hak untuk mengontrol secara penuh semua konten yang ada di-game,",siapa yang rugi dari adanya igrs ya mayoritas komunitas dan player yang tidak sampai juta tadi komdongo ini bukan cuma mau bikin panduan rating usia tapi juga mau punya hak untuk mengontrol secara penuh semua konten yang ada di game,https://x.com/Ioroiisme/status/2041592367703310340,2026-04-07 19:02:06,0,0.2907,0.0153,0,0,0.0,2,1.0,2,0,0.78351057,0.37698042
0,314,C_noise_control,-1,0,Tessa44ut,"@iPoopBased ""Semua pihak pasti punya kepentingannya masing-masing, dan yang pasti kita semua sama-sama ingin yang terbaik. Daripada makin panas, mending kita dorong aja dialog terbuka dan perbaikan bareng-bareng. Biar IGRS bisa jadi sistem yang lebih baik buat semua😊""",semua pihak pasti punya kepentingannya masing masing dan yang pasti kita semua sama sama ingin yang terbaik daripada makin panas mending kita dorong aja dialog terbuka dan perbaikan bareng bareng biar igrs bisa jadi sistem yang lebih baik buat semua,https://x.com/Tessa44ut/status/2040840678868156469,2026-04-05 17:15:09,0,0.4659,0.009,1,0,0.0,1,0.5,74,0,0.664166,0.28348735
0,634,C_noise_control,-1,0,knightmuro,"@dombajantanMU Kalau ngacu kesitu igrs makin ngaco, mobile games tapi nyasar ke PC 🤣",kalau ngacu kesitu igrs makin ngaco mobile games tapi nyasar ke pc,https://x.com/knightmuro/status/2040814631820898807,2026-04-05 15:31:39,0,0.4865,0.0091,2,0,0.0,1,0.5,105,0,0.8090288,0.23757207
0,352,C_noise_control,-1,0,serafioz,"Buset dah IGRS ada buzzer nya wkwkw
Hadeh... https://t.co/WbfZ8YzRhM",buset dah igrs ada buzzer nya wkwkw hadeh,https://x.com/serafioz/status/2040836362283393082,2026-04-05 16:58:00,0,0.6668,0.0101,0,0,0.0,1,1.0,116,0,0.5555724,0.122664064
1,292,C_noise_control,-1,0,ikaikuikok,"@ezash Kekhawatiran soal dampak regulasi ini sangat valid, makanya kita perlu kawal agar sistem IGRS yang baru ini segera diperbaiki teknisnya dan lebih transparan informasinya supaya tidak terus membingungkan",kekhawatiran soal dampak regulasi ini sangat valid makanya kita perlu kawal agar sistem igrs yang baru ini segera diperbaiki teknisnya dan lebih transparan informasinya supaya tidak terus membingungkan,https://x.com/ikaikuikok/status/2040845994674495856,2026-04-05 17:36:16,1,0.457,0.015,2,0,0.0,2,0.6666666666666666,74,1,0.86431193,0.2833937
1,540,A_high_confidence_coordinated,1,1,andybalala19,"@kukuhya Aku mau sedikit klarifikasi, rating IGRS yang kelihatan di Steam itu banyak yang masih data awal/selfdeclare, belum final. Sekarang belum ada yang betul-betul pas di Sistem Rating Game di Indonesia sekarang. IGRS dibuat untuk mewadahi semua game yang beredar di Indonesia sekarang",aku mau sedikit klarifikasi rating igrs yang kelihatan di steam itu banyak yang masih data awal self declare belum final sekarang belum ada yang betul betul pas di sistem rating game di indonesia sekarang igrs dibuat untuk mewadahi semua game yang beredar di indonesia sekarang,https://x.com/andybalala19/status/2040823263258186207,2026-04-05 16:05:57,1,0.6913,0.0341,5,0,0.0,4,0.6666666666666666,116,1,0.8816502,0.42301455
0,932,C_noise_control,-1,0,emulapor,"Steam parah banget memang.
#gaming #steam #retrogaming #IGRS https://t.co/OdHnpcuCco",steam parah banget memang gaming steam retrogaming igrs,https://x.com/emulapor/status/2041529084522738148,2026-04-07 14:50:38,0,0.5792,0.0038,0,0,0.0,1,0.5,20,0,0.797698,0.39920717
1,786,B_cluster_representative,1,0,setsundere,"1. Memang tugas Steam yang harus implementasi rating dan aturan dari IGRS. Tapi ngeliat dari sini, kayaknya IGRS maksa rating ini buat cepet rilis sebelum semuanya siap.
2. Mereka masih ga bahas soal Refused Classification buat ngeblokir game pake pasal karet.",memang tugas steam yang harus implementasi rating dan aturan dari igrs tapi ngeliat dari sini kayaknya igrs maksa rating ini buat cepet rilis sebelum semuanya siap mereka masih tidak bahas soal refused classification buat ngeblokir game pake pasal karet,https://x.com/setsundere/status/2040782694477607250,2026-04-05 13:24:44,0,0.3715,0.0168,0,0,0.0,1,0.5,68,1,0.829972,0.46068308
1,442,B_cluster_representative,1,0,ZaskiaZask2031,"Lagi ramai soal IGRS dan rating gim di Steam. Ada siaran pers resmi yang menjelaskan konteksnya. Mungkin baik dibaca dulu sebelum menilai lebih jauh: https://t.co/6Kb8p6PzNz
#IGRS #Steam #GameIndonesia #InfoGame #GamingID",lagi ramai soal igrs dan rating game di steam ada siaran pers resmi yang menjelaskan konteksnya mungkin baik dibaca dulu sebelum menilai lebih jauh igrs steam gameindonesia infogame gamingid,https://x.com/ZaskiaZask2031/status/2040829495079481683,2026-04-05 16:30:43,1,0.5567,0.0132,1,0,0.0,2,1.0,116,1,0.8979522,0.4413526
1,425,A_high_confidence_coordinated,1,1,Deewwiiiii,"@badakmeledak_ Dari sisi pengguna, sistem rating IGRS di Steam sekarang masih terasa kurang jelas. Tapi kalau ini bagian dari proses, semoga ada evaluasi dan penyempurnaan yang konsisten",dari sisi pengguna sistem rating igrs di steam sekarang masih terasa kurang jelas tapi kalau ini bagian dari proses semoga ada evaluasi dan penyempurnaan yang konsisten,https://x.com/Deewwiiiii/status/2040830106801959007,2026-04-05 16:33:08,1,1.0,0.0109,9,0,0.0,7,0.7,116,1,0.99999976,0.42299807
1,517,B_cluster_representative,1,0,dantexvergil999,"Terkait perbincangan seputar sistem rating gim di platform Steam, penjelasan resmi mengenai kesesuaian aturan IGRS di Indonesia dapat diakses melalui tautan ini. Yuk, baca detailnya terlebih dahulu supaya informasi yang kita terima lebih akurat: https://t.co/xCeriwdJOE",terkait perbincangan seputar sistem rating game di platform steam penjelasan resmi mengenai kesesuaian aturan igrs di indonesia dapat diakses melalui tautan ini yuk baca detailnya terlebih dahulu supaya informasi yang kita terima lebih akurat,https://x.com/dantexvergil999/status/2040824752315785572,2026-04-05 16:11:52,0,0.5071,0.0176,0,0,0.0,1,1.0,116,1,0.8353325,0.3824961
1,545,A_high_confidence_coordinated,1,1,carapaklek,"@kukuhya Coba bantu luruskan ya, sebenarnya rating IGRS yang muncul di Steam itu mayoritas masih bersifat self-declare atau data awal saja, jadi memang belum hasil final. Kita perlu maklum karena ini masih tahap transisi agar ekosistem gim kita lebih tertata dan pemain di bawah umur aman.",coba bantu luruskan ya sebenarnya rating igrs yang muncul di steam itu mayoritas masih bersifat self declare atau data awal saja jadi memang belum hasil final kita perlu maklum karena ini masih tahap transisi agar ekosistem game kita lebih tertata dan pemain di bawah umur aman,https://x.com/carapaklek/status/2040822668820402334,2026-04-05 16:03:35,1,0.4896,0.0257,8,0,0.0,7,0.7777777777777778,116,1,0.92983675,0.46852142
0,681,C_noise_control,-1,0,eatalot23,"@kulukuluez @iPoopBased @id_fm @kemkomdigi Ok, disclaimer. IGRS ini gw gk dukung ya, gw juga sangat bertentangan. Karena bukan nya sistem parentak controo, tapi game nya diminta berubah.  Siap siap GTA VI ""Indonesian Edition"" 🤣 Tolol si. 

Tapi, kalau FIFA/EAFC, Gacha nya itu bahaya lo. Pemain FUT pasti paham banget.",ok disclaimer igrs ini saya gk dukung ya saya juga sangat bertentangan karena bukan nya sistem parentak controo tapi game nya diminta berubah siap siap gta vi indonesian edition tolol si tapi kalau fifa eafc gacha nya itu bahaya kamu pemain fut pasti paham banget,https://x.com/eatalot23/status/2040804799843815631,2026-04-05 14:52:35,0,0.3496,0.0162,1,0,0.0,1,1.0,59,0,0.70187724,0.3720497
0,1160,C_noise_control,-1,0,Claudio_sigit,"@BudiBukanIntel ada 4 jenis survey. mau yg manapun tetep ngaruh ke ZI mereka wkwkwk.
berhubung rating IGRS udah di rollback, jadi yaa gaperlu dulu wkwkwk",ada jenis survey mau yang manapun tetep ngaruh ke zi mereka wkwkwk berhubung rating igrs sudah di rollback jadi yaa gaperlu dulu wkwkwk,https://x.com/Claudio_sigit/status/2041376599728410999,2026-04-07 04:44:42,0,0.7352,0.0037,1,0,0.0,1,1.0,22,0,0.6911081,0.35633373
0,194,C_noise_control,-1,0,AlxndrieJeremia,"Muak sama berita IGRS :"") kaga ada gitu berita yang lebih bagus lagi? Kekk ppn pas beli Game berkurang gitu? Elah gini amat wni 😭👍🏻 negara gonjang ganjing, game gua pun disenggol. Mending senggol judol sana kocak. Jangan senggol dunia game gua dong.",muak sama berita igrs kaga ada gitu berita yang lebih bagus lagi kekk ppn pas beli game berkurang gitu elah gini amat wni negara gonjang ganjing game saya pun disenggol mending senggol judol sana kocak jangan senggol dunia game saya dong,https://x.com/AlxndrieJeremia/status/2040887538639085662,2026-04-05 20:21:21,0,0.3162,0.0137,0,0,0.0,1,1.0,16,0,0.7229552,0.35941187
0,327,C_noise_control,-1,0,boiebe,"Udah dibilang, kemarin pas penangkapan barbuknya malah komik miiko aja dah ketauan arahnya di mana. Sekarang malah IGRS bikin ulah, emang anjing aja satu rezim ini gila.",sudah dibilang kemarin pas penangkapan barbuknya malah komik miiko aja dah ketauan arahnya di mana sekarang malah igrs bikin ulah emang anjing aja satu rezim ini gila,https://x.com/boiebe/status/2040838732836958217,2026-04-05 17:07:25,0,0.2648,0.0118,0,0,0.0,1,1.0,74,0,0.6437472,0.23249461
0,1166,C_noise_control,-1,0,myshawti,"Sebagai seseorang yang pernah dikirim surat cinta 3x dari komdickgi, ga mungkin steam yang sudah punya jam terbang tinggi meminta maaf terkait rating game IGRS

Soalnya komdickgi isinya boomers kudet bisa kegocek meme timpa teks dan bahkan berita asli juga dapat surat cinta dari https://t.co/SVWMkjc5CO",sebagai seseorang yang pernah dikirim surat cinta x dari komdickgi tidak mungkin steam yang sudah punya jam terbang tinggi meminta maaf terkait rating game igrs soalnya komdickgi isinya boomers kudet bisa kegocek meme timpa teks dan bahkan berita asli juga dapat surat cinta dari,https://x.com/myshawti/status/2041371423080587351,2026-04-07 04:24:08,0,0.4279,0.013,0,0,0.0,1,1.0,22,0,0.72285944,0.36624968
0,984,C_noise_control,-1,0,ekawicaksana,"Mekanisme verifikasi berlapis? Seriusan? 

https://t.co/gIiuT4X9TA

Data yang disajikan dalam website IGRS aja sampah. Benerin dulu itu crawling enginenya.

Hasil investigasi akan diumumkan secara terbuka? Kita lihat saja. RCA pada kasus PDNS kemarin saja gak jelas. https://t.co/VmwirZqcbu",mekanisme verifikasi berlapis seriusan data yang disajikan dalam website igrs aja sampah benerin dulu itu crawling enginenya hasil investigasi akan diumumkan secara terbuka kita lihat saja rca pada kasus pdns kemarin saja tidak jelas,https://x.com/ekawicaksana/status/2041500489226015168,2026-04-07 12:57:00,0,0.3924,0.016,1,8,0.0,1,0.3333333333333333,28,0,0.6407768,0.323839
0,713,C_noise_control,-1,0,bananaefootball,"Jadi kesimpulannya: IGRS lagi jadi bahan meme nasional hari ini karena rating anehnya, dan eFootball kebagian “predikat balita-friendly”😅😅😅",jadi kesimpulannya igrs lagi jadi bahan meme nasional hari ini karena rating anehnya dan efootball kebagian predikat balita friendly,https://x.com/bananaefootball/status/2040798241214861671,2026-04-05 14:26:31,0,0.4705,0.0023,0,0,0.0,7,1.0,59,0,0.6567557,0.40135092
0,1204,C_noise_control,-1,0,hosjou,"Camkan IGRS, jangan ngasal ya, saya bergekut di dunia game development juga, tp juga mainin game² di luar sana, kalo sampe salah rating, gak cuma saya. Ini orang² di tanah air bakal turun tangan.",camkan igrs jangan ngasal ya saya bergekut di dunia game development juga tp juga mainin game di luar sana kalau sampe salah rating tidak cuma saya ini orang di tanah air bakal turun tangan,https://x.com/hosjou/status/2041345112744374303,2026-04-07 02:39:35,0,0.2524,0.0169,0,0,0.0,1,1.0,19,0,0.73652565,0.40988225
0,789,C_noise_control,-1,0,stristy_,"IGRS is that ""sounds like a great idea with the best of intentions, what could possibly go wrong?""

Rating system should act as a guide and give info to the consumer about the content and CAN'T block distributions

But even as a guide, it fails to do so... MISERABLY",igrs is that sounds like a great idea with the best of intentions what could possibly go wrong rating system should act as a guide and give info to the consumer about the content and can t block distributions but even as a guide it fails to do so miserably,https://x.com/stristy_/status/2040782335076098213,2026-04-05 13:23:19,0,0.405,0.0233,0,0,0.0,1,1.0,68,0,0.74200547,0.36443847
0,669,B_cluster_representative,1,0,dadarjiwoo,IGRS (Indonesia Gooners Rating System),igrs indonesia gooners rating system,https://x.com/dadarjiwoo/status/2040806971956453682,2026-04-05 15:01:13,0,0.7475,0.013,0,0,0.0,1,1.0,105,0,0.987266,0.3243154
0,109,C_noise_control,-1,0,riverbenderr,"@kurawa so, gimana proses pemberian rating dari IGRS? coba dibuka secara transparan apa indikator dari rating ini?",so bagaimana proses pemberian rating dari igrs coba dibuka secara transparan apa indikator dari rating ini,https://x.com/riverbenderr/status/2040923146417786909,2026-04-05 22:42:51,0,0.5137,0.008,1,0,0.0,1,1.0,49,0,0.7896892,0.329274
0,1161,C_noise_control,-1,0,kaitou_kicks,"@txtdrgame Tenang aja kak. Itu nnti akan dibenerin bla bla bla. Kita tunggu aja IGRS, bla bla bla

Barusan baca template buzzer kek, mata gua perih banget 🤯",tenang aja kak itu nnti akan dibenerin bla bla bla kita tunggu aja igrs bla bla bla barusan baca template buzzer kek mata saya perih banget,https://x.com/kaitou_kicks/status/2041376160114983175,2026-04-07 04:42:58,0,0.2364,0.0088,1,0,0.0,1,1.0,22,0,0.73203564,0.28513142
0,197,C_noise_control,-1,0,eepytome,igrs haters EA keknya,igrs haters ea keknya,https://x.com/eepytome/status/2040881315390853587,2026-04-05 19:56:37,0,0.6121,0.0015,0,0,0.0,1,1.0,25,0,0.5976577,0.1541404
1,512,A_high_confidence_coordinated,1,1,JancokAsu893230,"@RRDelusi Sedikit meluruskan ya, rating IGRS yang sekarang terlihat di Steam masih banyak yang sifatnya data awal dari self-declare, jadi belum final. Wajar kalau di fase awal masih ada yang perlu disesuaikan sambil sistemnya dirapikan bersama.",sedikit meluruskan ya rating igrs yang sekarang terlihat di steam masih banyak yang sifatnya data awal dari self declare jadi belum final wajar kalau di fase awal masih ada yang perlu disesuaikan sambil sistemnya dirapikan bersama,https://x.com/JancokAsu893230/status/2040824837040665066,2026-04-05 16:12:12,1,0.5635,0.0267,5,0,0.0,5,0.8333333333333334,116,1,0.9444276,0.41344514
0,1115,A_high_confidence_coordinated,1,1,orang_ngumpet,@patarnotstar IGRS. Indonesia Gooner Rating System,igrs indonesia gooner rating system,https://x.com/orang_ngumpet/status/2041406643062333943,2026-04-07 06:44:05,0,1.0,0.0127,1,0,0.0,1,0.5,17,0,1.0,0.3211511
0,797,C_noise_control,-1,0,keisukeiblue,"@deezfezaa Kata Igrs lewat akun ig nya sih itu sebenarnya belum rating pasti alias masi akan di revisi (karena di serang di semua platform sih)

DAN MALAH NYURUH STEAM YG MINTA MAAF, aneh,",kata igrs lewat akun ig nya sih itu sebenarnya belum rating pasti alias masi akan di revisi karena di serang di semua platform sih dan malah nyuruh steam yang minta maaf aneh,https://x.com/keisukeiblue/status/2040780221604053068,2026-04-05 13:14:55,0,0.2834,0.0115,1,0,0.0,1,1.0,68,0,0.7387991,0.43265414
0,880,C_noise_control,-1,0,allaamnaufal20,"Never put IGRS on Nintendo eShop, PlayStation Store, and Xbox Microsoft Store.
They're not ready yet.",never put igrs on nintendo eshop playstation store and xbox microsoft store they re not ready yet,https://x.com/allaamnaufal20/status/2040768319142445080,2026-04-05 12:27:37,0,0.4653,0.0067,0,0,0.0,1,1.0,67,0,0.6253656,0.19523266
0,673,C_noise_control,-1,0,SorajimaAnzu,"Yaaa kan soalnya IGRS itu cuma pengalihan isu buat nutupin kasus tersangka penyerangan aktivis pake air keras yg postingannya diblokir sama @kemkomdigi 

Dan keliatan efektif sekarang. 
banyak yg ketarik ke isu IGRS ini jadinya https://t.co/TYwjTVPkDd",yaaa kan soalnya igrs itu cuma pengalihan isu buat nutupin kasus tersangka penyerangan aktivis pake air keras yang postingannya diblokir sama dan keliatan efektif sekarang banyak yang ketarik ke isu igrs ini jadinya,https://x.com/SorajimaAnzu/status/2040806614077444365,2026-04-05 14:59:47,0,0.2832,0.0064,0,0,0.0,1,0.5,59,0,0.65981066,0.35395443
0,310,C_noise_control,-1,0,soulsinders,"Minta klarifikasi steam? Perlindungan konsumen? Kita orang pengennya dilindungi dari kedongoan igrs sih btw. Steam bukan anak kemaren sore. Ga perlu ngajarin ikan berenang. Yang ngaco kasih rating itu lu pada, anying.",minta klarifikasi steam perlindungan konsumen kita orang pengennya dilindungi dari kedongoan igrs sih btw steam bukan anak kemaren sore tidak perlu ngajarin ikan berenang yang ngaco kasih rating itu kamu pada anying,https://x.com/soulsinders/status/2040841079105470684,2026-04-05 17:16:44,0,0.3174,0.0216,0,0,0.0,1,1.0,74,0,0.76706344,0.31876767
0,281,B_cluster_representative,0,0,DViolett_,Ealah anj lah IGRS aja ada buzzernya,ealah anj lah igrs aja ada buzzernya,https://x.com/DViolett_/status/2040848244755017986,2026-04-05 17:45:13,0,0.5888,0.0022,0,0,0.0,2,1.0,74,0,0.9011446,0.30895
0,607,A_high_confidence_coordinated,0,1,Kyloren86166601,@BudiBukanIntel IGRS KONTOL,igrs kontol,https://x.com/Kyloren86166601/status/2040816880018235628,2026-04-05 15:40:35,0,1.0,0.007,1,0,0.0,1,1.0,105,0,1.0000002,0.3143916
0,1159,C_noise_control,-1,0,luctvie,"Dedek di balkon diliatin tetangga
https://t.co/5IHNCHndPe
https://t.co/F7eECPA2iu
https://t.co/ylafEVD5ol

Senin selasa igrs steam malam selasa",dedek di balkon diliatin tetangga senin selasa igrs steam malam selasa,https://x.com/luctvie/status/2041376838774337640,2026-04-07 04:45:39,0,0.8165,0.0014,0,0,0.0,1,0.5,22,0,0.60306287,0.17454118
0,749,B_cluster_representative,1,0,azkiiofifteen96,@LambeResing F1 25 rating IGRS 15+,f rating igrs,https://x.com/azkiiofifteen96/status/2040790937950093815,2026-04-05 13:57:30,0,0.0,0.0,1,0,0.0,1,1.0,68,0,0.82058287,0.29378575
0,1230,B_cluster_representative,4,0,dennyrd,@tanyakanrl Rating IGRS aja kaga bener,rating igrs aja kaga benar,https://x.com/dennyrd/status/2041329507391697100,2026-04-07 01:37:35,0,0.7528,0.0022,1,0,0.0,1,1.0,29,0,0.8226806,0.38030565
0,1075,C_noise_control,-1,0,clawhs02,"PG R E dll adalah aturan yang di terbitkan oleh FBI &amp; interpol dan sudah di dalam lulus ranting, sedangkan IGRS khusus Lock Regional Indonesia yang di terbitkan oleh @kemkomdigi, semua game game 18+ di bawah pengawasan FBI dan interpol..",pg r e dll adalah aturan yang di terbitkan oleh fbi interpol dan sudah di dalam lulus ranting sedangkan igrs khusus lock regional indonesia yang di terbitkan oleh semua game game di bawah pengawasan fbi dan interpol,https://x.com/clawhs02/status/2041442673182298193,2026-04-07 09:07:16,0,0.3362,0.0084,0,0,0.0,3,1.0,17,0,0.5238844,0.23432568
0,732,A_high_confidence_coordinated,0,1,xxmryyx,IGRS ini tolol,igrs ini tolol,https://x.com/xxmryyx/status/2040794434384900238,2026-04-05 14:11:23,0,1.0,0.0092,0,0,0.0,1,1.0,59,0,0.96901083,0.29011792
1,630,B_cluster_representative,1,0,alwiiihasan,"Biar makin paham duduk perkaranya, yuk simak dulu penjelasan resmi Kemkomdigi terkait aturan IGRS dan rating gim di Steam melalui tautan berikut. Baca selengkapnya sebelum lanjut berdiskusi ya: https://t.co/2MWr4LOoYW",biar makin paham duduk perkaranya yuk simak dulu penjelasan resmi kemkomdigi terkait aturan igrs dan rating game di steam melalui tautan berikut baca selengkapnya sebelum lanjut berdiskusi ya,https://x.com/alwiiihasan/status/2040815222617997530,2026-04-05 15:34:00,1,0.5799,0.0146,1,0,0.0,1,0.5,105,1,0.8543409,0.46185076
1,557,A_high_confidence_coordinated,1,1,AlinGibroez,"@kukuhya Perlu diingat, rating IGRS di Steam sekarang itu belum semuanya hasil verifikasi akhir, masih banyak yang data awal. Sistemnya juga baru jalan, jadi wajar kalau masih ada yang perlu dibenahi.",perlu diingat rating igrs di steam sekarang itu belum semuanya hasil verifikasi akhir masih banyak yang data awal sistemnya juga baru jalan jadi wajar kalau masih ada yang perlu dibenahi,https://x.com/AlinGibroez/status/2040822143051764043,2026-04-05 16:01:30,1,0.3659,0.0225,5,0,0.0,5,0.8333333333333334,116,1,0.8989959,0.41587287
0,1022,C_noise_control,-1,0,Indie_S_Orilly,"@onnowpurbo Pak,yang keberatan itu rakyat Indonesia, bukan platform Steamnya. 

Kalau Steam keberatan, dari awal kita ga bakalan sempat liat rating IGRS ini muncul di game2 yg dijual di platform mereka.

Sepertinya ada upaya manipulasi informasi dari Komdigi supaya bapak berkesimpulan salah. https://t.co/itkpwQ6Xun",pak yang keberatan itu rakyat indonesia bukan platform steamnya kalau steam keberatan dari awal kita tidak bakalan sempat liat rating igrs ini muncul di game yang dijual di platform mereka sepertinya ada upaya manipulasi informasi dari komdigi supaya bapak berkesimpulan salah,https://x.com/Indie_S_Orilly/status/2041481267779445174,2026-04-07 11:40:37,0,0.2772,0.0241,3,2,0.0,2,0.5,19,0,0.762656,0.454187
0,618,B_cluster_representative,0,0,kukuhya,Lewat mulu mostingan lu. Percuma paling lu kena IGRS 70+,lewat mulu mostingan kamu percuma paling kamu kena igrs,https://x.com/kukuhya/status/2040816093779177785,2026-04-05 15:37:27,0,0.4833,0.0053,0,28,0.0,1,1.0,105,0,0.8716657,0.31029692
0,583,C_noise_control,-1,0,KacangWalnut,Story Of season 18+ bjir. Memang mantap IGRS 👍 https://t.co/jHc0nZlkhF,story of season bjir memang mantap igrs,https://x.com/KacangWalnut/status/2040818834492551527,2026-04-05 15:48:21,0,0.7799,0.0048,0,0,0.0,1,1.0,105,0,0.61585724,0.18461908
1,366,B_cluster_representative,1,0,Bbiyaku,"Yuk kita simak penjelasan/siaran pers resmi tentang IGRS &amp; rating gim di Steam di link berikut 
https://t.co/udO8E2wrsE",yuk kita simak penjelasan siaran pers resmi tentang igrs rating game di steam di link berikut,https://x.com/Bbiyaku/status/2040834519906005405,2026-04-05 16:50:41,1,0.6551,0.0173,0,0,0.0,1,1.0,116,1,0.9652399,0.45790836
0,780,B_cluster_representative,0,0,riyoxreaper,"Udah ga bisa kerja, tolol, sekarang lempar tanggung jawab ke pihak STEAM yang jelas-jelas dari awal udah punya rating age sendiri sebelum akhirnya kacau karena IGRS. Kalian pikir kami ini setolol dan goblok kalian perihal beginian? Bubar mending lo pada gaguna. @kemkomdigi",sudah tidak bisa kerja tolol sekarang lempar tanggung jawab ke pihak steam yang jelas jelas dari awal sudah punya rating age sendiri sebelum akhirnya kacau karena igrs kalian pikir kami ini setolol dan goblok kalian perihal beginian bubar mending kamu pada gaguna,https://x.com/riyoxreaper/status/2040783071646269587,2026-04-05 13:26:14,0,0.3394,0.0143,0,0,0.0,1,1.0,68,0,0.8217305,0.398866
1,519,A_high_confidence_coordinated,1,1,Alvaro734877,"@RRDelusi Rating IGRS di Steam itu masih self-assessment (data awal), jadi belum hasil akhir. Sekarang lagi proses review dan penyesuaian secara bertahap supaya sesuai sama isinya. Mohon maklum kalau sekarang masih banyak yang belum tepat.",rating igrs di steam itu masih self assessment data awal jadi belum hasil akhir sekarang lagi proses review dan penyesuaian secara bertahap supaya sesuai sama isinya mohon maklum kalau sekarang masih banyak yang belum tepat,https://x.com/Alvaro734877/status/2040824717498806396,2026-04-05 16:11:43,1,0.4896,0.0251,4,0,0.0,4,1.0,116,1,0.8747734,0.339385
1,525,A_high_confidence_coordinated,1,1,Deewwiiiii,"@kukuhya Kalau lagi ngikutin isu IGRS &amp; rating gim di Steam, mungkin bisa lihat dulu rilis resminya sebagai bahan pertimbangan",kalau lagi ngikutin isu igrs rating game di steam mungkin bisa lihat dulu rilis resminya sebagai bahan pertimbangan,https://x.com/Deewwiiiii/status/2040824410890977324,2026-04-05 16:10:30,1,0.5108,0.0087,9,0,0.0,7,0.7,116,1,0.9251292,0.46994045
0,12,C_noise_control,-1,0,javafeedsss,@kurawa IGRS itu ibarat orang sok asik yang mau nimbrung di sebuah komunitas yang sudah bertahun-tahun bahagia di bubblenya sendiri. Komdigi nganggur banget ya sampai komunitas kecil kaya gamers perlu direcokin? Judol pak sama Pinjol noh pak merenggut banyak nyawa rakyat kita.,igrs itu ibarat orang sok asik yang mau nimbrung di sebuah komunitas yang sudah bertahun tahun bahagia di bubblenya sendiri komdigi nganggur banget ya sampai komunitas kecil seperti gamers perlu direcokin judol pak sama pinjol noh pak merenggut banyak nyawa rakyat kita,https://x.com/javafeedsss/status/2040941135695417531,2026-04-05 23:54:20,0,0.4021,0.0136,2,0,0.0,1,0.5,86,0,0.66462386,0.2934089
0,572,C_noise_control,-1,0,wekimiler,Yoi. IGRS baru permulaan,yoi igrs baru permulaan,https://x.com/wekimiler/status/2040820522129518991,2026-04-05 15:55:03,0,0.0,0.0,0,0,0.0,1,1.0,105,0,0.6903259,0.29224005
0,1003,C_noise_control,-1,0,esbique_,"@ezash Maksudnya kemarin itu lho bang, rating baru igrs ini membuat ada game yg jadi tidak bisa dibeli",maksudnya kemarin itu lho bang rating baru igrs ini membuat ada game yang jadi tidak bisa dibeli,https://x.com/esbique_/status/2041491339855208779,2026-04-07 12:20:39,0,0.3703,0.0131,1,0,0.0,1,1.0,28,0,0.784444,0.4062807
0,131,B_cluster_representative,1,0,AHROOMEE,"poin statement ini kalo dari logika gue kayak sistem cocoklogi—pihak game submit disclaimers secara mandiri di Steam, Steam implemented the IGRS rollout, rating IGRS secara otomatis dikenakan berdasarkan disclaimer apa masuknya ke rating apa. https://t.co/1wPEEX5Ry8",poin statement ini kalau dari logika saya seperti sistem cocoklogi pihak game submit disclaimers secara mandiri di steam steam implemented the igrs rollout rating igrs secara otomatis dikenakan berdasarkan disclaimer apa masuknya ke rating apa,https://x.com/AHROOMEE/status/2040918356145078558,2026-04-05 22:23:49,0,0.2801,0.0099,0,0,0.0,3,1.0,49,0,0.84774315,0.41543576
0,977,C_noise_control,-1,0,its_arleigh,@cozywithnicky Dia kira steam mau inisiatif sendiri nerapin IGRS 😭,dia kira steam mau inisiatif sendiri nerapin igrs,https://x.com/its_arleigh/status/2041502096370077951,2026-04-07 13:03:23,0,0.447,0.0008,1,0,0.0,1,1.0,27,0,0.72731423,0.22556281
0,285,C_noise_control,-1,0,groflokash,IGRS is a joke! they literally makan gaji buta ASU!!!,igrs is a joke they literally makan gaji buta asu,https://x.com/groflokash/status/2040847245067894805,2026-04-05 17:41:14,0,0.3969,0.0058,0,0,0.0,1,1.0,74,0,0.7857504,0.3363957
0,130,B_cluster_representative,1,0,AHROOMEE,"Jadi, antara pihak game ga jujur atau rating IGRS belum mengakomodasi kerumitan rating ini. Jadi jangan langsung nyalahin Steam kali.",jadi antara pihak game tidak jujur atau rating igrs belum mengakomodasi kerumitan rating ini jadi jangan langsung nyalahin steam kali,https://x.com/AHROOMEE/status/2040918420473155946,2026-04-05 22:24:04,0,0.3317,0.0238,0,0,0.0,3,1.0,49,0,0.8101078,0.40773717
1,543,A_high_confidence_coordinated,1,1,PutriRahma32820,"Ini penjelasan resmi terkait IGRS dan sistem rating gim di Steam, mungkin bisa dibaca dulu biar gambaran lebih utuh sebelum menilai :
https://t.co/9dD0sNzUdw",ini penjelasan resmi terkait igrs dan sistem rating game di steam mungkin bisa dibaca dulu biar gambaran lebih utuh sebelum menilai,https://x.com/PutriRahma32820/status/2040822737284083780,2026-04-05 16:03:51,1,0.5962,0.0158,5,0,0.0,5,0.8333333333333334,116,1,0.9510437,0.45645085
0,764,C_noise_control,-1,0,BerhakProtes,"JADWAL SIDANG TAHANAN POLITIK 6-7 April 2026!

Yang ngamuk karena ada ibu dilindes tentara, IGRS yang gak jelas, investigasi kasus Andrie Yunus disensor Instagram, keracunan MBG, dan banyak lagi kelakuan rezim dipersilakan menyalurkan amarah di ruang sidang tahanan politik! https://t.co/ubTNDdmRp6",jadwal sidang tahanan politik april yang ngamuk karena ada ibu dilindes tentara igrs yang tidak jelas investigasi kasus andrie yunus disensor instagram keracunan mbg dan banyak lagi kelakuan rezim dipersilakan menyalurkan amarah di ruang sidang tahanan politik,https://x.com/BerhakProtes/status/2040789280499622351,2026-04-05 13:50:55,0,0.3274,0.0093,0,0,0.0,1,1.0,68,0,0.52739805,0.20972341
1,416,B_cluster_representative,1,0,DinaPur468,"Berikut adalah pesannya:
Pahami dulu aturan IGRS dan rating gim di Steam lewat siaran pers resmi ini. Ada baiknya baca informasinya sampai tuntas sebelum berpendapat lebih jauh.
https://t.co/0WZENiHplO 
#IGRS #Steam #GameRating",berikut adalah pesannya pahami dulu aturan igrs dan rating game di steam lewat siaran pers resmi ini ada baiknya baca informasinya sampai tuntas sebelum berpendapat lebih jauh igrs steam gamerating,https://x.com/DinaPur468/status/2040830581450428585,2026-04-05 16:35:02,1,0.5282,0.0157,1,0,0.0,2,1.0,116,1,0.87445164,0.46205962
0,1073,C_noise_control,-1,0,mencaridaratan,"imo yaa tentang IGRS, platform steam ini semua game yang diributin itu rata-rata berbayar dan gak “murah”. buat akses gamenya juga harus pake pc atau laptop yang pastinya ga semurah dan semudah top up diamond. syarat tersebut sebenernya uda bisa jadi “filter”.",imo yaa tentang igrs platform steam ini semua game yang diributin itu rata rata berbayar dan tidak murah buat akses gamenya juga harus pake pc atau laptop yang pastinya tidak semurah dan semudah top up diamond syarat tersebut sebenernya uda bisa jadi filter,https://x.com/mencaridaratan/status/2041443906492243971,2026-04-07 09:12:10,0,0.3495,0.0176,0,0,0.0,2,1.0,17,0,0.7380425,0.33785877
1,401,A_high_confidence_coordinated,1,1,Dadangsutrisn0,@junwatu rating IGRS di Steam kayak nya masih data awal dan belum final jadi wajar saja kalo masih butuh proses penyesuaian biar ekosistem game lebih baik lg,rating igrs di steam seperti nya masih data awal dan belum final jadi wajar saja kalau masih butuh proses penyesuaian biar ekosistem game lebih baik lg,https://x.com/Dadangsutrisn0/status/2040831960101302684,2026-04-05 16:40:30,1,0.4847,0.0259,2,0,0.0,2,1.0,116,1,0.915678,0.42960647
1,506,A_high_confidence_coordinated,1,1,dvrtlngi,"@RRDelusi Sedikit meluruskan ya, yg muncul di Steam soal rating IGRS itu banyak yg masih tahap awal/self-declare dr developer, jd blm semuanya final. Tujuan utamanya buat perlindungan pemain muda &amp; penataan ekosistem game, jd wajar kalo di fase awal masih ada yg perlu disempurnakan bareng²",sedikit meluruskan ya yang muncul di steam soal rating igrs itu banyak yang masih tahap awal self declare dari developer jd belum semuanya final tujuan utamanya buat perlindungan pemain muda penataan ekosistem game jd wajar kalau di fase awal masih ada yang perlu disempurnakan bareng,https://x.com/dvrtlngi/status/2040825046198030725,2026-04-05 16:13:02,1,0.4964,0.0243,3,0,0.0,4,1.0,116,1,0.9334223,0.4506286
0,82,C_noise_control,-1,0,ValentinoJ15345,"@Gastra80099514 @kerissakti Masa kita s4nge sama mobil, kan aneh, sakit emang IGRS",masa kita s nge sama mobil kan aneh sakit emang igrs,https://x.com/ValentinoJ15345/status/2040929914996879583,2026-04-05 23:09:45,0,0.4223,0.0071,1,0,0.0,1,1.0,86,0,0.59477705,0.19766228
0,175,C_noise_control,-1,0,tekarok007,"Yah karena game itu juga kan aslinya bisa jadi alat propaganda seperti film juga.

Seperti game Concord yang ditarik karena terlalu banyak agenda ""Woke"" akhirnya ditolak user.

Nah kasus IGRS ini mengapa ditolak? Karena mereka ingin ratingnya ikut rating luar negri, bukan ikutan https://t.co/iYxr2ORpib",yah karena game itu juga kan aslinya bisa jadi alat propaganda seperti film juga seperti game concord yang ditarik karena terlalu banyak agenda woke akhirnya ditolak user nah kasus igrs ini mengapa ditolak karena mereka ingin ratingnya ikut rating luar negri bukan ikutan,https://x.com/tekarok007/status/2040901834660045259,2026-04-05 21:18:10,0,0.4895,0.0101,0,1,0.0,2,0.6666666666666666,29,0,0.7601621,0.41350472
1,551,A_high_confidence_coordinated,1,1,Adiety333,"@kukuhya Sekadar klarifikasi, rating IGRS di Steam sekarang masih banyak yang self-declare dan belum final. Wajar kalau belum rapi, ini masih tahap penyesuaian demi perlindungan pemain muda.",sekadar klarifikasi rating igrs di steam sekarang masih banyak yang self declare dan belum final wajar kalau belum rapi ini masih tahap penyesuaian demi perlindungan pemain muda,https://x.com/Adiety333/status/2040822329232785870,2026-04-05 16:02:14,1,0.624,0.0306,5,0,0.0,5,0.8333333333333334,116,1,0.9271908,0.4531123
0,34,C_noise_control,-1,0,meimeiajadeh,"block aja IGRS cuy, report",block aja igrs cuy report,https://x.com/meimeiajadeh/status/2040937302332260804,2026-04-05 23:39:06,0,0.5638,0.0015,0,0,0.0,2,1.0,86,0,0.5593008,0.20584457
1,405,A_high_confidence_coordinated,1,1,rahayu49384,"@rayrestufauzi Santai dulu guys, banyak rating IGRS di Steam masih data awal/self-declare, jadi belum final. Fokus ke niat baiknya, melindungi pemain muda dan ekosistem game. Wajar ada penyesuaian di fase awal, kita sama-sama belajar 😊.",santai dulu guys banyak rating igrs di steam masih data awal self declare jadi belum final fokus ke niat baiknya melindungi pemain muda dan ekosistem game wajar ada penyesuaian di fase awal kita sama sama belajar,https://x.com/rahayu49384/status/2040831543569174658,2026-04-05 16:38:51,1,0.6666,0.0289,5,0,0.0,6,1.0,116,1,0.95316935,0.4609433
0,827,A_high_confidence_coordinated,0,1,_ZyZ_Z,Ini IGRS tolol bener,ini igrs tolol benar,https://x.com/_ZyZ_Z/status/2040775971213857017,2026-04-05 12:58:01,0,1.0,0.0092,0,0,0.0,1,1.0,67,0,0.9550136,0.2878627
1,443,A_high_confidence_coordinated,1,1,Alizazaina94321,"@cryofantasia Dari sudut pandang pengguna, sistem rating IGRS di Steam saat ini belum terlalu mudah dipahami. Wajar kalau muncul pertanyaan. Semoga ke depan ada komunikasi yang lebih jelas soal standar penilaiannya.",dari sudut pandang pengguna sistem rating igrs di steam saat ini belum terlalu mudah dipahami wajar kalau muncul pertanyaan semoga ke depan ada komunikasi yang lebih jelas soal standar penilaiannya,https://x.com/Alizazaina94321/status/2040829457938907596,2026-04-05 16:30:34,1,0.3291,0.013,5,0,0.0,6,1.0,116,1,0.8852247,0.43457225
1,63,B_cluster_representative,1,0,erwinhbr9us,buat yang ngikutin IGRS &amp; rating gim di Steam ada link referensi supaya infonya lebih lengkap https://t.co/AJsvX6cioJ,buat yang ngikutin igrs rating game di steam ada link referensi supaya infonya lebih lengkap,https://x.com/erwinhbr9us/status/2040932228344295700,2026-04-05 23:18:56,1,0.3866,0.0062,0,0,0.0,1,1.0,86,1,0.9195069,0.39548904
1,473,A_high_confidence_coordinated,1,1,JancokAsu893230,"@kerissakti Jujur tampilan rating IGRS di Steam saat ini memang masih cukup membingungkan buat banyak orang. Tapi kalau memang masih masa penyesuaian, mungkin yang paling penting sekarang adalah update penjelasan yang rutin dan transparansi soal kriterianya.",jujur tampilan rating igrs di steam saat ini memang masih cukup membingungkan buat banyak orang tapi kalau memang masih masa penyesuaian mungkin yang paling penting sekarang adalah update penjelasan yang rutin dan transparansi soal kriterianya,https://x.com/JancokAsu893230/status/2040827988313510317,2026-04-05 16:24:43,1,1.0,0.0153,5,0,0.0,5,0.8333333333333334,116,1,0.9999999,0.43088037
0,676,B_cluster_representative,0,0,allatonve,apcb igrs najisnyaaa,apcb igrs najisnyaaa,https://x.com/allatonve/status/2040806181086900250,2026-04-05 14:58:04,0,0.0,0.0,0,0,0.0,1,1.0,59,0,0.84817356,0.3261423
1,1220,A_high_confidence_coordinated,1,1,15sketsa,Someone said IGRS stand for Indonesia Gooning Rating System ☠️,someone said igrs stand for indonesia gooning rating system,https://x.com/15sketsa/status/2041335312908239133,2026-04-07 02:00:39,1,0.8293,0.0124,0,0,0.0,1,1.0,19,1,0.91293764,0.30707598
1,422,B_cluster_representative,1,0,rinimaulida008,"@kukuhya Sedikit meluruskan ya, rating IGRS yang muncul di Steam itu banyak yang masih tahap awal/self declare dari developer, jadi belum final sepenuhnya. Wajar kalau sekarang masih ada yang terasa kurang pas, karena memang lagi proses penyesuaian.",sedikit meluruskan ya rating igrs yang muncul di steam itu banyak yang masih tahap awal self declare dari developer jadi belum final sepenuhnya wajar kalau sekarang masih ada yang terasa kurang pas karena memang lagi proses penyesuaian,https://x.com/rinimaulida008/status/2040830175815065683,2026-04-05 16:33:25,1,0.6822,0.0288,1,0,0.0,2,1.0,116,1,0.970326,0.4037575
0,668,A_high_confidence_coordinated,1,1,OpiniRakyatID,"@Uzzzzz222 Anying game pekob aj dikasi rating 3+
IGRS ini Indonesia Gooner Rating System kh? Ngajarin anak2 hal2 caboel sedjak dini kh?",anying game pekob aj dikasi rating igrs ini indonesia gooner rating system kh ngajarin anak hal caboel sedjak dini kh,https://x.com/OpiniRakyatID/status/2040806980428919155,2026-04-05 15:01:15,0,0.7555,0.0135,2,0,0.0,1,0.5,105,0,0.8430619,0.32042748
0,255,A_high_confidence_coordinated,1,1,bmawjy,"@WisnuKumoro Kemungkinan besar susunan tim IGRS tidak ada satu pun yang benar-benar kompeten di bidang rating game. 

Hasilnya ya sesuai ekspektasi sistem prematur, implementasi berantakan, dan malah jadi bahan olok-olok publik.",kemungkinan besar susunan tim igrs tidak ada satu pun yang benar benar kompeten di bidang rating game hasilnya ya sesuai ekspektasi sistem prematur implementasi berantakan dan malah jadi bahan olok olok publik,https://x.com/bmawjy/status/2040856117258146222,2026-04-05 18:16:30,0,0.2747,0.015,2,0,0.0,2,1.0,34,0,0.83077323,0.43715978
1,389,A_high_confidence_coordinated,1,1,noviarguna72100,"@mog_mediaa IGRS di Steam sekarang banyak yang masih data awal/selfdeclare dan belum final, atau mengingatkan bahwa niat utamanya adalah melindungi pemain muda dan menata ekosistem game, sehingga wajar kalau di fase awal masih ada hal yang perlu disesuaikan dan diperjelas bersama.",igrs di steam sekarang banyak yang masih data awal self declare dan belum final atau mengingatkan bahwa niat utamanya adalah melindungi pemain muda dan menata ekosistem game sehingga wajar kalau di fase awal masih ada hal yang perlu disesuaikan dan diperjelas bersama,https://x.com/noviarguna72100/status/2040832370098704523,2026-04-05 16:42:08,1,1.0,0.0277,7,0,0.0,6,0.6666666666666666,116,1,0.9978963,0.40945697
1,363,A_high_confidence_coordinated,1,1,Bagus_Media7,"Agar diskursus mengenai klasifikasi gim lebih berimbang, silakan simak siaran pers resmi terkait IGRS dan kebijakan rating di Steam melalui tautan ini. Yuk, baca dulu detailnya: 
https://t.co/BzxWABh2of
#IGRS #SteamRating #IndustriGim",agar diskursus mengenai klasifikasi game lebih berimbang silakan simak siaran pers resmi terkait igrs dan kebijakan rating di steam melalui tautan ini yuk baca dulu detailnya igrs steamrating industrigim,https://x.com/Bagus_Media7/status/2040834717029896600,2026-04-05 16:51:28,1,1.0,0.0154,1,0,0.0,2,1.0,116,1,0.9868238,0.41771272
0,830,A_high_confidence_coordinated,0,1,AkuilaOpo,@UGM_FESS @LaksitoLintung IGRS Gnya gooner,igrs gnya gooner,https://x.com/AkuilaOpo/status/2040775449383715020,2026-04-05 12:55:57,0,1.0,0.0035,1,0,0.0,1,1.0,67,0,0.93901145,0.36270097
0,584,A_high_confidence_coordinated,0,1,Sunoo_dFox,"@uknonjones @kemkomdigi woi tolol, malu woii gabisa kerja jadinya dinyinyir kan, hapus ajalah tu IGRS tolol",woi tolol malu woii gabisa kerja jadinya dinyinyir kan hapus ajalah itu igrs tolol,https://x.com/Sunoo_dFox/status/2040818816930996322,2026-04-05 15:48:17,0,0.5733,0.0104,2,0,0.0,3,1.0,105,0,0.84948397,0.31716645
1,402,B_cluster_representative,1,0,DinaPur468,"@cryofantasia Saran saya dina purnamasari Jujur memang tampilan rating IGRS di Steam ini membingungkan. Tapi, sistem baru butuh waktu penyesuaian. Semoga transparansi kriteria dan edukasi rutin terus ditingkatkan demi perbaikan yang berkelanjutan ya",saran saya dina purnamasari jujur memang tampilan rating igrs di steam ini membingungkan tapi sistem baru butuh waktu penyesuaian semoga transparansi kriteria dan edukasi rutin terus ditingkatkan demi perbaikan yang berkelanjutan ya,https://x.com/DinaPur468/status/2040831784104182017,2026-04-05 16:39:48,1,0.6324,0.0107,1,0,0.0,2,1.0,116,1,0.86802804,0.37820122
0,1144,C_noise_control,-1,0,bebasdotid,"Dear ibu menteri @meutya_hafid dan jajaran @kemkomdigi,

IGRS dan kebijakan Komdigi hadir dengan tujuan perlindungan. Tapi pertanyaannya, sejauh mana negara boleh mengatur pilihan individu? https://t.co/bt4PuTMrSt",dear ibu menteri dan jajaran igrs dan kebijakan komdigi hadir dengan tujuan perlindungan tapi pertanyaannya sejauh mana negara boleh mengatur pilihan individu,https://x.com/bebasdotid/status/2041384214181154834,2026-04-07 05:14:58,0,0.2562,0.0104,0,0,0.0,1,1.0,20,0,0.615358,0.20612645
0,995,C_noise_control,-1,0,fraviato,"@onnowpurbo Tapi lebih baik coba dengar pendapat dari temen2 developer game lokal juga pak, biar ada 2 sisi soal IGRS ini 🙏",tapi lebih baik coba dengar pendapat dari temen developer game lokal juga pak biar ada sisi soal igrs ini,https://x.com/fraviato/status/2041492654782067004,2026-04-07 12:25:52,0,0.2257,0.0087,2,1,4.016064257028112e-05,1,0.5,28,0,0.7361909,0.403053
0,688,B_cluster_representative,0,0,kenarpramodana,Rame IGRS nich,rame igrs nich,https://x.com/kenarpramodana/status/2040803082267934894,2026-04-05 14:45:45,0,0.6158,0.0044,0,0,0.0,1,1.0,59,0,0.8802484,0.24674124
0,776,C_noise_control,-1,0,mas_panas70450,"wah rame nih IGRS.
 
Rating2 aneh GTA V RC ( ga bisa di mainin ) &amp; GTA San andreas 3+

Kebanyakan gatekeep, gw sih jadi publisher males masuk Indonesia.

Seperti trading export/ import juga di batasin.
Makanya google pixel males masuk ke sini.

Ya ga tahu , kedepannya gimana !
🤡",wah rame ini igrs rating aneh gta v rc tidak bisa di mainin gta san andreas kebanyakan gatekeep saya sih jadi publisher males masuk indonesia seperti trading export import juga di batasin makanya google pixel males masuk ke sini ya tidak tahu kedepannya bagaimana,https://x.com/mas_panas70450/status/2040783322914447767,2026-04-05 13:27:14,0,0.338,0.0194,0,0,0.0,1,1.0,68,0,0.6989677,0.3399101
1,486,A_high_confidence_coordinated,1,1,Ranti130920,"Teman teman yang ngikutin rame IGRS &amp; rating gim di Steam, penjelasan resminya ada di sini, boleh jadi bahan baca dulu, linknya yang udh saya sematkan diatas ya☝️",teman teman yang ngikutin rame igrs rating game di steam penjelasan resminya ada di sini boleh jadi bahan baca dulu linknya yang sudah saya sematkan diatas ya,https://x.com/Ranti130920/status/2040827123288662525,2026-04-05 16:21:17,1,0.8088,0.0096,3,0,0.0,3,0.75,116,1,0.93017316,0.47741002
1,423,A_high_confidence_coordinated,1,1,MRidhonew16179,"@rayrestufauzi Sedikit meluruskan, rating IGRS yang tampil di Steam saat ini banyak yang masih data awal/self-declare dan belum final, jadi wajar kalau masih ada yang disesuaikan sambil tetap fokus melindungi pemain muda.",sedikit meluruskan rating igrs yang tampil di steam saat ini banyak yang masih data awal self declare dan belum final jadi wajar kalau masih ada yang disesuaikan sambil tetap fokus melindungi pemain muda,https://x.com/MRidhonew16179/status/2040830120458588227,2026-04-05 16:33:12,1,0.6536,0.0307,4,0,0.0,4,0.8,116,1,0.9730226,0.44810805
1,206,B_cluster_representative,1,0,delik_store,"Buat yang ngikutin ramenya IGRS &amp; rating gim di Steam, sebelum berdebat baiknya baca penjelasan resminya dulu ya..
https://t.co/NPrgHwDRAw",buat yang ngikutin ramenya igrs rating game di steam sebelum berdebat baiknya baca penjelasan resminya dulu ya,https://x.com/delik_store/status/2040873434775965871,2026-04-05 19:25:19,1,0.4159,0.0109,0,0,0.0,1,1.0,25,1,0.90917313,0.51997256
0,1158,C_noise_control,-1,0,ianalvan95,"@ekawicaksana ""Komdigi klaim bahwa mereka sudah meminta maaf kepada pihak Steam terkait bermasalahnya IGRS.""

ini judul yg bener nya ☝🏻",komdigi klaim bahwa mereka sudah meminta maaf kepada pihak steam terkait bermasalahnya igrs ini judul yang benar nya,https://x.com/ianalvan95/status/2041377279146971440,2026-04-07 04:47:24,0,0.4357,0.0123,1,0,0.0,1,1.0,22,0,0.7842527,0.27245653
1,260,B_cluster_representative,1,0,Nisarahman2327,"""IGRS dan rating gim di Steam sedang jadi topik hangat! 🌟 Cek dulu penjelasan resmi di sini sebelum kita bahas lebih lanjut: 
https://t.co/8CV667dBth",igrs dan rating game di steam sedang jadi topik hangat cek dulu penjelasan resmi di sini sebelum kita bahas lebih lanjut,https://x.com/Nisarahman2327/status/2040852722501759358,2026-04-05 18:03:00,1,0.6626,0.017,1,0,0.0,2,0.6666666666666666,34,1,0.9646963,0.47582042
0,1100,C_noise_control,-1,0,langitsenayan,"IGRS = Ini Gua Rating Sendiri

#Meme #Steam #IGRS #indonesiagameratingsystem #GTASA https://t.co/3T1JsaqwGC",igrs ini saya rating sendiri meme steam igrs indonesiagameratingsystem gtasa,https://x.com/langitsenayan/status/2041418195769360720,2026-04-07 07:30:00,0,0.4705,0.0007,0,0,0.0,1,1.0,18,0,0.7759237,0.38647172
0,1107,A_high_confidence_coordinated,1,1,orang_ngumpet,IGRS. Indonesia Gooner Rating System,igrs indonesia gooner rating system,https://x.com/orang_ngumpet/status/2041412995419688970,2026-04-07 07:09:20,0,1.0,0.0127,1,0,0.0,1,0.5,18,0,1.0,0.3211511
0,403,C_noise_control,-1,0,RioCvn,"@KariSharl Ternyata benar gamenya cocok buat anak 3 tahun ke atas, IGRS ga salah",ternyata benar gamenya cocok buat anak tahun ke atas igrs tidak salah,https://x.com/RioCvn/status/2040831776340561966,2026-04-05 16:39:46,0,0.406,0.0189,1,0,0.0,1,1.0,116,0,0.78680825,0.34668177
0,1043,C_noise_control,-1,0,pradeepk204,Dear Team- no one is listening in your sub divisional office. I have raised IGRS complaints also. Please resolve this incorrect billing issue. @UPPCLLKO @PuVVNLHQ,dear team no one is listening in your sub divisional office i have raised igrs complaints also please resolve this incorrect billing issue,https://x.com/pradeepk204/status/2041463787770007871,2026-04-07 10:31:10,0,0.3209,0.0088,0,0,0.0,1,1.0,16,0,0.50222313,0.14624855
1,398,A_high_confidence_coordinated,1,1,PutriRahma32820,"@mog_mediaa Perlu diingat, sistem rating IGRS di Steam ini masih tahap penyesuaian dan sebagian datanya belum final, jadi lebih baik dipahami dulu konteksnya karena tujuannya memang untuk menata ekosistem game dan menjaga pemain usia muda.",perlu diingat sistem rating igrs di steam ini masih tahap penyesuaian dan sebagian datanya belum final jadi lebih baik dipahami dulu konteksnya karena tujuannya memang untuk menata ekosistem game dan menjaga pemain usia muda,https://x.com/PutriRahma32820/status/2040832050870255917,2026-04-05 16:40:52,1,0.4163,0.0248,5,0,0.0,5,0.8333333333333334,116,1,0.9025804,0.43825355
0,1020,C_noise_control,-1,0,phoquebylife,"Indonesia keknya masih blom butuh sistem game rating semacam igrs deh, rawan korupsi soalnya. Mending urusin judol ato ga pemerataan internet ke pelosok",indonesia keknya masih blom butuh sistem game rating semacam igrs deh rawan korupsi soalnya mending urusin judol ato tidak pemerataan internet ke pelosok,https://x.com/phoquebylife/status/2041482849547858426,2026-04-07 11:46:54,0,0.3652,0.0249,0,0,0.0,1,1.0,19,0,0.78022575,0.40622225
0,647,C_noise_control,-1,0,NovendraKesuma,"@AMAZlNGNATURE with new game rating (IGRS) from Indonesia government, there's no 'okay' situations",with new game rating igrs from indonesia government there s no okay situations,https://x.com/NovendraKesuma/status/2040813142155092366,2026-04-05 15:25:44,0,0.2139,0.0082,1,0,0.0,1,1.0,105,0,0.6958635,0.347602
0,155,B_cluster_representative,0,0,Xhareza,"W Gaben🥰
L IGRS🤬",w gaben l igrs,https://x.com/Xhareza/status/2040910974975365198,2026-04-05 21:54:29,0,0.5603,0.0026,0,0,0.0,1,1.0,29,0,0.9024346,0.33033288
0,695,C_noise_control,-1,0,myouiminskuy,wkwk klo gw jdi rockstar suruh blur gta 6 buat sistem igrs mah mending gw skip market indo..,wkwk kalau saya jdi rockstar suruh blur gta buat sistem igrs mah mending saya skip market indo,https://x.com/myouiminskuy/status/2040801699980591451,2026-04-05 14:40:16,0,0.3633,0.0105,0,0,0.0,1,1.0,59,0,0.51634777,0.22848542
0,55,B_cluster_representative,1,0,marcenalius,"@kurawa enak juga ye jadi buzzer ga berakal tetep digaji. steam bukan barang baru ya tolol, dari dulu rating steam ga ada masalah cuman gara-gara igrs muncul barulah kacau begini coba logika nya dipake sekali-kali",enak juga ye jadi buzzer tidak berakal tetep digaji steam bukan barang baru ya tolol dari dulu rating steam tidak ada masalah cuman gara gara igrs muncul barulah kacau begini coba logika nya dipake sekali kali,https://x.com/marcenalius/status/2040933231877587260,2026-04-05 23:22:55,0,0.4775,0.0235,1,0,0.0,1,1.0,86,0,0.8437987,0.38812068
0,134,C_noise_control,-1,0,SevensRoad77,@emyr_za1 IGRS kebijakan yg nggak salah tp penilaian terhadap gamenya harus ditinjau ulang,igrs kebijakan yang tidak salah tp penilaian terhadap gamenya harus ditinjau ulang,https://x.com/SevensRoad77/status/2040918062908752028,2026-04-05 22:22:39,0,0.406,0.017,1,0,0.0,1,1.0,49,0,0.6220097,0.3210789
1,458,C_noise_control,-1,0,ayoitsmoy,"@junwatu Perlu diingat juga, tujuan utama IGRS ini untuk melindungi pemain muda dan menata ekosistem game supaya lebih sehat. Jadi proses awal spt ini memang butuh waktu untuk penyempurnaan😀",perlu diingat juga tujuan utama igrs ini untuk melindungi pemain muda dan menata ekosistem game supaya lebih sehat jadi proses awal spt ini memang butuh waktu untuk penyempurnaan,https://x.com/ayoitsmoy/status/2040828421652332625,2026-04-05 16:26:27,1,0.4542,0.0132,3,0,0.0,3,0.75,116,1,0.8160366,0.3273208
1,205,B_cluster_representative,1,0,nonmicin_,"@kerissakti berarti yg udah isi secara mandiri di Steam harusnya udh otomatis dapet rating yg sesuai IGRS kan bang?
tapi kenapa yg katanya game2 yg kategorinya ""salah"" kok bisa di nilai duluan?
udah gitu nyalahin Steam lagi.
Prioritas mereka dimana? ABS kah?",berarti yang sudah isi secara mandiri di steam harusnya sudah otomatis dapet rating yang sesuai igrs kan bang tapi mengapa yang katanya game yang kategorinya salah kok bisa di nilai duluan sudah gitu nyalahin steam lagi prioritas mereka dimana abs kah,https://x.com/nonmicin_/status/2040873740213645455,2026-04-05 19:26:31,1,0.2801,0.0128,1,0,0.0,1,1.0,25,1,0.85538673,0.42627785
0,43,B_cluster_representative,1,0,WitheredShulker,"""STEAM MELAKUKAN RATING PALSU""???

IGRS lu noh game hentai rating +3",steam melakukan rating palsu igrs kamu noh game hentai rating,https://x.com/WitheredShulker/status/2040935924423594429,2026-04-05 23:33:37,0,0.4754,0.0044,0,0,0.0,1,1.0,86,0,0.9043406,0.43616968
1,136,A_high_confidence_coordinated,1,1,NganjukSun23590,"@rayrestufauzi Rating IGRS yang muncul di Steam sekarang banyak yang masih tahap awal(self-declare dari developer) jadi belum final,masih bisa berubah setelah proses verifikasi lebih lanjut.Tujuannya buat melindungi pemain muda dan menata ekosistem game di Indonesia supaya lebih jelas dan sehat",rating igrs yang muncul di steam sekarang banyak yang masih tahap awal self declare dari developer jadi belum final masih bisa berubah setelah proses verifikasi lebih lanjut tujuannya buat melindungi pemain muda dan menata ekosistem game di indonesia supaya lebih jelas dan sehat,https://x.com/NganjukSun23590/status/2040917787506561414,2026-04-05 22:21:33,1,0.6153,0.0312,4,0,0.0,4,0.8,49,1,0.9064754,0.4334221
0,21,B_cluster_representative,0,0,melonacake,sumpah GAJEEE BGT APASIH IGRS?????,sumpah gajeee banget apasih igrs,https://x.com/melonacake/status/2040939642082713697,2026-04-05 23:48:24,0,0.6679,0.0017,0,0,0.0,1,1.0,86,0,0.84865034,0.29539093
0,1171,C_noise_control,-1,0,whereisnono,"Indonesia tu bagus kalo bikin konsep, tapi penerapannya selaluuu jelek. IGRS contohnya, MBG jg sih haha",indonesia itu bagus kalau bikin konsep tapi penerapannya selaluuu jelek igrs contohnya mbg jg sih haha,https://x.com/whereisnono/status/2041367911068262759,2026-04-07 04:10:11,0,0.3661,0.0118,0,0,0.0,1,1.0,22,0,0.7153058,0.3056796
0,1097,C_noise_control,-1,0,rezatri07,"@luckyn00bs @kerissakti Mungkin ini memang sesuai uu buat tambahan negara. Kalo game tidak punya igrs gak bisa beredar di indonesia, dan bikin igrs dipungut biaya. Ntahlah kalo film lembaga sensor itu bayar atau gak. Dan pegi ini apakah bayar coba para developer bisa kasih insight ttg rating lbh dlm.",mungkin ini memang sesuai uu buat tambahan negara kalau game tidak punya igrs tidak bisa beredar di indonesia dan bikin igrs dipungut biaya ntahlah kalau film lembaga sensor itu bayar atau tidak dan pegi ini apakah bayar coba para developer bisa kasih insight ttg rating lbh dlm,https://x.com/rezatri07/status/2041419532347347220,2026-04-07 07:35:18,0,0.2783,0.0247,1,0,0.0,1,1.0,18,0,0.8145556,0.33973208
0,843,C_noise_control,-1,0,Gif_Said,"IGRS is so stupid, like ESRB is a thing.  Kalo lu mau kerja @komdigi, mening lu edukasi tu para ortu yg gaptek soal ESRB ini, lewat iklan, postingan, berita, or something... Use the media for ur gain, like u always do. Dan itu JAUH lebih gampang daripada ngerating game satu-satu.",igrs is so stupid like esrb is a thing kalau kamu mau kerja mening kamu edukasi itu para ortu yang gaptek soal esrb ini lewat iklan postingan berita or something use the media for ur gain like u always do dan itu jauh lebih gampang daripada ngerating game satu satu,https://x.com/Gif_Said/status/2040774270759113014,2026-04-05 12:51:16,0,0.3336,0.0145,0,0,0.0,1,0.5,67,0,0.7611327,0.40714967
1,495,A_high_confidence_coordinated,1,1,Alizazaina94321,"Sedang ramai dibahas soal IGRS dan sistem rating gim di Steam. Ada penjelasan resmi yang bisa dibaca dulu supaya informasinya lebih lengkap: 
https://t.co/7Yp6142gOJ",sedang ramai dibahas soal igrs dan sistem rating game di steam ada penjelasan resmi yang bisa dibaca dulu supaya informasinya lebih lengkap,https://x.com/Alizazaina94321/status/2040826341390794987,2026-04-05 16:18:11,1,0.4057,0.0152,5,0,0.0,6,1.0,116,1,0.9388064,0.43933907
0,836,B_cluster_representative,5,0,hakeruuu,Lempar tanggung jawabnya ke steam? dari awal ngapain lo bikin IGRS? oh iya biar keliatan kerja gitu ya,lempar tanggung jawabnya ke steam dari awal ngapain kamu bikin igrs oh iya biar keliatan kerja gitu ya,https://x.com/hakeruuu/status/2040775031450636606,2026-04-05 12:54:17,0,0.5763,0.0114,0,0,0.0,1,1.0,67,0,0.84944344,0.33783293
0,571,C_noise_control,-1,0,ianrswld,"@mhuseinali IGRS ini sebenarnya sudah bagus sebagai labelling biar kalo ada kasus bocil bikin onar dan  ada narasi ""terinspirasi dari game"", ga akan asal bisa blokir game karena memang bocilnya yang salah (main game tidak sesuai usianya). tapi ini masalahnya rating sistemnya aje udah nguawur",igrs ini sebenarnya sudah bagus sebagai labelling biar kalau ada kasus bocil bikin onar dan ada narasi terinspirasi dari game tidak akan asal bisa blokir game karena memang bocilnya yang salah main game tidak sesuai usianya tapi ini masalahnya rating sistemnya aje sudah nguawur,https://x.com/ianrswld/status/2040820797997203750,2026-04-05 15:56:09,0,0.2707,0.0258,1,0,0.0,1,0.5,105,0,0.76730025,0.41192442
0,322,C_noise_control,-1,0,Ranti130920,"@ezash Aku juga ngerti poin politik tapi ya biasa az menurut ku,  karena  rating  IGRS perlu dibikin makin jelas dan rapi.",aku juga ngerti poin politik tapi ya biasa az menurut ku karena rating igrs perlu dibikin makin jelas dan rapi,https://x.com/Ranti130920/status/2040839681324257423,2026-04-05 17:11:11,0,0.6534,0.0052,3,0,0.0,3,0.75,74,0,0.87617135,0.34606412
0,1227,C_noise_control,-1,0,kerissakti,"@badakmeledak_ Teman2, saya hanya ingin mengingatkan

Mari fokus kritisi konteks kebijakannya, jangan pribadi personilnya.

Kasihan orang2 teknis IGRS yg ditugaskan, karena tidak sepenuhnya direction itu di tangan mereka.

Jangan serang2 personil apalagi sampai ngulik2 pribadi orang ya.",teman saya hanya ingin mengingatkan mari fokus kritisi konteks kebijakannya jangan pribadi personilnya kasihan orang teknis igrs yang ditugaskan karena tidak sepenuhnya direction itu di tangan mereka jangan serang personil apalagi sampai ngulik pribadi orang ya,https://x.com/kerissakti/status/2041331507546264017,2026-04-07 01:45:32,0,1.0,0.0153,2,24,0.0001606425702811245,2,0.6666666666666666,29,0,0.99999976,0.22779432
1,119,B_cluster_representative,1,0,etisulastr17672,"Jangan sampai salah informasi ini link resmisoal IGRS &amp; rating gim di Steam, https://t.co/Tmr6tL02hh",jangan sampai salah informasi ini link resmisoal igrs rating game di steam,https://x.com/etisulastr17672/status/2040920805895491812,2026-04-05 22:33:33,1,0.4181,0.0121,0,0,0.0,1,1.0,49,1,0.8919585,0.42776796
0,1045,C_noise_control,-1,0,sutaduatiga,"@zanatul_91 MBG jadi tai
Kopmer jadi gedung kosong
IGRS jadi bikin malu",mbg jadi tai kopmer jadi gedung kosong igrs jadi bikin malu,https://x.com/sutaduatiga/status/2041463083978420440,2026-04-07 10:28:22,0,0.4175,0.0088,1,0,0.0,1,0.5,16,0,0.5893816,0.2000559
0,855,A_high_confidence_coordinated,0,1,DokutahLianSyah,"IGRS KONTOL
KOMDIGI MEMEK",igrs kontol komdigi memek,https://x.com/DokutahLianSyah/status/2040772159480775069,2026-04-05 12:42:53,0,0.8302,0.0128,2,0,0.0,2,0.4,67,0,0.8802897,0.3620657
1,489,A_high_confidence_coordinated,1,1,AlinGibroez,"@kerissakti Sedikit meluruskan ya, rating IGRS yang tampil di Steam itu banyak yang masih tahap awal/self declare dari developer, jadi belum final. Memang lagi proses penyesuaian, wajar kalau masih ada yang belum pas.",sedikit meluruskan ya rating igrs yang tampil di steam itu banyak yang masih tahap awal self declare dari developer jadi belum final memang lagi proses penyesuaian wajar kalau masih ada yang belum pas,https://x.com/AlinGibroez/status/2040827031349538861,2026-04-05 16:20:55,1,1.0,0.0284,5,0,0.0,5,0.8333333333333334,116,1,1.0,0.4121436
1,111,B_cluster_representative,1,0,yolaisabella,Siaran pers resmi mengenai sistem rating game dan IGRS di Steam. Silakan cek informasinya terlebih dahulu sebelum berpendapat lebih lanjut https://t.co/avHZxWMiga,siaran pers resmi mengenai sistem rating game dan igrs di steam silakan cek informasinya terlebih dahulu sebelum berpendapat lebih lanjut,https://x.com/yolaisabella/status/2040922534414295491,2026-04-05 22:40:25,1,0.5668,0.0177,0,0,0.0,1,1.0,49,1,0.9282067,0.41844037
0,196,B_cluster_representative,1,0,shimoneta1601,@kurawa Steam salah? SISTEM RATING IGRS MU DLU YG KUDU DIBENERIN!!,steam salah sistem rating igrs mu dlu yang kudu dibenerin,https://x.com/shimoneta1601/status/2040881360588730616,2026-04-05 19:56:48,0,0.3283,0.0101,1,0,0.0,1,1.0,25,0,0.84979534,0.44123536
1,437,A_high_confidence_coordinated,1,1,dh74169970,"@rayrestufauzi Bantu luruskan ya, rating IGRS di Steam itu kebanyakan masih data awal atau self-declare yang belum final, jadi wajar kalau masih ada penyesuaian di fase awal ini demi niat baik menata ekosistem game dan melindungi pemain muda kita.",bantu luruskan ya rating igrs di steam itu kebanyakan masih data awal atau self declare yang belum final jadi wajar kalau masih ada penyesuaian di fase awal ini demi niat baik menata ekosistem game dan melindungi pemain muda kita,https://x.com/dh74169970/status/2040829710268338595,2026-04-05 16:31:34,1,0.6276,0.0326,3,0,0.0,3,1.0,116,1,0.95316935,0.4305188
0,426,C_noise_control,-1,0,CakraKjaerbye,Tenggorokkan lagi sakit dan ngeliat KOMDONGO ngelempar tanggung jawab IGRS ke Steam. https://t.co/vJ5vYpNHgR,tenggorokkan lagi sakit dan ngeliat komdongo ngelempar tanggung jawab igrs ke steam,https://x.com/CakraKjaerbye/status/2040830085981479117,2026-04-05 16:33:03,0,0.3889,0.0036,0,0,0.0,2,1.0,116,0,0.78492415,0.27261075
1,414,A_high_confidence_coordinated,1,1,Ginanadia67421,"@badakmeledak_ Sedikit konteks saja, rating IGRS yang muncul di Steam sekarang banyak yang masih deklarasi awal dari developer, jadi kemungkinan masih akan disempurnakan karena tujuannya memang untuk panduan usia pemain.",sedikit konteks saja rating igrs yang muncul di steam sekarang banyak yang masih deklarasi awal dari developer jadi kemungkinan masih akan disempurnakan karena tujuannya memang untuk panduan usia pemain,https://x.com/Ginanadia67421/status/2040830633623409031,2026-04-05 16:35:14,1,0.3631,0.0159,3,0,0.0,3,0.75,116,1,0.9018359,0.4211659
1,381,A_high_confidence_coordinated,1,1,NganjukSun23590,"@mog_mediaa rating IGRS di Steam saat ini masih banyak yang bersifat awal/self-declare dan belum final, jadi wajar kalau terlihat belum konsisten.tujuannya melindungi pemain muda dan menata ekosistem game.",rating igrs di steam saat ini masih banyak yang bersifat awal self declare dan belum final jadi wajar kalau terlihat belum konsisten tujuannya melindungi pemain muda dan menata ekosistem game,https://x.com/NganjukSun23590/status/2040833241675104319,2026-04-05 16:45:36,1,0.6442,0.028,4,0,0.0,4,0.8,116,1,0.96498,0.46069872
0,537,C_noise_control,-1,0,calvadozze,@RRDelusi nyalahin steamnya amerika mau dimarahin sama trump kah igrs??,nyalahin steamnya amerika mau dimarahin sama trump kah igrs,https://x.com/calvadozze/status/2040823434893238379,2026-04-05 16:06:38,0,0.3558,0.004,1,0,0.0,1,1.0,116,0,0.78883064,0.25027812
1,171,B_cluster_representative,1,0,neitee,"@kurawa Steam melakukan rating palsu trus uang pajak kita yg masuk buat IGRS buat apa dong???????????????????
Bubarin aja ga sih alias ga guna????

Punya kompetensi apa di bidang game stafsus komdigi ini?",steam melakukan rating palsu trus uang pajak kita yang masuk buat igrs buat apa dong bubarin aja tidak sih alias tidak guna punya kompetensi apa di bidang game stafsus komdigi ini,https://x.com/neitee/status/2040902954480496745,2026-04-05 21:22:37,1,0.3735,0.0211,1,0,0.0,1,0.5,29,1,0.8036758,0.44772014
0,125,B_cluster_representative,1,0,ShoNakanoVtuber,"@alsjournall Iya, kemarin aku juga mikir gini karena kelihatannya IGRS ga punya sistem rating buat game yg harusnya ga ada rating semacam Rating Pending di sistem lain.

Jadi game yg belum isi bisa dapet 3+ biarpun isinya bermasalah",iya kemarin aku juga mikir gini karena kelihatannya igrs tidak punya sistem rating buat game yang harusnya tidak ada rating semacam rating pending di sistem lain jadi game yang belum isi bisa dapet biarpun isinya bermasalah,https://x.com/ShoNakanoVtuber/status/2040919794199974348,2026-04-05 22:29:32,0,0.3408,0.0256,1,0,0.0,2,0.6666666666666666,49,0,0.8183727,0.42263216
1,271,B_cluster_representative,1,0,mrplent21,"Buat yang mengikuti rame IGRS &amp; rating gim di Steam, berikut ini penjelasan resminya di sini, silakan dibaca-baca dulu: https://t.co/0B133jbQ9N",buat yang mengikuti rame igrs rating game di steam berikut ini penjelasan resminya di sini silakan dibaca baca dulu,https://x.com/mrplent21/status/2040850568676257919,2026-04-05 17:54:27,1,0.5709,0.0137,0,0,0.0,1,1.0,74,1,0.93017316,0.47330043
1,554,A_high_confidence_coordinated,1,1,PutriRahma32820,"@kukuhya Yang muncul di Steam saat ini masih data awal IGRS, jadi belum sepenuhnya akurat. Lagi proses penyesuaian, tujuannya biar sistem rating ke depan lebih jelas dan melindungi pemain.",yang muncul di steam saat ini masih data awal igrs jadi belum sepenuhnya akurat lagi proses penyesuaian tujuannya biar sistem rating ke depan lebih jelas dan melindungi pemain,https://x.com/PutriRahma32820/status/2040822247821283713,2026-04-05 16:01:55,1,0.3723,0.0243,5,0,0.0,5,0.8333333333333334,116,1,0.8733833,0.42122117
1,347,A_high_confidence_coordinated,1,1,Deewwiiiii,"@ezash Dari sisi pengguna, sistem rating IGRS di Steam sekarang masih terasa kurang jelas. Tapi kalau ini bagian dari proses, semoga ada evaluasi dan penyempurnaan yang konsisten",dari sisi pengguna sistem rating igrs di steam sekarang masih terasa kurang jelas tapi kalau ini bagian dari proses semoga ada evaluasi dan penyempurnaan yang konsisten,https://x.com/Deewwiiiii/status/2040837061977210995,2026-04-05 17:00:47,1,1.0,0.0109,9,0,0.0,7,0.7,74,1,0.99999976,0.42299807
0,4,C_noise_control,-1,0,tekarok007,"Gak terima game DotA 2 dianggap game dengan unsur mengandung Narkotika bahkan game Horror.
Ngawur asli IGRS ini dah.",tidak terima game dota dianggap game dengan unsur mengandung narkotika bahkan game horror ngawur asli igrs ini dah,https://x.com/tekarok007/status/2040942257612968152,2026-04-05 23:58:47,0,0.3285,0.0114,0,1,0.0,2,0.6666666666666666,86,0,0.7413713,0.32827717
0,559,C_noise_control,-1,0,dwxnda,"bu mentri @meutya_hafid sebelum bikin program IGRS, minimal umur akun profile steam pribadinya ≥10th dah, kalo kaga punya steam yaudah hapus itu IGRS 😐",bu mentri sebelum bikin program igrs minimal umur akun profile steam pribadinya th dah kalau kaga punya steam yaudah hapus itu igrs,https://x.com/dwxnda/status/2040822034138345671,2026-04-05 16:01:04,0,0.3572,0.0113,0,0,0.0,1,1.0,116,0,0.7036017,0.35943934
0,248,B_cluster_representative,1,0,z___vyi,"IGRS

Idiotic
Gaming
Rating
System",igrs idiotic gaming rating system,https://x.com/z___vyi/status/2040857520655482926,2026-04-05 18:22:04,0,0.6021,0.0089,0,0,0.0,1,1.0,34,0,0.8115562,0.39473218
0,1091,C_noise_control,-1,0,Jiraz13,"@moulanapanji @tempodotco @aniesbaswedan orang tua mana yang tau steam? anak mereka main game hp bahkan sosmed. Orang tua genz/milenial mungkin tau, tapi anak mereka masih stuck di cocomelon. Kalo IGRS terapin rating di game HP baru banyak orang tua yang setuju.",orang tua mana yang tau steam anak mereka main game hp bahkan sosmed orang tua genz milenial mungkin tau tapi anak mereka masih stuck di cocomelon kalau igrs terapin rating di game hp baru banyak orang tua yang setuju,https://x.com/Jiraz13/status/2041426259717349568,2026-04-07 08:02:02,0,0.6229,0.0185,1,0,0.0,1,1.0,11,0,0.6997467,0.33238935
0,215,B_cluster_representative,1,0,black_k00k33,"@Diana0911097595 sudah ada ratingnya di steam
nggak perlu pakai igrs yang malah bikin kacau
nggak usah sok keminter kau buzzer https://t.co/36tX0NTjl0",sudah ada ratingnya di steam tidak perlu pakai igrs yang malah bikin kacau tidak usah sok keminter kau buzzer,https://x.com/black_k00k33/status/2040869510165705162,2026-04-05 19:09:43,0,0.3652,0.0255,1,0,0.0,1,1.0,25,0,0.8437987,0.37291616
0,911,C_noise_control,-1,0,aryankushh,"@mog_mediaa padahal daripada IGRS, kita lebih butuh edukasi mental guna menghadapi skena kompetitif di game. baik buat bocil, maupun yang udah gede",padahal daripada igrs kita lebih butuh edukasi mental guna menghadapi skena kompetitif di game baik buat bocil maupun yang sudah gede,https://x.com/aryankushh/status/2041563557691891915,2026-04-07 17:07:37,0,0.2702,0.0035,1,0,0.0,1,1.0,6,0,0.65491545,0.28388888
0,952,B_cluster_representative,0,0,ogyw1n,"panduan IGRS
https://t.co/7lEcKnBN60",panduan igrs,https://x.com/ogyw1n/status/2041516845858185503,2026-04-07 14:02:00,0,0.2907,0.0012,0,0,0.0,1,1.0,20,0,0.8386104,0.25571054
0,808,C_noise_control,-1,0,Zahran31157,"Ohmygodddd, really IGRS? Who the fuck are you, kenapa sih gak dibayarin aja penggunanya, jangan gamenya yang dibayarin jadi orang orang pada gak bisa main beberapa game",ohmygodddd really igrs who the fuck are you mengapa sih tidak dibayarin aja penggunanya jangan gamenya yang dibayarin jadi orang orang pada tidak bisa main beberapa game,https://x.com/Zahran31157/status/2040778563834810732,2026-04-05 13:08:20,0,0.4162,0.0291,0,0,0.0,1,1.0,68,0,0.6930943,0.34855562
0,864,C_noise_control,-1,0,xenoshroomer,"Sebuah insight menarik tentang IGRS. 

Dulu katanya program ini bakal mengakomodasi perkembangan industri game lokal karena ""katanya"" diisi anak² muda. Eksekusinya?  arah gak jelas, menutup ruang ekspresi, dan sekali lagi, malah menghambat perkembangan industri game lokal https://t.co/nWKYJRxT9U",sebuah insight menarik tentang igrs dulu katanya program ini bakal mengakomodasi perkembangan industri game lokal karena katanya diisi anak muda eksekusinya arah tidak jelas menutup ruang ekspresi dan sekali lagi malah menghambat perkembangan industri game lokal,https://x.com/xenoshroomer/status/2040771533011046746,2026-04-05 12:40:23,0,0.2863,0.0113,0,0,0.0,1,1.0,67,0,0.73139024,0.35996652
0,341,C_noise_control,-1,0,masgah_,"Kalau kalian pengin lihat sisi resminya, ada siaran pers yang jelasin posisi pemerintah soal rating di Steam &amp; IGRS. Saran gue, baca dulu, habis itu silakan kritis, tapi dengan info yang lebih lengkap. Biar suaranya nyampe dan susah diabaikan.

https://t.co/olg4CMT05K",kalau kalian pengin lihat sisi resminya ada siaran pers yang jelasin posisi pemerintah soal rating di steam igrs saran saya baca dulu habis itu silakan kritis tapi dengan info yang lebih lengkap biar suaranya nyampe dan susah diabaikan,https://x.com/masgah_/status/2040837383814517210,2026-04-05 17:02:03,0,0.3503,0.0162,0,0,0.0,2,0.6666666666666666,74,0,0.71835047,0.31646693
0,561,A_high_confidence_coordinated,1,1,salengkarden,abis liat di fesnuk IGRS indonesia gooner rating system anjengggg,abis liat di fesnuk igrs indonesia gooner rating system anjengggg,https://x.com/salengkarden/status/2040821930476093901,2026-04-05 16:00:39,0,0.8346,0.0136,0,0,0.0,1,1.0,116,0,0.8984803,0.34068754
1,438,A_high_confidence_coordinated,1,1,Adiety333,"@rayrestufauzi Sebenernya rating IGRS di Steam sekarang banyak yang masih tahap awal/self-declare dan belum final, jadi wajar kalau masih ada yang membingungkan karena ini juga bagian dari upaya melindungi pemain muda dan penyesuaian sistem ke depan.",sebenernya rating igrs di steam sekarang banyak yang masih tahap awal self declare dan belum final jadi wajar kalau masih ada yang membingungkan karena ini juga bagian dari upaya melindungi pemain muda dan penyesuaian sistem ke depan,https://x.com/Adiety333/status/2040829689598709963,2026-04-05 16:31:29,1,0.5464,0.0317,5,0,0.0,5,0.8333333333333334,116,1,0.9340826,0.46724844
0,1128,C_noise_control,-1,0,Shihan047,"@ferrykoto Bapak kalo beneran ngebela IGRS, harusnya jadi catatan IGRS bahwa pasar kita itu lebih besar di pasar mobile dengan game tipe kompetitif dan Microtransaction. Jadi yg harus diatur itu game dengan tipe itu, karena tidak mungkin anak kecil main game kalo tidak punya spek mumpuni",bapak kalau beneran ngebela igrs harusnya jadi catatan igrs bahwa pasar kita itu lebih besar di pasar mobile dengan game tipe kompetitif dan microtransaction jadi yang harus diatur itu game dengan tipe itu karena tidak mungkin anak kecil main game kalau tidak punya spek mumpuni,https://x.com/Shihan047/status/2041397340586799567,2026-04-07 06:07:07,0,0.4107,0.0189,1,0,0.0,2,1.0,17,0,0.74392945,0.33080384
1,544,A_high_confidence_coordinated,1,1,dvrtlngi,"Lagi ramai bahas IGRS &amp; rating gim di Steam, ini ada rilis resmi yang jelasin konteksnya. Mungkin bisa dibaca dulu biar dapat gambaran utuh sebelum lanjut diskusi:

https://t.co/Bhm3pN6VAk",lagi ramai bahas igrs rating game di steam ini ada rilis resmi yang jelasin konteksnya mungkin bisa dibaca dulu biar dapat gambaran utuh sebelum lanjut diskusi,https://x.com/dvrtlngi/status/2040822717910601987,2026-04-05 16:03:47,1,0.5926,0.0122,3,0,0.0,4,1.0,116,1,0.9381759,0.4445744
0,222,C_noise_control,-1,0,leonthecatto,"buzzer says,  ""IGRS rating are messy because its the developer self declare that at fault!""

the developer :",buzzer says igrs rating are messy because its the developer self declare that at fault the developer,https://x.com/leonthecatto/status/2040867685412790367,2026-04-05 19:02:28,0,0.4681,0.0216,1,0,0.0,1,0.5,25,0,0.6783507,0.3164994
0,672,C_noise_control,-1,0,mediaindonesia,"Regulasi ini mewajibkan seluruh penerbit gim (publisher) untuk mengklasifikasikan produk mereka. Lantas, apa saja game yang tidak lolos IGRS atau berisiko dilarang beredar di Indonesia? https://t.co/uNr8jxH9Yu",regulasi ini mewajibkan seluruh penerbit game publisher untuk mengklasifikasikan produk mereka lantas apa saja game yang tidak lolos igrs atau berisiko dilarang beredar di indonesia,https://x.com/mediaindonesia/status/2040806667055751347,2026-04-05 15:00:00,0,0.4148,0.0147,0,0,0.0,1,1.0,105,0,0.67470527,0.224599
1,441,A_high_confidence_coordinated,1,1,PutriRahma32820,"@rayrestufauzi Perlu dipahami dulu kalau rating IGRS yang muncul saat ini sebagian masih data awal dari developer, jadi belum final, dan memang lagi proses pembenahan supaya ke depannya lebih jelas sekaligus tetap menjaga keamanan pemain muda.",perlu dipahami dulu kalau rating igrs yang muncul saat ini sebagian masih data awal dari developer jadi belum final dan memang lagi proses pembenahan supaya ke depannya lebih jelas sekaligus tetap menjaga keamanan pemain muda,https://x.com/PutriRahma32820/status/2040829600478199927,2026-04-05 16:31:08,1,0.5104,0.0255,5,0,0.0,5,0.8333333333333334,116,1,0.9123367,0.41815388
1,269,A_high_confidence_coordinated,1,1,Nisarahman2327,"@kerissakti ""IGRS di Steam emang lagi bingungin ya, guys 😅. Tapi kayaknya sistemnya masih dalam penyesuaian, perlu waktu buat lebih stabil. Yang penting, semoga Valve bisa jelasin lebih rinci dan transparan tentang kriteria ratingnya, biar kita semua ngerti 🤑. Keep improving, Steam! 💪",igrs di steam emang lagi bingungin ya guys tapi kayaknya sistemnya masih dalam penyesuaian perlu waktu buat lebih stabil yang penting semoga valve bisa jelasin lebih rinci dan transparan tentang kriteria ratingnya biar kita semua ngerti keep improving steam,https://x.com/Nisarahman2327/status/2040850712935170319,2026-04-05 17:55:01,1,1.0,0.0156,1,0,0.0,2,0.6666666666666666,74,1,1.0000001,0.3721
1,625,A_high_confidence_coordinated,1,1,wijayawilliam31,"@kurawa Bukan rating resmi tapi ini ada arahan spesifikasi dari komdigi gak bro Kur?

Rating palsu atau arahan yang kurang jelas jadinya pihak steam mengkategorikan rating tersebut jadinya berantakan.

Melanggar hukum rating ini sebelum atau sesudah mengenai IGRS ini?

Kalau sebelum",bukan rating resmi tapi ini ada arahan spesifikasi dari komdigi tidak bro kur rating palsu atau arahan yang kurang jelas jadinya pihak steam mengkategorikan rating tersebut jadinya berantakan melanggar hukum rating ini sebelum atau sesudah mengenai igrs ini kalau sebelum,https://x.com/wijayawilliam31/status/2040815625443119186,2026-04-05 15:35:36,1,0.3153,0.0201,2,1,0.0,1,0.5,105,1,0.81526214,0.4032096
1,396,A_high_confidence_coordinated,1,1,MRidhonew16179,"@mog_mediaa Sedikit meluruskan, rating IGRS yang muncul di Steam saat ini masih banyak yang berupa data awal/self-declare, jadi wajar kalau masih ada penyesuaian sambil tetap fokus melindungi pemain muda.",sedikit meluruskan rating igrs yang muncul di steam saat ini masih banyak yang berupa data awal self declare jadi wajar kalau masih ada penyesuaian sambil tetap fokus melindungi pemain muda,https://x.com/MRidhonew16179/status/2040832142121549893,2026-04-05 16:41:14,1,0.6311,0.0289,4,0,0.0,4,0.8,116,1,0.9730226,0.43213272
0,172,C_noise_control,-1,0,ckfoakas,"The PC/Steam version of the Blue Archive game cannot be played by players in Indonesia due to IGRS game rating regulations such as the RC (Refused Classification) rating.
https://t.co/3Sm6YK9wqF",the pc steam version of the blue archive game cannot be played by players in indonesia due to igrs game rating regulations such as the rc refused classification rating,https://x.com/ckfoakas/status/2040902939011948748,2026-04-05 21:22:33,0,0.367,0.0194,1,0,0.0,2,1.0,29,0,0.71585107,0.29319468
0,961,C_noise_control,-1,0,ibnukazuyal,"@ferrykoto Nih gw akun asli X, gw kecanduan game di umur 27 tahun, iya gw bakal ngatain orang yg hanya numpang di sebuah masalah yg dia gak tau menahu dan hanya mau menjatuhkan orsng lain.

Gw beli game mahal pake duit hasil kerja dengan gaji umr, gw protes lah karena rsting IGRS gak jelas. https://t.co/Bqmc1nLJRj",ini saya akun asli x saya kecanduan game di umur tahun iya saya bakal ngatain orang yang hanya numpang di sebuah masalah yang dia tidak tau menahu dan hanya mau menjatuhkan orsng lain saya beli game mahal pake duit hasil kerja dengan gaji umr saya protes lah karena rsting igrs tidak jelas,https://x.com/ibnukazuyal/status/2041508569338855625,2026-04-07 13:29:06,0,0.339,0.0218,2,0,0.0,2,0.5,27,0,0.65831184,0.3158693
1,374,B_cluster_representative,1,0,stefanyreza2000,"Penjelasan resmi terkait IGRS dan rating gim di Steam sudah tersedia. Sebaiknya cek dulu informasinya sebelum menarik kesimpulan lebih jauh: https://t.co/3CmI0xCyEQ
#IGRS #Steam #RatingGim #SiaranPers #LiterasiDigital",penjelasan resmi terkait igrs dan rating game di steam sudah tersedia sebaiknya cek dulu informasinya sebelum menarik kesimpulan lebih jauh igrs steam ratinggim siaranpers literasidigital,https://x.com/stefanyreza2000/status/2040833559301325185,2026-04-05 16:46:52,1,0.6334,0.0131,0,0,0.0,1,1.0,116,1,0.918834,0.45170906
0,991,B_cluster_representative,8,0,zzaysmine,"@ferrykoto Ini permasalahannya rating IGRS ga tepat dan keliatan orang orang di Komdigi ga mengerti. Kenapa dipelintir ke masalah gamers maniak. Hobi apapun juga ada maniaknya.
Kalo tujuannya untuk mengontrol kecanduan game, harusnya dibarengi dengan penelitian buat nyari solusi yang tepat.",ini permasalahannya rating igrs tidak tepat dan keliatan orang orang di komdigi tidak mengerti mengapa dipelintir ke masalah gamers maniak hobi apapun juga ada maniaknya kalau tujuannya untuk mengontrol kecanduan game harusnya dibarengi dengan penelitian buat nyari solusi yang tepat,https://x.com/zzaysmine/status/2041496723672162728,2026-04-07 12:42:02,0,0.4303,0.0214,1,0,0.0,1,1.0,28,0,0.8389987,0.40915713
1,424,A_high_confidence_coordinated,1,1,SuryanaAja13,@rayrestufauzi Rating IGRS datanya masih awal belum lengkap tujuannya sih bagus buat lindungi anak muda dan ekosistem game.,rating igrs datanya masih awal belum lengkap tujuannya sih bagus buat lindungi anak muda dan ekosistem game,https://x.com/SuryanaAja13/status/2040830114414690756,2026-04-05 16:33:10,1,0.4014,0.0182,2,0,0.0,2,1.0,116,1,0.85450566,0.40979332
0,659,B_cluster_representative,1,0,ErvinBalboa089,"@LexEx73 That is true, but the actual statement from KomDigi is the game is incorrect on Steam

Edit: IGRS is an upcoming or de facto IARC member that rates digital games; Steam doesn't use IARC ratings so you get a self rating.",that is true but the actual statement from komdigi is the game is incorrect on steam edit igrs is an upcoming or de facto iarc member that rates digital games steam doesn t use iarc ratings so you get a self rating,https://x.com/ErvinBalboa089/status/2040811352047132750,2026-04-05 15:18:37,0,0.4898,0.0212,1,0,0.0,1,1.0,105,0,0.8086011,0.39514282
1,319,B_cluster_representative,1,0,uchihagaming321,"Ini bukan sekadar kabar yg dipelintir, tapi penjelasan resmi melalui siaran pers terkait IGRS dan rating gim di Steam. Ada regulasi yg melatarbelakanginya dan itu penting utk dipahami secara utuh lebih baik kita baca dulu isi siaran persnya. Link berita 👇
https://t.co/ZqxYukqDuP",ini bukan sekadar kabar yang dipelintir tapi penjelasan resmi melalui siaran pers terkait igrs dan rating game di steam ada regulasi yang melatarbelakanginya dan itu penting untuk dipahami secara utuh lebih baik kita baca dulu isi siaran persnya link berita,https://x.com/uchihagaming321/status/2040840246364131780,2026-04-05 17:13:26,1,0.4132,0.022,0,0,0.0,1,1.0,74,1,0.8583647,0.40686557
1,334,B_cluster_representative,1,0,yani09842577669,"@RRDelusi Kalau tidak salah yang muncul di Steam itu banyak yang masih data awal dari sistem self-declare developer, jadi belum tentu rating final dari IGRS. Memang di tahap awal biasanya masih ada penyesuaian, tujuan utamanya sebenarnya supaya ada panduan umur dan melindungi pemain muda",kalau tidak salah yang muncul di steam itu banyak yang masih data awal dari sistem self declare developer jadi belum tentu rating final dari igrs memang di tahap awal biasanya masih ada penyesuaian tujuan utamanya sebenarnya supaya ada panduan umur dan melindungi pemain muda,https://x.com/yani09842577669/status/2040838036456640839,2026-04-05 17:04:39,1,0.54,0.039,1,0,0.0,2,1.0,74,1,0.9114841,0.39489785
0,982,C_noise_control,-1,0,ridwanadit,"Dari 1,4 juta orang itu, berapa yang rutin beli game AAA?

Aku yakin gak semuanya, lha yang main Dota 2 atau CS doang juga ada, atau free game lain macam Where Winds Meet, WuWa, etc.

Yang beli dikit, ngapain perusahaan game besar repot sensor buat ngikutin ratingnya IGRS? 🤣",dari juta orang itu berapa yang rutin beli game aaa aku yakin tidak semuanya lha yang main dota atau cs doang juga ada atau free game lain macam where winds meet wuwa etc yang beli dikit ngapain perusahaan game besar repot sensor buat ngikutin ratingnya igrs,https://x.com/ridwanadit/status/2041501335304974464,2026-04-07 13:00:22,0,0.2975,0.0178,0,0,0.0,1,1.0,27,0,0.78948665,0.3320662
0,105,C_noise_control,-1,0,MyoKurt,@RRDelusi Malah playing victim IGRS TOLOLLL KOMDIGI GOBLOOKKKKK,malah playing victim igrs tololll komdigi goblookkkkk,https://x.com/MyoKurt/status/2040924091293798588,2026-04-05 22:46:36,0,0.625,0.007,1,0,0.0,1,1.0,49,0,0.6181384,0.28168306
0,232,C_noise_control,-1,0,nakanom42,"IGRS niatnya baik tapi sistem rating nya ngawur parah
Masa iya game 4no lolos dikasih rating 3+ dan giliran persona 5 nggak lolos standar

Ketika gue udah tobat jadi bajak laut dan beli game di platform legal eh malah dipersulit sama suatu lembaga 

Gini amat jadi gamer di indo https://t.co/w1ao1NosPb",igrs niatnya baik tapi sistem rating nya ngawur parah masa iya game no lolos dikasih rating dan giliran persona tidak lolos standar ketika saya sudah tobat jadi bajak laut dan beli game di platform legal eh malah dipersulit sama suatu lembaga gini amat jadi gamer di indo,https://x.com/nakanom42/status/2040863624043127270,2026-04-05 18:46:20,0,0.2305,0.0174,0,0,0.0,1,1.0,34,0,0.78916645,0.38799125
1,555,B_cluster_representative,1,0,alwiiihasan,"@kukuhya Biar nggak salah paham, rating IGRS yang muncul di Steam itu mayoritas masih self-declare alias data awal dari pihak pengembang, jadi belum hasil kurasi final. Namanya juga baru integrasi ke platform global, pasti ada fase transisinya.",biar tidak salah paham rating igrs yang muncul di steam itu mayoritas masih self declare alias data awal dari pihak pengembang jadi belum hasil kurasi final namanya juga baru integrasi ke platform global pasti ada fase transisinya,https://x.com/alwiiihasan/status/2040822215235801372,2026-04-05 16:01:47,1,0.4797,0.0295,1,0,0.0,1,0.5,116,1,0.81186557,0.394416
0,229,B_cluster_representative,0,0,hrenyue,igrs g nya gooner gila,igrs g nya gooner gila,https://x.com/hrenyue/status/2040865861842649221,2026-04-05 18:55:13,0,0.6665,0.0032,0,0,0.0,1,1.0,34,0,0.8335643,0.3836547
1,701,A_high_confidence_coordinated,1,1,mpandu_nky,"@AADGPodcast Melihat dari akun IG IGRS, kebanyakan isinya adalah tentang 'penanganan kecanduan gim', 'membatasi waktu main gim', dan 'jangan biarkan si kecil lihat layar terus'. Sepertinya memang program yang dirancang oleh orang-orang yang membenci game dan sudah punya bias negatif.",melihat dari akun ig igrs kebanyakan isinya adalah tentang penanganan kecanduan game membatasi waktu main game dan jangan biarkan si kecil lihat layar terus sepertinya memang program yang dirancang oleh orang orang yang membenci game dan sudah punya bias negatif,https://x.com/mpandu_nky/status/2040800040533574088,2026-04-05 14:33:40,1,0.3798,0.0159,2,0,0.0,2,1.0,59,1,0.87106407,0.40081927
0,1063,C_noise_control,-1,0,KuroNoLace,"@Otaku_Anime_Ind Coba cek situs IGRS nya
Rating games nya normal2 aja",coba cek situs igrs nya rating games nya normal aja,https://x.com/KuroNoLace/status/2041450163345186859,2026-04-07 09:37:01,0,0.3949,0.0059,1,0,0.0,1,1.0,17,0,0.7971536,0.37227273
0,1206,C_noise_control,-1,0,MengolianBeef,shut down IGRS,shut down igrs,https://x.com/MengolianBeef/status/2041344270167359697,2026-04-07 02:36:15,0,0.7982,0.0009,1,0,0.0,2,1.0,19,0,0.72849643,0.18943073
1,503,A_high_confidence_coordinated,1,1,NganjukSun23590,"@RRDelusi Perlu diluruskan, rating IGRS di Steam sekarang masih tahap awal (self-declare), jadi belum final. Tujuannya buat melindungi pemain muda dan menata ekosistem game. Wajar kalau di awal masih ada yang perlu disesuaikan",perlu diluruskan rating igrs di steam sekarang masih tahap awal self declare jadi belum final tujuannya buat melindungi pemain muda dan menata ekosistem game wajar kalau di awal masih ada yang perlu disesuaikan,https://x.com/NganjukSun23590/status/2040825274212995494,2026-04-05 16:13:56,1,0.8445,0.0295,4,0,0.0,4,0.8,116,1,0.9782401,0.4604583
0,37,C_noise_control,-1,0,The_Discomafia,"@kurawa 🤡 dagelan mana lagi ini.. 
Tolong ini audit metode kerja tim IGRS nya @DPR_RI 
Sudah bikin keresahan publik. 
Publik berhak tahu, cara kerja ratingnya gmn",dagelan mana lagi ini tolong ini audit metode kerja tim igrs nya sudah bikin keresahan publik publik berhak tahu cara kerja ratingnya gmn,https://x.com/The_Discomafia/status/2040936805198074060,2026-04-05 23:37:07,0,0.3423,0.0101,2,0,0.0,1,0.5,86,0,0.72778225,0.3049988
1,28,A_high_confidence_coordinated,1,1,andybalala19,"@rayrestufauzi Rating IGRS di Steam sekarang banyak yang masih data awal/selfdeclare dan itu  belum final, itu mengingatkan kita untuk melindungi pemain muda agar tidak terjerumus hal hal yang tidak baik. Tolong diperbaiki lagi IGRS sistemnya agar lebih stabil.",rating igrs di steam sekarang banyak yang masih data awal self declare dan itu belum final itu mengingatkan kita untuk melindungi pemain muda agar tidak terjerumus hal hal yang tidak baik tolong diperbaiki lagi igrs sistemnya agar lebih stabil,https://x.com/andybalala19/status/2040938286655627302,2026-04-05 23:43:00,1,0.6437,0.0373,5,0,0.0,4,0.6666666666666666,86,1,0.94714737,0.4517325
0,303,C_noise_control,-1,0,HSBITTA,"@myogioffice @myogiadityanath Sir I have Registered my Grievance several times on the IGRS portal but Justice still remains to be done. In spite of hardships my faith in you remains unshaken. H.Sir, I had sent a speedpost to your Office along with Necessary Documents for your reference. Kindly do the needful.",sir i have registered my grievance several times on the igrs portal but justice still remains to be done in spite of hardships my faith in you remains unshaken h sir i had sent a speedpost to your office along with necessary documents for your reference kindly do the needful,https://x.com/HSBITTA/status/2040841686973313467,2026-04-05 17:19:09,0,1.0,0.0171,0,0,0.0,2,1.0,74,0,1.0,0.16987254
1,467,A_high_confidence_coordinated,1,1,ikaikuikok,"@kerissakti Harus diakui kalau tampilan rating IGRS di Steam saat ini memang bikin bingung dan memicu banyak pertanyaan di komunitas. Tapi kalau dilihat secara objektif, ini sepertinya masih tahap penyesuaian sistem yang butuh waktu untuk sinkron.",harus diakui kalau tampilan rating igrs di steam saat ini memang bikin bingung dan memicu banyak pertanyaan di komunitas tapi kalau dilihat secara objektif ini sepertinya masih tahap penyesuaian sistem yang butuh waktu untuk sinkron,https://x.com/ikaikuikok/status/2040828148967944609,2026-04-05 16:25:22,1,0.5278,0.0164,2,0,0.0,2,0.6666666666666666,116,1,0.9128815,0.43720242
0,1138,B_cluster_representative,5,0,MangAgus_10,"@wijayawilliam31 Ngapain igrs, itu kan steam yg harus klarifikasi (menurut mereka)",ngapain igrs itu kan steam yang harus klarifikasi menurut mereka,https://x.com/MangAgus_10/status/2041388278402982351,2026-04-07 05:31:07,0,0.4973,0.0062,1,3,0.0,1,1.0,20,0,0.84583855,0.32911175
1,386,A_high_confidence_coordinated,1,1,andybalala19,@mog_mediaa Aku mau menjelaskan sistem IGRS yang ada di Steam sekarang itu datanya bersifat awal atau prototipe tujuannya dibuat seperti ini adalah melindungi pemain muda dari filter permainan yang tidak benar yang belum sesuai dengan usia mereka.,aku mau menjelaskan sistem igrs yang ada di steam sekarang itu datanya bersifat awal atau prototipe tujuannya dibuat seperti ini adalah melindungi pemain muda dari filter permainan yang tidak benar yang belum sesuai dengan usia mereka,https://x.com/andybalala19/status/2040832542757331194,2026-04-05 16:42:49,1,0.4171,0.0224,5,0,0.0,4,0.6666666666666666,116,1,0.8541065,0.39220634
0,1058,C_noise_control,-1,0,KasetMu25909,@tempodotco game itu untuk dinikmati bukan di kasih IGRS,game itu untuk dinikmati bukan di kasih igrs,https://x.com/KasetMu25909/status/2041453058866233452,2026-04-07 09:48:32,0,0.7933,0.014,1,0,0.0,1,1.0,17,0,0.63932335,0.26085588
0,88,C_noise_control,-1,0,p0litrick,"@iPoopBased Gila cuma IGRS instansi ga penting sampe rela bayar buzzer sebanyak ini, IGRS emang potensi cuannya dr mana",gila cuma igrs instansi tidak penting sampe rela bayar buzzer sebanyak ini igrs emang potensi cuannya dari mana,https://x.com/p0litrick/status/2040929335142719862,2026-04-05 23:07:26,0,0.7759,0.0175,2,0,0.0,3,1.0,86,0,0.7950894,0.38105842
0,98,C_noise_control,-1,0,pikachuasbun,"mau cuci tangan tapi ga briefing ya goblok gini argumennya buzzer wkwkwkwk

padahal yang melakukan rating palsu IGRS dan pengikutnya

lu main tetris ya?",mau cuci tangan tapi tidak briefing ya goblok gini argumennya buzzer wkwkwkwk padahal yang melakukan rating palsu igrs dan pengikutnya kamu main tetris ya,https://x.com/pikachuasbun/status/2040926879096639515,2026-04-05 22:57:41,0,0.3557,0.0188,0,0,0.0,1,1.0,49,0,0.75397015,0.3994248
0,1010,C_noise_control,-1,0,misterx_9945613,"@onnowpurbo Masalahnya gini, rating RC ngak perlu sama sekali, kita ngak butuh kebijakan sok berbudaya

Mending gini deh, ambil 10 univ yang ada jurusan game devnya, ambil yang muda muda dan suka main game, suruh mereka kerjain IGRS... Hasil bakal jauh lebih objektif, dan ngak ada rating RC",masalahnya gini rating rc ngak perlu sama sekali kita ngak butuh kebijakan sok berbudaya mending gini deh ambil univ yang ada jurusan game devnya ambil yang muda muda dan suka main game suruh mereka kerjain igrs hasil bakal jauh lebih objektif dan ngak ada rating rc,https://x.com/misterx_9945613/status/2041487898617471202,2026-04-07 12:06:58,0,0.285,0.0135,1,0,0.0,2,1.0,28,0,0.78960264,0.40831468
1,481,A_high_confidence_coordinated,1,1,Alizazaina94321,"@kerissakti Jujur, tampilan rating IGRS di Steam saat ini memang cukup membingungkan bagi banyak pengguna. Tapi karena masih tahap penyesuaian, mungkin perlu waktu—yang penting ke depan penjelasannya lebih rutin dan transparan.",jujur tampilan rating igrs di steam saat ini memang cukup membingungkan bagi banyak pengguna tapi karena masih tahap penyesuaian mungkin perlu waktu yang penting ke depan penjelasannya lebih rutin dan transparan,https://x.com/Alizazaina94321/status/2040827219396931679,2026-04-05 16:21:40,1,0.4867,0.0142,5,0,0.0,6,1.0,116,1,0.9448793,0.4205579
1,144,B_cluster_representative,1,0,yousuffer_why,"@ezash ""Justru itu rating IGRS perlu dibikin makin jelas dan rapi"" ya kalau tau belum jelas dan belum rapi jangan main kasih rating. Artinya IGRS gak ngerti game isinya apa tapi main kasih rate. Negara Republik Buzzer.",justru itu rating igrs perlu dibikin makin jelas dan rapi ya kalau tau belum jelas dan belum rapi jangan main kasih rating artinya igrs tidak ngerti game isinya apa tapi main kasih rate negara republik buzzer,https://x.com/yousuffer_why/status/2040914311116435653,2026-04-05 22:07:44,1,0.4943,0.0252,1,0,0.0,1,1.0,49,1,0.86684763,0.4567092
0,237,B_cluster_representative,9,0,OxygenSunshinee,"Intinya, IGRS ada ini buat orang tua yg gagal parenting tentang game. Udah gagal + di missleading pula, anjir keren kata gua dan sekarang intinya lepas tanggung jawab. ""Bukan urusan kami, intinya ada RC yg berarti gk tampil"" ya elu dongok jembut lurus.",intinya igrs ada ini buat orang tua yang gagal parenting tentang game sudah gagal di missleading pula anjir keren kata saya dan sekarang intinya lepas tanggung jawab bukan urusan kami intinya ada rc yang berarti gk tampil ya elu dongok jembut lurus,https://x.com/OxygenSunshinee/status/2040862580013756782,2026-04-05 18:42:11,0,0.5877,0.0095,0,0,0.0,2,1.0,34,0,0.80943596,0.40185034
0,736,B_cluster_representative,0,0,ikanhane,Udh bubarin aja igrs igrs 🫩 persona 5 mau gw mainin abis uts padahal,sudah bubarin aja igrs igrs persona mau saya mainin abis uts padahal,https://x.com/ikanhane/status/2040793522731880938,2026-04-05 14:07:46,0,0.292,0.0023,0,0,0.0,1,1.0,59,0,0.8456025,0.26825532
1,267,A_high_confidence_coordinated,1,1,Nisarahman2327,"@kerissakti ""IGRS di Steam emang lagi bingungin ya, guys 😅. Tapi kayaknya sistemnya masih dalam penyesuaian, perlu waktu buat lebih stabil. Yang penting, semoga Valve bisa jelasin lebih rinci dan transparan tentang kriteria ratingnya, biar kita semua ngerti 🤑. Keep improving, Steam!",igrs di steam emang lagi bingungin ya guys tapi kayaknya sistemnya masih dalam penyesuaian perlu waktu buat lebih stabil yang penting semoga valve bisa jelasin lebih rinci dan transparan tentang kriteria ratingnya biar kita semua ngerti keep improving steam,https://x.com/Nisarahman2327/status/2040850979596460447,2026-04-05 17:56:05,1,1.0,0.0156,1,0,0.0,2,0.6666666666666666,74,1,1.0000001,0.3721
0,104,B_cluster_representative,0,0,FKRSM_,"Yang tolol IGRS yang disalahin steam, logikanya udah kebalik ini komdongo",yang tolol igrs yang disalahin steam logikanya sudah kebalik ini komdongo,https://x.com/FKRSM_/status/2040925017886888289,2026-04-05 22:50:17,0,0.4762,0.0074,0,0,0.0,1,1.0,49,0,0.8133566,0.33842024
0,916,C_noise_control,-1,0,_hendrasusanto,"@tilehopper Agree to disagree aja.

Poin gua adalah Steam bukan partner resmi IARC karena ya emang gak ada source soal itu, form yang dibikin semirip mungkin, mungkin cara supaya diakui USK dll.

Ada beberapa poin lu yg kayaknya gak faktual, tapi it's okay. Kita sama2 gak setuju sama IGRS.",agree to disagree aja poin saya adalah steam bukan partner resmi iarc karena ya emang tidak ada source soal itu form yang dibikin semirip mungkin mungkin cara supaya diakui usk dll ada beberapa poin kamu yang kayaknya tidak faktual tapi it s okay kita sama tidak setuju sama igrs,https://x.com/_hendrasusanto/status/2041557756776477040,2026-04-07 16:44:34,0,0.3102,0.0252,1,1,0.0,2,0.6666666666666666,7,0,0.5958823,0.3018474
0,896,B_cluster_representative,8,0,b3rsetubuh,"jujur aja ya, narasi ‘gamer itu maniak’ tuh udah ketinggalan banget. sekarang yang lagi ribut itu bukan soal kecanduan game, tapi soal sistem IGRS yang kacau, ratingnya banyak yang ga masuk akal. verifikasi ga jelas, bahkan pemerintah sendiri bilang belum final. tapi yang kena",jujur aja ya narasi gamer itu maniak itu sudah ketinggalan banget sekarang yang lagi ribut itu bukan soal kecanduan game tapi soal sistem igrs yang kacau ratingnya banyak yang tidak masuk akal verifikasi tidak jelas bahkan pemerintah sendiri bilang belum final tapi yang kena,https://x.com/b3rsetubuh/status/2041651434723381613,2026-04-07 22:56:48,0,0.3191,0.0292,0,0,0.0,1,1.0,4,0,0.8389987,0.43265903
0,761,A_high_confidence_coordinated,1,1,itsgenky,IGRS = Indonesia Gooning Rating System,igrs indonesia gooning rating system,https://x.com/itsgenky/status/2040789561715089581,2026-04-05 13:52:02,0,1.0,0.0125,0,0,0.0,1,1.0,68,0,1.0,0.31197426
0,367,C_noise_control,-1,0,cryofantasia,"@magicallovewrds ""ohh it's normal if IGRS is confusing or inaccurate it's still a transitional early phase we hope it works out for the better later""

ALL OF THEM ARE SAYING THE SAME THING WITH DIFFERENT WORDINGS

AND THIS ISNT AN EARLY PHASE IGRS HAS BEEN TALKED ABT SINCE 2016",ohh it s normal if igrs is confusing or inaccurate it s still a transitional early phase we hope it works out for the better later all of them are saying the same thing with different wordings and this isnt an early phase igrs has been talked abt since,https://x.com/cryofantasia/status/2040834506622427445,2026-04-05 16:50:37,0,0.3469,0.0163,1,12,4.016064257028112e-05,1,1.0,116,0,0.69757545,0.31551182
0,1216,C_noise_control,-1,0,AkunNomerRandom,"@ekawicaksana @PepThird Jangan bohong kamu, kata mbak mbak IGRS pasar kita besar lho",jangan bohong kamu kata mbak mbak igrs pasar kita besar lho,https://x.com/AkunNomerRandom/status/2041336774459531732,2026-04-07 02:06:27,0,0.4107,0.0048,1,0,0.0,1,1.0,19,0,0.70800185,0.28903872
0,675,C_noise_control,-1,0,sikoom,"kalo kejadian igrs ini aja ga sampe bikin turun ke jalan dan protes gede gedean, mereka bakal cuek, ya bakal kena semua",kalau kejadian igrs ini aja tidak sampe bikin turun ke jalan dan protes gede gedean mereka bakal cuek ya bakal kena semua,https://x.com/sikoom/status/2040806314146992614,2026-04-05 14:58:36,0,0.2547,0.0153,0,0,0.0,1,1.0,59,0,0.7284109,0.23035035
0,700,C_noise_control,-1,0,eonoeonoe,"I despise censorship A LOT.

And this fuckass IGRS is handled by the government who can't even do shit. This IGRS system will surpress pop media and culture distributions. And we can't even enjoy and have good shit",i despise censorship a lot and this fuckass igrs is handled by the government who can t even do shit this igrs system will surpress pop media and culture distributions and we can t even enjoy and have good shit,https://x.com/eonoeonoe/status/2040800370092548271,2026-04-05 14:34:59,0,0.3578,0.0143,0,0,0.0,2,1.0,59,0,0.6712039,0.29113603
0,829,B_cluster_representative,1,0,mirfan_16,@iPoopBased IGRS states that the game has 3+ rating,igrs states that the game has rating,https://x.com/mirfan_16/status/2040775930717884760,2026-04-05 12:57:52,0,0.4249,0.0088,1,0,0.0,1,1.0,67,0,0.8695514,0.3832004
0,633,C_noise_control,-1,0,GojoIrengg,@KariSharl Ternyata IGrs tidak nyawit,ternyata igrs tidak nyawit,https://x.com/GojoIrengg/status/2040814891549024570,2026-04-05 15:32:41,0,0.5657,0.0167,1,0,0.0,1,1.0,105,0,0.7646421,0.37818086
0,751,B_cluster_representative,1,0,zakisemma,Igrs ngasih rating ke game ngawur saatnya gamer indonesia melakukan revolusi,igrs ngasih rating ke game ngawur saatnya gamer indonesia melakukan revolusi,https://x.com/zakisemma/status/2040790890260914401,2026-04-05 13:57:18,0,0.5419,0.014,0,0,0.0,1,1.0,68,0,0.82166064,0.41477826
0,1108,C_noise_control,-1,0,godbusycanihelp,"eh tapi ini kan rame rame terkait IGRS sebenernya udah lama juga sih, pemerintah gabakal berani ngapa ngapain juga",eh tapi ini kan rame rame terkait igrs sebenernya sudah lama juga sih pemerintah gabakal berani ngapa ngapain juga,https://x.com/godbusycanihelp/status/2041412785771630633,2026-04-07 07:08:30,0,0.6158,0.01,0,0,0.0,1,1.0,18,0,0.72794026,0.28212345
0,790,C_noise_control,-1,0,0xfrsmln,"@BudiBukanIntel ini IGRS emg gak ada tahap beta nya gitu ya?
langsung hajar production sengawurnya?",ini igrs emg tidak ada tahap beta nya gitu ya langsung hajar production sengawurnya,https://x.com/0xfrsmln/status/2040781908402196717,2026-04-05 13:21:37,0,0.3849,0.017,1,0,0.0,1,1.0,68,0,0.6312852,0.32073972
1,433,A_high_confidence_coordinated,1,1,rpramestaa12,"@rayrestufauzi IGRS di Steam itu sekarang masih banyak yang berbasis data awal/self-declare jadi belum final, jadi wajar kalau masih ada penyesuaian, apalagi tujuan utamanya kan buat lindungi pemain muda dan bikin ekosistem game lebih rapi 👍",igrs di steam itu sekarang masih banyak yang berbasis data awal self declare jadi belum final jadi wajar kalau masih ada penyesuaian apalagi tujuan utamanya kan buat lindungi pemain muda dan bikin ekosistem game lebih rapi,https://x.com/rpramestaa12/status/2040829901209735602,2026-04-05 16:32:19,1,0.5749,0.0286,5,0,0.0,4,0.6666666666666666,116,1,0.9500342,0.42675313
0,74,C_noise_control,-1,0,H4ydon,"Last 6 hours of any IGRS related stuff been filled with many buzzer, to the point i cannot believe it like bruh. Our governor use our money for things like this? we're beyond cooked y'all

https://t.co/vI6UPdYBgg https://t.co/hhmDUN3CTC",last hours of any igrs related stuff been filled with many buzzer to the point i cannot believe it like bruh our governor use our money for things like this we re beyond cooked y all,https://x.com/H4ydon/status/2040931195710734602,2026-04-05 23:14:50,0,0.2937,0.0137,0,0,0.0,1,0.5,86,0,0.58956015,0.3072128
0,742,C_noise_control,-1,0,BoGameDo,Rame banget IGRS dan belum liat Buzzer yang ngedukung... Berarti emang mereka sejauh ini ga ngerti apa-apa soal game yang mau mereka atur 😂😂,rame banget igrs dan belum liat buzzer yang ngedukung berarti emang mereka sejauh ini tidak ngerti apa apa soal game yang mau mereka atur,https://x.com/BoGameDo/status/2040792560625713552,2026-04-05 14:03:57,0,0.3607,0.0248,0,0,0.0,1,1.0,59,0,0.7555443,0.36072615
1,715,B_cluster_representative,1,0,bananaefootball,• Update resmi IGRS hari ini bilang rating di Steam masih self-declared. Komdigi juga menegaskan bahwa tampilan IGRS pada sejumlah gim di Steam bukan merupakan hasil klarifikasi resmi yang dikeluarkan oleh pemerintah. (Portal Komdigi),update resmi igrs hari ini bilang rating di steam masih self declared komdigi juga menegaskan bahwa tampilan igrs pada sejumlah game di steam bukan merupakan hasil klarifikasi resmi yang dikeluarkan oleh pemerintah portal komdigi,https://x.com/bananaefootball/status/2040798228401258670,2026-04-05 14:26:28,1,0.3255,0.0279,0,0,0.0,7,1.0,59,1,0.82320195,0.3883092
1,323,A_high_confidence_coordinated,1,1,Deewwiiiii,"@iPoopBased Niatnya mungkin bagus, tapi implementasi rating IGRS di Steam saat ini masih belum mudah dipahami. Perlu penjelasan yang lebih terbuka biar publik nggak salah tafsir",niatnya mungkin bagus tapi implementasi rating igrs di steam saat ini masih belum mudah dipahami perlu penjelasan yang lebih terbuka biar publik tidak salah tafsir,https://x.com/Deewwiiiii/status/2040839653230809323,2026-04-05 17:11:04,1,0.2477,0.0267,9,0,0.0,7,0.7,74,1,0.8852247,0.42878246
0,871,B_cluster_representative,1,0,AneshMadyantara,"@nurfaishal9 @ChouSenka lebih tepatnya steam “harus” ngikut rating IGRS wkwkwkwk

ini detail soal game nasih game yg kena RC

https://t.co/DXIB20Mpip",lebih tepatnya steam harus ngikut rating igrs wkwkwkwk ini detail soal game nasih game yang kena rc,https://x.com/AneshMadyantara/status/2040769577882362017,2026-04-05 12:32:37,0,0.3525,0.0056,1,0,0.0,1,0.5,67,0,0.8263737,0.42439812
0,717,C_noise_control,-1,0,bananaefootball,"• Kasus yang lagi terjadi
Ini yang bikin X panas banget hari ini:

- Steam lagi ngikut aturan IGRS. Mulai sekarang, game yang nggak punya rating IGRS resmi bakal nggak muncul buat user di Indonesia.",kasus yang lagi terjadi ini yang bikin x panas banget hari ini steam lagi ngikut aturan igrs mulai sekarang game yang tidak punya rating igrs resmi bakal tidak muncul buat user di indonesia,https://x.com/bananaefootball/status/2040798216506237351,2026-04-05 14:26:25,0,0.326,0.0296,0,0,0.0,7,1.0,59,0,0.7741879,0.4448169
1,677,A_high_confidence_coordinated,1,1,mpandu_nky,"@PHN316 Sekilas lihat akun sosmed IGRS isinya, 'resiko adiksi game pada anak', 'anak susah lepas dari gim', dan 'si kecil sibuk sama layar sendiri'. Sepertinya program ini dibuat oleh tim yang membenci game dan memang memiliki bias negatif.",sekilas lihat akun sosmed igrs isinya resiko adiksi game pada anak anak susah lepas dari game dan si kecil sibuk sama layar sendiri sepertinya program ini dibuat oleh tim yang membenci game dan memang memiliki bias negatif,https://x.com/mpandu_nky/status/2040805882808922290,2026-04-05 14:56:53,1,0.3764,0.011,2,0,0.0,2,1.0,59,1,0.87106407,0.42236733
0,730,B_cluster_representative,1,0,ShinadeVT,"Komdongo tolol

Rating sistem steam sudah paling fineshyt 

Harusnya steam yang minta klarifikasi ke IGRS dalam cara sistem mereka declare rating setiap game bisa ngaco begitu - malah gaslight pihak steam.",komdongo tolol rating sistem steam sudah paling fineshyt harusnya steam yang minta klarifikasi ke igrs dalam cara sistem mereka declare rating setiap game bisa ngaco begitu malah gaslight pihak steam,https://x.com/ShinadeVT/status/2040794593135071554,2026-04-05 14:12:01,0,0.4183,0.0211,0,0,0.0,1,1.0,59,0,0.82002,0.40991282
1,550,B_cluster_representative,1,0,tauvik1212,"@kukuhya IGRS memang dibuat untuk lindungi anak muda lewat rating umur resmi. Tampilan di Steam masih proses penyesuaian, nanti pasti makin rapi dan jelas.",igrs memang dibuat untuk lindungi anak muda lewat rating umur resmi tampilan di steam masih proses penyesuaian nanti pasti makin rapi dan jelas,https://x.com/tauvik1212/status/2040822394059952345,2026-04-05 16:02:30,1,0.4447,0.0196,1,0,0.0,1,0.5,116,1,0.8199109,0.3621293
0,161,C_noise_control,-1,0,tilehopper,"Oh lu ga bisa ya bantu negara cuci tangan dan gaslighting rakyat you ghoul son of a bitch, Pasal 6 dalam aturan IGRS menyebutkan PENERBIT BOLEH SECARA MANDIRI MELAKUKAN ASESMEN DAN ITU YANG DILAKUKAN STEAM.

MAKANYA KOORDINASY BIKIN ATURAN YANG BENER DASAR PENJILAT PEMERINTAH https://t.co/OFzCRkRCxq",oh kamu tidak bisa ya bantu negara cuci tangan dan gaslighting rakyat you ghoul son of a bitch pasal dalam aturan igrs menyebutkan penerbit boleh secara mandiri melakukan asesmen dan itu yang dilakukan steam makanya koordinasy bikin aturan yang benar dasar penjilat pemerintah,https://x.com/tilehopper/status/2040907752567160845,2026-04-05 21:41:41,0,0.3295,0.0163,2,3,0.0,3,0.6,29,0,0.6338064,0.32200405
0,1096,C_noise_control,-1,0,fareasy96,"@subtly8263 @Alf90596480 @mhuseinali Kan yg salah Steam dlm hal tsb... Klo mau protes ke IGRS soal syarat rating umur sama blokir game berklasifikasi RC jg boleh kok

Coba liat seisi akunku, mana ada buzzer isi tweetnya kyk punyaku😅 Ketikanmu malah yg kyk buzzer. Spam capslock, spam kata kasar, nama akun gk jelas..",kan yang salah steam dlm hal tsb kalau mau protes ke igrs soal syarat rating umur sama blokir game berklasifikasi rc jg boleh kok coba liat seisi akunku mana ada buzzer isi tweetnya seperti punyaku ketikanmu malah yang seperti buzzer spam capslock spam kata kasar nama akun gk jelas,https://x.com/fareasy96/status/2041421180410958299,2026-04-07 07:41:51,0,0.2983,0.0162,3,2,0.0,2,0.4,18,0,0.72809374,0.4105125
0,778,C_noise_control,-1,0,jneejin,igrs is a fuckin clown,igrs is a fuckin clown,https://x.com/jneejin/status/2040783102709318088,2026-04-05 13:26:22,0,1.0,0.0111,0,0,0.0,1,1.0,68,0,0.70864844,0.29724813
0,96,B_cluster_representative,1,0,naufalfauzan,"rating palsu apaan? lebih percaya rating steam lah dari pada igrs, lagian juga bisa-bisanya mau blokir game dengan cara ngasih rating ngasal, aneh",rating palsu apaan lebih percaya rating steam lah dari pada igrs lagian juga bisa bisanya mau blokir game dengan cara ngasih rating ngasal aneh,https://x.com/naufalfauzan/status/2040927513896194459,2026-04-05 23:00:12,0,0.5159,0.0088,0,0,0.0,1,1.0,86,0,0.8645649,0.42008618
0,801,B_cluster_representative,0,0,dieformealice,"igrs kontol, ngentot lo @kemkomdigi",igrs kontol ngentot kamu,https://x.com/dieformealice/status/2040779652785221984,2026-04-05 13:12:39,0,0.7798,0.006,0,0,0.0,1,1.0,68,0,0.93541634,0.35083452
1,546,A_high_confidence_coordinated,1,1,Adiety333,"Sudah ada siaran pers resminya soal IGRS &amp; rating gim di Steam, ada baiknya cek dulu supaya informasinya lebih lengkap:
https://t.co/fyQ8yxJm10",sudah ada siaran pers resminya soal igrs rating game di steam ada baiknya cek dulu supaya informasinya lebih lengkap,https://x.com/Adiety333/status/2040822576076005856,2026-04-05 16:03:13,1,0.5131,0.0139,5,0,0.0,5,0.8333333333333334,116,1,0.93348926,0.43163207
1,490,A_high_confidence_coordinated,1,1,rahayu49384,"https://t.co/6mYW2tgLkA
Buat yang lagi ramai bahas IGRS dan rating gim di Steam, mungkin perlu cek dulu penjelasan resminya biar lebih paham konteksnya. Ada info penting tentang proses dan tujuannya,",buat yang lagi ramai bahas igrs dan rating game di steam mungkin perlu cek dulu penjelasan resminya biar lebih paham konteksnya ada info penting tentang proses dan tujuannya,https://x.com/rahayu49384/status/2040826745990045726,2026-04-05 16:19:47,1,0.5689,0.0168,5,0,0.0,6,1.0,116,1,0.93045616,0.44001496
0,767,C_noise_control,-1,0,tapdibdab,Lagi memantau masalah IGRS 🙂,lagi memantau masalah igrs,https://x.com/tapdibdab/status/2040788909848973696,2026-04-05 13:49:26,0,0.0,0.0,0,0,0.0,1,1.0,68,0,0.73835075,0.38455522
1,475,A_high_confidence_coordinated,1,1,NganjukSun23590,"@junwatu rating IGRS di Steam saat ini masih banyak yang tahap awal (self-declare), jadi belum final. Tujuannya untuk melindungi pemain muda dan menata ekosistem game, jadi wajar kalau di fase awal masih ada yang perlu disesuaikan dan diperjelas bersama.",rating igrs di steam saat ini masih banyak yang tahap awal self declare jadi belum final tujuannya untuk melindungi pemain muda dan menata ekosistem game jadi wajar kalau di fase awal masih ada yang perlu disesuaikan dan diperjelas bersama,https://x.com/NganjukSun23590/status/2040827957527355903,2026-04-05 16:24:36,1,0.8445,0.0287,4,0,0.0,4,0.8,116,1,0.9782401,0.44583264
0,377,C_noise_control,-1,0,neitee,when IGRS fully operated https://t.co/NElZKxAbNR,when igrs fully operated,https://x.com/neitee/status/2040833369093902822,2026-04-05 16:46:06,0,0.2021,0.0003,1,0,0.0,1,0.5,116,0,0.7774706,0.2637978
0,1072,B_cluster_representative,7,0,mencaridaratan,"jadi ya gaperlu direcokin sama IGRS gajelas babi ini, kalo mau keliatan kerja judol aja babi kau komdigi",jadi ya gaperlu direcokin sama igrs gajelas babi ini kalau mau keliatan kerja judol aja babi kau komdigi,https://x.com/mencaridaratan/status/2041444121613926594,2026-04-07 09:13:01,0,0.6022,0.0097,0,0,0.0,2,1.0,17,0,0.89829576,0.21531874
0,718,B_cluster_representative,1,0,bananaefootball,"• Apa itu IGRS??

IGRS = Indonesian Game Rating System (atau Klasifikasi Permainan Interaktif Elektronik / KPIE). 

Ini sistem rating umur resmi buat game digital di Indonesia yang dikelola sama Kementerian Komunikasi dan Digital (Komdigi).",apa itu igrs igrs indonesian game rating system atau klasifikasi permainan interaktif elektronik kpie ini sistem rating umur resmi buat game digital di indonesia yang dikelola sama kementerian komunikasi dan digital komdigi,https://x.com/bananaefootball/status/2040798201129869585,2026-04-05 14:26:22,0,0.7978,0.0187,0,0,0.0,7,1.0,59,0,0.8997122,0.34921408
0,752,C_noise_control,-1,0,kurmiked,@geppienon Pokoknya semua yg defend ulah igrs itu BIJIQ,pokoknya semua yang defend ulah igrs itu bijiq,https://x.com/kurmiked/status/2040790861446095311,2026-04-05 13:57:12,0,0.5499,0.0012,1,0,0.0,1,1.0,68,0,0.5941676,0.2774571
1,527,A_high_confidence_coordinated,1,1,SidikHamdani96,"https://t.co/QqDiuUT0d3

Kalo menurut saya sih rating IGRS di Steam sekarang banyak yang masih data jadi masih belum sepenuhnya valid..",kalau menurut saya sih rating igrs di steam sekarang banyak yang masih data jadi masih belum sepenuhnya valid,https://x.com/SidikHamdani96/status/2040824268280541251,2026-04-05 16:09:56,1,1.0,0.0199,2,0,0.0,3,1.0,116,1,0.9999999,0.40938222
1,309,A_high_confidence_coordinated,1,1,lina_fajri737,"Buat yang butuh referensi soal isu IGRS dan rating di Steam, ini penjelasan resminya sudah dirilis. Mungkin baik dibaca dulu biar informasinya lebih lengkap: https://t.co/4T2jvsG71A…",buat yang butuh referensi soal isu igrs dan rating di steam ini penjelasan resminya sudah dirilis mungkin baik dibaca dulu biar informasinya lebih lengkap,https://x.com/lina_fajri737/status/2040841309402087498,2026-04-05 17:17:39,1,1.0,0.0131,0,0,0.0,1,1.0,74,1,0.9999999,0.40412664
1,451,A_high_confidence_coordinated,1,1,noviarguna72100,"@junwatu Tmpilan rating IGRS di Steam sekarang memang membingungkan bagi banyak orang, namun menekankan bahwa sistemnya sedang dalam masa penyesuaian dan perlu waktu",tmpilan rating igrs di steam sekarang memang membingungkan bagi banyak orang namun menekankan bahwa sistemnya sedang dalam masa penyesuaian dan perlu waktu,https://x.com/noviarguna72100/status/2040829001040859370,2026-04-05 16:28:45,1,0.4437,0.0111,7,0,0.0,6,0.6666666666666666,116,1,0.957374,0.39590287
1,504,A_high_confidence_coordinated,1,1,dh74169970,"@RRDelusi Gemini berkata Rating IGRS di Steam masih data awal/self-declare, belum final. Wajar ada penyesuaian demi ekosistem game sehat &amp; lindungi pemain muda. 
Yuk kawal! 🎮✨",gemini berkata rating igrs di steam masih data awal self declare belum final wajar ada penyesuaian demi ekosistem game sehat lindungi pemain muda yuk kawal,https://x.com/dh74169970/status/2040825267145556139,2026-04-05 16:13:55,1,0.6311,0.0283,3,0,0.0,3,1.0,116,1,0.88042766,0.4410873
0,61,B_cluster_representative,0,0,feliscxtus,igrs malu2in banget wei 😭,igrs malu in banget wei,https://x.com/feliscxtus/status/2040932381247652056,2026-04-05 23:19:33,0,0.7725,0.0059,0,0,0.0,1,1.0,86,0,0.9216746,0.2589751
0,907,C_noise_control,-1,0,cookiesmaungga,"Indo gebrakannya selalu ada aja emg, fr dah IGRS mah ""Ini gw rating sendiri"" tai",indo gebrakannya selalu ada aja emg fr dah igrs mah ini saya rating sendiri tai,https://x.com/cookiesmaungga/status/2041582339885777369,2026-04-07 18:22:15,0,0.4349,0.0093,0,0,0.0,1,1.0,1,0,0.7077185,0.3045723
1,499,A_high_confidence_coordinated,1,1,Ranti130920,"@kukuhya Sebenarnya IGRS di Steam sekarang banyak yang masih data awal/selfdeclare dan belum final,serta melindungi pemain muda, dari ekosistem yg bermasalah ,kerja komdigi udh tepat itu",sebenarnya igrs di steam sekarang banyak yang masih data awal self declare dan belum final serta melindungi pemain muda dari ekosistem yang bermasalah kerja komdigi sudah tepat itu,https://x.com/Ranti130920/status/2040825631508967442,2026-04-05 16:15:21,1,0.6666,0.034,3,0,0.0,3,0.75,116,1,0.9210035,0.41467866
