"conversation_id_str","created_at","favorite_count","full_text","id_str","image_url","in_reply_to_screen_name","lang","location","quote_count","reply_count","retweet_count","tweet_url","user_id_str","username"
"2041415854383133089","2026-04-07T23:49:18.000Z","0","@ACOUPPolice @Uppolice ऐंनपुर सरैया वीरान धनपत गंज के जो लेखपाल है उनके पास जादुई कलम है। शिकायत करने के,1 दिन पहले एडवांस में रिपोर्ट दे देते है। IGRS ki jिसके साक्ष्य मौजूद है।","2041664645782761606","","ACOUPPolice","hi","","0","0","0","https://x.com/Dharmen2008/status/2041664645782761606","541469440","Dharmen2008"
"2041661562835104098","2026-04-07T23:37:03.000Z","0","Untuk mengisi kegabutan, mari kita kemas ulang data IGRS https://t.co/g2CIhUzEen https://t.co/GOD1UnZ3Gq","2041661562835104098","https://pbs.twimg.com/media/HFVwV5xbYAAXHpJ.jpg","","in","","0","0","1","https://x.com/melekmedia/status/2041661562835104098","146060482","melekmedia"
"2041659785469423684","2026-04-07T23:29:59.000Z","1","Ini cuma gua, atau telkomsel juga ikutan nge-block game karena IGRS juga kah?

Udah lebih dari 2 hari ga bisa log-in Umamusume lewat HP 😩 https://t.co/g8A8kLNRoS","2041659785469423684","https://pbs.twimg.com/media/HFVuwMCaoAA2GZH.jpg","","in","","0","2","0","https://x.com/Arachnic_/status/2041659785469423684","1513946848020807680","Arachnic_"
"2041659085414953153","2026-04-07T23:27:12.000Z","0","IGRS gak akan jadi masalah kalo yang menaungi itu bukan PEMERINTAH","2041659085414953153","","","in","","0","0","0","https://x.com/HollowMelody_1/status/2041659085414953153","1488401452213026816","HollowMelody_1"
"2040637611753320857","2026-04-07T23:26:36.000Z","0","@emyr_za1 what do you think about IGRS @grok","2041658931660124350","","emyr_za1","en","","0","1","0","https://x.com/wongkongenekok/status/2041658931660124350","1697800634341466112","wongkongenekok"
"2041652988868202936","2026-04-07T23:24:17.000Z","0","@RWWReborn Kayak masalah IGRS sama steam jadinya...wakakakak.","2041658348559536481","","RWWReborn","in","","0","0","0","https://x.com/bayoeoe/status/2041658348559536481","349551279","bayoeoe"
"2038681625631007151","2026-04-07T23:23:09.000Z","0","@Steam WOII HAPUS IGRS BANG SAT(RIO)","2041658063854432559","","Steam","in","","0","0","0","https://x.com/wongkongenekok/status/2041658063854432559","1697800634341466112","wongkongenekok"
"2041531585733025928","2026-04-07T23:21:34.000Z","37","@TheGameVerse the funny part is, a few days ago Komdigi (Ministry of Digital &amp; Communication) asked Steam to provide official clarification regarding IGRS. what a retarded ministry 🥀","2041657666632900791","","TheGameVerse","en","","0","1","1","https://x.com/LXVCXXXLIXLVI/status/2041657666632900791","1666660315856248833","LXVCXXXLIXLVI"
"2041651434723381613","2026-04-07T22:56:48.000Z","0","jujur aja ya, narasi ‘gamer itu maniak’ tuh udah ketinggalan banget. sekarang yang lagi ribut itu bukan soal kecanduan game, tapi soal sistem IGRS yang kacau, ratingnya banyak yang ga masuk akal. verifikasi ga jelas, bahkan pemerintah sendiri bilang belum final. tapi yang kena","2041651434723381613","","","in","","0","1","0","https://x.com/b3rsetubuh/status/2041651434723381613","1581465605835587585","b3rsetubuh"
"2041353677496254495","2026-04-07T22:55:06.000Z","0","@ferrykoto Betul saya setuju game membuat kecanduan dan mempengaruhi perilaku anak. Tapi paham gak pak kalau rating IGRS di Steam ini gak efektif? Baca data lagi sih pak saran saya, anak anak jaman sekarang main game di PLATFORM mana aja, sehingga lebih tepat sasaran.","2041651007911030949","","ferrykoto","in","","0","1","0","https://x.com/dvtrhx/status/2041651007911030949","1060584787214163969","dvtrhx"
"2041650215334342917","2026-04-07T22:51:58.000Z","1","Ini kira-kira Anies lagi mau main game apa ya? Tapi gak bisa gara-gara IGRS (?)","2041650215334342917","","","in","","0","1","0","https://x.com/ashaabull/status/2041650215334342917","1073866854899212288","ashaabull"
"2041120779757400168","2026-04-07T22:31:19.000Z","0","@Analyst_V2 Lagian aneh bgt penilaian IGRS, game bkp kok 3+🗿","2041645022546931747","","Analyst_V2","in","","0","1","0","https://x.com/Segagoreng1107/status/2041645022546931747","399574930","Segagoreng1107"
"2041636278257775066","2026-04-07T21:56:35.000Z","3","and this law is not about children please its a excuse to a control censorship and mass surveillance so we use id face scan for age verification to prove we are over 16 18 which cause data leak.look at igrs a h3nt41 game rated as 3+ while some friendly game rated 18+ on steam. https://t.co/7RMnLJ5ofK","2041636278257775066","https://pbs.twimg.com/media/HFVZXlWa8AAg-cI.jpg","","en","","0","1","1","https://x.com/Rafi09210/status/2041636278257775066","1907800778435440640","Rafi09210"
"2041457466748375381","2026-04-07T21:14:06.000Z","1","@onnowpurbo Pak game bokep malah di rating SU. Dan game bertani malah 18+. Akuin aja orang2 dibalik IGRS adalah orang generasi tua yang gak tahu menahu masalah game. Padahal ngerating sesuatu itu harus dicoba dulu. Film aja di tonton. Masa game kagak dimaenin?","2041625586502922634","","onnowpurbo","in","","0","0","0","https://x.com/TarantikaA93671/status/2041625586502922634","1992122807770378240","TarantikaA93671"
"2041459753201590319","2026-04-07T21:11:29.000Z","2","@RampurDm श्रीमान IGRS की #फर्जी_रिपोर्ट लगाने वाले #कर्मचारियों  पर भी कार्रवाई  होनी चाहिए @myogioffice जी आदेश पर भी प्रशासन को गुमराह कर #फर्जीदस्तावेज तैयार करने वाले #हिदायत_नबी पर @MyGov_UP @UPGovt @dgpup @Uppolice  FIR  करने से क्यों बच रहे हैं #योगीजी आदेशो का घोर उलंघन है https://t.co/s5PY5i1F05","2041624929750380901","https://pbs.twimg.com/media/HFVO82YbQAAmbVA.jpg","RampurDm","hi","","0","0","2","https://x.com/NabiTurki/status/2041624929750380901","1573292934224842752","NabiTurki"
"2041397931870478709","2026-04-07T21:05:45.000Z","0","@RampurDm श्रीमान IGRS की #फर्जी_रिपोर्ट लगाने वाले #कर्मचारियों  पर भी कार्रवाई  होनी चाहिए @myogioffice जी आदेश पर भी प्रशासन को गुमराह कर #फर्जीदस्तावेज तैयार करने वाले #हिदायत_नबी पर @MyGov_UP @UPGovt @dgpup @Uppolice  FIR  करने से क्यों बच रहे हैं #योगीजी आदेशो का घोर उलंघन है","2041623487387988465","","RampurDm","hi","","0","0","0","https://x.com/NabiTurki/status/2041623487387988465","1573292934224842752","NabiTurki"
"2041623311197892789","2026-04-07T21:05:03.000Z","0","श्रीमान IGRS की #फर्जी_रिपोर्ट लगाने वाले #कर्मचारियों  पर भी कार्रवाई  होनी चाहिए @myogioffice जी आदेश पर भी प्रशासन को गुमराह कर #फर्जीदस्तावेज तैयार करने वाले #हिदायत_नबी पर @MyGov_UP @UPGovt @dgpup @Uppolice  FIR  करने से क्यों बच रहे हैं #योगीजी आदेशो का घोर उलंघन है","2041623311197892789","","","hi","","0","0","0","https://x.com/NabiTurki/status/2041623311197892789","1573292934224842752","NabiTurki"
"2041492716010487997","2026-04-07T21:03:13.000Z","1","@RampurDm श्रीमान IGRS की #फर्जी_रिपोर्ट लगाने वाले #कर्मचारियों  पर भी कार्रवाई  होनी चाहिए @myogioffice जी आदेश पर भी प्रशासन को गुमराह कर #फर्जीदस्तावेज तैयार करने वाले #हिदायत_नबी पर @MyGov_UP @UPGovt @dgpup @Uppolice  FIR  करने से क्यों बच रहे हैं #योगीजी आदेशो का घोर उलंघन है https://t.co/2v6RLjDQg0","2041622848956199136","https://pbs.twimg.com/media/HFVNIuka8AM6hYq.jpg","RampurDm","hi","","0","0","1","https://x.com/NabiTurki/status/2041622848956199136","1573292934224842752","NabiTurki"
"2041459753201590319","2026-04-07T20:34:25.000Z","3","@RampurDm @CMOfficeUP @MyGov_UP @UPGovt @ChiefSecyUP @RampurDm  महोदय आपके #तहसील_स्वार में IGRS की अधिकारी #फर्जी_रिपोर्ट लगा रहे हैं इन पर भी #कार्रवाई कर दीजिए कोर्ट चले जाओ यह कह देना जनता के लिए आपको शोभा नहीं देता आप भी जन्ता के सेबक हो please action 🙏 @SPD_DEORIA @Ramji6077865456 https://t.co/5Rf0RJvwIA","2041615601945473124","https://pbs.twimg.com/media/HFVGU6waYAABGGJ.jpg","RampurDm","hi","","0","0","1","https://x.com/NabiTurki/status/2041615601945473124","1573292934224842752","NabiTurki"
"2041457466748375381","2026-04-07T20:08:49.000Z","1","@onnowpurbo jangan ngelawak, market steam di indonesia itu cuma seupil, mereka gak ngaruh kalo kita ga ada, kita sekarang udah mulai dilirik gamegame bikin showcase di sini aja udah bagus pake ada acara IGRS gak penting gini.","2041609160752504981","","onnowpurbo","in","","0","0","0","https://x.com/gusaaarrr/status/2041609160752504981","1832962882327441408","gusaaarrr"
"2041120779757400168","2026-04-07T20:06:09.000Z","0","@ZonaKitten @Analyst_V2 Komdigi (Kementerian Komunikasi dan Digital Indonesia) baru-baru ini klarifikasi soal label rating IGRS (Indonesia Game Rating System) yang muncul di Steam. Ternyata, rating itu bukan resmi dari pemerintah, melainkan hasil self-declare publisher yang belum terverifikasi dan belum","2041608490175635909","","ZonaKitten","in","","0","0","1","https://x.com/grok/status/2041608490175635909","1720665183188922368","grok"
"2041597037972746512","2026-04-07T19:20:39.000Z","0","IGRS 3+ nya ga ada yah","2041597037972746512","","","in","","0","0","0","https://x.com/kopisusu73/status/2041597037972746512","1160951515172896768","kopisusu73"
"2041456220075409706","2026-04-07T19:14:07.000Z","1","@bstvlive @mirzapurpolice अब तक , जनपद मिर्जापुर में! समस्त विभागों ने ,जितने भी IGRS की शिकायतों का निस्तारण समाधान सुनिश्चित योजना में रिपोर्ट लगा कर , शिकायतों का निस्तारण समाधान कर दिया है! अगर उन सब की निष्पक्ष स्वतंत्र जांच सुनिश्चित हो तो ,९८% फर्जी निस्तारण समाधान सुनिश्चित निकलेगा 🤔⁉️","2041595393172250807","","bstvlive","hi","","0","0","0","https://x.com/sanjaypatijp/status/2041595393172250807","625357632","sanjaypatijp"
"2041595281360482425","2026-04-07T19:13:40.000Z","1","हम इस ""गोल-मोल"" जवाब को कतई स्वीकार नहीं करेंगे।

​@dm_ghaziabad @UPGovt @ChiefSecyUP @PavitraKNR 

नगर पालिका प्रशासन जवाब दे!

​#Khoda #Ghaziabad #Corruption #PublicSafety #UttarPradesh #IGRS #NagarPalikaKhoda #BhartiyaAamJanSeva","2041595281360482425","","","hi","","0","0","0","https://x.com/shyam3_sunder/status/2041595281360482425","713746808674066433","shyam3_sunder"
"2041594641603293280","2026-04-07T19:11:08.000Z","1","खोड़ा नगर पालिका का ""अजीबोगरीब"" कारनामा! 😡

​जनता टैक्स भरती है ब्रांडेड और सुरक्षित MCB के लिए, लेकिन जमीन पर लगाए जा रहे हैं सस्ते और लोकल स्विच। जब इसकी शिकायत की गई (IGRS संख्या: 40014026016041), तो अवर अभियंता (JE) नवनीत गुप्ता जी का जवाब और भी चौंकाने वाला है! https://t.co/OPVBUoJRfg","2041594641603293280","https://pbs.twimg.com/media/HFUzf42boAA8BsW.jpg","","hi","","1","1","0","https://x.com/shyam3_sunder/status/2041594641603293280","713746808674066433","shyam3_sunder"
"2041591138830971217","2026-04-07T19:04:24.000Z","0","@onnowpurbo Tujuannya ya dua hal, menekan developer/publisher (ini potensi cuan pasif yang memungkinkan ada aspek yang diatur di bawah meja) juga menekan player. IGRS bisa digunakan mengontrol dua hal itu, berarti masuk ke fase selanjutnya untuk membatasi gerak opini dalam platform.","2041592946416611769","","Ioroiisme","in","","0","1","0","https://x.com/Ioroiisme/status/2041592946416611769","1456857857186361356","Ioroiisme"
"2041591138830971217","2026-04-07T19:02:06.000Z","0","@onnowpurbo Siapa yang rugi dari adanya IGRS? Ya mayoritas komunitas dan player yang gak sampai 1.5 juta tadi. KOMDONGO ini bukan cuma mau bikin panduan rating usia, tapi juga mau punya hak untuk mengontrol secara penuh semua konten yang ada di-game,","2041592367703310340","","Ioroiisme","in","","0","1","0","https://x.com/Ioroiisme/status/2041592367703310340","1456857857186361356","Ioroiisme"
"2041587919887143032","2026-04-07T18:44:25.000Z","4","समन्वित शिकायत निवारण प्रणाली (IGRS) के अन्तर्गत #SPLalitpur @IPSMdMustaque के निर्देशन में जनपद में जनशिकायतों के निस्तारण में प्रदेश के समस्त थानों की रैकिंग में ललितपुर पुलिस के 14 थानों को मिला प्रथम स्थान । https://t.co/BWsaBdKc2f","2041587919887143032","https://pbs.twimg.com/media/HFUtZL5a0AAMkve.jpg","","hi","","0","0","3","https://x.com/lalitpurpolice/status/2041587919887143032","1474255698","lalitpurpolice"
"2041587765989831106","2026-04-07T18:43:48.000Z","0","9 फरवरी 2026 तक 3765 रु बिल जमा करना शेष था लेकिन 2 दिन बाद 12260 रु गलत बिल आ गया 1 माह पहले मीटर भी बदला जा चुका है 200 ट्वीट, 1912 पर बीस बार कॉल, IGRS सब जगह शिकायत करने के बाद कार्यवाही शून्य @UPPCLLKO @MVVNLHQ द्वारा फर्जी/झूठी आख्या लगा दी जा रही है मो 6393767364 https://t.co/r4yUA2RVn9","2041587765989831106","https://pbs.twimg.com/media/HFUtPDsa8AMK8nm.jpg","","hi","","0","1","0","https://x.com/Aadi1635890/status/2041587765989831106","1910238210627940352","Aadi1635890"
"2041584032576893137","2026-04-07T18:28:58.000Z","4","open vcs cs tele wa di bio
1 usd malam tirta andra igrs dadan
#vcscrottt https://t.co/dzpZTCX5KW","2041584032576893137","https://pbs.twimg.com/media/HFUp2pZa8AUR12a.jpg","","in","","0","2","4","https://x.com/foyrestl/status/2041584032576893137","1942805661840203777","foyrestl"
"2041582339885777369","2026-04-07T18:22:15.000Z","0","Indo gebrakannya selalu ada aja emg, fr dah IGRS mah ""Ini gw rating sendiri"" tai","2041582339885777369","","","in","","0","0","0","https://x.com/cookiesmaungga/status/2041582339885777369","1529475718605746176","cookiesmaungga"
"2041577937724637411","2026-04-07T18:04:46.000Z","1","Berikut daftar negara yang sudah diizinkan Iran melewati Selat Hormuz:

1. China
2. Thailand
3. Malaysia
4. Jepang
5. Irak
6. Filipina
7. Pakistan
8. India
9. Bangladesh
10. Turki
11. Oman
12. Rusia
((Malam, Senin, Dadan,, Tirta, IGRS, Andra, Sena))","2041577940769796251","","YudhaShanny2","in","","0","0","0","https://x.com/YudhaShanny2/status/2041577940769796251","1244292531090624512","YudhaShanny2"
"2041577937724637411","2026-04-07T18:04:45.000Z","0","Mr Presiden @prabowo, Bagaimana Nasib dua kapal tanker milik PT Pertamina (Persero)—yakni Pertamina Pride dan Gamsunoro — yang terjebak di kawasan konflik tersebut. 

[ DIPLOMASI TANPA TAJI ]

((Senin, Malam, Dadan, Tirta, IGRS, Andra, Sena))
https://t.co/D7Japd1h50 https://t.co/dJG3NcL789","2041577937724637411","https://pbs.twimg.com/media/HFUkUNIaYAAqNPN.jpg","","in","","0","1","0","https://x.com/YudhaShanny2/status/2041577937724637411","1244292531090624512","YudhaShanny2"
"2041575632178704478","2026-04-07T17:55:36.000Z","4","open vcs cs pap tele wa di bio

dadan andra 1 usd malam igrs tirta tidur
#vcscrottt https://t.co/Hth11QQyjb","2041575632178704478","https://pbs.twimg.com/media/HFUiNnwacAAOi1Q.jpg","","in","","0","3","4","https://x.com/foyrestl/status/2041575632178704478","1942805661840203777","foyrestl"
"2040864203540463815","2026-04-07T17:52:55.000Z","0","@haetenai @animetrends 理由はもっともらしく聞こえるかもしれないが、IGRSの設立は実際にはインドネシアのゲーム産業の発展ではなく、インドネシアの政治的利益のみを目的としている。私がそう言うのは、私がインドネシア人だからです。私たちは、国に害を及ぼす腐敗した役人と頻繁に衝突します。","2041574958615425244","","haetenai","ja","","0","0","0","https://x.com/kirayamineos24/status/2041574958615425244","1497765998459768833","kirayamineos24"
"2041573694217318586","2026-04-07T17:47:53.000Z","2","#JhansiPolice  प्रदेश स्तरीय IGRS निस्तारण रैंकिंग में जनपद झाँसी एवं जनपद के समस्त 25/26 थानो को लगातार मार्च माह में भी प्रथम-स्थान प्राप्त हुआ। https://t.co/kj8PTkwDr7","2041573694217318586","https://pbs.twimg.com/media/HFUgWfia8AEIlVb.png","","hi","","0","1","2","https://x.com/jhansipolice/status/2041573694217318586","1471554966","jhansipolice"
"2041573174492721455","2026-04-07T17:45:50.000Z","0","当然のことだ。IGRSの職員は金に目がくらんだ無能な祖父ばかりなのだから！😊💢
もっと正確に言うと、批判されることを嫌い、責任を取ろうとしない腐敗した政治家たちだ！ 😊💢
実際、彼らはファミリー向けゲームとヘンタイゲームの区別すらつかない！真面目な仕事よりも金儲けを優先するんだ！ 😠💢","2041573174492721455","","","ja","","0","1","0","https://x.com/kirayamineos24/status/2041573174492721455","1497765998459768833","kirayamineos24"
"2041572100562153574","2026-04-07T17:41:34.000Z","3","kakek Metal Slug Mamang Gufron Nge Notice 
roastingan Nonis kocak

Andra Tidur Tirta 
Dadan IGRS sena
Malam https://t.co/nGjdXFjUg9","2041572100562153574","https://pbs.twimg.com/ext_tw_video_thumb/2041572039333703682/pu/img/kcv0pwRFEuTGzplj.jpg","","in","","0","0","0","https://x.com/hitsviraltv/status/2041572100562153574","1591444644537110529","hitsviraltv"
"2041570725199577452","2026-04-07T17:36:06.000Z","0","महराजगं
SP शक्ति मोहन अवस्थी ने पदभार ग्रहण करते ही चलाया जादुई छड़ी
महराजगंज पुलिस ने टॉप किया प्रदेश
IGRS निस्तारण में मार्च माह की रैंकिंग में 
जनपद के सभी थानों ने भी प्रदेश में लहराया परचम
SP के नेतृत्व में महराजगंज पुलिस के लिए गौरव का क्षण
@maharajganjpol https://t.co/VXUEdGsozP","2041570725199577452","https://pbs.twimg.com/media/HFUdv85a8AIfVjk.jpg","","hi","","0","1","0","https://x.com/AajKiBatkahi/status/2041570725199577452","1973432783415709696","AajKiBatkahi"
"2041570525676552416","2026-04-07T17:35:18.000Z","2","जन शिकायतों के निस्तारण (IGRS) में बरेली पुलिस ने लगातार चौथी बार प्रथम स्थान प्राप्त किया।
#UPPolice https://t.co/d7oqHOcYCP","2041570525676552416","https://pbs.twimg.com/media/HFUdaiWa8AMP3yx.jpg","","hi","","0","0","1","https://x.com/bareillypolice/status/2041570525676552416","1479774662","bareillypolice"
"2041570375579087040","2026-04-07T17:34:42.000Z","4","open vcs cs tele wa di bio
andra tirta malam dadan igrs tidur dogiyai #vcscrottt https://t.co/Tw0oaTXn3d","2041570375579087040","https://pbs.twimg.com/media/HFUdbhEa8AMMvl-.jpg","","in","","0","6","4","https://x.com/foyrestl/status/2041570375579087040","1942805661840203777","foyrestl"
"2041567111693398349","2026-04-07T17:21:44.000Z","1","wtf roblox juga pake igrs 💀

baru ngeh.

bjir. https://t.co/L2nbXlaNPL","2041567111693398349","https://pbs.twimg.com/media/HFUaeBga8AEP78j.jpg","","in","","0","1","0","https://x.com/oscartotango/status/2041567111693398349","77412879","oscartotango"
"2041566327031398672","2026-04-07T17:18:37.000Z","4","open vcs cs tele wa di bio
voucher bonus malam tirta igrs dogiyai andra nabire kemampuan
#vcscrottt https://t.co/9ewoQhReUz","2041566327031398672","https://pbs.twimg.com/media/HFUZv5ua8AIi63R.jpg","","in","","0","7","4","https://x.com/foyrestl/status/2041566327031398672","1942805661840203777","foyrestl"
"2041565354754023679","2026-04-07T17:14:45.000Z","0","Saya setuju dengan statemen kecanduan game ini, tapi ga ada kaitan mas sama rating, apalagi IGRS. Game online di rating pun orang tua masih pada ngasih anaknya gadget, ga peduli di install apa. Makanya perlu pengawasan juga dari orang tuanya, jangan semata-mata nyalahin gamenya","2041565354754023679","","","in","","0","0","0","https://x.com/hydarnus/status/2041565354754023679","1908112280849666048","hydarnus"
"2041064580450021638","2026-04-07T17:09:38.000Z","0","@ferrykoto @rarafsanjani_ @aryankushh @aniesbaswedan Argumen basi jir “nDaK aDa KaTa StEaM” tolol. Konteks IGRS aja di Steam, game PC.","2041564068029534393","","ferrykoto","in","","0","0","0","https://x.com/8issleekest/status/2041564068029534393","494732991","8issleekest"
"2041564065034858608","2026-04-07T17:09:38.000Z","1","📍महराजगंज पुलिस के लिए गौरव का क्षण
📍समयबद्ध तरीके से मामलों का निपटारा कर महराजगंज पुलिस ने जनता का जीता भरोसा
📍प्रदेश में अव्वल स्थान आने पर पर SP ने समस्त SHO/SO को 1000 - 1000 व IGRS निस्तारण पुलिस कर्मियों को 500 - 500 रुपये की नगद प्रोत्साहन राशि वितरण का दिया निर्देश।","2041564067710824675","","UptvSamachar","hi","","0","0","1","https://x.com/UptvSamachar/status/2041564067710824675","1273315208052629504","UptvSamachar"
"2041564065034858608","2026-04-07T17:09:38.000Z","3","ब्रेकिंग || महराजगंज
📍SP शक्ति मोहन अवस्थी ने पदभार ग्रहण करते ही चलाया जादुई छड़ी
📍IGRS निस्तारण में मार्च माह की रैंकिंग में महराजगंज पुलिस ने टॉप किया प्रदेश
📍जनपद के सभी थानों ने भी प्रदेश में लहराया परचम, उत्कृष्ट प्रदर्शन में प्रथम स्थाम
1/2
#Maharajganj @maharajganjpol https://t.co/vCZKc0Le4A","2041564065034858608","https://pbs.twimg.com/media/HFUXsVba8AMpRRl.jpg","","hi","","0","1","1","https://x.com/UptvSamachar/status/2041564065034858608","1273315208052629504","UptvSamachar"
"2041472634094018686","2026-04-07T17:07:37.000Z","0","@mog_mediaa padahal daripada IGRS, kita lebih butuh edukasi mental guna menghadapi skena kompetitif di game. baik buat bocil, maupun yang udah gede","2041563557691891915","","mog_mediaa","in","","0","0","0","https://x.com/aryankushh/status/2041563557691891915","528202228","aryankushh"
"2041064580450021638","2026-04-07T17:01:45.000Z","0","@Bram_no3 @fuckchmstry @ferrykoto @aniesbaswedan Ha? Sejak kapan? Gamehouse mah PC dlu kocak lu. Gw sama sekali ga ada ngomong game mobile, gw stay on topic IGRS, Steam, dan bacotan berapa lama gw main. Jan lempar kesalahan lu.","2041562084258017673","","Bram_no3","in","","0","0","0","https://x.com/harist_ixcents/status/2041562084258017673","778261480047190016","harist_ixcents"
"2041561988791464291","2026-04-07T17:01:23.000Z","0","Cok ini IGRS buat nutupin bgn beli 25.000 Motor listrik kh????? FKN STUPID, FKN STUPID ITS NOT EVEN ""MOTORCYCLE DELIVERY"" DAWGGG... https://t.co/WSfMpEvtB3","2041561988791464291","https://pbs.twimg.com/media/HFUVg48aoAAjbG3.jpg","","en","","0","0","0","https://x.com/Gif_Said/status/2041561988791464291","1542887551723196416","Gif_Said"
"2041551221044162835","2026-04-07T16:55:03.000Z","1","@CMOfficeUP @myogiadityanath @CMHelpline1076 बंद कर देना चाहिए IGRS और PMO का कंप्लैन सिस्टम जब जनता को धोख़ा ही देना है @BJP4India के बेशर्म सरकारों से -40019526008783, 60000260049631,60000260027329 और 20 से उपर Twitter कंप्लैन @myogiadityanath हिंदू धर्म के नाम पर वोट लो फिर उनको लूटो यही रामराज्य हैं?? https://t.co/dQRZhSadL7","2041560395484475467","https://pbs.twimg.com/media/HFUUWKva0AA9c14.jpg","CMOfficeUP","hi","","0","0","1","https://x.com/ajayrajsahil/status/2041560395484475467","111023313","ajayrajsahil"
"2041353677496254495","2026-04-07T16:52:09.000Z","0","@ferrykoto Orang gatau apa² soal game dan komunitasnya tapi sotoy seakan² paling tau. Modal riset sejam dua jam doang kok menggurui orang yg emsng ada di dalam ekosistem komunitas tsb bertahun². Gamers Indo itu tidak anti IGRS sebagai age classification, tapi anti pemblokiran konten game.","2041559667487469898","","ferrykoto","in","","0","0","0","https://x.com/SylentSevenstar/status/2041559667487469898","1090560775947575296","SylentSevenstar"
"2041559143132361094","2026-04-07T16:50:04.000Z","0","gegara ulah kemkominfo, igrs, ini fandom hoyo ribut lagi perkara mana yg lbh dark storynya zzz apa genshin lmao

yawlahhh","2041559143132361094","","","in","","0","0","0","https://x.com/386_hana/status/2041559143132361094","3218927936","386_hana"
"2041428042439102914","2026-04-07T16:49:04.000Z","1","@vipinshukla86 @UPGovt @CMOfficeUP @DM_Bhadohi अगर शासन सच में जनता के प्रति समर्पित होता, तो 8 महीने से खराब पड़े बोर को लेकर सिर्फ आश्वासन नहीं, काम दिखता।
IGRS में 2 महीने का वादा और 15 दिन में भी कोई कार्रवाई नहीं, क्या यही जवाबदेही है?
जनता को पानी जैसी मूलभूत जरूरत के लिए कब तक इंतजार करना पड़ेगा?","2041558890941464621","","vipinshukla86","hi","","0","1","0","https://x.com/ashishyadav1507/status/2041558890941464621","1244058658637410304","ashishyadav1507"
"2041557757925716093","2026-04-07T16:44:34.000Z","1","एसडीएम नानपारा मोनालिसा जौहरी की मेहनत फिर लाई रंग

*मार्च माह में IGRS निस्तारण में जिले में तहसील नानपारा ने पाया प्रथम स्थान
मो.8808856415
पत्रकार अंकित मेहरोत्रा बहराइच,, https://t.co/ZjGdP3rvQW","2041557757925716093","https://pbs.twimg.com/media/HFUR9ifaMAAWnzF.jpg","","hi","","0","0","0","https://x.com/Ankitmehro50313/status/2041557757925716093","2030632687288143872","Ankitmehro50313"
"2041460387502010543","2026-04-07T16:44:34.000Z","0","@tilehopper Agree to disagree aja.

Poin gua adalah Steam bukan partner resmi IARC karena ya emang gak ada source soal itu, form yang dibikin semirip mungkin, mungkin cara supaya diakui USK dll.

Ada beberapa poin lu yg kayaknya gak faktual, tapi it's okay. Kita sama2 gak setuju sama IGRS.","2041557756776477040","","tilehopper","in","","0","0","0","https://x.com/_hendrasusanto/status/2041557756776477040","25480266","_hendrasusanto"
"2041503934733525093","2026-04-07T16:44:01.000Z","4","@myogiadityanath @CMHelpline1076 बंद कर देना चाहिए IGRS और PMO का कंप्लैन सिस्टम जब जनता को धोख़ा ही देना है @BJP4India के बेशर्म सरकारों से -40019526008783, 60000260049631,60000260027329 और 20 से उपर Twitter कंप्लैन @myogiadityanath हिंदू धर्म के नाम पर वोट लो फिर उनको लूटो यही रामराज्य हैं?? https://t.co/5Io5wKT7pH","2041557618343473196","https://pbs.twimg.com/media/HFUR0r-akAAduK4.jpg","myogiadityanath","hi","","0","0","1","https://x.com/ajayrajsahil/status/2041557618343473196","111023313","ajayrajsahil"
"2041428042439102914","2026-04-07T16:43:09.000Z","1","• 8 महीने से खराब पड़ा बोर,
• IGRS में 2 महीने का वादा,
और 15 दिन बाद भी जमीन पर सन्नाटा।
क्या जल जीवन मिशन सिर्फ कागजों तक सीमित है?
ग्राम सभा पट्टी बेजांव के लोग आज भी पानी के लिए परेशान हैं ,
आखिर जिम्मेदार कौन?
@UPGovt @CMOfficeUP @DM_Bhadohi 
👉 अब जवाब और कार्रवाई दोनों","2041557403280556176","","ashishyadav1507","hi","","0","1","1","https://x.com/ashishyadav1507/status/2041557403280556176","1244058658637410304","ashishyadav1507"
"2041540039956685022","2026-04-07T16:38:13.000Z","8","@myogiadityanath @CMHelpline1076 बंद कर देना चाहिए IGRS और PMO का कंप्लैन सिस्टम जब जनता को धोख़ा ही देना है @BJP4India के बेशर्म सरकारों से -40019526008783, 60000260049631,60000260027329 और 20 से उपर Twitter कंप्लैन @myogiadityanath हिंदू धर्म के नाम पर वोट लो फिर उनको लूटो यही रामराज्य हैं?? https://t.co/s9WLxptU5h","2041556162177618259","https://pbs.twimg.com/media/HFUQf_iakAAD6Ey.jpg","myogiadityanath","hi","","0","0","4","https://x.com/ajayrajsahil/status/2041556162177618259","111023313","ajayrajsahil"
"2041554679298224327","2026-04-07T16:32:20.000Z","0","@dmjhansi1 लेखपाल ने गलत रिपोर्ट लगा कर igrs 40016626006080 शिकायत को बंद किया पट्टी कुम्हर्रा मोठ झांसी https://t.co/MwrDHWafpG","2041554679298224327","https://pbs.twimg.com/media/HFUPJ6ca8AAKRo_.jpg","dmjhansi1","hi","","0","0","0","https://x.com/Dharmen62409429/status/2041554679298224327","1412794103520137225","Dharmen62409429"
"2041553958477668852","2026-04-07T16:29:28.000Z","3","#Aligarh । #AligarhPolice 
वरिष्ठ पुलिस अधीक्षक के निर्देशन में माह मार्च – 2026 में समन्वित शिकायत निवारण प्रणाली – जनसुनवाई पोर्टल (IGRS) पर प्राप्त जनशिकायतों के निस्तारण में जनपद अलीगढ़ व जनपद के 20 थानों को प्रदेश स्तर पर प्राप्त हुआ #प्रथम_स्थान https://t.co/21XxbixxgR","2041553958477668852","https://pbs.twimg.com/media/HFUOTIlbMAACTiP.png","","hi","","0","2","0","https://x.com/aligarhpolice/status/2041553958477668852","736460712529121280","aligarhpolice"
"2041553660879220949","2026-04-07T16:28:17.000Z","0","@dmjhansi1 सर जी आपके यहां लेखपाल गलत रिपोर्ट लगाकर lgrs की कंप्लेंट क्लोज कर रहे है किसान परेशान हो रहा है उसकी फॉर्मर रजिस्ट्री नहीं हो पा रही है लेखपाल पट्टी कुम्हर्रा मोठ झांसी। Igrs 40016626006080 नाम आधार अनुसार खतौनी में नहीं किया रिपोर्ट लगा दी नाम सही हो गया https://t.co/bdG2ivJArF","2041553660879220949","https://pbs.twimg.com/media/HFUOOlEagAA41H6.jpg","dmjhansi1","hi","","0","0","0","https://x.com/Dharmen62409429/status/2041553660879220949","1412794103520137225","Dharmen62409429"
"2041552837281468591","2026-04-07T16:25:01.000Z","0","Gua mau bahas IGRS lupa terus, tidur dulu ngabruk","2041552837281468591","","","in","","0","0","0","https://x.com/aresterisk/status/2041552837281468591","724003459419136001","aresterisk"
"2041551487839658426","2026-04-07T16:19:39.000Z","3","#lko_police_on_duty
 @DCPWEST1 द्वारा मासिक क्राइम मीटिंग में लंबित विवेचनाओं, IGRS व साइबर शिकायतों के त्वरित व गुणवत्तापूर्ण निस्तारण, प्रभावी गश्त/बीट व्यवस्था सुदृढ़ करने तथा महिला हेल्प डेस्क की समीक्षा कर संवेदनशील मामलों में शीघ्र कार्रवाई के निर्देश दिए गए। @lkopolice https://t.co/VYPaJjjO1O","2041551487839658426","https://pbs.twimg.com/media/HFUMP7ibIAAmm6t.jpg","","hi","","0","1","1","https://x.com/DCPWEST1/status/2041551487839658426","1218926229157486592","DCPWEST1"
"2041551204011184611","2026-04-07T16:18:31.000Z","0","Polemik Rating Game di Steam, Komdigi Selidiki Kejanggalan IGRS dan Libatkan Industri
https://t.co/r5Z1ATsBE6","2041551204011184611","","","in","","0","0","0","https://x.com/jawapos/status/2041551204011184611","2392460208","jawapos"
"2041549145329287257","2026-04-07T16:10:21.000Z","0","Twitter aka X is my ""lowkey"" app, I can talk about femboy futa house being rated 3+ by IGRS and motherfuckers will still be reposting that shit.","2041549145329287257","","","en","","0","0","0","https://x.com/ivosdementia/status/2041549145329287257","2019037723584245760","ivosdementia"
"2041549058028994772","2026-04-07T16:10:00.000Z","0","Akui Ada Kejanggalan IGRS Steam, Komdigi Lakukan Investigasi

https://t.co/ycqGUbuQMR","2041549058028994772","","","in","","0","0","0","https://x.com/TirtoID/status/2041549058028994772","4187275698","TirtoID"
"2041548129108193487","2026-04-07T16:06:18.000Z","0","IGRS KONTOL","2041548129108193487","","","sl","","0","0","0","https://x.com/KevinSanja1717/status/2041548129108193487","1968742157231271936","KevinSanja1717"
"2041547411756331304","2026-04-07T16:03:27.000Z","0","ये कोई हादसा है या हत्या ?

कार वाले ने जिसे उड़ाया है, वे आगरा के ट्रांसपोर्टर अली असगर थे. असगर ने हफ़्ते भर पहले प्रेस कॉन्फ्रेंस करके GST अफसरों पर जबरन पैसा वसूलने का आरोप लगाया था. 

असगर और इनके साथी ने  GST अफसरों की शिकायत CM हेल्पलाइन, IGRS, प्रमुख सचिव तक से की थी. https://t.co/BOCe57CwnP","2041547411756331304","https://pbs.twimg.com/ext_tw_video_thumb/2041547378541699072/pu/img/JxiSbbxaf8DYXWEt.jpg","","hi","","0","1","0","https://x.com/ShaniRajVerma1/status/2041547411756331304","1383766548402212868","ShaniRajVerma1"
"2041460387502010543","2026-04-07T15:57:32.000Z","1","@tilehopper I assume you read this? Ini AI-nya halu. Again, nggak ada sumber Steam itu support IARC.

Justru maksud Steam adalah, kalau lu udah dapat IARC via Epic Games misalnya, gak bisa pake rating itu doang untuk Steam, tapi harus isi ulang questionnaire Steam (atau urus sendiri ke IGRS) https://t.co/vOwmmfR1q3","2041545921717235837","https://pbs.twimg.com/media/HFUGWfxbwAAEct9.jpg","tilehopper","in","","0","1","0","https://x.com/_hendrasusanto/status/2041545921717235837","25480266","_hendrasusanto"
"2040757110951322044","2026-04-07T15:45:29.000Z","1","@kurawa Alah nyocot main gama aja enggak pernah lu cuma BUZZER doang lu duit duit lu yg dapet juga dari pajak kita lu, kerja kagak, ngerti game kagak, sekarang salahin steam padahal pihak steam diem diem aja TOLOL KOMDIGI AMA IGRS TOLOL","2041542890409828536","","kurawa","in","","0","0","0","https://x.com/Lipssszzz____/status/2041542890409828536","1675211733257039873","Lipssszzz____"
"2041457466748375381","2026-04-07T15:44:09.000Z","0","@onnowpurbo Pak tanpa memperkecil hati, ini bukan ranah anda yang didebatkan ini perihal IGRS di steam, 70 jt anak yang bapak singgung itu udah bapak riset belum platform game yang dia gunain itu pakai steam? apa jangan jangan game mobile Anda kelompokkan juga? kalau gitu ya anda salah dong.","2041542555159200236","","onnowpurbo","in","","0","0","0","https://x.com/kusaritari/status/2041542555159200236","1751994192744906752","kusaritari"
"2041541570995028360","2026-04-07T15:40:15.000Z","3","#सुलतानपुर #Sultanpur 
#मार्च महीने में जारी #IGRS रैंकिंग में @sultanpurpolice को मिली पहली रैंक, लगातार 5 वीं बार फर्स्ट रैंक बरकरार, #SP @ipsCharuNigam ने दी #IGRS_Team को बधाई 
@CMOfficeUP @myogiadityanath @adgzonelucknow https://t.co/ViyiLhHicf","2041541570995028360","https://pbs.twimg.com/media/HFUDPUgacAA08s3.jpg","","hi","","0","0","0","https://x.com/amethi_samachar/status/2041541570995028360","1508788508177010695","amethi_samachar"
"2041540670163398680","2026-04-07T15:36:40.000Z","24","ये कोई हादसा है या हत्या ?

कार वाले ने जिसे उड़ाया है, वे आगरा के ट्रांसपोर्टर अली असगर थे. असगर ने हफ़्ते भर पहले प्रेस कॉन्फ्रेंस करके GST अफसरों पर जबरन पैसा वसूलने का आरोप लगाया था. 

असगर और इनके साथी ने  GST अफसरों की शिकायत CM हेल्पलाइन, IGRS, प्रमुख सचिव तक से की थी.उन https://t.co/pBNZTG4MFD","2041540670163398680","https://pbs.twimg.com/amplify_video_thumb/2041540614320517120/img/nrdaPfJ16TB7auJA.jpg","","hi","","0","1","11","https://x.com/priyarajputlive/status/2041540670163398680","1482045835454328832","priyarajputlive"
"2041539348764738020","2026-04-07T15:31:25.000Z","1","Konten Magdalene diblokir = aduan masyarakat
Rating IGRS ngaco = self submission, steam publish rating palsu

Komdigidaw selalu paling benar 🫡👍","2041539348764738020","","","in","","0","0","0","https://x.com/deburiaria/status/2041539348764738020","40306925","deburiaria"
"2041460387502010543","2026-04-07T15:27:10.000Z","0","@tilehopper Gua udah googling dan baca docs di Steamworks, nggak ada kata-kata Steam udah integrate IARC. Di halaman yang membahas Indonesia juga ditulis jelas:

In particular, you must not submit a IGRS rating on Steam if it has been generated through the IARC process on a third-party store","2041538277904384090","","tilehopper","en","","0","1","0","https://x.com/_hendrasusanto/status/2041538277904384090","25480266","_hendrasusanto"
"2041098914246623338","2026-04-07T15:26:31.000Z","0","@SawarnOrgRsp @myogiadityanath @Uppolice @neha_laldas Meine President, PM of India, CM UP, Chief Secretary, UP, IGRS Portal, 1076, Revenue Board, Divis Commission, DM, SDM Tehsildar, SP, SHO sabko apne plot par kabje ke report ke par koi karvahe nahi hue. Jisko dekh kar lagta hai hamare saath Independence ke name par dhoka hua hai.","2041538117166133354","","SawarnOrgRsp","in","","0","2","0","https://x.com/NitinKumar37172/status/2041538117166133354","1826225339238162432","NitinKumar37172"
"2041537454520574213","2026-04-07T15:23:53.000Z","5","उत्तरप्रदेश में महराजगंज जिला एक बार फिर एसपी शक्ति मोहन अवस्थी के बतौर लीडिंग कप्तान के रूप में  प्रदेश में नंबर वन पर बना ! पुलिस कप्तान ने थानेदारों को एक एक हजार तो वही IGRS पुलिसकर्मी को 500 -500 सौ रूपये नगद दिए...!
#Maharajganj #महराजगंज #यूपी #शक्तिमोहनअवस्थी https://t.co/vuwkN4AnAm","2041537454520574213","https://pbs.twimg.com/media/HFT_feyaUAE8mdj.jpg","","hi","","0","0","0","https://x.com/SarveshguptaANB/status/2041537454520574213","940824583430721537","SarveshguptaANB"
"2041536000363823340","2026-04-07T15:23:52.000Z","1","@mog_mediaa rating IGRS berapa ini?","2041537449592238289","","mog_mediaa","in","","0","1","0","https://x.com/gbfonry/status/2041537449592238289","876144607133814785","gbfonry"
"2041536061978116205","2026-04-07T15:19:38.000Z","0","Kemarin saya liat di IGRS ada game yang seharusnya bukan 18+ malah dikasih rate 3+ kemudian ketika anak dibawah 18+ taun main game itu... YANG DISALAHKAN GAME NYA?!!, aneh emang kwkwkw","2041536385451200826","","HlfBloodPr1nce","in","","0","0","0","https://x.com/HlfBloodPr1nce/status/2041536385451200826","1633049026567491587","HlfBloodPr1nce"
"2041353677496254495","2026-04-07T15:18:52.000Z","1","@ferrykoto Jadi intinya mau bahas apa sih? IGRS yg ratingnya ngawur (game bokep dirating 3+ dong)? Diskredit Anies? Blokir game (yg mana ini termasuk hal bodoh)? Analogi kalo gamer isinya org suka kekerasan? Atau apa sih? Heran deh","2041536192328671437","","ferrykoto","in","","0","0","0","https://x.com/Capt_Gizmodon/status/2041536192328671437","1657912961128857601","Capt_Gizmodon"
"2041535114052878597","2026-04-07T15:14:35.000Z","7","सुल्तानपुर : IGRS मासिक रैंकिंग में आया बड़ा सुधार

➡सुल्तानपुर पुलिस को मिला प्रदेश में प्रथम स्थान
➡सभी 20 थानों पर IGRS शिकायतों का शत प्रतिशत निवारण
➡शासन द्वारा की गई मॉनिटरिंग में मिला प्रथम स्थान
➡एसपी चारु निगम के निर्देशन में आया प्रथम स्थान 

 #Sultanpur https://t.co/jDcGrCa8G8","2041535114052878597","https://pbs.twimg.com/media/HFT9VDFacAAYjtT.png","","hi","","0","0","0","https://x.com/bstvlive/status/2041535114052878597","4453205292","bstvlive"
"2041534781591376331","2026-04-07T15:13:16.000Z","3","viral terbaru cewek hijab muka pertama kali ampai jerit2

https://t.co/k1AoogcFhm

Selasa Nabire sugar daddy LINTAH The Doctor IGRS BCIS JNJM","2041534781591376331","","","in","","0","0","0","https://x.com/FlatFeeSarasota/status/2041534781591376331","980749756648566786","FlatFeeSarasota"
"2041534444813820307","2026-04-07T15:11:56.000Z","2","viral terbaru cewek hijab muka polos baru pertama kali

https://t.co/k1AoogcFhm

Selasa Nabire sugar daddy LINTAH The Doctor IGRS BCIS JNJM","2041534444813820307","","","in","","0","0","1","https://x.com/FlatFeeSarasota/status/2041534444813820307","980749756648566786","FlatFeeSarasota"
"2041528252125298868","2026-04-07T15:11:52.000Z","0","@vyyouna Liat politik seliweran di tl ga ada kabar baik😭 IGRS lah, dollar naik, bbm langka, indo ga mundur dari BoP, see how fucked up our country is","2041534429320110163","","vyyouna","in","","0","1","0","https://x.com/asheonlk/status/2041534429320110163","1810093649054830592","asheonlk"
"2041040216463696212","2026-04-07T15:11:47.000Z","0","@khabartaklive24 बहुत सराहनीय कार्य 👏 IGRS पोर्टल ने सच में आम जनता के लिए उम्मीद की किरण का काम किया है। ऐसे प्रभावी कदमों से लोगों का विश्वास और मजबूत होता है। बहुत बढ़िया पहल।”

@CMOfficeUP","2041534406964478216","","khabartaklive24","hi","","0","0","0","https://x.com/faisala07346240/status/2041534406964478216","1728459274064683008","faisala07346240"
"2041324725537054735","2026-04-07T15:01:36.000Z","0","@kerissakti Sudah lah akui saja keberadaan IGRS juga dari awal juga gak efektif.............","2041531846773862504","","kerissakti","in","","0","0","0","https://x.com/HilalBilal/status/2041531846773862504","118237063","HilalBilal"
"2041531006096953809","2026-04-07T14:58:16.000Z","0","IGRS is so bad until Steam changes back to PEGI.","2041531006096953809","","","en","","0","0","0","https://x.com/nhs_noctis/status/2041531006096953809","1119214886234361863","nhs_noctis"
"2041529084522738148","2026-04-07T14:50:38.000Z","2","Steam parah banget memang.
#gaming #steam #retrogaming #IGRS https://t.co/OdHnpcuCco","2041529084522738148","https://pbs.twimg.com/media/HFT3sQMbQAAomKy.jpg","","in","","0","1","0","https://x.com/emulapor/status/2041529084522738148","1329322853775228929","emulapor"
"2041457466748375381","2026-04-07T14:49:52.000Z","1","@Bram_no3 @ero_semut @onnowpurbo Belum terjadi karena orang2 yg ngurus IGRS sama idiotnya kayak lo dan akhirnya di takedown steam. Masa logika anak TK gini doang lo ga paham sih?

Penyepong pemerintah kalo tantrum samsaknya ke anies ya? Sukses banget nih gw ngetriggered manusia tolol kyk lo, nembaknya kemana2 🤣","2041528892012511240","","Bram_no3","in","","0","1","0","https://x.com/bayiajaib/status/2041528892012511240","90759123","bayiajaib"
"2041528791839932622","2026-04-07T14:49:28.000Z","0","Wah Pak Onno kali ini blunder, padahal saya salah satu yg mengagumi gagasan RT/RW Net dan wajan bolic (sampe buat sendiri). Jadi ga respect gini ngelihat opini beliau mengenai IGRS hehe","2041528791839932622","","","in","","0","0","0","https://x.com/ramagedd0n/status/2041528791839932622","389899487","ramagedd0n"
"2041526416379203610","2026-04-07T14:46:37.000Z","0","Kalau bicara sosmed, ya beda lagi. Yang sedang rame kan IGRS di Steam yang jelas-jelas Steam tuh platform niche.","2041528074613965213","","nurizkaf96","in","","0","0","0","https://x.com/nurizkaf96/status/2041528074613965213","63906947","nurizkaf96"
"2041457466748375381","2026-04-07T14:42:50.000Z","2","@AthallahriqMS @cve20251202 @cebmerut @onnowpurbo 1% pun enggak nyampe harusnya, game pc selain harga gamenya yang lumayan, untuk beli pcnya aja udah cukup mahal. Bahkan gw berani bilang angka yang main game bajakan bakalan lebih tinggi daripada yang main game original. Dan sayangnya IGRS ini gak ngaruh untuk game bajakan.","2041527121022189592","","AthallahriqMS","in","","0","0","0","https://x.com/javafeedsss/status/2041527121022189592","1988540513843355648","javafeedsss"
"2040988529577296200","2026-04-07T14:41:14.000Z","0","@quis_alexi15970 @IKKIttebayo @BosPurwa Bukan, igrs ini discourse dah dari lama banget yg ga terealisasi, bahkan sebelum covid klo g salah.

Tujuannya udah jelas mau malak lah, cara lama, mempersulit izin, trus maen belakang, lumrah di semua sektor institusi yg udah ada.","2041526719027577298","","quis_alexi15970","in","","0","1","0","https://x.com/Ravness_/status/2041526719027577298","1757357367388499968","Ravness_"
"2041457466748375381","2026-04-07T14:36:59.000Z","0","@onnowpurbo Ayolah aku suka baca data apalagi memang lagi belajar tentang data. Kalau bahkan gak bisa provide terbuka ya bisa aku asumsikan saja ya IGRS ini project buatan biar bisa entah apapun itu tujuannya.

Belum masalah ekonomi per saat ini 🇮🇩 juga kena imbas krisis. Game ga semurah itu","2041525651027747176","","r_oneand1","in","","0","1","0","https://x.com/r_oneand1/status/2041525651027747176","1082654406292717570","r_oneand1"
"2041064580450021638","2026-04-07T14:36:53.000Z","1","@ferrykoto @aryankushh @aniesbaswedan menurut keyakinan saya, anda tipe boomer jaka sembung bawa golok. konteks yg dibahas kan IGRS yg membatasi game pc di platform steam, ssan anda itu konteksnya game mobile.","2041525627359232164","","ferrykoto","in","","0","0","0","https://x.com/ranggaprp/status/2041525627359232164","278848793","ranggaprp"
"2041523899603800278","2026-04-07T14:30:02.000Z","0","IGRS dan keributan-mawutnya kemarin hanya sepersekian kecil gegar adaptasi agen suprastruktur dalam merespon teknologi kiwari, diperparah pula dgn banyaknya pendengung sebagai corong pembalik narasi.

NAAS KALI AWAKNDEWEK!","2041523899603800278","","","in","","0","0","0","https://x.com/rzyfzyfzyf/status/2041523899603800278","188324884","rzyfzyfzyf"
"2041523592878547438","2026-04-07T14:28:48.000Z","0","Gamers pada bahas IGRS, pedagang pada bahas harga plastik. Lu pada juga tau kalo protes bakalan diserang terror TNI atau Polisi.
https://t.co/f95Cs7FqDO","2041523592878547438","","","in","","0","0","0","https://x.com/trickymindful/status/2041523592878547438","62229279","trickymindful"
"2041353677496254495","2026-04-07T14:28:20.000Z","9","@ferrykoto Plus malu woi udah masuk ke telinga seorang pengamat internasional kontroversi IGRS sudah diunggah oleh Director of Research &amp; Insights di Niko Partners, Daniel Ahmad

Dia pendapatnya lebih berpengaruh di dunia game ketimbang kamu pak 🙈🙈 https://t.co/j0eZzeIrVV","2041523474012028932","https://pbs.twimg.com/media/HFTyx6FbYAATPDU.jpg","ibnukazuyal","in","","0","0","0","https://x.com/ibnukazuyal/status/2041523474012028932","885207585686552576","ibnukazuyal"
"2041457466748375381","2026-04-07T14:25:21.000Z","0","@bayiajaib @ero_semut @onnowpurbo Gw minta lu buktiin ada game yg ga bisa di beli di indonesia gara gara IGRS ga bisa? Tolol banget..","2041522721285414975","","bayiajaib","in","","0","1","0","https://x.com/Bram_no3/status/2041522721285414975","1897919070684823554","Bram_no3"
"2041522400425320593","2026-04-07T14:24:04.000Z","4","👉 IGRS एवं मुख्यमंत्री हेल्पलाइन मूल्यांकन में जनपद प्रतापगढ़ ने किया उत्कृष्ट प्रदर्शन, प्रदेश में प्रथम स्थान प्राप्त-

➡️ IGRS (इंटीग्रेटेड ग्रीवांस रिड्रेसल सिस्टम) एवं मुख्यमंत्री हेल्पलाइन से संबंधित माह मार्च 2026 की मूल्यांकन रिपोर्ट में जनपद प्रतापगढ़ ने उत्कृष्ट एवं https://t.co/V9X6iKHY7H","2041522400425320593","https://pbs.twimg.com/media/HFTxsscbYAASAGY.jpg","","hi","","0","1","0","https://x.com/pratapgarhpol/status/2041522400425320593","1471881025","pratapgarhpol"
"2041353677496254495","2026-04-07T14:23:30.000Z","150","@ferrykoto Kasihan ada orang yg udah tua mencoba ikut² perihal IGRS yg gak paham soal steam dan sistem rating game 🙈

Udah itu mencoba nge jatuhin 1 orang pula, malu ama umur 😹","2041522259278630962","","ferrykoto","in","","0","2","1","https://x.com/ibnukazuyal/status/2041522259278630962","885207585686552576","ibnukazuyal"
"2041457466748375381","2026-04-07T14:19:40.000Z","1","@Bram_no3 @ero_semut @onnowpurbo Si tolol ngegeser gawang, sekarang ya jelas ga ada lah org IGRS uda dicabut dari steam. Ngeles lo itu ga berguna tolol.","2041521291522662636","","Bram_no3","in","","1","2","0","https://x.com/bayiajaib/status/2041521291522662636","90759123","bayiajaib"
"2041508616759615929","2026-04-07T14:18:48.000Z","0","@fizzzzyyyyyyy @KuntoAjiW Udah berkali-kali sebenernya IGRS itu ketemu AGI, ketemu game dev lokal, sosialiasi di konvensi game sini. Cuma endingnya tetap aja zonk.","2041521075994206218","","fizzzzyyyyyyy","in","","0","0","0","https://x.com/KEMO_HUNZ/status/2041521075994206218","1042045727097143307","KEMO_HUNZ"
"2041520831399068039","2026-04-07T14:17:50.000Z","0","- Tekstil naik
- Plastik naik
- Trump ancam genocide
- Someone was murdered in Japan because of working her dream job
- IGRS

tiap baca berita makin ke-trigger. 
Ga bisa ngapa-ngapain.
Ini dunia apa sih.","2041520831399068039","","","in","","0","0","0","https://x.com/emptyspacerant/status/2041520831399068039","1590145548564058114","emptyspacerant"
"2041509361382576455","2026-04-07T14:12:44.000Z","3","@ZhugeEX Have you asked Valve about this article? It said that Valve give an apology to Komdigi about the IGRS implementation https://t.co/WhjIRoZpIR","2041519549913166214","","ZhugeEX","en","","0","0","0","https://x.com/tondatona/status/2041519549913166214","53097719","tondatona"
"2041509361382576455","2026-04-07T14:11:36.000Z","5","@ZhugeEX I don't know why but this section feels like it makes it sounds like the AGI is also participating in the IGRS rating process, when they're actually not and are just criticizing the IGRS not to be restricting/authoritative. Just something to point out. https://t.co/9a3Qlnon8v","2041519261315903821","https://pbs.twimg.com/media/HFTtyutaIAAe7-k.png","ZhugeEX","en","","0","0","0","https://x.com/FareyDonch501/status/2041519261315903821","1113408595771633664","FareyDonch501"
"2041519056872964574","2026-04-07T14:10:47.000Z","0","Baiknya stop, pak. Setiap pernyataan bapak justru jadi blunder. Toh bisa di crosscheck sendiri, IGRS akhirnya 'ngalah'. Rating balik lagi ke Pegi. Jadi udah ya. Gabaik hate sosok jadi yapping sana sini ga karuan","2041519056872964574","","","in","","0","0","0","https://x.com/AriefPurs/status/2041519056872964574","66657025","AriefPurs"
"2041457466748375381","2026-04-07T14:08:05.000Z","6","@Ervain2 @luthfilaziiz_ @onnowpurbo Tapi sorry udah bukan boomer yg harusnya disalahin. 

Stakeholder kunci IGRS ini meuthia Hafid dan Sony (yg bilang steam minta maaf itu) adalah Gen X. 

Harusnya menyasar gen X kalo mau.","2041518379866161408","","Ervain2","in","","0","1","0","https://x.com/fizzzzyyyyyyy/status/2041518379866161408","1032224904","fizzzzyyyyyyy"
"2041516845858185503","2026-04-07T14:02:00.000Z","0","panduan IGRS
https://t.co/7lEcKnBN60","2041516845858185503","","","in","","0","0","0","https://x.com/ogyw1n/status/2041516845858185503","780623641532731392","ogyw1n"
"2041516833254367264","2026-04-07T14:01:57.000Z","1","#बरेली

♦IGRS जनसुनवाई पोर्टल के निस्तारण में बरेली पुलिस अव्वल

♦मार्च 2026 की रैंकिंग में उत्तर प्रदेश में ‘प्रथम स्थान’ हासिल

♦बरेली, बदायूं, शाहजहांपुर और पीलीभीत ने संयुक्त रूप से टॉप किया

♦परिक्षेत्र के 84 थानों का प्रदर्शन भी रहा नंबर-1

♦शिकायतों के त्वरित और https://t.co/NTo1WOjph7","2041516833254367264","https://pbs.twimg.com/amplify_video_thumb/2041516787238608896/img/r-qASlmEHvc2Q2h0.jpg","","hi","","0","0","1","https://x.com/Knewsindia/status/2041516833254367264","2495818501","Knewsindia"
"2041156884649140302","2026-04-07T14:01:46.000Z","0","@bstvlive @deo__kaushambi कोई कार्यवाही नहीं होती IGRS पर 11 बार शिकायत के बाद भी Gonda","2041516789386133595","","bstvlive","hi","","0","0","0","https://x.com/As195700/status/2041516789386133595","1952347070226161665","As195700"
"2041516494681768189","2026-04-07T14:00:36.000Z","13","पुलिस आयुक्त श्री रघुबीर लाल के निर्देशन में कमिश्नरेट के 52 थानों द्वारा जनशिकायतों का गुणवत्तापूर्ण एवं समयबद्ध निस्तारण करते हुए  माह मार्च 2026 की IGRS रैंकिंग में लगातार दूसरे माह प्रदेश में प्रथम स्थान प्राप्त किया।
@Uppolice https://t.co/j6XwQtdIaU","2041516494681768189","https://pbs.twimg.com/media/HFTsWCoaAAECUwj.png","","hi","","0","0","2","https://x.com/kanpurnagarpol/status/2041516494681768189","712246765731205120","kanpurnagarpol"
"2041516051348033782","2026-04-07T13:58:50.000Z","1","IGRS निस्तारण में बरेली पुलिस नंबर-1, पूरे प्रदेश में पहला स्थान, मार्च 2026 रैंकिंग में बरेली परिक्षेत्र अव्वल, 84 थानों का प्रदर्शन टॉप, डीआईजी अजय साहनी के नेतृत्व में मिली बड़ी सफलता

@igrangebareilly @adgzonebareilly @bareillypolice https://t.co/l3IlrN965q","2041516051348033782","","","hi","","0","1","1","https://x.com/imShanu18/status/2041516051348033782","1247934828420296706","imShanu18"
"2041515567920947575","2026-04-07T13:56:55.000Z","3","Komdigi Bertemu Steam Bahas Rating Game IGRS, Akui Ada Kejanggalan https://t.co/Hsv0HtroKM","2041515567920947575","","","in","","0","1","1","https://x.com/ferrykoto/status/2041515567920947575","24893875","ferrykoto"
"2041512702749855891","2026-04-07T13:45:32.000Z","0","yang urus2 IGRS kyk sekumpulan orang dongo","2041512702749855891","","","in","","0","0","0","https://x.com/Rifqyhazard/status/2041512702749855891","444567921","Rifqyhazard"
"2041457466748375381","2026-04-07T13:45:26.000Z","0","@Indie_S_Orilly @onnowpurbo Benar sekali, secara makro benar.
Tetapi age rating IARC tidak memiliki wewenang untuk mengawasi dan megatur sebaran dan konten game di indonesia.
Maka IGRS seperti halnya GARC, CERO, ESRB dibuat","2041512677286277376","","Indie_S_Orilly","in","","0","0","0","https://x.com/Rinto_edy/status/2041512677286277376","188579138","Rinto_edy"
"2041457466748375381","2026-04-07T13:44:46.000Z","0","@onnowpurbo IGRS ini juga merambah game berbasis mobile ga? Jika iya, 70 juta jadi angka yang masuk akal. Tapi kalau dianggapnya cuma dari Steam yang basisnya pc? Nonsense.","2041512512039088152","","onnowpurbo","in","","0","0","0","https://x.com/indomiegrgsate/status/2041512512039088152","185921311","indomiegrgsate"
"2041509885771489354","2026-04-07T13:34:20.000Z","0","70jt anak Indonesia pakai Steam???
Kwokwokwo makin hari makin ngawur buzzer.

Mending IGRS buat rating game di Roblox aja udah, lebih banyak anak² maen disitu walaupun udah pakai pembatasan umur. 🤡

Lu lawan Gabe Newell, dia mah bodo amat platformnya hilang pengguna dr Indonesia","2041509885771489354","","","in","","0","0","0","https://x.com/uray_z/status/2041509885771489354","706924218","uray_z"
"2041509787016568865","2026-04-07T13:33:57.000Z","1","JAV SUB INDO

DASD-621 Digenjot Paman Tetangga Sebelah – Hikaru Harukaze

https://t.co/WhfTzS9y9o

Senin The Doctor LINTAH Palm Sugar Latte Iced nabire  IGRS JNJM https://t.co/LcOYTOvVKT","2041509787016568865","https://pbs.twimg.com/media/HFTmVIWaYAEJsCi.jpg","","in","","0","0","0","https://x.com/cuellik/status/2041509787016568865","697681454885576704","cuellik"
"2041457466748375381","2026-04-07T13:33:26.000Z","0","@Rinto_edy @onnowpurbo Kita selama ini sudah punya IARC sebagai acuan rating game, jadi ketiadaan IGRS itu bersifat default dan tidak pernah bikin konsumen Indonesia secara umum dirugikan.","2041509656837927328","","Rinto_edy","in","","0","1","0","https://x.com/Indie_S_Orilly/status/2041509656837927328","157970644","Indie_S_Orilly"
"2041423208973516921","2026-04-07T13:32:42.000Z","0","@tekarok007 ngebacot doang.. urusin noh IGRS masak game bokep boleh usia 3 tahun mn pake ngeles it dr pihak steam.","2041509472192082148","","tekarok007","in","","0","0","0","https://x.com/OpiniRakyatID/status/2041509472192082148","2030427466599481344","OpiniRakyatID"
"2041499970327765272","2026-04-07T13:30:39.000Z","0","@Quinny_hrly Kirain mau goreng IGRS lagi","2041508958838599836","","Quinny_hrly","in","","0","0","0","https://x.com/Youronlymeta/status/2041508958838599836","1993542330004258817","Youronlymeta"
"2041353677496254495","2026-04-07T13:29:06.000Z","121","@ferrykoto Nih gw akun asli X, gw kecanduan game di umur 27 tahun, iya gw bakal ngatain orang yg hanya numpang di sebuah masalah yg dia gak tau menahu dan hanya mau menjatuhkan orsng lain.

Gw beli game mahal pake duit hasil kerja dengan gaji umr, gw protes lah karena rsting IGRS gak jelas. https://t.co/Bqmc1nLJRj","2041508569338855625","https://pbs.twimg.com/media/HFTlOFzbwAAoiZQ.jpg","ferrykoto","in","","0","2","0","https://x.com/ibnukazuyal/status/2041508569338855625","885207585686552576","ibnukazuyal"
"2041499970327765272","2026-04-07T13:28:59.000Z","0","@Quinny_hrly IGRS?","2041508538976264475","","Quinny_hrly","sl","","0","1","0","https://x.com/Youronlymeta/status/2041508538976264475","1993542330004258817","Youronlymeta"
"2041457466748375381","2026-04-07T13:28:36.000Z","0","@Indie_S_Orilly @onnowpurbo Benar sekali,
Untuk bisa eksekusi dengan bagus, maka perlu dibuat dulu sebuah sistemnya. Komteks IGRS  Ini memang masih kacau, masih banyak masalah, namun jika tidak dibuat sisten ini maka konsumen indonesia secara umum akan banyak dirugikan.","2041508443153219671","","Indie_S_Orilly","in","","0","1","0","https://x.com/Rinto_edy/status/2041508443153219671","188579138","Rinto_edy"
"2041496255923425565","2026-04-07T13:25:48.000Z","0","@Indie_S_Orilly @ferrykoto Dia udah klarifikasi, tapi kaya disengaja gitu ya dibuat nuancenya vague mumpung yang lagi hangat yg IGRS wkwkwkw","2041507737927069792","","Indie_S_Orilly","in","","0","2","1","https://x.com/sn_0_z_/status/2041507737927069792","1598808482899431424","sn_0_z_"
"2041506081466458577","2026-04-07T13:19:13.000Z","2","बाह तहसील में IGRS बना मजाक 
लेखपाल और कानूनगो तहसील में बैठकर ही बिना मौके की जांच किए फर्जी आख्या लगाकर शिकायतों का निस्तारण कर रहे हैं।
कानूनगो रामहरी का बयान—“मैं तो रिटायर होने वाला हूं, लेखपाल की रिपोर्ट पर साइन कर दिए।”
भ्रष्टाचार चरम पर, प्रशासन मौन क्यों?
#Agra #UPGovt https://t.co/EO6C5uYTEE","2041506081466458577","https://pbs.twimg.com/amplify_video_thumb/2041505944090365952/img/6aHJXDSpqZR8M-A4.jpg","","hi","","0","1","1","https://x.com/ArvindS66341054/status/2041506081466458577","1479023314748067841","ArvindS66341054"
"2041506074164146668","2026-04-07T13:19:12.000Z","0","Capek bacain postingan buzzer perkara IGRS ini, pengen nanggepin tapi percuma","2041506074164146668","","","in","","0","0","0","https://x.com/Marchelmar3/status/2041506074164146668","1342521311927521280","Marchelmar3"
"2041064580450021638","2026-04-07T13:17:42.000Z","0","@ferrykoto @rarafsanjani_ @aryankushh @aniesbaswedan Bang, jaka sembung bang
Aryan udah narik konteks ke game steam tapi situ bawa ke mobile game
Dan IGRS saat ini bikin ulahnya di steam, belom ke mobile 🙃","2041505697326862620","","ferrykoto","in","","0","0","0","https://x.com/Greywing20/status/2041505697326862620","1322382426941743106","Greywing20"
"2041374822962462893","2026-04-07T13:17:40.000Z","0","@nadsthenut Wkwk tau tuh, blm bener ngasi rating nya. Tp udh ditarik lagi katanya skrg igrs.","2041505690737676774","","nadsthenut","in","","0","0","0","https://x.com/akunsiyahutt/status/2041505690737676774","1155794446803324928","akunsiyahutt"
"2041492135741157712","2026-04-07T13:17:13.000Z","3","@cve20251202 @fraviato @onnowpurbo Sebelum ada IGRS udah ada guide rating kali. ESRB, PEGI, yang udah ada sejak lama. Buat playstore juga udah ada IARC. Balik lagi, gimana ortunya aja dirumah buat ngawasin anak main gamenya gimana.","2041505576447025655","","cve20251202","in","","0","0","0","https://x.com/101107mma/status/2041505576447025655","1674871698","101107mma"
"2041505029211967647","2026-04-07T13:15:02.000Z","2","Dengan hormat pak, Tanpa rating game dari IGRS pun, platform tempat kami membeli game pun sudah melakukan rating jauh lebih baik dari IGRS. Kalau dalam pandangan Bpk gamers cuma bisa merusuh, Bpk bisa search ini di Google. Whitemon, F0rsaken, Xccurate, Oura, Windah Basudara.","2041505029211967647","","","in","","0","0","0","https://x.com/Andiiian/status/2041505029211967647","75052384","Andiiian"
"2041457466748375381","2026-04-07T13:13:03.000Z","4","@onnowpurbo Market game Indonesia paling gede hanya mobile, yang lucunya selama test kemarin gk muncul IGRS di Google Play Store dan Apple App Store.

Dan ini yang memang paling rawan menyerang anak Indonesia.","2041504526658834613","","onnowpurbo","in","","0","0","0","https://x.com/NVT58232209/status/2041504526658834613","1593614123828641796","NVT58232209"
"2041457466748375381","2026-04-07T13:12:06.000Z","2","@onnowpurbo Yg terserang paling parah dari IGRS adalah orang dewasa di Platform PC/Console.

Pengguna steam sendiri Indonesia 2021 ~1.5jt, estimasi 2026 2jt+.
Dan ada data baru dari Steam kapabilitas daya beli Indonesia cuma 30% dari harga AAA normal (60 USD)","2041504289189924946","","onnowpurbo","in","","1","1","0","https://x.com/NVT58232209/status/2041504289189924946","1593614123828641796","NVT58232209"
"1757999321927352382","2026-04-07T13:12:03.000Z","0","Yah...

Lek podo rame tapi gak terlalu ngikuti mbahas IGRS...

Yo...

18+, lah...

Uhm...

Yo igrs sek muncul e taun 2026, sih~~~
___

Yo mek lek gamer veteran...

Yo...

Lek asal mbaca perkara double bind...

Sambil kalimat berita yang ""menuai pro dan kontra"" - https://t.co/R5WOD4a9cP","2041504277693366403","https://pbs.twimg.com/tweet_video_thumb/HFThUKUboAAVbjj.jpg","Leefan_arashi","in","","0","1","0","https://x.com/Leefan_arashi/status/2041504277693366403","1012358239042789376","Leefan_arashi"
"2041457466748375381","2026-04-07T13:10:30.000Z","0","@onnowpurbo (c.) yang memang baru bisa di-afford jikalau sudah punya uang sendiri. Problem soal IGRS kemarin juga sebetulnya; 1.) klasifikasi yang nggak jelas. Gim dengan konten nudity malah masuk 3+ sedangkan cozy farming sim 18+ alias terbalik. Kalau kayak gini, kan, jelas nggak sesuai.","2041503885764993185","","Undeirtale","in","","0","1","0","https://x.com/Undeirtale/status/2041503885764993185","784501107749969920","Undeirtale"
"2041492135741157712","2026-04-07T13:09:21.000Z","3","@cve20251202 @fraviato @onnowpurbo Gada IGRS juga udah ada panduannya.","2041503595770896723","","cve20251202","in","","0","0","0","https://x.com/yourpadawann/status/2041503595770896723","252440962","yourpadawann"
"2041496255923425565","2026-04-07T13:08:28.000Z","3","@ferrykoto Kepentok character limit untuk status Twitter karena tidak punya centang biru? Kan bisa dipendekin dari ""pembatasan umur &amp; rating game"" jadi PP TUNAS &amp; IGRS, berkurang tuh dari 29 character jadi 15 character. Trus jadi bisa deh nambahin ""medsos"" di belakang kata ""platform"". 😁","2041503375276343756","","Indie_S_Orilly","in","","0","0","0","https://x.com/Indie_S_Orilly/status/2041503375276343756","157970644","Indie_S_Orilly"
"2041475693213893092","2026-04-07T13:05:52.000Z","2","@ferrykoto @progresionalis Lagian kenapa banget harus buru buru implemantasi igrs sih?
Gamenya juga banyak yang belum diberi rating pula.
Dan memangnya kenapa dengan sistem rating yang sudah ada sekarang? Apa dirasa belum cukup sampai harus pakai sistem yang baru??","2041502718406312285","","ferrykoto","in","","0","0","0","https://x.com/mochf_/status/2041502718406312285","1288228676","mochf_"
"2041502617919189120","2026-04-07T13:05:28.000Z","5","मिर्जापुर : बरकछा चौकी पर तैनात दारोगा रमाशंकर यादव IGRS के निस्तारण में डालते है फर्जी गवाह, अलग-अलग मामलों में किया निस्तारण, कई सालो से एक ही चौकी पर टिके हैं रमाशंकर यादव,मुख्यमंत्री की प्राथमिकता में है, दारोगा रमाशंकर यादव कर रहे हैं खेल, देहात कोतवाली के बरकछा चौकी का https://t.co/4rBpZZtrYB","2041502617919189120","https://pbs.twimg.com/amplify_video_thumb/2041502355724840960/img/laqMfNigtQQ55kpE.jpg","","hi","","1","0","5","https://x.com/Mirzapuriy/status/2041502617919189120","762364938526400512","Mirzapuriy"
"2041457466748375381","2026-04-07T13:04:12.000Z","0","@nd_haryo @ZakiMhd4 @onnowpurbo Kan lagi bahas IGRS dan tweet anies disini, masa bawa bawa megalodon","2041502299185696783","","nd_haryo","in","","0","1","0","https://x.com/Bram_no3/status/2041502299185696783","1897919070684823554","Bram_no3"
"2041202726126993888","2026-04-07T13:03:23.000Z","0","@cozywithnicky Dia kira steam mau inisiatif sendiri nerapin IGRS 😭","2041502096370077951","","cozywithnicky","in","","0","1","0","https://x.com/its_arleigh/status/2041502096370077951","2156290188","its_arleigh"
"2041492135741157712","2026-04-07T13:02:02.000Z","0","@fraviato @onnowpurbo Bos, kalau nggak pakai IGRS, lo mau biarin anak-anak main game penuh kekerasan/unsur dewasa tanpa label usia?

Komdigi buat IGRS ini supaya anak Indonesia aman, terhindar dari PEDO","2041501753972338759","","fraviato","in","","0","11","0","https://x.com/cve20251202/status/2041501753972338759","1995836841883533312","cve20251202"
"2041501505925312704","2026-04-07T13:01:02.000Z","0","Ketika IGRS di hapus oleh steam. Dah tau kan dari sini siapa yang disalahkan dan dirugikan. Gw juga ogah minta maaf yang bukan siapa siapa dan belum ada resmi. Apalagi NGAJAK NGOPI AJA BELUM PERNAH. Sok asik anjg","2041501505925312704","","","in","","0","0","0","https://x.com/Vanverz/status/2041501505925312704","1065938461184614400","Vanverz"
"2041490673850011878","2026-04-07T13:00:29.000Z","10","@cve20251202 Lah yg bilang bukan milik komdigi siapa?
Yg dipermasalahkan emang IGRS di Steam. Kenapa bisa ngaco sistem ratingnya?

Padahal formulir 11-12 ngikut sistem rating negara lain yg udah ada.

Gaada yg mempermasalahkan sistem rating IGRS as long as pengaplikasiannya bener. Lha ini","2041501365189718393","","cve20251202","in","","0","0","1","https://x.com/fraviato/status/2041501365189718393","1051840382319788032","fraviato"
"2041457466748375381","2026-04-07T13:00:23.000Z","9","@onnowpurbo Gimana²? Jadi keliatan banget kalo Komdigi isinya boomer² bangka semua

Game itu bukan cuma buat anak² ya pak, bahkan mayoritas demografi pemain game itu ya orang dewasa, yang bisa beli game dengan harga ratusan ribu rupiah

Oh ternyata ini yg handle IGRS, ngira game ada ML doang","2041501342167154900","","onnowpurbo","in","","0","1","1","https://x.com/Shirogatana_/status/2041501342167154900","1402288823745224705","Shirogatana_"
"2041501335304974464","2026-04-07T13:00:22.000Z","8","Dari 1,4 juta orang itu, berapa yang rutin beli game AAA?

Aku yakin gak semuanya, lha yang main Dota 2 atau CS doang juga ada, atau free game lain macam Where Winds Meet, WuWa, etc.

Yang beli dikit, ngapain perusahaan game besar repot sensor buat ngikutin ratingnya IGRS? 🤣","2041501335304974464","","","in","","0","1","5","https://x.com/ridwanadit/status/2041501335304974464","115603547","ridwanadit"
"2041501254468448512","2026-04-07T13:00:02.000Z","0","Kode Referral Shopeepay

Shopee lagi bagi-bagi bonus Rp. 10.000 buat kalian yang mau install aplikasi Shopeepay dan masukkan kode ini ketika log in :

FF6JWV5WP

Upgrade ke Spay Plus untuk klaim bonus

info freelance job receh nabire tirta igrs steam jnjm dana kaget ten mark lee https://t.co/yH1qQuLNmi","2041501254468448512","https://pbs.twimg.com/media/HFTHV-RasAAXwl1.jpg","","in","","0","0","0","https://x.com/megaversezz/status/2041501254468448512","1967788440147333123","megaversezz"
"2041500797813625156","2026-04-07T12:58:14.000Z","0","Jujur yak, masukan aja buat Komdigi, kalau tujuannya IGRS untuk melindungi anak2, akan lebih kena kalo implementasi awalnya untuk game2 di platform mobile, di android atau iOS, karna market dan aksesnya lebih besar disitu, bukan di platform PC macem Steam, apalagi konsol macem PS","2041500797813625156","","","in","","0","1","0","https://x.com/andikaGoGo86/status/2041500797813625156","1245852938","andikaGoGo86"
"2041500489226015168","2026-04-07T12:57:00.000Z","182","Mekanisme verifikasi berlapis? Seriusan? 

https://t.co/gIiuT4X9TA

Data yang disajikan dalam website IGRS aja sampah. Benerin dulu itu crawling enginenya.

Hasil investigasi akan diumumkan secara terbuka? Kita lihat saja. RCA pada kasus PDNS kemarin saja gak jelas. https://t.co/VmwirZqcbu","2041500489226015168","https://pbs.twimg.com/media/HFTd32VaoAAWX-F.jpg","","in","","1","8","77","https://x.com/ekawicaksana/status/2041500489226015168","195743412","ekawicaksana"
"2041500258518380852","2026-04-07T12:56:05.000Z","6","Rompi Kulit Custom Harley Owner Group 🔥🔥🔥
🛒 https://t.co/qQMm1FGp9k

-------------------
APBN The Doctor RI di Board of Peace OSIS House Cup Dogiyai thm bali RUN BTS IS BACK Tirta Nabire IGRS https://t.co/lRE8a6om2e","2041500258518380852","https://pbs.twimg.com/amplify_video_thumb/2041499827931172865/img/zlEji1oDazz3RPRD.jpg","","en","","0","0","4","https://x.com/RA_leather/status/2041500258518380852","267060883","RA_leather"
"2041499499940761640","2026-04-07T12:53:04.000Z","0","Well soal IGRS lama2 makin keliatan ko kalau mereka gak ngerti game dan gak ngerti ngerating game, kalau bilangnya targetnya ""anak"" aneh juga. toh kebanyakan pengguna steam di indonesia kebanyakan sudah kuliah atau keatas

Anak Indo zaman sekarang  mah kebanyakan main game mobile","2041499499940761640","","","in","","0","1","0","https://x.com/AbyanMakarim/status/2041499499940761640","1269232261053833216","AbyanMakarim"
"2041499168032878953","2026-04-07T12:51:45.000Z","0","Komdigi dan Steam Investigasi Kesalahan IGRS yang Bikin Heboh Gamers https://t.co/IetigofpCW","2041499168032878953","","","in","","1","0","0","https://x.com/detikjatengcom/status/2041499168032878953","1668147004491587585","detikjatengcom"
"2041457466748375381","2026-04-07T12:51:08.000Z","0","@Bram_no3 @ZakiMhd4 @onnowpurbo Kagak. IGRS bagus kalo implementasinya bener. BPJS bagus kalo manajemennya bagus. Jalan tol juga bagus kalo kualitas materialnya ga dikorup. Semuanya bagus tapi dikorup semua.

Yang jelek? MBG, Kopdes,Sekolah garuda, whoosh, sama BUZZER ANJING.

Puas, buzzer laknat?","2041499014215205009","","Bram_no3","in","","0","1","0","https://x.com/nd_haryo/status/2041499014215205009","131747255","nd_haryo"
"2041497940284547199","2026-04-07T12:46:52.000Z","0","Tirta igrs steam","2041497940284547199","","","sl","","0","0","0","https://x.com/ductyie/status/2041497940284547199","985947520168878086","ductyie"
"2041490673850011878","2026-04-07T12:46:09.000Z","1","@fraviato @onnowpurbo igrs itu milik komdigi, bukan platform specific kyk steam, bsk igrs pasti juga akan merambah ke mobile yang mayoritas gamersnya bocil

komdigi nargetin steam terlebih dahulu tujuannya karena user bocil di steam tergolong sedikit (yang km bilang cuman di kisaran 1,4 juta orang) https://t.co/clYFu5OmVO","2041497758809666018","https://pbs.twimg.com/media/HFTaysRbYAAu68B.jpg","fraviato","in","","0","3","0","https://x.com/cve20251202/status/2041497758809666018","1995836841883533312","cve20251202"
"2041457466748375381","2026-04-07T12:45:23.000Z","0","@onnowpurbo IGRS tujuannya bagus, tinggal eksekusinya saja yang perlu disempurnakan. Jika kita lihat di negara maju seperti Jepang, Korea Amerika , mereka juga punya age rating dan kepatuhan pembatasan di negaranya masing masing.
Bahkan di china paling ketat","2041497566131704184","","onnowpurbo","in","","0","1","0","https://x.com/Rinto_edy/status/2041497566131704184","188579138","Rinto_edy"
"2041493808458944662","2026-04-07T12:43:57.000Z","0","Btw rating umur IGRS buat game mbah Zeus itu berapa, genuinely ask 🙏 kayanya gim2 kesukaan bapak2 itu yg kaya gtuan dah","2041497205056659785","","Tsuraracchi","in","","0","0","0","https://x.com/Tsuraracchi/status/2041497205056659785","367578854","Tsuraracchi"
"2041353677496254495","2026-04-07T12:42:02.000Z","0","@ferrykoto Ini permasalahannya rating IGRS ga tepat dan keliatan orang orang di Komdigi ga mengerti. Kenapa dipelintir ke masalah gamers maniak. Hobi apapun juga ada maniaknya.
Kalo tujuannya untuk mengontrol kecanduan game, harusnya dibarengi dengan penelitian buat nyari solusi yang tepat.","2041496723672162728","","ferrykoto","in","","0","1","0","https://x.com/zzaysmine/status/2041496723672162728","1822711106932232192","zzaysmine"
"2041495176884228393","2026-04-07T12:35:53.000Z","7","The IGRS website has an API that contains links to video links provided by game developers, which also includes some unreleased games. Developers who shares google drive links can also contain gmail accounts for employees. https://t.co/c67HtipjbP","2041495176884228393","https://pbs.twimg.com/media/HFTYsPPbwAAsPKr.jpg","","en","","1","0","0","https://x.com/dihydroxyestra/status/2041495176884228393","1321441378543435777","dihydroxyestra"
"2041493808458944662","2026-04-07T12:30:27.000Z","1","Ni boomer2 sejak ribut2 igrs pd mendadak paling tau soal game, pdhl yg mereka tau palingan game2  di hp, meanwhile yg lg dibhas itu platform beli game yg ada game2 premium yg diharga gratisan ribu sampe sejutaan

Minimal bapak2 ibu2 ini jajal beli game premium dululah seru loh","2041493808458944662","","","in","","0","2","0","https://x.com/Tsuraracchi/status/2041493808458944662","367578854","Tsuraracchi"
"2041493499611353590","2026-04-07T12:29:14.000Z","14","viral indo terbaru bule prank ojol

https://t.co/o9zvptpLI3

Senin The Doctor LINTAH Palm Sugar Latte Iced nabire  IGRS JNJM https://t.co/6pONeQ8wzM","2041493499611353590","https://pbs.twimg.com/amplify_video_thumb/2041493474525237248/img/HEBCwS-AwZ_hM8bY.jpg","","in","","0","17","2","https://x.com/bobutisyou/status/2041493499611353590","1851147330","bobutisyou"
"2041493441834823705","2026-04-07T12:29:00.000Z","10","viral indo terbaru selebgram despita

https://t.co/o9zvptpLI3

Senin The Doctor LINTAH Palm Sugar Latte Iced nabire  IGRS JNJM https://t.co/FEZ6kSVaI6","2041493441834823705","https://pbs.twimg.com/media/HFTXdCKbgAAXHsU.jpg","","in","","0","22","1","https://x.com/bobutisyou/status/2041493441834823705","1851147330","bobutisyou"
"2041493250595528848","2026-04-07T12:28:14.000Z","5","viral indo terbaru cewe hijab sampai jerit2

https://t.co/o9zvptpLI3

Senin The Doctor LINTAH Palm Sugar Latte Iced nabire  IGRS JNJM","2041493250595528848","","","in","","0","1","1","https://x.com/bobutisyou/status/2041493250595528848","1851147330","bobutisyou"
"2041493205741617275","2026-04-07T12:28:04.000Z","7","viral indo terbaru anak sma baru pertama kali

https://t.co/o9zvptpLI3

Senin The Doctor LINTAH Palm Sugar Latte Iced nabire  IGRS JNJM https://t.co/THjgwYDywk","2041493205741617275","https://pbs.twimg.com/media/HFTXKWMaEAA0D6Z.jpg","","in","","0","14","1","https://x.com/bobutisyou/status/2041493205741617275","1851147330","bobutisyou"
"2041457466748375381","2026-04-07T12:26:28.000Z","0","@onnowpurbo mainnya mobile, ML, FF, liat aja tuh yang sering dijadikan lomba dan pesertanya, makanya komdigi perlu dengerin MAYORITAS gamers, bukan sedikit gamer (yang belum tentu gamer), juga ganti ketua igrs tuh, ganti jadi gamer jadinya tau seluk beluknya, bukan foodie 😮‍💨","2041492804350947445","","ariomalv","in","","0","0","0","https://x.com/ariomalv/status/2041492804350947445","53289501","ariomalv"
"2041492135741157712","2026-04-07T12:25:52.000Z","16","@onnowpurbo Tapi lebih baik coba dengar pendapat dari temen2 developer game lokal juga pak, biar ada 2 sisi soal IGRS ini 🙏","2041492654782067004","","onnowpurbo","in","","0","2","0","https://x.com/fraviato/status/2041492654782067004","1051840382319788032","fraviato"
"2041492338636382402","2026-04-07T12:24:37.000Z","0","Uang pajak kite dipake buzzer kualitas ginian ya Allah, ga ada teknis IGRS penjabaran tetekbengek nyerang orang lain. https://t.co/IQZAPKLvQx","2041492338636382402","https://pbs.twimg.com/tweet_video_thumb/HFTWdQMbQAA3KTi.jpg","","in","","0","0","0","https://x.com/xx6riku/status/2041492338636382402","1560675109069025280","xx6riku"
"2041492251558490556","2026-04-07T12:24:16.000Z","82","Bahas IGRS dari PoV manusia yang sering bersinggungan dengan plat merah.

Kalau rating IGRS di Steam itu ""tidak resmi"" kata Komdigi, terus kenapa bisa muncul ke publik?
Siapa yang harusnya bertanggung jawab?

20.30 malam ini.
Link di Reply yaa! https://t.co/C5KnRQzNMu","2041492251558490556","https://pbs.twimg.com/media/HFTUIpcawAAUVyY.jpg","","in","","0","2","19","https://x.com/KalanaraDika/status/2041492251558490556","1915897056377638913","KalanaraDika"
"2041457466748375381","2026-04-07T12:23:09.000Z","0","@onnowpurbo Ya jelas keberatan lah, semua pihak yg terdampak regulasi pasti keberatan. Orang Komdigi yg ngomong gini maksudnya apa? mau bilang kalau Steam itu mensabotase implementasi IGRS?","2041491971693490479","","onnowpurbo","in","","0","0","0","https://x.com/paling_anonim/status/2041491971693490479","1704225739024093184","paling_anonim"
"2041475693213893092","2026-04-07T12:22:54.000Z","1","@ferrykoto Bro really think own us but keep make trash comment
IGRS yg di bermasalah di steam tapi merembet ke yg lain 
70jt hitungan potensi dan bukan nilai baku
even steam user cuma berapa persen https://t.co/wN7ghznrL5","2041491905729696123","https://pbs.twimg.com/media/HFTWEcxaUAAyy4U.jpg","ferrykoto","in","","0","0","0","https://x.com/DokutahLianSyah/status/2041491905729696123","1419991676311855104","DokutahLianSyah"
"2041167112195162132","2026-04-07T12:22:51.000Z","1","@alijaya Wakakak yaudah ikutin maunya igrs aja waktu iti. Yuk ntar bundlingan setelah kuloniku rilis","2041491893146812472","","alijaya","in","","0","1","0","https://x.com/mgyanm/status/2041491893146812472","166880884","mgyanm"
"2041491856836702576","2026-04-07T12:22:42.000Z","8","Komdigi Bertemu Steam Bahas Rating Game IGRS, Akui Ada Kejanggalan https://t.co/R0uCdeaHIu","2041491856836702576","","","in","","17","0","2","https://x.com/CNNIndonesia/status/2041491856836702576","17128975","CNNIndonesia"
"2041460387502010543","2026-04-07T12:21:25.000Z","5","@_hendrasusanto Content survey questionare di Steamworks namanya IARC Questionare dan dengan mengisi itu bisa dapat self verified rating lembaga rating yang ratify IARC termasuk Indonesia. Check the documentations buat UST sama IGRS.","2041491535808909352","","_hendrasusanto","in","","0","1","0","https://x.com/tilehopper/status/2041491535808909352","1249662133916192768","tilehopper"
"2041096311831986357","2026-04-07T12:20:39.000Z","0","@ezash Maksudnya kemarin itu lho bang, rating baru igrs ini membuat ada game yg jadi tidak bisa dibeli","2041491339855208779","","ezash","in","","0","0","0","https://x.com/esbique_/status/2041491339855208779","1415497452409352192","esbique_"
"2041488875311566997","2026-04-07T12:19:34.000Z","3","@onnowpurbo yg saya tangkap simpel sih pak. IGRS ada 2 jalur, developer ngajukan resmi ke komdigi, atau via pihak ketiga spt marketplace (steam/play store/app store)

yg rame ini pihak ketiga. sifatnya suka rela, tidak lapor komdigi, namun mengikuti standar kepatuhan IGRS.

nah yg tidak","2041491070228570151","","onnowpurbo","in","","0","1","0","https://x.com/morpiggg/status/2041491070228570151","72986033","morpiggg"
"2041490864292421674","2026-04-07T12:18:47.000Z","0","दलित बस्ती का रास्ता भी बंद किया जा रहा है 😡
मैंने कई बार शिकायत की लेकिन कोई कार्रवाई नहीं हुई:
IGRS नंबर:
40016026003481
40016025017234
30083426000410
30083426000362
60000260054644
लेखपाल और सचिव मौके पर आए बिना गलत रिपोर्ट लगा देते हैं।","2041490872844669211","","Anoop_Jatav9555","hi","","0","1","0","https://x.com/Anoop_Jatav9555/status/2041490872844669211","1808817378471596032","Anoop_Jatav9555"
"2041064580450021638","2026-04-07T12:18:04.000Z","1","@5adnile8 @ferrykoto @aniesbaswedan Sepertinya sudah yah karena muncul di website IGRS, bener yah pak @ferrykoto ?","2041490692984467742","","5adnile8","in","","0","0","0","https://x.com/IwanMuhRidwan/status/2041490692984467742","87438755","IwanMuhRidwan"
"2041457466748375381","2026-04-07T12:14:40.000Z","1","@onnowpurbo gw cukup yakin 99.9% dari 70jt anak indonesia itu gakan liat igrs ketika ingin beli game sih pak.. so what's the point? 

blokir game aja gitu maunya?","2041489836658634795","","onnowpurbo","in","","0","0","1","https://x.com/rdagung_/status/2041489836658634795","1123047864559493120","rdagung_"
"2040637611753320857","2026-04-07T12:14:11.000Z","0","@emyr_za1 IGRS I nya aku yahudi","2041489714172281041","","emyr_za1","in","","0","0","0","https://x.com/mamank_garoxz/status/2041489714172281041","113569122","mamank_garoxz"
"2041353677496254495","2026-04-07T12:13:37.000Z","0","@ferrykoto Ohhhh, kemaren ributin masalah igrs bukan buat belain gamers nih berarti??? Bener lan buat jegal pengangguran??

Kita dibilang maniak dari awal abad 21 juga udah pernah, sampe kenyang boss

Btw ini data user steam di 2024 yah, bisa baca data kan??

Mayoritas udah apa?? Udah gede! https://t.co/amW2rpmZNX","2041489569338860007","https://pbs.twimg.com/media/HFTT8LLaMAAjhRo.jpg","ferrykoto","in","","0","1","0","https://x.com/YuriAndriyanto/status/2041489569338860007","1551894168766521346","YuriAndriyanto"
"2041457466748375381","2026-04-07T12:09:40.000Z","2","@onnowpurbo Jumlah game banyak kan? Mau buka lapangan kerja kan? Buka aja IGRS untuk anak anak muda, kasih tugas mereka yang rating sendiri, patok berapa game lama dan baru mau di cek

Sekali kerja, dua solusi dapat","2041488576291180992","","misterx_9945613","in","","0","0","0","https://x.com/misterx_9945613/status/2041488576291180992","966599719593041920","misterx_9945613"
"2041488064141529098","2026-04-07T12:07:38.000Z","0","मैं एक शिकायत IGRS के माध्यम से पुलिस अधीक्षक SANTKABIR NAGAR को 23/03/2026 को ऑनलाइन कर्ता हूं जो CO साहब KHALILABAD को जांच मिलती है और साहब बिना शिकायत कर्ता से संपर्क किए ही मामले को 02/04/2026 को निस्तारण कर देते है 
@myogiadityanath @CMOfficeUP @santkabirnagpol @digbasti https://t.co/bJ0KuzmxxH","2041488064141529098","https://pbs.twimg.com/media/HFTSkxAaoAAMb0X.jpg","","hi","","0","1","0","https://x.com/SumitSi854/status/2041488064141529098","1038431890477383680","SumitSi854"
"2041457466748375381","2026-04-07T12:06:58.000Z","7","@onnowpurbo Masalahnya gini, rating RC ngak perlu sama sekali, kita ngak butuh kebijakan sok berbudaya

Mending gini deh, ambil 10 univ yang ada jurusan game devnya, ambil yang muda muda dan suka main game, suruh mereka kerjain IGRS... Hasil bakal jauh lebih objektif, dan ngak ada rating RC","2041487898617471202","","onnowpurbo","in","","0","1","0","https://x.com/misterx_9945613/status/2041487898617471202","966599719593041920","misterx_9945613"
"2041472634094018686","2026-04-07T12:06:56.000Z","0","@mog_mediaa IGRS bukan buat steam doang kan?","2041487890983833664","","mog_mediaa","in","","0","2","0","https://x.com/xnopzx/status/2041487890983833664","563659380","xnopzx"
"2041486865271001455","2026-04-07T12:02:52.000Z","0","DAY#2 ADVOCATING OF REMOVING RC IGRS.","2041486865271001455","","","en","","0","0","0","https://x.com/CorySakti28011/status/2041486865271001455","1894025199814868992","CorySakti28011"
"2041457466748375381","2026-04-07T11:59:37.000Z","0","@onnowpurbo @Steam_Support 2/x

IGRS blg ini sesuai standar intl. Tinggal masukin aja. Pedagang miayam cek. Dan masukin sesuai std IGRS.

Ternyata menurut IGRS,
-miayam pake Babi itu gpp banget
-mi ayam mercon adalah makanan anak2 balita.
- Mi ayam aja itu untuk 18+

Yg salah siapa?","2041486046157062384","","Cyclops_Ray","in","","0","0","0","https://x.com/Cyclops_Ray/status/2041486046157062384","1205351168609640449","Cyclops_Ray"
"2041485577712009628","2026-04-07T11:57:45.000Z","1","Tirta steam igrs","2041485577712009628","","","sl","","0","0","0","https://x.com/luctvie/status/2041485577712009628","1581568910","luctvie"
"2040502604942197039","2026-04-07T11:54:28.000Z","0","@Gotoants @ifeanyiakorjuru IGR isn't a marker of dev
""No gov taxes its ppl to wealth"" - Margaret Thatcher
Your governors are fleecing u to celebrate high IGRs n loot d money
Ds here is just one of many Igbo cities n d testimony of a foreigner. Can u post any Yoruba city yourself?
https://t.co/KcrPU84W0v","2041484753711567074","","Gotoants","en","","0","1","0","https://x.com/Lie_Detektor/status/2041484753711567074","1956185383332667394","Lie_Detektor"
"2041457466748375381","2026-04-07T11:54:17.000Z","0","@onnowpurbo Kyknya bapak dikibulin deh pak..
Coba pak nanya ke @Steam_Support juga.

Kalo pakai analogi orang jualan, steam adalah tukang mi ayam yang selama ini jualan dengan standard international, terus IGRS dtg bilang pake standar kami ya kalo mau jualan disini. 1/x","2041484704210383140","","onnowpurbo","in","","0","1","0","https://x.com/Cyclops_Ray/status/2041484704210383140","1205351168609640449","Cyclops_Ray"
"2041484290299740364","2026-04-07T11:52:38.000Z","0","Kisruh Rating IGRS, Komdigi dan Steam Sepakat Lakukan Investigasi https://t.co/r5oterS2Hm","2041484290299740364","","","in","","0","0","0","https://x.com/detikinet/status/2041484290299740364","135815019","detikinet"
"2041475693213893092","2026-04-07T11:51:57.000Z","3","@ferrykoto platform yang mana, Steam? yang total penggunanya di Indonesia aja engga nyentuh 10 juta. Atau maksudnya itu Google Play, yang selama ini pakai rating IARC di Indonesia, yang mana IGRS itu sendiri adalah anggota IARC?? Menurut saya jgn lg bahas topik yang tak/baru anda mengerti.","2041484118710751694","","ferrykoto","in","","0","0","0","https://x.com/ferryandka/status/2041484118710751694","787243104197677056","ferryandka"
"2041457466748375381","2026-04-07T11:50:37.000Z","0","@onnowpurbo balik lagi ke orang tua, dulu sama sekarang beda, orang tua sekarang udah klo anaknya nangis minta game dikasih, orang tua dulu biarin aja pokoknya cm boleh main sabtu minggu,dan lebih ke tidak kompeten orang2 yg mengurus IGRS, krn mereka tidak tahu menahu tentang game","2041483782071660577","","onnowpurbo","in","","0","0","0","https://x.com/GhaneshRM/status/2041483782071660577","118511014","GhaneshRM"
"2041483500780769338","2026-04-07T11:49:30.000Z","0","Marah-marah soal bobroknya IGRS dari Komdigi dongo edisi Reviewer Game https://t.co/0fThdsHALI","2041483500780769338","","","in","","0","0","0","https://x.com/RenoArifigar/status/2041483500780769338","998271641195986944","RenoArifigar"
"2041482849547858426","2026-04-07T11:46:54.000Z","0","Indonesia keknya masih blom butuh sistem game rating semacam igrs deh, rawan korupsi soalnya. Mending urusin judol ato ga pemerataan internet ke pelosok","2041482849547858426","","","in","","0","0","0","https://x.com/phoquebylife/status/2041482849547858426","2037492280555384832","phoquebylife"
"2041064580450021638","2026-04-07T11:43:29.000Z","0","@ferrykoto @rarafsanjani_ @aryankushh @aniesbaswedan Berceramah kasus IGRS yg lagi panas ini kan karena konteks platformnya yang ada di Steam abangqu... 

mau bilang ""saya kan ndak bilang Steam"" pun juga tidak relevan.. karena cuma dia platform PC yg naikin rating bikinan negara kita ini.
Epic Store aj ngga.","2041481989535170793","","ferrykoto","in","","0","0","0","https://x.com/The_Discomafia/status/2041481989535170793","57513726","The_Discomafia"
"2041457466748375381","2026-04-07T11:40:37.000Z","348","@onnowpurbo Pak,yang keberatan itu rakyat Indonesia, bukan platform Steamnya. 

Kalau Steam keberatan, dari awal kita ga bakalan sempat liat rating IGRS ini muncul di game2 yg dijual di platform mereka.

Sepertinya ada upaya manipulasi informasi dari Komdigi supaya bapak berkesimpulan salah. https://t.co/itkpwQ6Xun","2041481267779445174","https://pbs.twimg.com/media/HFTLkgBbwAAnKCu.jpg","onnowpurbo","in","","0","0","32","https://x.com/Indie_S_Orilly/status/2041481267779445174","157970644","Indie_S_Orilly"
"2041457466748375381","2026-04-07T11:40:33.000Z","33","@cebmerut Padahal kalau soal ngeblok game, Steam aja nurut sama Jerman. Bedanya di Jerman aturannya jelas, patokannya jelas. La yg di IGRS masih semrawut untuk bikin klasifikasi yg contohnya udah decades ada dan macam2. Memang skill issue.","2041481248712102129","","cebmerut","in","","0","0","3","https://x.com/KEMO_HUNZ/status/2041481248712102129","1042045727097143307","KEMO_HUNZ"
"2041480816996548870","2026-04-07T11:38:50.000Z","0","Senin Selasa Lina nabire #santapp Ready VCS hijab lokal Tirta IGRS Steam https://t.co/MxWesQZEqD","2041480816996548870","https://pbs.twimg.com/ext_tw_video_thumb/2041480783085625344/pu/img/N5N18XpLT1mQNRzV.jpg","","in","","0","0","0","https://x.com/citram192/status/2041480816996548870","1975288637173735424","citram192"
"2041472634094018686","2026-04-07T11:34:10.000Z","37","@mog_mediaa Bumer bumer kolot ini bener bener gatau akar permasalahan. Scope yg mereka kerjain aja masih ga paham. Intinya, selagi judol masih beredar bebas tanpa regulasi dan mudah diakses grassroots, IGRS gue anggap program gajelas dan non-prioritas.","2041479641521848530","","mog_mediaa","in","","0","1","5","https://x.com/Voxastros/status/2041479641521848530","1635024512","Voxastros"
"2041479161697743122","2026-04-07T11:32:15.000Z","0","kasian orang tuanya. udah percaya igrs tapi ternyata https://t.co/zsPIFGFNWD","2041479161697743122","https://pbs.twimg.com/media/HFTKaS2bMAAP-5w.png","","in","","0","1","0","https://x.com/AnimindoNet/status/2041479161697743122","294417475","AnimindoNet"
"2041422999824507099","2026-04-07T11:31:08.000Z","0","@ItsukaRedSama another thing is, Anies can yap all he wants about gamers, but never did actually decided to roll out shit crap like IGRS, he said that it was bad without control, and he meant that mostly for children.","2041478881618923769","","ItsukaRedSama","en","","0","0","0","https://x.com/purwarupa3/status/2041478881618923769","1407124353674711045","purwarupa3"
"2041120779757400168","2026-04-07T11:29:28.000Z","0","@Analyst_V2 Gw jujur senang sih ada IGRS di Steam... tapi penerapannya... yaaaa pasti sampah, classic Komdigi L.","2041478462159102110","","Analyst_V2","in","","0","0","0","https://x.com/its_me_zhafran/status/2041478462159102110","1431820932188803078","its_me_zhafran"
"2041477237866946872","2026-04-07T11:28:34.000Z","1","@vipinshukla86 @myogiadityanath @CMOfficeUP @homeupgov @UPGovt @shalabhmani @bstvlive @yadavakhilesh IGRS में आश्वासन देना आसान है, लेकिन 15 दिन होने को है, अभी भी जमीन पर शून्य काम दिख रहा है।
ग्राम सभा पट्टी बेजांव के लोग 8 महीने से पानी के संकट में हैं।
क्या जिम्मेदार विभाग जवाबदेही तय करेगा? 
या सिर्फ फाइलों में ही समाधान होगा?","2041478232768475263","","vipinshukla86","hi","","0","0","0","https://x.com/ashishyadav1507/status/2041478232768475263","1244058658637410304","ashishyadav1507"
"2041477237866946872","2026-04-07T11:26:56.000Z","1","ग्राम सभा पट्टी बेजांव में 8 महीने से बोर खराब।
IGRS में वादा 2 महीने का, 15 दिन में काम शून्य।
कब मिलेगा पानी? 🚰","2041477821814771912","","vipinshukla86","hi","","0","0","0","https://x.com/vipinshukla86/status/2041477821814771912","1261912274584780801","vipinshukla86"
"2041428042439102914","2026-04-07T11:26:50.000Z","0","@ashishyadav1507 @UPGovt @CMOfficeUP @myogiadityanath @homeupgov @shalabhmani @bstvlive @yadavakhilesh ग्राम सभा पट्टी बेजांव में 8 महीने से बोर खराब।
IGRS में वादा 2 महीने का, 15 दिन में काम शून्य।
कब मिलेगा पानी? 🚰","2041477797009576443","","vipinshukla86","hi","","0","0","0","https://x.com/vipinshukla86/status/2041477797009576443","1261912274584780801","vipinshukla86"
"2041477237866946872","2026-04-07T11:24:36.000Z","2","ग्राम सभा पट्टी बेजांव में #JalJeevanMission का बोर 8 महीने से खराब।
IGRS में 2 महीने का आश्वासन, 15 दिन में भी काम नहीं।
क्या ये सिर्फ कागज़ी वादा है? 🚰❓
@myogiadityanath @CMOfficeUP @homeupgov @UPGovt @shalabhmani @bstvlive @yadavakhilesh","2041477237866946872","","","hi","","0","2","0","https://x.com/vipinshukla86/status/2041477237866946872","1261912274584780801","vipinshukla86"
"2041428042439102914","2026-04-07T11:24:26.000Z","1","@ashishyadav1507 @UPGovt @CMOfficeUP ग्राम सभा पट्टी बेजांव में #JalJeevanMission का बोर 8 महीने से खराब।
IGRS में 2 महीने का आश्वासन, 15 दिन में भी काम नहीं।
क्या ये सिर्फ कागज़ी वादा है? 🚰❓
@myogiadityanath @CMOfficeUP @homeupgov @UPGovt @shalabhmani @bstvlive @yadavakhilesh","2041477193721954385","","ashishyadav1507","hi","","0","1","0","https://x.com/vipinshukla86/status/2041477193721954385","1261912274584780801","vipinshukla86"
"2041457466748375381","2026-04-07T11:23:53.000Z","0","@onnowpurbo FYI yak, IGRS itu gak cuman di STEAM tapi mobile platform juga kayak play store","2041477055142150646","","onnowpurbo","in","","0","0","0","https://x.com/tahuangkasa/status/2041477055142150646","2478529855","tahuangkasa"
"2041457466748375381","2026-04-07T11:18:41.000Z","0","@onnowpurbo Anak mana yang beli game Steam ratusan ribu tiap bulan? Yang 70 juta itu main ML/FF di HP, bukan Steam. Ini cuma alasan buat nutupin rating IGRS yang ngawur.","2041475748893258041","","onnowpurbo","in","","0","1","0","https://x.com/RaisaFAl1329/status/2041475748893258041","1731253676025761792","RaisaFAl1329"
"2041475690076446987","2026-04-07T11:18:27.000Z","0","IGRS itu macam label halal kemenag, tujuan awalnya bagus tapi jadi belok perkara duit","2041475690076446987","","","in","","0","0","0","https://x.com/Yaitu12921776/status/2041475690076446987","1283015320618205184","Yaitu12921776"
"2041118782664646973","2026-04-07T11:16:40.000Z","0","@relltarded Sampai detik ini Valve tidak ada public announcement soal case IGRS kemarin, berarti ya mereka tidak salah. Jadi buat apa klarifikasi.","2041475239738220762","","relltarded","in","","0","0","0","https://x.com/ekawicaksana/status/2041475239738220762","195743412","ekawicaksana"
"2041472928911667588","2026-04-07T11:07:29.000Z","1","On my way playing Expedition 33 on my phone 😛

Bedain mobile sama pc ya bapakkkk, steam itu purely buat PC

Gausah pke igrs segala, bocil rata2 ga punya PC, dn duit buat beli PC dan game PC","2041472928911667588","","","in","","0","0","0","https://x.com/AsthiSagitta/status/2041472928911667588","1948253863158616064","AsthiSagitta"
"2041460387502010543","2026-04-07T10:58:52.000Z","28","@tilehopper Tanpa rating igrs pun, game"" steam udah terfilter dari 90% anak di bawah umur, game offline di steam itu mayoritas berbayar, belum lagi minimum requirementsnya, laptop 10jt aja belum tentu bisa jalananin game AAA tahun 2022, judol membahayakan semua kalangan umur masih dibiarin.","2041470761362510036","","tilehopper","in","","0","0","3","https://x.com/adnbwta/status/2041470761362510036","351529455","adnbwta"
"2041064580450021638","2026-04-07T10:58:02.000Z","0","@Bram_no3 @harist_ixcents @ferrykoto @aniesbaswedan Udah ada klarifikasinya dan intinya mereka malah nyalahin steam, dah itu aja. Btw, elu tahu gak ada game yg bakal dihilangkan dari steam setelah igrs muncul? Cari aja di twitter banyak noh yg bahas. Setelah viral baru igrsnya diturunin dan steam pakai sistem pegi","2041470548505731260","","Bram_no3","in","","0","0","0","https://x.com/fuckchmstry/status/2041470548505731260","1225775926497046530","fuckchmstry"
"2041064580450021638","2026-04-07T10:54:33.000Z","0","@Bram_no3 @harist_ixcents @ferrykoto @aniesbaswedan Yaelah gamehub mah walau bisa terhubung ke steam yah tetap bayar kocak buat gamenya, kecuali kalau pakai bajakan. Tapi itu tidak belum tentu bisa do hp. Lagian kenapa malah lari ke sana pembahasannya? Kan lagi bahas igrs alias rating game, gimana sih","2041469673510957409","","Bram_no3","in","","0","1","0","https://x.com/fuckchmstry/status/2041469673510957409","1225775926497046530","fuckchmstry"
"2041428042439102914","2026-04-07T10:52:41.000Z","1","सबसे चौंकाने वाली बात 👇
ग्राम सभा पट्टी बेजांव में जल जीवन मिशन का बोर पिछले 8 महीनों से खराब पड़ा है।
फिर IGRS में 2 महीने में ठीक करने का आश्वासन क्यों?
और 15 दिन में भी कोई काम नहीं?
क्या 8 महीने से लोगों को पानी के लिए यूं ही छोड़ दिया गया है?
@UPGovt @CMOfficeUP कृपया तुरंत https://t.co/vhB0EXyKKj","2041469202205438391","https://pbs.twimg.com/media/HFTBZ7zaMAAAr4T.jpg","ashishyadav1507","hi","","1","1","0","https://x.com/ashishyadav1507/status/2041469202205438391","1244058658637410304","ashishyadav1507"
"2041468776915587420","2026-04-07T10:50:59.000Z","4","Ok teori gue gini:
•⁠  Pertanyaan pornografi di form IGRS Yes/No-nya kebalik/dibalik.
•⁠  ⁠Steam mungkin gak sadar, jadi yang harusnya No keisi Yes. Self-assess bulk.

Jadilah banyak games yang sexually explicit dapet 3+ dan yg biasa aja dapet RC. 

Plausible gak? Wkwkwk","2041468776915587420","","","in","","1","0","1","https://x.com/rayestu/status/2041468776915587420","76984137","rayestu"
"2041460387502010543","2026-04-07T10:50:20.000Z","42","@ekawicaksana masalahnya mau bawa-bawa angka anak, lha anak mayoritas mobile dan Google Play dan Apple App Store juga udah IARC compliant. Mau pake alasan apa mereka kalau hasil self-assesment IARC questionare yang diisi developer ga sesuai? 

Masalah konversi ke IGRS dan verifikasi itu udah","2041468613773951331","","ekawicaksana","in","","0","1","2","https://x.com/tilehopper/status/2041468613773951331","1249662133916192768","tilehopper"
"2041467312939946355","2026-04-07T10:45:10.000Z","0","Ohiya jadi ingat rating igrs terus ada nukitashi aku baru ingat belum kelarin itu anime, sudah saatnya kita nonton nukitashi 🙂‍↕️","2041467312939946355","","","in","","0","0","0","https://x.com/azmnesahi/status/2041467312939946355","1995127074995273728","azmnesahi"
"2041064580450021638","2026-04-07T10:42:24.000Z","0","@ferrykoto @aniesbaswedan Gimana ya? Rating yang ngasih kan jelas jelas IGRS pak, terus gamau disalahin? Itu rating siapa yg bikin? Macam mana dah..
Apalagi mereka gamenya beli pake uang sendiri loh pak, dan kita bayar pajak juga untuk itu.
Game 4no 3+ tapi game balap kuda aja di rate18+ heran...","2041466616375120286","","ferrykoto","in","","0","0","0","https://x.com/zzz25k/status/2041466616375120286","1930318761632079872","zzz25k"
"2041465618193625353","2026-04-07T10:38:26.000Z","1","Cherry picking sekaliii sengaja bgt yang dibahas cuma ngata2innya (padahal emg pantes dikatain. Ups)

Udah banyak loh yg speak up salahnya IGRS ini di mana. Justru kami ini ngasih tau ""ini loh game yg nggak aman kok ratingnya cuma 3+"". Emang anda yang ignorant. Hwak cuih","2041465618193625353","","","in","","0","0","1","https://x.com/unicornxback/status/2041465618193625353","1014759750607646720","unicornxback"
"2041465265419100533","2026-04-07T10:37:02.000Z","0","saw a jp tweet pun-ing id to 淫ドネシア because of the igrs thing &amp; idk if i can laugh or should i feel offended 😭","2041465265419100533","","","ja","","0","0","0","https://x.com/AniManGa19930/status/2041465265419100533","90106752","AniManGa19930"
"2041460387502010543","2026-04-07T10:37:00.000Z","51","Coba @onnowpurbo tanya ke teman2 KOMDIGI, kalau misalnya ini masalah revenue kenapa: 

1. Developer yang sudah isi/mengisi ulang IARC Questionare tidak bisa menambahkan rating IGRS apabila mereka mengajukan asesmen terpisah ke IGRS. Hanya mengikut hasil dari IARC Questionare yang","2041465256548110579","","tilehopper","in","","0","2","10","https://x.com/tilehopper/status/2041465256548110579","1249662133916192768","tilehopper"
"2041118782664646973","2026-04-07T10:34:11.000Z","1","@ekawicaksana Padahal namanya aja IGRS, ""INDONESIA Game Rating System"", dikelola Komdigi loh, Steam cuma ""wadah"" game dan fitur IGRS-nya😹","2041464546410512457","","ekawicaksana","in","","0","2","0","https://x.com/Harurowrr/status/2041464546410512457","1839530055418204160","Harurowrr"
"2041463787770007871","2026-04-07T10:31:10.000Z","1","Dear Team- no one is listening in your sub divisional office. I have raised IGRS complaints also. Please resolve this incorrect billing issue. @UPPCLLKO @PuVVNLHQ","2041463787770007871","","","en","","0","2","0","https://x.com/pradeepk204/status/2041463787770007871","845657353240416256","pradeepk204"
"2041463424253841890","2026-04-07T10:29:43.000Z","0","@DM_PRAYAGRAJ @UPGovt @myogiadityanath मैंने IGRS पोर्टल के माध्यम से कई शिकायतें दर्ज कराई हैं, लेकिन दुर्भाग्यवश, मुझे उनके जवाब में भ्रामक और झूठी रिपोर्ट दिया गया। अभी तक कोई समाधान नहीं हो सका है। पिछली शिकायतों के क्रमांक और JE द्वारा दिए गए आश्वासनों की प्रति संलग्न की हैं https://t.co/kApDdqAu1k","2041463424253841890","https://pbs.twimg.com/media/HFS8Jona0AAvVTT.jpg","DM_PRAYAGRAJ","hi","","0","0","0","https://x.com/Rdhuria1724/status/2041463424253841890","1664549617","Rdhuria1724"
"2041463089795928374","2026-04-07T10:28:23.000Z","4","･｡꙳✧: . Annoucement . :✧꙳ ｡

Kali ini kita ada gform review Game Favorit! Jangan lupa kalian isi dari sekarang sebelum Azael stroke lagi. Mumpung rating dari IGRS udah dicabut juga wkowkwoko

Gform ❖ 📅 》https://t.co/2CwMqCkL1M
Waiting Room ❖⭕️》https://t.co/lgVgAwh1hf https://t.co/bGJHeKJNCA","2041463089795928374","https://pbs.twimg.com/media/HFS728jbcAANLLf.png","","in","","0","0","0","https://x.com/AzaelKyoukoCh/status/2041463089795928374","1822131703198179328","AzaelKyoukoCh"
"2041448529856704902","2026-04-07T10:28:22.000Z","0","@zanatul_91 MBG jadi tai
Kopmer jadi gedung kosong
IGRS jadi bikin malu","2041463083978420440","","zanatul_91","in","","0","0","0","https://x.com/sutaduatiga/status/2041463083978420440","749476447803150336","sutaduatiga"
"2041462563976966468","2026-04-07T10:26:18.000Z","2","IGRS itu apa bang?

Jaman SMP udah ad STEAM account boss😂 https://t.co/XSLeV0N4RK","2041462563976966468","https://pbs.twimg.com/media/HFS7YUVa0AAXdS9.jpg","","in","","0","3","0","https://x.com/orpheuskaze/status/2041462563976966468","1915345296017727488","orpheuskaze"
"2040941129051611519","2026-04-07T10:25:31.000Z","0","@kurawa Pak mohon pahami dahulu Rating dan review 2 hal yang berbeda
Rating di berikan oleh pihak terkait, seperti di negara lain menerapkan PEGI, dalam hal ini IGRS

dengankan yang bapak search melalui AI, itu review, dimana biasa yang memberikan review itu customer","2041462366207119532","","kurawa","in","","0","0","0","https://x.com/daejeong095/status/2041462366207119532","2915965698","daejeong095"
"2041461460086424061","2026-04-07T10:21:55.000Z","1","Yang nunjukkin ini karna kasus IGRS,
dulunya nontonin reza arab di warnet th 🥶
mesti apal sama intro 'hows goin itsss piewwwdipiieeeeee'

'mungkin' pikirannya tambah maju, tapi garis kepalanya aja yang mundur. https://t.co/7TTiZkgu4P","2041461460086424061","https://pbs.twimg.com/media/HFS5ZinaUAIWW1C.png","","in","","1","1","0","https://x.com/minazuki_ame/status/2041461460086424061","1682012329163227137","minazuki_ame"
"2041460784992297085","2026-04-07T10:19:14.000Z","0","Emang lagi sensitif lu bang ama topic ini wkwkwk
Everyone can express themselves in internet, mereka care sama masalah IGRS cuma ya kita ga bisa maksain orang untuk bener bener serius.
This is the internet, a place to escape reality kita bisa kok mengkritik dengan cara kita","2041460784992297085","","","in","","0","1","0","https://x.com/Sanskertar/status/2041460784992297085","1717526142381613056","Sanskertar"
"2041460387502010543","2026-04-07T10:17:39.000Z","852","Play Store, App Store, Steam, dan Epic Game Store itu semua sudah mengikuti standarisasi IARC, dimana IGRS/Indonesia/KOMDIGI juga merupakan signatory. 

Kalau misalnya dalam formulir IARC sekarang ada yang tidak mengakomodir kebutuhan IGRS, Indonesia memiliki hak untuk meminta","2041460387502010543","","","in","","2","12","264","https://x.com/tilehopper/status/2041460387502010543","1249662133916192768","tilehopper"
"2041460370179756192","2026-04-07T10:17:35.000Z","0","Mungkin tunggu mas @ismailfahmi analisa pake Drone Emprit kasus ini, nanti keliatan kok. Yg belain IGRS dari cluster mana.. 

Bagi saya pribadi, masih lebih respek sama mas @dwioktariyadi kalo cuitannya ada yg bela pemerintah, argumen &amp; datanya valid. 

Dibanding @ferrykoto","2041460370179756192","","","in","","0","1","0","https://x.com/gaptekbet/status/2041460370179756192","502429007","gaptekbet"
"2041130581447344251","2026-04-07T10:14:50.000Z","0","@DmSonbhadra @CMOfficeUP @ChiefSecyUP @PMOIndia_RC IGRS पर झूठा निस्तारण,  2 बार @DmSonbhadra  को डाक से पत्र,  1 बार तहसील दिवस मे सामने से शिकायत पत्र देने के बावजूद भी व न्यायालय के आदेश के बाद भी  कोई सुनवाई नहीं करना. विपक्ष द्वारा लगातर खेती करने से रोक टोक किया ही जा रहा रहा है  @CMOfficeUP  @myogioffice @ChiefSecyUP https://t.co/Ze3pOKG4f9","2041459679247958184","https://pbs.twimg.com/media/HFS4v6baUAA9Xzm.jpg","DmSonbhadra","hi","","0","0","0","https://x.com/Avinash53238080/status/2041459679247958184","1412521358601297922","Avinash53238080"
"2041459537673400767","2026-04-07T10:14:16.000Z","0","आंवला तहसील में 'हवाई' हो रही जनसुनवाई!  IGRS पोर्टल पर मिली शिकायतों का बिना धरातल पर जांच किए 'फर्जी निस्तारण' किया जा रहा है न हस्ताक्षर, न मुहर सिर्फ दफ्तर में बैठकर कागजों में न्याय हो रहा है। @DMBareilly कृपया इस गंभीर मामले का संज्ञान लें और दोषियों पर कार्रवाई करें।","2041459537673400767","","","hi","","0","0","0","https://x.com/Bablusagarmedia/status/2041459537673400767","1011066878339346432","Bablusagarmedia"
"2010660703657656355","2026-04-07T10:07:44.000Z","1","@PuVVNLHQ @puvvnlvaranasi @sanjaypatijp @ShadowSakshi @PuvvnlGzp57770 @EMofficeUP @aksharmaBharat @narendramodi @myogiadityanath @JPNadda @PMOIndia @CMOfficeUP @mygovindia @UPGovt @BJP4India @BJP4UP @RSSorg @AKSharmaOffice @NigamPrayagraj @UPPCLLKO @Puvvnlghaz41376 @puvvnlvarans @PMSuryaGhar @myogioffice @PMOIndia_RC @KHURAPATT @dir_ed @IncomeTaxIndia @cbic_india @meevkt @bstvlive @DainikBhaskar @barandbench @Bhupendraupbjp @AhteshamFIN @DoT_India @CBIHeadquarters @ACOUPPolice @ChiefSecyUP @FinMinIndia @AdminGhazipur @AmarUjalaNews @Swamy39 @4pmnews_network @MD_PuVVNL @BBCWorld @BBCHindi @CMHelpline1076 बंद कर देना चाहिए IGRS और PMO का कंप्लैन सिस्टम जब जनता को धोख़ा ही देना है @BJP4India के बेशर्म सरकारों से -40019526008783, 60000260049631,60000260027329 और 20 से उपर Twitter कंप्लैन @myogiadityanath हिंदू धर्म के नाम पर वोट लो फिर उनको लूटो यही रामराज्य हैं?? https://t.co/s2B1NeeN1f","2041457889920045358","https://pbs.twimg.com/media/HFS3HJVaAAAHobC.jpg","ajayrajsahil","hi","","0","1","1","https://x.com/ajayrajsahil/status/2041457889920045358","111023313","ajayrajsahil"
"2041457424654381094","2026-04-07T10:05:53.000Z","0","Hello , मैने मार्च 2026 में गलत बिल को लेकर igrs किया था लेकिन उसमें भी गलत रीडिंग के साथ निस्तारण किया गया है जब की हमारा मीटर रीडिंग कम और बिल ज्यादा रीडिंग का बना है। ये प्रक्रिया लगभग हर महीने होती है। मीटर रीडर बिना रीडिंग देखे ही अनुमान से गलत बिल बनाता है।","2041457424654381094","","","hi","","0","1","0","https://x.com/SMaurya02935762/status/2041457424654381094","1463110172524437504","SMaurya02935762"
"2041457163613470996","2026-04-07T10:04:50.000Z","0","मिर्जापुर में IGRS निस्तारण में फर्जीवाड़े का आरोप

➡️ बरकछा चौकी पर तैनात दारोगा पर गंभीर आरोप
➡️ रमाशंकर यादव पर फर्जी गवाह खड़े करने का आरोप
➡️ लंबे समय से एक ही चौकी पर तैनाती को लेकर सवाल
➡️ देहात कोतवाली के बरकछा चौकी का मामला

#Mirzapur #UPPolice #IGRS #CrimeNews https://t.co/C6pyi3N7Qc","2041457163613470996","https://pbs.twimg.com/media/HFS2X1DbYAA2YD2.png","","hi","","0","1","0","https://x.com/bharatbuzzlive/status/2041457163613470996","1997654278031523840","bharatbuzzlive"
"2041064580450021638","2026-04-07T09:57:06.000Z","0","@Bram_no3 @harist_ixcents @ferrykoto @aniesbaswedan Lu nanya yg menurut gua kompeten buat jdi bagian dari IGRS?Banyak noh game developer indo sama gamers² indo yg lebih paham mengenai ini dibanding yg ada di IGRS skrg","2041455217330585762","","Bram_no3","in","","0","1","0","https://x.com/KumekaGenzo77/status/2041455217330585762","1525772499530657792","KumekaGenzo77"
"2040491792295186826","2026-04-07T09:56:13.000Z","1","@DimasRamdhan_ @badakmeledak_ Gue gak kebayang kalo rezim ini tumbang karena nyenggol gamers 😭 tapi ya good lah damage di awal aja udah segini berisiknya apa lagi kalo udah bener bener nerapin censorship yang menurut gue bukan ranahnya IGRS.","2041454994126467459","","DimasRamdhan_","in","","0","0","0","https://x.com/freshsqueezeorg/status/2041454994126467459","232746593","freshsqueezeorg"
"2041064580450021638","2026-04-07T09:55:24.000Z","0","@Bram_no3 @harist_ixcents @ferrykoto @aniesbaswedan Faktanya memang seperti itu kok,klo misalnya kompeten gk bakal seceroboh ini IGRS","2041454789721252243","","Bram_no3","in","","0","1","0","https://x.com/KumekaGenzo77/status/2041454789721252243","1525772499530657792","KumekaGenzo77"
"2041454578600964257","2026-04-07T09:54:34.000Z","1","Semakin banyak jejaring narkoba tertangkap, Bareskrim Polri amankan 7 orang di Club Delona Vista Bali.

Berantas terus pak, biar kapok mereka !

----
Selasa B. 2009 Menteri Perumahan Nabire IGRS JNJM Steam https://t.co/tESwAW11WB","2041454578600964257","https://pbs.twimg.com/media/HFS0HXGbYAAAmN0.jpg","","in","","0","0","0","https://x.com/PakarINTELek/status/2041454578600964257","194582998","PakarINTELek"
"2041064580450021638","2026-04-07T09:53:25.000Z","0","@Bram_no3 @harist_ixcents @ferrykoto @aniesbaswedan Ya China mh isi orang²nya kompeten semua lah IGRS?lu tonton podcast The Lazy Monday bareng salah satu dari pihak IGRS,disitu keliatan yg diajak podcast gk ngerti game","2041454290586456539","","Bram_no3","in","","0","1","0","https://x.com/KumekaGenzo77/status/2041454290586456539","1525772499530657792","KumekaGenzo77"
"2041064580450021638","2026-04-07T09:52:21.000Z","0","@Bram_no3 @harist_ixcents @ferrykoto @aniesbaswedan ya harusnya IGRS jga menyesuaikan dengan lembaga rating game yg udh ada di Steam,Steam aja udh ngasih kategori tertentu","2041454018615263500","","Bram_no3","in","","0","1","0","https://x.com/KumekaGenzo77/status/2041454018615263500","1525772499530657792","KumekaGenzo77"
"2041453436701642988","2026-04-07T09:50:02.000Z","2","Akhirnya, bandar jaringan Koh Erwin yang terkenal dengan sebutan 'The Doctor' tiba di Bareskrim Polri menggunakan kursi roda.

Gaspol...!!!
----
Selasa B. 2009 Menteri Perumahan Nabire IGRS JNJM Steam https://t.co/KV34VBT3X7","2041453436701642988","https://pbs.twimg.com/media/HFSzEwubMAAOjRj.jpg","","in","","0","1","0","https://x.com/PakarINTELek/status/2041453436701642988","194582998","PakarINTELek"
"2041064580450021638","2026-04-07T09:49:17.000Z","0","@Bram_no3 @harist_ixcents @ferrykoto @aniesbaswedan ngapain bawa CAPDA,kita lagi bahas steam dgn IGRS","2041453249258274881","","Bram_no3","in","","0","2","0","https://x.com/KumekaGenzo77/status/2041453249258274881","1525772499530657792","KumekaGenzo77"
"2041108670889574433","2026-04-07T09:48:32.000Z","0","@tempodotco game itu untuk dinikmati bukan di kasih IGRS","2041453058866233452","","tempodotco","in","","0","0","0","https://x.com/KasetMu25909/status/2041453058866233452","1801918549113683968","KasetMu25909"
"2041064580450021638","2026-04-07T09:48:08.000Z","0","@Bram_no3 @harist_ixcents @ferrykoto @aniesbaswedan Buktinya ada game developer yg bingung tiba² game dia ada rating 18+ dari IGRS pdahal game dia gk ada unsur dewasanya yg berarti apa? pihak developee gk tau soal ini dan membuktikan klo ini hanya dilakukan secara sepihak oleh IGRS","2041452957447946705","","Bram_no3","in","","0","1","0","https://x.com/KumekaGenzo77/status/2041452957447946705","1525772499530657792","KumekaGenzo77"
"2041064580450021638","2026-04-07T09:45:27.000Z","0","@Bram_no3 @harist_ixcents @ferrykoto @aniesbaswedan Bro Steam itu bkn platform jual game baru lahir,mereka udh paham gimana cara ngasih rating usia yg bener, ini mh keliatan yg masukin sistem cuma dari pihak IGRS doang sedangkan pihak Steamnya gk tau","2041452282580255180","","Bram_no3","in","","0","1","0","https://x.com/KumekaGenzo77/status/2041452282580255180","1525772499530657792","KumekaGenzo77"
"2040702078922928176","2026-04-07T09:42:12.000Z","0","@naeraeirene IGRS ( Indonesia Gooning Rating system )","2041451465559216232","","naeraeirene","en","","0","0","0","https://x.com/TirpitzRtx/status/2041451465559216232","1449198149621354500","TirpitzRtx"
"2041064580450021638","2026-04-07T09:37:15.000Z","0","@Bram_no3 @harist_ixcents @ferrykoto @aniesbaswedan Trs kenapa jga pihak komdigi malah nyalahin steam pdahal IGRS sendiri yg salah krn mereka asal terapin age rating ini","2041450218420592713","","Bram_no3","in","","0","1","0","https://x.com/KumekaGenzo77/status/2041450218420592713","1525772499530657792","KumekaGenzo77"
"2041401112172061105","2026-04-07T09:37:01.000Z","0","@Otaku_Anime_Ind Coba cek situs IGRS nya
Rating games nya normal2 aja","2041450163345186859","","Otaku_Anime_Ind","in","","0","0","0","https://x.com/KuroNoLace/status/2041450163345186859","1985579629458112512","KuroNoLace"
"2041449342536716516","2026-04-07T09:33:46.000Z","0","Komdogo: 🗣🗣🐒🐒🥴🥴🔊📣📣 IGRS this IGRS that, Blame Steam System

Pak Gaben: Delete IGRS from Steam😎","2041449342536716516","","","sl","","0","0","0","https://x.com/SageWoody46573/status/2041449342536716516","1739688593042608128","SageWoody46573"
"2041064580450021638","2026-04-07T09:33:44.000Z","1","@Bram_no3 @harist_ixcents @ferrykoto @aniesbaswedan Dan faktanya IGRS memang ngaco kok dalam ngasih rating usia,mau ngomongin sinkronisasi?Ya harusnya pihak IGRS jgn langsung terapin rating itu ke steam klo mau ratingnya sesuai,ini mh keliatan bgt asal ngasih rating","2041449336463372326","","Bram_no3","in","","0","1","0","https://x.com/KumekaGenzo77/status/2041449336463372326","1525772499530657792","KumekaGenzo77"
"2041448175874228381","2026-04-07T09:29:08.000Z","0","@myogiadityanath महोदय,मैने दो IGRS 40019026005504 एवं400190267021 किया मृत्यु प्रमाण पत्र को लेकर जो कि रिजॉल्व कर दिया गया वेबसाइट पर जबकि वास्तविक में समाधान हुआ ही नहीं है मै बहुत परेशान हो चुका हु अधिकारियों की मनमानी से कृपया संज्ञान ले।मेरी मदद करे महोदय,धन्यवाद 9650410220","2041448175874228381","","myogiadityanath","hi","","0","0","0","https://x.com/ShaileshYa1221/status/2041448175874228381","2002510559716220929","ShaileshYa1221"
"2040757110951322044","2026-04-07T09:21:04.000Z","0","@kurawa Kalo bukan resmi dari Komdigi kenapa Steam pakein logo nya IGRS disitu? orang orang tau kalo Steam pake PEGI buat system review mereka. Steam mah cuma platform launcher gaada sangkut pautnya sama ngasih rating umur.","2041446148922306682","","kurawa","in","","0","0","0","https://x.com/Al_Khuarizmi/status/2041446148922306682","1008653461","Al_Khuarizmi"
"2041445614043779100","2026-04-07T09:18:57.000Z","0","Malu ga tuh igrs di omongin orang luar","2041445614043779100","","","in","","0","0","0","https://x.com/RiRuPizza/status/2041445614043779100","1498369400256094208","RiRuPizza"
"2041445387396125062","2026-04-07T09:18:03.000Z","0","soal rating game (rame ni jir kmrn) gw jauh lebih mempercayai steam atau badan rating luar kaya ESRB dan PEGI karena rating mereka masuk akal

lah IGRS? 
eksekusi mereka tanggal 5 april kemaren jelek bgt, so bad even steam langsung balikin lagi dari IGRS ke PEGI besok paginya","2041445389786825030","","adrianchakab13","in","","0","1","0","https://x.com/adrianchakab13/status/2041445389786825030","1666845138273058817","adrianchakab13"
"2041445005055951264","2026-04-07T09:16:32.000Z","1","Per hari ini, IGRS akhirnya telah menghilangkan semua kesalahan rating game-nya sendiri, termasuk Undertale dan Deltarune yang malah mendapat rating 18+
#igrs #deltarune #undertale https://t.co/7aRtSGSoRV","2041445005055951264","https://pbs.twimg.com/media/HFSrTribMAA3Afs.png","","in","","0","0","0","https://x.com/sinyalkartuntv/status/2041445005055951264","1222361040630845440","sinyalkartuntv"
"2040864203540463815","2026-04-07T09:14:55.000Z","0","@animetrends Here's the comparison: Plants vs Zombies, a game which is relatively harmless, is 18+ according to IGRS

Quite a shamble considering this game rate is E10+ (Everyone 10+) or PEGI 7/12. https://t.co/J2Zryxi8WJ","2041444598296555781","https://pbs.twimg.com/media/HFSrCe6bAAADAw7.jpg","animetrends","en","","0","0","0","https://x.com/Thegood_fa/status/2041444598296555781","1355754835992326146","Thegood_fa"
"2041353677496254495","2026-04-07T09:14:33.000Z","0","@ferrykoto @aniesbaswedan Setuju sih, pemerintah harus tegas menerapkan IGRS. Karena game bokep aja di rating 3+ sama IGRS. Pemerintah ini sangat melindungi anak-anak 🥰 https://t.co/rhF9ghuG6B","2041444509175996650","https://pbs.twimg.com/media/HFSq9ngakAAu8At.jpg","ferrykoto","in","","0","0","0","https://x.com/noone_n_nobody_/status/2041444509175996650","891253466961633280","noone_n_nobody_"
"2041443906492243971","2026-04-07T09:13:01.000Z","0","jadi ya gaperlu direcokin sama IGRS gajelas babi ini, kalo mau keliatan kerja judol aja babi kau komdigi","2041444121613926594","","mencaridaratan","in","","0","1","0","https://x.com/mencaridaratan/status/2041444121613926594","1160494266071732224","mencaridaratan"
"2041443906492243971","2026-04-07T09:12:10.000Z","0","imo yaa tentang IGRS, platform steam ini semua game yang diributin itu rata-rata berbayar dan gak “murah”. buat akses gamenya juga harus pake pc atau laptop yang pastinya ga semurah dan semudah top up diamond. syarat tersebut sebenernya uda bisa jadi “filter”.","2041443906492243971","","","in","","0","1","0","https://x.com/mencaridaratan/status/2041443906492243971","1160494266071732224","mencaridaratan"
"2041443426772893787","2026-04-07T09:10:15.000Z","0","IGRS di Steam Tuai Protes, Komdigi: Bukan Rating Resmi https://t.co/MsUk64gXzY","2041443426772893787","","","in","","0","0","0","https://x.com/DokoMadeMo/status/2041443426772893787","30961653","DokoMadeMo"
"2041443088296734725","2026-04-07T09:08:55.000Z","0","@GauribazarB महोदय,मैने दो IGRS 40019026005504 एवं 400190267021 किया मृत्यु प्रमाण पत्र को लेकर जो कि रिजॉल्व कर दिया गया  वेबसाइट पर जबकि वास्तविक में समाधान हुआ ही नहीं है मै बहुत परेशान हो चुका हु अधिकारियों की मनमानी से कृपया संज्ञान ले।मेरी मदद करे महोदय, धन्यवाद 9650410220","2041443088296734725","","GauribazarB","hi","","0","0","0","https://x.com/ShaileshYa1221/status/2041443088296734725","2002510559716220929","ShaileshYa1221"
"2041442756602765493","2026-04-07T09:07:36.000Z","0","IGRS SITE IN  DISTRICT TAHSIL KASGANJ IS  WORKING VERY SLOW FARMERS ARE FACING PROBLEM TO DO REGISTRY 
THERE IS OUT SIDE OFFICE PLEASE DIRECT CONCERN DEPARTMENT SO THAT IGRS SITE RUN SMOOTHLY @myogioffice @myogiadityanath @DmKasganj @AmitShahOffice @UPGovt","2041442756602765493","","","en","","0","0","0","https://x.com/0abcf5330b29420/status/2041442756602765493","3298274966","0abcf5330b29420"
"2041442666202927344","2026-04-07T09:07:16.000Z","0","PG R E dll adalah aturan yang di terbitkan oleh FBI &amp; interpol dan sudah di dalam lulus ranting, sedangkan IGRS khusus Lock Regional Indonesia yang di terbitkan oleh @kemkomdigi, semua game game 18+ di bawah pengawasan FBI dan interpol..","2041442673182298193","","clawhs02","in","","0","2","0","https://x.com/clawhs02/status/2041442673182298193","1509984794968731648","clawhs02"
"2041442666202927344","2026-04-07T09:07:15.000Z","0","Sedangkan Server SG tidak menggunakan IGRS karenakan sudah ada dalam Name tag setiap Publisher game dan jika Miss age tag setiap Regional maka yang di usut bukan operator tapi publisher..
----
IGRS tidak untuk Regional SG
IGRS hanya IP Indonesia","2041442669046669541","","clawhs02","in","","0","2","0","https://x.com/clawhs02/status/2041442669046669541","1509984794968731648","clawhs02"
"2041442666202927344","2026-04-07T09:07:14.000Z","0","Kata temen gw : @kemkomdigi berbohong, yang salah adalah orang-orang Indonesia masukkan data List Game, di steam ada namanya shorts paths game yang di tag jadi mustahil salah input karena terhubung semua Server dunia.. Sedangkan IGRS Lock Regional server ID..","2041442666202927344","","","in","","0","2","0","https://x.com/clawhs02/status/2041442666202927344","1509984794968731648","clawhs02"
"2041441111173116232","2026-04-07T09:01:03.000Z","0","@dmdeoria महोदया,मैने दो IGRS 40019026005504 एवं 400190267021 किया मृत्यु प्रमाण पत्र को लेकर जो कि रिजॉल्व कर दिया गया  वेबसाइट पर जबकि वास्तविक में समाधान हुआ ही नहीं है मै बहुत परेशान हो चुका हु अधिकारियों की मनमानी से कृपया संज्ञान ले।मेरी मदद करे महोदया, धन्यवाद 9650410220","2041441111173116232","","dmdeoria","hi","","0","0","0","https://x.com/ShaileshYa1221/status/2041441111173116232","2002510559716220929","ShaileshYa1221"
"2041441001089413498","2026-04-07T09:00:40.000Z","0","Pemerintah akan meminta klarifikasi ke Steam, sementara masyarakat diimbau untuk tetap mengacu pada sumber resmi #IGRS dan lebih bijak dalam memilih gim.

#InfoPublik #PPTunas #Anak #Game #RatingGame https://t.co/EfWhRDmKwU","2041441013684936786","https://pbs.twimg.com/media/HFSnxykbYAAEJrW.jpg","InfoPublikIP","in","","0","0","0","https://x.com/InfoPublikIP/status/2041441013684936786","275580050","InfoPublikIP"
"2041441001089413498","2026-04-07T09:00:37.000Z","0","Halo, KawanPublik!

Kemkomdigi menegaskan rating IGRS yang muncul di Steam bukan klasifikasi resmi pemerintah.

Artinya, informasi tersebut belum tentu sesuai dengan standar yang berlaku di Indonesia.

#InfoPublik #PPTunas #Anak #Game #RatingGame https://t.co/7SdZhiWS4l","2041441001089413498","https://pbs.twimg.com/media/HFSnxNBbIAAhuZJ.jpg","","in","","0","2","0","https://x.com/InfoPublikIP/status/2041441001089413498","275580050","InfoPublikIP"
"2040702078922928176","2026-04-07T09:00:02.000Z","0","@TirpitzRtx Itu IGRS IGRS juga seperti tai untung kelar😭","2041440855790379359","","TirpitzRtx","in","","0","1","0","https://x.com/naeraeirene/status/2041440855790379359","1676869614670872576","naeraeirene"
"2041439533208883452","2026-04-07T08:54:47.000Z","0","@CMOfficeUP महोदय मैने दो IGRS 40019026005504 एवं 400190267021 किया मृत्यु प्रमाण पत्र को लेकर जो कि रिजॉल्व कर दिया गया  वेबसाइट पर जबकि वास्तविक में समाधान हुआ ही नहीं है मै बहुत परेशान हो चुका हु अधिकारियों की मनमानी से कृपया संज्ञान ले।मेरी मदद कई महोदय, धन्यवाद","2041439533208883452","","CMOfficeUP","hi","","0","0","0","https://x.com/ShaileshYa1221/status/2041439533208883452","2002510559716220929","ShaileshYa1221"
"2041143705277775998","2026-04-07T08:50:06.000Z","1","@kyohamaru Pemerintah melakukan damage control kalo udah begini harus tetep dijaga tekanannya dengan harapan IGRS bener-bener dicabut atau dirombak secara masif.","2041438356752752693","","kyohamaru","in","","0","0","0","https://x.com/EmpireTimu23003/status/2041438356752752693","1952724876349091840","EmpireTimu23003"
"2041437546635554900","2026-04-07T08:46:56.000Z","0","lantas kenapa disini @kemkomdigi malah menyalahkan steam, bukannya komdigi yang harusnya memberi penilaian rating setiap game tersebut?
karena yang ngebuat IGRS itu komdigi kan?

dan @Steam bukannya hanya bertugas untuk menampilkan rating umur saja dan tidak dapat beri penilaian? https://t.co/SHLxtRIs3M","2041437557901467823","https://pbs.twimg.com/media/HFSko-OaYAAIEXl.jpg","gunnersbald","in","","0","0","0","https://x.com/gunnersbald/status/2041437557901467823","823416786","gunnersbald"
"2040977501959369047","2026-04-07T08:42:29.000Z","0","@akudansibd93535 @MuhadklyAcho Lah emangnya abahmu menang gak ada IGRS ?
IGRS udh ada sebelum pemilu atau 2019 kocak XD","2041436437749608929","","akudansibd93535","in","","0","0","0","https://x.com/Turu748392/status/2041436437749608929","1827010031860244480","Turu748392"
"2041353677496254495","2026-04-07T08:39:03.000Z","0","@ferrykoto Tulisannya sama sekali ga nyentuh esensi masalah soal IGRS, cuma mau gebukin orang nganggur doang. Hari gini nyari makan dari gebukin orang nganggur ga bisa emangnya ya wkwkwk","2041435575799169446","","ferrykoto","in","","0","0","0","https://x.com/Pito35386217/status/2041435575799169446","1270384995299975168","Pito35386217"
"2041435404172435732","2026-04-07T08:38:23.000Z","1","It will be funny if Gaben decided to say 'fuck it we ball' and released a document from IGRS that contains Nukitashi 3+ rating

With that in mind, guilty until proven otherwise karena data di website bisa dimanipulasi kapan saja. Website universitas saja SEO-nya jadi judol :)","2041435404172435732","","","en","","0","1","1","https://x.com/arcticmonsieur/status/2041435404172435732","2930330956","arcticmonsieur"
"2041422999824507099","2026-04-07T08:30:18.000Z","0","@ItsukaRedSama si @madeltangapung ini apa tau apa itu IGRS vs ESRB vs PEGI sok macam anies baswedan sok tau😀 IGRS mengikuti sertakan gaming development mengenai design untuk usia batasan kok😀😀😀😀si anies baswedan ESRB di USA malah pemerintah 100%😀😀😀😀😀TOLOL","2041433373147791676","","ItsukaRedSama","in","","0","0","0","https://x.com/KenapeAje/status/2041433373147791676","1709817113786146816","KenapeAje"
"2041433295146426805","2026-04-07T08:30:00.000Z","0","Dapatkan saldo 10.000 pas download apk Shopeepay

Cara:
Upgrade ke spay plus, log in dg shopee &amp; masukin kode referral

QE87XGAFX

diskon info freelance job receh zonauang zonaduit the doctor tirta nabira jnjm igrs stteam senin selasa voucher bonus siang
https://t.co/0GJmU2KCQc","2041433295146426805","","","in","","0","0","0","https://x.com/ceisze/status/2041433295146426805","1969864934852112384","ceisze"
"2041432684493516922","2026-04-07T08:28:52.000Z","1","padahal ini poin terbesarnya eksekusi programnya yang bikin game anak2 jadinya 18+ sedangkan game menjurus dewasa malah 3+

bukan kenapa program ini dibuat tapi eksekusi programnya

di sinilah kekurangan pembela IGRS, gak nangkap poin masalahnya","2041433010579574794","","nanovond","in","","0","0","0","https://x.com/nanovond/status/2041433010579574794","59799195","nanovond"
"2041432965763514681","2026-04-07T08:28:41.000Z","1","Sepertinya sudah waktunya gua stop RT dll soal IGRS karna tweet buzzer kek rudi dan feri dah sering lewat di TL dan makin emosi sendiri liat ketololannya wkwk","2041432965763514681","","","in","","0","1","0","https://x.com/kaikurogane25/status/2041432965763514681","1650956765444583425","kaikurogane25"
"2041432882225533150","2026-04-07T08:28:21.000Z","1","भदोही | पट्टी बेजांव 👇
IGRS पर वादा—2 महीने में रिबोर, पानी चालू

⏳ 15 दिन बाद भी:
न काम, न पानी

कागज़ी योजना या जमीनी हकीकत?
#JalJeevanMission #Bhadohi
@myogiadityanath @CMOfficeUP @homeupgov @UPGovt @shalabhmani","2041432882225533150","","","hi","","0","0","0","https://x.com/vipinshukla86/status/2041432882225533150","1261912274584780801","vipinshukla86"
"2041428042439102914","2026-04-07T08:27:38.000Z","0","@ashishyadav1507 भदोही | पट्टी बेजांव 👇
IGRS पर वादा—2 महीने में रिबोर, पानी चालू

⏳ 15 दिन बाद भी:
न काम, न पानी

कागज़ी योजना या जमीनी हकीकत?
#JalJeevanMission #Bhadohi","2041432702545768649","","ashishyadav1507","hi","","0","0","0","https://x.com/vipinshukla86/status/2041432702545768649","1261912274584780801","vipinshukla86"
"2040993785589768467","2026-04-07T08:24:18.000Z","0","@SEAGamethetic @Steam @valvesoftware dude komdigi is one of idiotic ministry in indonesia, they wanna blame steam for IGRS rating that make indonesian gamers got rage. it's not steam fault, we all know that, it's komdigi fault for the stupidness they have, when IGRS is used","2041431862292390068","","SEAGamethetic","en","","0","0","0","https://x.com/reprimantum/status/2041431862292390068","940002452820041729","reprimantum"
"2041428042439102914","2026-04-07T08:19:18.000Z","0","भदोही के ग्राम सभा पट्टी बेजांव में जल जीवन मिशन की स्थिति अभी भी जस की तस है।

📌 IGRS Uttar Pradesh पर 2 महीने में rebore कर पानी चालू करने का आश्वासन दिया गया था, अभी लगभग 10 दिन बीत चुके हैं, लेकिन ground पर कोई स्पष्ट काम शुरू होता नहीं दिख रहा।

Right to Information Act https://t.co/YdgZlQrM0D","2041430604227776752","https://pbs.twimg.com/media/HFSeTsNbcAATomH.jpg","ashishyadav1507","hi","","0","0","0","https://x.com/ashishyadav1507/status/2041430604227776752","1244058658637410304","ashishyadav1507"
"2041428042439102914","2026-04-07T08:09:07.000Z","0","भदोही के ग्राम सभा पट्टी बेजांव में जल जीवन मिशन की जमीनी सच्चाई -

📌 IGRS Uttar Pradesh शिकायत पर विभाग ने खुद लिखा - “2 महीने में rebore कर पानी चालू होगा

⏳ 15 दिन पूरे होने को हैं, लेकिन:
•जमीन पर कोई काम नहीं
•पानी की समस्या जस की तस

सच जानने के लिए Right to Information https://t.co/a33BHaQUZV","2041428042439102914","https://pbs.twimg.com/media/HFSb-QubgAA8qEF.jpg","","hi","","1","7","0","https://x.com/ashishyadav1507/status/2041428042439102914","1244058658637410304","ashishyadav1507"
"2040685239228653915","2026-04-07T08:05:52.000Z","0","@iPoopBased Kok banyak binatang buzzer igrs wkwkw","2041427222867988726","","iPoopBased","in","","0","0","0","https://x.com/fadhilnhaa/status/2041427222867988726","1543738725909557248","fadhilnhaa"
"2041108670889574433","2026-04-07T08:02:02.000Z","0","@moulanapanji @tempodotco @aniesbaswedan orang tua mana yang tau steam? anak mereka main game hp bahkan sosmed. Orang tua genz/milenial mungkin tau, tapi anak mereka masih stuck di cocomelon. Kalo IGRS terapin rating di game HP baru banyak orang tua yang setuju.","2041426259717349568","","moulanapanji","in","","0","1","0","https://x.com/Jiraz13/status/2041426259717349568","1395701813244940288","Jiraz13"
"2041425891407045090","2026-04-07T08:00:35.000Z","0","udah dikasih jadi stafsus pun masih aja, naikin lah kualitas otak lo. dah salah, gak mau ngaku salah juga lagi, trus sok iye. MIKIR LAH!!

bedain yang namanya ""rating umur"" dengan ""rating user review"" aja gak bisa 🤡

IGRS itu masalahnya di rating umur, bukan di review game nya","2041425891407045090","","","in","","0","1","0","https://x.com/gunnersbald/status/2041425891407045090","823416786","gunnersbald"
"2041425797337292902","2026-04-07T08:00:12.000Z","2","Singgah di pasar malam

#ShopeeVIPPointCoffeeRP1 Naavagreen Selalu Promo skenario gerakan hibrida awas provokasi agen bayaran THM Bali prabowo jaga rakyat Nabire IGRS Steam pegawai negeri sipil https://t.co/qwOdzHREDl","2041425797337292902","https://pbs.twimg.com/amplify_video_thumb/2041425069520613376/img/tbUoqnI-QtFG20QP.jpg","","in","","0","1","0","https://x.com/bolavita_best/status/2041425797337292902","2019243346741587968","bolavita_best"
"2041277613050638846","2026-04-07T07:57:16.000Z","3","@TheMechaXDude No wonder IGRS labeled this game as 18+","2041425056677675386","","TheMechaXDude","en","","0","1","0","https://x.com/Nidech_E30/status/2041425056677675386","1113563605805322240","Nidech_E30"
"2041423579196309888","2026-04-07T07:51:23.000Z","0","Kekuatan politik mana yang bisa mengonsolidasikan gamers selepas ribut-ribut IGRS. Atau malah sepakat dibiarkan hangus terbakar karena tidak ada yang bisa memegangnya.","2041423579196309888","","","in","","0","0","0","https://x.com/eldidito/status/2041423579196309888","38590241","eldidito"
"2041324725537054735","2026-04-07T07:43:01.000Z","0","@Arii765 @ZakyFachru Buru buru atau enggak kalo emang ga kompetensinya, ga mau belajar sama apa yang dikerjakan ya sama aja
Kalo alasan buru-buru bisa kok gandeng media game sambil ditata juga kebijakannya
Dari awal mau mengimplementasikan IGRS udah kayak Coretax dan tebakan gue bener","2041421471764165065","","Arii765","in","","0","1","0","https://x.com/karz_sept/status/2041421471764165065","292164799","karz_sept"
"2040704635128943030","2026-04-07T07:41:51.000Z","0","@subtly8263 @Alf90596480 @mhuseinali Kan yg salah Steam dlm hal tsb... Klo mau protes ke IGRS soal syarat rating umur sama blokir game berklasifikasi RC jg boleh kok

Coba liat seisi akunku, mana ada buzzer isi tweetnya kyk punyaku😅 Ketikanmu malah yg kyk buzzer. Spam capslock, spam kata kasar, nama akun gk jelas..","2041421180410958299","","subtly8263","in","","0","1","0","https://x.com/fareasy96/status/2041421180410958299","1236129966611263488","fareasy96"
"2041420779653607568","2026-04-07T07:40:16.000Z","0","लगभग दो महीने हो गया है फरवरी में IGRS 
NO 40018226001830 हैं किया गया था लेकिन अप्रैल महीना चल रहा है अभी तक रिपोर्ट नहीं लगाया गया है बिजली विभाग द्वारा कोई कार्रवाई नहीं किया
@UPPCLLKO 
@MVVNLHQ 
@CMOfficeUP 
@SamacharBharat_ https://t.co/DFy90gLh3m","2041420779653607568","https://pbs.twimg.com/media/HFSVYVcagAA-krf.jpg","","hi","","0","1","0","https://x.com/dharamveer_kor/status/2041420779653607568","1534396473185832960","dharamveer_kor"
"2041324725537054735","2026-04-07T07:35:18.000Z","0","@luckyn00bs @kerissakti Mungkin ini memang sesuai uu buat tambahan negara. Kalo game tidak punya igrs gak bisa beredar di indonesia, dan bikin igrs dipungut biaya. Ntahlah kalo film lembaga sensor itu bayar atau gak. Dan pegi ini apakah bayar coba para developer bisa kasih insight ttg rating lbh dlm.","2041419532347347220","","luckyn00bs","in","","0","0","0","https://x.com/rezatri07/status/2041419532347347220","1153422151","rezatri07"
"2041324725537054735","2026-04-07T07:34:00.000Z","0","@alterozas @kerissakti Niatnya bikin IGRS itu emang ini
Ngapain ada IGRS kalo ada PEGI sama ESRB yang skalanya udah internasional","2041419203031503017","","alterozas","in","","0","0","0","https://x.com/karz_sept/status/2041419203031503017","292164799","karz_sept"
"2041093747501592852","2026-04-07T07:33:08.000Z","0","@kurawa Tai. Emang kalian yg blunder. Steam udh punya standar sndiri, punya standar age rating yg jelas (ESRB, PEGI) drpd IGRS. Ga malu kah kalian jdi bahan nyinyir ama media² overseas luar sana?","2041418984227229800","","kurawa","in","","0","0","0","https://x.com/_mabskuy/status/2041418984227229800","1157086903369256961","_mabskuy"
"2041418195769360720","2026-04-07T07:30:00.000Z","1","IGRS = Ini Gua Rating Sendiri

#Meme #Steam #IGRS #indonesiagameratingsystem #GTASA https://t.co/3T1JsaqwGC","2041418195769360720","https://pbs.twimg.com/amplify_video_thumb/2041418130493411328/img/r6BC6c5h13P4HLmm.jpg","","in","","0","0","0","https://x.com/langitsenayan/status/2041418195769360720","1939894464094613504","langitsenayan"
"2041413500367749604","2026-04-07T07:28:13.000Z","0","@rayestu Ini jawaban yg awal juga. Mgkn IGRS bikin standar klasifikasi yg cuma sekenanya dan layer ya tdk jelas bang ray. 
Let say grafis :
Kalo kartun/anime 3+
Kalo realis 18+

Untuk konten :
Ada rokok =18+
Ada adegan sex =3+

Nah standar aneh ini dikasi ke steam lalu diminta auto-sort.","2041417747066962177","","rayestu","in","","0","1","0","https://x.com/Cyclops_Ray/status/2041417747066962177","1205351168609640449","Cyclops_Ray"
"2041401112172061105","2026-04-07T07:23:46.000Z","11","@Otaku_Anime_Ind Kebumikan IGRS!!!
Tidak berguna!!!","2041416628668436893","","Otaku_Anime_Ind","in","","0","0","0","https://x.com/Reshidayu/status/2041416628668436893","906537336095203329","Reshidayu"
"2041415184116552130","2026-04-07T07:20:19.000Z","1","akhirnya diskusinya malah menjauh dari IGRS, padahal kalau lihat clear penjelasan pak Anies aslinya gak jauh2 dari tujuan komdigi

kan ini yg dibahas ama gamers eksekusi program IGRS ini. kenapa banyak yg gak cocok usianya. ini bisa dibalas dengan ""akan diperbaiki""","2041415757926707662","","nanovond","in","","0","2","0","https://x.com/nanovond/status/2041415757926707662","59799195","nanovond"
"2040972764278935648","2026-04-07T07:18:41.000Z","0","@ARSIPAJA Kalau dilihat dari tujuannya, IGRS ini bukan buat nyusahin, tapi buat melindungi pemain yang masih muda dan bikin ekosistem game di Indonesia lebih rapi (biar orang tua juga punya acuan jelas).","2041415350647140401","","ARSIPAJA","in","","0","0","0","https://x.com/vicyrchm/status/2041415350647140401","1309871136","vicyrchm"
"2041047293353447543","2026-04-07T07:17:19.000Z","0","@Kuroshka_id Peak ama super battle golf IGRS 18+ alasannya karena game perusak persahabatan (kalau iseng)","2041415007066538387","","Kuroshka_id","in","","0","0","0","https://x.com/shirota280/status/2041415007066538387","1609559854234107904","shirota280"
"2041413500367749604","2026-04-07T07:11:20.000Z","5","Gue masih bingung soal Steam-IGRS ini. Komdigi ngakunya ratingnya itu self-assess, bukan dari mereka. Itu maksudnya gimana? Masa developer game sendiri nge-assess kalo game mereka 'refused classification'? 

Maap pertanyaan nubie.","2041413500367749604","","","in","","0","2","0","https://x.com/rayestu/status/2041413500367749604","76984137","rayestu"
"2041412995419688970","2026-04-07T07:09:20.000Z","0","IGRS. Indonesia Gooner Rating System","2041412995419688970","","","in","","0","1","0","https://x.com/orang_ngumpet/status/2041412995419688970","1593614803641110528","orang_ngumpet"
"2041412785771630633","2026-04-07T07:08:30.000Z","0","eh tapi ini kan rame rame terkait IGRS sebenernya udah lama juga sih, pemerintah gabakal berani ngapa ngapain juga","2041412785771630633","","","in","","0","0","0","https://x.com/godbusycanihelp/status/2041412785771630633","1215948891893293061","godbusycanihelp"
"2039359879081582987","2026-04-07T07:06:18.000Z","0","@emcd_io April IGRS","2041412232119242960","","emcd_io","sl","","0","0","0","https://x.com/choco_cookees/status/2041412232119242960","1011408552903131136","choco_cookees"
"2041353677496254495","2026-04-07T07:06:07.000Z","6","@ferrykoto Btw, screenshotan ini ngambil dari mana ya? Mau liat kausalitasnya dengan program rating dari IGRS.","2041412184794882188","","ferrykoto","in","","0","0","1","https://x.com/abahgaming_/status/2041412184794882188","1361156637411528704","abahgaming_"
"2041064496597504093","2026-04-07T07:00:02.000Z","0","@GodotYT Yth tim IGRS. 
13 tahun years of service saya rasa cukup lah ya utk Senior role 🙏😅 https://t.co/HweAgyn3RA","2041410656768028743","https://pbs.twimg.com/media/HFSMK1SbcAA9Eii.jpg","GodotYT","in","","0","0","0","https://x.com/j1mboo23/status/2041410656768028743","139367891","j1mboo23"
"2041409329853772203","2026-04-07T06:54:46.000Z","1","@som00in Reminder No 11. For the personal attention of Mr Sameer, Registrar Society, Lucknow. This is how a system fails its people. A petition to Dy Registrar Firms, Societies and Chits, Agra lodged on IGRS on 24 Sep 2025 vide ID 40014625059817 is still pending and election to","2041409329853772203","","som00in","en","","0","0","1","https://x.com/rajesh_maliwal/status/2041409329853772203","894772344","rajesh_maliwal"
"2041409049829441751","2026-04-07T06:53:39.000Z","2","Dih...?
Dari pembahasan awal igrs yg notabene bener bener anomali di platform steam jd lari kemana mana sampe ngatain org maniak game
Kl emg ngga paham sama konteks yg diributin kayanya mending diem ngga sih, jujur bukan keliatan pinter tapi malah keliatan bgt red herring 🤷🏻‍♂️","2041409049829441751","","","in","","0","0","1","https://x.com/Psychelockes/status/2041409049829441751","1537031381788000256","Psychelockes"
"2041064580450021638","2026-04-07T06:48:43.000Z","0","@Bram_no3 @fuckchmstry @ferrykoto @aniesbaswedan Ya Allah, yang dipermasalahin sekarang itu ya yang di steam ni loh ya, beritanya udah dimana-mana loh lu tuh aneh banget astaga. Mostly beritanya itu klasifikasi game di steam oleh IGRS, yang dipermasalahin sama IGRS dan si Koto ini tu game yg ada di steam. Astaga.","2041407808852373809","","Bram_no3","in","","0","1","0","https://x.com/harist_ixcents/status/2041407808852373809","778261480047190016","harist_ixcents"
"2041407196932763943","2026-04-07T06:46:17.000Z","0","Nabire igrs senin","2041407196932763943","","","sl","","0","0","0","https://x.com/luctvie/status/2041407196932763943","1581568910","luctvie"
"2041375890295472237","2026-04-07T06:44:05.000Z","0","@patarnotstar IGRS. Indonesia Gooner Rating System","2041406643062333943","","patarnotstar","in","","0","2","0","https://x.com/orang_ngumpet/status/2041406643062333943","1593614803641110528","orang_ngumpet"
"2041120779757400168","2026-04-07T06:37:14.000Z","0","@Analyst_V2 emangnya kalo gak make igrs steam gak boleh kah di indo, kan kenanya paltform.","2041404916296782150","","Analyst_V2","in","","0","0","0","https://x.com/1q5_nungha/status/2041404916296782150","2699180259","1q5_nungha"
"2040941129051611519","2026-04-07T06:36:01.000Z","0","@kurawa Yang di bilang AI itu rating review, sedangkan IGRS itu rating umur","2041404611089858588","","kurawa","in","","0","0","0","https://x.com/AoOkami5/status/2041404611089858588","1357985582354321410","AoOkami5"
"2041403900276961426","2026-04-07T06:33:11.000Z","0","Terlepas dr blunder2 IGRS dan Komdigi, tp sepertinya root kekesalan netizen ini kayaknya lebih ke ga terima Steam yg udah sedewa itu diomongin jelek sama boomer pemerintahan. Jujur jadi kayak fanboys va haters. Wkkw","2041403900276961426","","","in","","0","0","0","https://x.com/hotgamer132/status/2041403900276961426","1387010888595427330","hotgamer132"
"2041403834665468096","2026-04-07T06:32:56.000Z","0","Jangan terpancing oleh ajakan yang dapat merugikan banyak pihak. Stop Provokasi, Jangan terprovokasi.
Senin Selasa Pagiii Tirta #Panamá #FenerinMaçıVar Nabire IGRS Steam https://t.co/S70C75KnFR","2041403834665468096","https://pbs.twimg.com/ext_tw_video_thumb/2041403740197126144/pu/img/4HP4d10wdwQ_Rp34.jpg","","in","","0","0","0","https://x.com/januar_ari1409/status/2041403834665468096","1668443048718794752","januar_ari1409"
"2041064580450021638","2026-04-07T06:26:32.000Z","1","@Bram_no3 @ferrykoto @aniesbaswedan Eh lu liat beritanya ato kaga sih? Justru yg nudity di IGRS itu 3+, ini lu makin halu keknya","2041402225206182236","","Bram_no3","in","","0","1","0","https://x.com/harist_ixcents/status/2041402225206182236","778261480047190016","harist_ixcents"
"2041401112172061105","2026-04-07T06:22:07.000Z","255","Sistem IGRS dan Steam disebut belum terhubung secara sistem, sehingga rating yang viral kemarin itu hasil yang harusnya belum tayang ke publik. Terlebih proyek ini statusnya masih uji coba dan belum ada MoU resmi antara Steam dengan Komdigi.

""Jadi ada dua kan, website-nya, IGRS https://t.co/3j76k8V5dg","2041401112172061105","https://pbs.twimg.com/media/HFSDfCzbYAAVsIs.jpg","","in","","7","18","12","https://x.com/Otaku_Anime_Ind/status/2041401112172061105","1210780624035860480","Otaku_Anime_Ind"
"2041400579658817559","2026-04-07T06:20:00.000Z","0","Dapatkan saldo 10.000 pas download apk Shopeepay

Cara:
Upgrade ke spay plus, log in dg shopee &amp; masukin kode referral

QE87XGAFX

diskon info freelance job receh zonauang zonaduit senin wanna one jnjm nabire igrs steam tirta kratingmeen freeport thm bali
https://t.co/So4KHdUcsP","2041400579658817559","","","in","","0","0","0","https://x.com/gaarusakk/status/2041400579658817559","2021565281387388928","gaarusakk"
"2041399979479314859","2026-04-07T06:17:37.000Z","0","udah hybe babi trus ini igrs babi juga","2041399979479314859","","","in","","0","0","0","https://x.com/wonvoyager/status/2041399979479314859","457266592","wonvoyager"
"2041399776282017959","2026-04-07T06:16:48.000Z","1","Haruskah aku bikin gini juga biar dimutasi ke komdigi ngurusin IGRS?","2041399776282017959","","","in","","0","0","0","https://x.com/chaaphrodite/status/2041399776282017959","1782611727399677953","chaaphrodite"
"2041353677496254495","2026-04-07T06:13:33.000Z","1","@storieselk @ferrykoto Soalnya si peri ini ngetag nya soal ""Anak Kecil"". Ya udh gw kasih tau soal perilaku anak kecil gimana pasarnya dimana, jadi ngapain IGRS ngurusin age rating di steam kalo pemainnya 17+","2041398957138645059","","storieselk","in","","0","1","0","https://x.com/Shihan047/status/2041398957138645059","1838996772884197377","Shihan047"
"2041398716972851360","2026-04-07T06:12:36.000Z","0","Dari dulu kan pamarentah ga pernah peduli sama komunitas gamers, baik dari segala sisi. Gamers sendiri yang harus belajar ekosistem gaming. 

Ini Komdigi yang ga pernah kerja, sekalinya kerja malah menghasilkan produk super cacat (IGRS) yang menyusahkan. Jelas marah lah gamers 😌","2041398716972851360","","","in","","0","1","1","https://x.com/Panathinatikos/status/2041398716972851360","1569140625957859328","Panathinatikos"
"2041324959050690944","2026-04-07T06:11:53.000Z","2","@GemaShowIndo tambahan ini bang, rating langsung dari website IGRS-nya bukan lewat steam-steaman lagi wkwkkw https://t.co/vA5rTBsZ9N","2041398536512913773","","GemaShowIndo","in","","0","0","0","https://x.com/Rei_OnZ/status/2041398536512913773","1495544349622677505","Rei_OnZ"
"2041398509069541882","2026-04-07T06:11:46.000Z","2","Valve? 
Rating palsu? 

Meresahkan publik? 

Yang ngizinin steam buat release ratingnya IGRS siapa? Apa iya datanya ga dari IGRS? 

Ngapain Valve ngarang-ngarang? Kek kurang kerjaan aja buat market yang cuma 1.5-2% worldwide ini","2041398509069541882","","","in","","0","3","1","https://x.com/chaaphrodite/status/2041398509069541882","1782611727399677953","chaaphrodite"
"2041398107532149156","2026-04-07T06:10:10.000Z","0","Kl mau berantem sama anies pake isu lain aja mas, ga usah numpang buka lapak di kasus IGRS. Jatohnya jadi sotoy kagak jelas soalnya","2041398107532149156","","","in","","0","0","1","https://x.com/atheon24/status/2041398107532149156","775629565276237825","atheon24"
"2041353677496254495","2026-04-07T06:07:07.000Z","0","@ferrykoto Bapak kalo beneran ngebela IGRS, harusnya jadi catatan IGRS bahwa pasar kita itu lebih besar di pasar mobile dengan game tipe kompetitif dan Microtransaction. Jadi yg harus diatur itu game dengan tipe itu, karena tidak mungkin anak kecil main game kalo tidak punya spek mumpuni","2041397340586799567","","Shihan047","in","","0","0","0","https://x.com/Shihan047/status/2041397340586799567","1838996772884197377","Shihan047"
"2041397174425338154","2026-04-07T06:06:28.000Z","0","IGRS bagus tapi eksekusinya jeblok semua
Entak kenapa ni lembaga ga ada beresnya tiap hari. Klo gak yang gini gini paling situs yang di blok. Udah gitu di jaringan juga parah. 
Rata rata speed test netindex itu 118mbps indonesia? Cm 45mbps loh. https://t.co/ICI2kpZl33","2041397174425338154","https://pbs.twimg.com/media/HFR_5rwagAAifxV.jpg","","in","","0","0","0","https://x.com/Shikikan_Neko08/status/2041397174425338154","1714336819","Shikikan_Neko08"
"2041396494230790509","2026-04-07T06:03:46.000Z","0","Rada lucu liat r/indogamers parno banget sama igrs. Lu buka reddit aja udah harus ganti dns kenapa perkara igrs doang takut 🤣","2041396494230790509","","","in","","0","0","0","https://x.com/KuppaKingu_/status/2041396494230790509","504523930","KuppaKingu_"
"2041324725537054735","2026-04-07T06:01:28.000Z","21","@kerissakti @PlaymenID Betul bgt. Jgn serang pribadinya yg 3 tahun blm lapor LHKPN. Kita fokus kebijakan IGRS aja. Pokoknya jgn serang soal hartanya begitu. Kasian.

https://t.co/2en0L4XEMB","2041395916775780832","","kerissakti","in","","0","1","1","https://x.com/msl1896/status/2041395916775780832","552735984","msl1896"
"2041324725537054735","2026-04-07T05:59:12.000Z","0","@Arii765 @kerissakti Sebenernya di jerman juga mereka nerapin age rating sendiri sih+ada pemblokiran
Cmn disana sistemnya jelas+diskusi sama komunitas game

Yg jadi isu sih apa patokan IGRS,soalnya game bokep gk diblokir malah banyak game"" rpg yg diblokir

Klo patokan 'ngelindungin' yah gk sesuai","2041395347126465008","","Arii765","in","","0","1","0","https://x.com/quis_alexi15970/status/2041395347126465008","1800375658465632256","quis_alexi15970"
"2041395005701734571","2026-04-07T05:58:07.000Z","0","पूर्व में IGRS, ट्विटर, 1912 और पावर हाउस में लिखित रूप से न जाने कितनी बार अवगत कराया जा चुका है। 2 साल पहले GPS फोटो सर्वे किया गया था आज तक कोई समाधान नहीं किया जा सका है । वर्तमान में 77 कनेक्शन है जिसमें 4 कनेक्शन 2 KWH से ऊपर हैं।","2041395074224009508","","ImranAh86054416","hi","","0","1","0","https://x.com/ImranAh86054416/status/2041395074224009508","1301172653403717633","ImranAh86054416"
"2041394911262744657","2026-04-07T05:57:28.000Z","2","Indonesia Game Rating System (IGRS) diimplementasikan pada platform seperti Steam dengan tujuan utama untuk memberikan panduan yang jelas bagi konsumen mengenai kesesuaian konten gim dengan usia pengguna. Hal ini merupakan bagian dari regulasi pemerintah Indonesia untuk https://t.co/7yM5xXi3lO","2041394911262744657","https://pbs.twimg.com/media/HFR92ljbgAAVeBz.jpg","","in","","0","0","1","https://x.com/99propaganda/status/2041394911262744657","1427095335084515333","99propaganda"
"2041389600099443111","2026-04-07T05:56:49.000Z","0","पूर्व में IGRS, ट्विटर, 1912 और पावर हाउस में लिखित रूप से न जाने कितनी बार अवगत कराया जा चुका है। 2 साल पहले GPS फोटो सर्वे किया गया था आज तक कोई समाधान नहीं किया जा सका है । वर्तमान में 77 कनेक्शन है जिसमें 4 कनेक्शन 2 KWH से ऊपर हैं।","2041394744421679119","","ImranAh86054416","hi","","0","1","0","https://x.com/ImranAh86054416/status/2041394744421679119","1301172653403717633","ImranAh86054416"
"2041394180430434366","2026-04-07T05:54:34.000Z","0","Lagi ramai soal IGRS &amp; rating gim di Steam, ini ada siaran pers resminya sebagai penjelasan. Bisa dicek dulu biar lebih jelas sebelum beropini: https://t.co/r10pfhXUhp⁠�","2041394180430434366","","","in","","0","0","0","https://x.com/YusufAlman71238/status/2041394180430434366","1801386251612000256","YusufAlman71238"
"2041393361819668665","2026-04-07T05:51:19.000Z","0","Cindo sama bapak bengkel

Senin selasa malam rabu igrs nabire semangat https://t.co/33BcnpM63b","2041393361819668665","https://pbs.twimg.com/media/HFR8cdPbcAA63gN.jpg","","in","","0","1","0","https://x.com/ductyie/status/2041393361819668665","985947520168878086","ductyie"
"2041324725537054735","2026-04-07T05:50:25.000Z","0","@quis_alexi15970 @kerissakti Itulah sebabnya kenapa saya bingung ketika ngelihat ada rating RC di IGRS. Setahuku nggak ada rating semacam itu di badan rating apapun.

Ini yang harus ditanyakan di hadapan KomDigi. Siapa yang kasih ide untuk bikin rating tersebut, dan atas dasar apa.","2041393137697034595","","quis_alexi15970","in","","0","1","0","https://x.com/Arii765/status/2041393137697034595","304400656","Arii765"
"2041061566716744186","2026-04-07T05:46:15.000Z","13","@alsjournall jangam salah kak, pembelian game disteam itu KENA PAJAK gk ada hal legal di negara ini yg bebas pajak, mereka ngebuat aturan IGRS ini jelas kemungkinan mau meras dev game biar mereka bayar dulu agar boleh masuk region Indo","2041392088622014720","","alsjournall","in","","0","1","1","https://x.com/Internetsurver/status/2041392088622014720","1618472840281600000","Internetsurver"
"2041391326533755161","2026-04-07T05:43:14.000Z","6","viral indo terbaru tante prank ojol

https://t.co/o9zvptpLI3

Senin Desa Bangunharjo Hari Kesehatan Dunia IGRS Nabire Selasa Happy Easter https://t.co/cEheQbeXqQ","2041391326533755161","https://pbs.twimg.com/media/HFRmseibYAAwJnB.jpg","","in","","0","1","1","https://x.com/bobutisyou/status/2041391326533755161","1851147330","bobutisyou"
"2041391311107031530","2026-04-07T05:43:10.000Z","9","viral indo terbaru cewe hijab baru pertama kali ampai jerit2

https://t.co/o9zvptpLI3

Senin Desa Bangunharjo Hari Kesehatan Dunia IGRS Nabire Selasa Happy Easter https://t.co/wi59bt9sNK","2041391311107031530","https://pbs.twimg.com/media/HFRmxnVbsAA9QvB.jpg","","in","","0","8","0","https://x.com/bobutisyou/status/2041391311107031530","1851147330","bobutisyou"
"2041390496552272275","2026-04-07T05:39:56.000Z","29","padahal anies aja bahas IGRS 
ini dia malah ""siapa bahas PC game""
geser gawang dan bawa umur tapi nalar di tinggal https://t.co/41CUKFII5i","2041390496552272275","https://pbs.twimg.com/media/HFR50zBbIAADGa3.jpg","","in","","0","1","2","https://x.com/DokutahLianSyah/status/2041390496552272275","1419991676311855104","DokutahLianSyah"
"2041353677496254495","2026-04-07T05:38:30.000Z","32","@ferrykoto betul pak
jadi anak2 harus main sesuai dengan umur, seperti saran IGRS dari kementrian tercinta kita pak
contohnya game ini yg sudah di sarankan https://t.co/lRDDqrvQGP","2041390136215400798","https://pbs.twimg.com/media/HFR5gfgaEAAUn6e.jpg","ferrykoto","in","","0","0","0","https://x.com/DokutahLianSyah/status/2041390136215400798","1419991676311855104","DokutahLianSyah"
"2041390029755617397","2026-04-07T05:38:04.000Z","1","पूर्व में IGRS, ट्विटर, 1912 और पावर हाउस में लिखित रूप से न जाने कितनी बार अवगत कराया जा चुका है। 2 साल पहले GPS फोटो सर्वे किया गया था आज तक कोई समाधान नहीं किया जा सका है । वर्तमान में 77 कनेक्शन है जिसमें 4 कनेक्शन 2 KWH से ऊपर हैं।","2041390029755617397","","","hi","","0","0","0","https://x.com/ImranAh86054416/status/2041390029755617397","1301172653403717633","ImranAh86054416"
"2041387746472886576","2026-04-07T05:33:37.000Z","0","पूर्व में IGRS, ट्विटर, 1912 और पावर हाउस में लिखित रूप से न जाने कितनी बार अवगत कराया जा चुका है। 2 साल पहले GPS फोटो सर्वे किया गया था आज तक कोई समाधान नहीं किया जा सका है । वर्तमान में 77 कनेक्शन है जिसमें 4 कनेक्शन 2 KWH से ऊपर हैं।","2041388908345491964","","ImranAh86054416","hi","","0","1","0","https://x.com/ImranAh86054416/status/2041388908345491964","1301172653403717633","ImranAh86054416"
"2041374590048600157","2026-04-07T05:31:07.000Z","1","@wijayawilliam31 Ngapain igrs, itu kan steam yg harus klarifikasi (menurut mereka)","2041388278402982351","","wijayawilliam31","in","","0","0","0","https://x.com/MangAgus_10/status/2041388278402982351","1669317272845045763","MangAgus_10"
"2040082428648366149","2026-04-07T05:28:48.000Z","2","Hijab malu2
https://t.co/NKmXEJpDwr
https://t.co/c23zTID3YO
https://t.co/s7SM26fGoN

Senin selasa igrs semangat kupang nabire","2041387694157426955","","luctvie","in","","0","0","0","https://x.com/luctvie/status/2041387694157426955","1581568910","luctvie"
"2041064580450021638","2026-04-07T05:21:31.000Z","0","@ferrykoto @AhmadShiddiqN @aniesbaswedan privat? kenapa tidak dibuka se-Transparan mungkin? apakah takut salah dalam mengartikan “we are sorry to hear that…”. 
STEAM itu sudah belasan tahun, sedangkan IGRS baru hitungan bulan, sebelumnya STEAM punya klasifikasi yg lebih masuk akal.
dan knp bisa Pemerintah dilangkahi?!","2041385864455246219","","ferrykoto","in","","0","0","0","https://x.com/safriearr/status/2041385864455246219","1341336091","safriearr"
"2041385479585902924","2026-04-07T05:20:00.000Z","0","@BdoLaharpur सर अब तो अधिकारी भी बोल रहे है की जांच करता है की जांच सही पाई गई है
IGRS ka फोटो 
सर अब तो प्रधान के ख़िलाफ़ क़ानूनी कारवाही हो (FIR) जल्द से जल्द करवाने की कृपा करे महोदय जी https://t.co/s2yYV8uqOc","2041385479585902924","https://pbs.twimg.com/media/HFR1MPcaUAAKdWT.jpg","BdoLaharpur","hi","","0","0","0","https://x.com/VishalKuma21519/status/2041385479585902924","1914564842729402368","VishalKuma21519"
"2041385378486337543","2026-04-07T05:19:35.000Z","0","igrs igrs nya nanti dulu,

postingan sosmed aja sekarang udah dibatesin.","2041385378486337543","","","in","","0","0","0","https://x.com/arubigoreng/status/2041385378486337543","1619046804884189185","arubigoreng"
"2040757110951322044","2026-04-07T05:19:33.000Z","0","@kurawa @Steam dear steam, please sue this guy.. @OfficialNewell papa gabe please

Dan buat lu mending lu ngaca gk ada yang mau memalsukan sampah kek IGRS apalagi Komdongo","2041385369720287476","","kurawa","in","","0","0","0","https://x.com/Siestice/status/2041385369720287476","1149680996989562880","Siestice"
"2041385119618138577","2026-04-07T05:18:34.000Z","7","Kalau emang misalkan nyalahin Steam yang kasih rating IGRS berarti kan tandanya yang kerjain itu semuanya berasal dari Steam, terus kerjanya KEMKOMINFO apa dong?

😔😔😔😔😔","2041385119618138577","","","in","","0","1","2","https://x.com/Rei_OnZ/status/2041385119618138577","1495544349622677505","Rei_OnZ"
"2041385068481171621","2026-04-07T05:18:22.000Z","1","Ngintip API-nya ada nih di situs IGRS. 

Kenapa itu deskripsi rating ada datanya tapi gak ditampilin ya? Mau dipake tebak-tebakan? https://t.co/IbiCyuDnP0","2041385068481171621","https://pbs.twimg.com/media/HFR0qYxaMAA_p27.jpg","","in","","0","0","1","https://x.com/melekmedia/status/2041385068481171621","146060482","melekmedia"
"2041384593040019830","2026-04-07T05:16:28.000Z","1","सर अब तो अधिकारी भी बोल रहे है की जांच करता है की जांच सही पाई गई है
IGRS ka फोटो 
सर अब तो प्रधान के ख़िलाफ़ क़ानूनी कारवाही हो (FIR) जल्द से जल्द करवाने की कृपा करे महोदय जी 🙏🏻@DmSitapur https://t.co/GxylDxnPuN","2041384593040019830","https://pbs.twimg.com/media/HFR0DJWbwAAvgeK.jpg","","hi","","1","2","0","https://x.com/VishalKuma21519/status/2041384593040019830","1914564842729402368","VishalKuma21519"
"2041384534613323986","2026-04-07T05:16:14.000Z","0","आलमबाग डिपो की बस UP 41BT 0374 के कंडक्टर द्वारा यात्री से निजी UPI में पैसे लेने (वित्तीय भ्रष्टाचार) व अभद्रता की शिकायत IGRS (40017426008138) व हेल्पलाइन (38720) पर की। 7 दिन बाद भी ARM/RM लखनऊ मौन हैं। क्या यूपी परिवहन में निजी खातों में वसूली मान्य है? @UPSRTC_HQ @UPGovt https://t.co/J2conkAWRY","2041384534613323986","https://pbs.twimg.com/media/HFR0aPBa8AANMLc.jpg","","hi","","0","0","0","https://x.com/SangathanV62070/status/2041384534613323986","2031692617172635648","SangathanV62070"
"2041384214181154834","2026-04-07T05:14:58.000Z","1","Dear ibu menteri @meutya_hafid dan jajaran @kemkomdigi,

IGRS dan kebijakan Komdigi hadir dengan tujuan perlindungan. Tapi pertanyaannya, sejauh mana negara boleh mengatur pilihan individu? https://t.co/bt4PuTMrSt","2041384214181154834","https://pbs.twimg.com/media/HFR0HntaMAAe7Ai.jpg","","in","","0","1","1","https://x.com/bebasdotid/status/2041384214181154834","3013290668","bebasdotid"
"2041383818758926567","2026-04-07T05:13:24.000Z","0","@myogiadityanath sir आगरा के ग्राम कलवारी में एक बिजली कनेक्शन के 118000 रुपए मांग रहे है जबकि बिजली पोल घर के सामने है। IGRS पर बहुत शिकायत कर ली कुछ नहीं होता है। जिससे आपके against सेंटीमेंट जा रहे है। @babyranimaurya @Rajkumarchahar9","2041383818758926567","","myogiadityanath","hi","","0","0","0","https://x.com/Kshetrapal910/status/2041383818758926567","1959812107018629120","Kshetrapal910"
"2041383549522321731","2026-04-07T05:12:19.000Z","0","Masih Lazada44 Sale
panggilan tugas negeri
skenario gerakan hibrida @prabowo jaga rakyat #BernamaBiz Morningg senin pegi Desa selasa Bangunharjo kehadiran sppg #AryaSalokaIsBack semangat asean igrs pagii #TaklukkanUTBK
b. Dual swing Budaya Menanam Perlu Nabire tirta voucher bonus","2041383549522321731","","","in","","0","0","0","https://x.com/jayakontur26/status/2041383549522321731","2024029798541234176","jayakontur26"
"2041383039603978381","2026-04-07T05:10:18.000Z","0","IGRS dan steam bukan rating resmi pemerintah https://t.co/4UHDQ4weE2","2041383039603978381","","","in","","0","0","0","https://x.com/adangRP/status/2041383039603978381","291002925","adangRP"
"2041364661736710245","2026-04-07T05:09:04.000Z","5","@Puspen_PKI IGRS rating: not fit for distribution","2041382728629907863","","Puspen_PKI","en","","0","0","0","https://x.com/BatasAir/status/2041382728629907863","1784172438701678592","BatasAir"
"2041120779757400168","2026-04-07T05:08:04.000Z","1","@NicknationGames @Analyst_V2 Tapi gapapa dari pada ga layak di distribusi di Indonesia (IGRS)","2041382479639318709","","NicknationGames","in","","0","0","0","https://x.com/ferrdihidayat/status/2041382479639318709","54807349","ferrdihidayat"
"2041382349762679112","2026-04-07T05:07:42.000Z","1","9 फरवरी 2026 तक 3765 रु बिल जमा करना शेष था लेकिन 2 दिन बाद 12260 रु गलत बिल आ गया 1 माह पहले मीटर भी बदला जा चुका है 200 ट्वीट, 1912 पर बीस बार कॉल, IGRS सब जगह शिकायत करने के बाद कार्यवाही शून्य @UPPCLLKO @MVVNLHQ द्वारा फर्जी/झूठी आख्या लगा दी जा रही है https://t.co/GXzfA8Ax2W","2041382387867955566","https://pbs.twimg.com/media/HFRyc_pbwAAA1Xu.jpg","Aadi1635890","hi","","0","1","0","https://x.com/Aadi1635890/status/2041382387867955566","1910238210627940352","Aadi1635890"
"2041382349762679112","2026-04-07T05:07:38.000Z","0","10 दिन हो गए है तकिया पावर हाउस जिला उन्नाव में,8 complain दर्ज हो चुकी, IGRS भी डाल चुके कोई कर्मचारी मीटर देखने तक नहीं आया @UPPCLLKO फर्जी एवं झूठी आख्या लगा दे raha है 
खाता सं-9236876000(राजेश्वरी )
मो -6393767364 @CMOfficeUP @MVVNLHQ @MVVNLmd @myogiadityanath @bstvlive https://t.co/VOEH7RGtge","2041382367282233614","https://pbs.twimg.com/media/HFRyb3AacAA5Gzt.jpg","Aadi1635890","hi","","0","1","0","https://x.com/Aadi1635890/status/2041382367282233614","1910238210627940352","Aadi1635890"
"2041382092412698735","2026-04-07T05:06:32.000Z","2","@Steam @Steam_Support Indonesian ministry of communication and digital said that Steam has apologized about IGRS rating that implemented on Steam a few days ago, is that true or just one sided claim from their side?","2041382092412698735","","Steam","en","","0","0","4","https://x.com/GhamerXYZ/status/2041382092412698735","1555367513395183616","GhamerXYZ"
"2040995033768440118","2026-04-07T05:06:25.000Z","1","@Kadrunbagsat @leonthecatto @rivaldyaskrr @kemkomdigi @GameRatingID @Kadrunbagsat  IGRS itu Game Rating khusus Indonesia. Orang - orang pada komplen kenapa IGRS berantakan, kok malah dianggep bela komdigi ? 

Gue malah baru tau ada PGRS.. seriously. Nah nantinya seluruh game di dunia yang mau masuk ke Indonesia harus pakai rating IGRS.","2041382062607970468","","Kadrunbagsat","in","","0","0","0","https://x.com/tsanyqudsi/status/2041382062607970468","74664680","tsanyqudsi"
"2040972764278935648","2026-04-07T05:06:24.000Z","0","@ARSIPAJA Kenapa sih harus ribet2 nyari kambing hitam Steam?🤔 Padahal jelas banget kalau rating itu MEMANG dari Komdigi lewat IGRS. Bukannya fokus cari solusi konstruktif, mlh sibuk nyebar disinformasi. Pemerintah udah kerja keras bikin sistem rating, ko mlh dipertanyakan kredibilitasnya?","2041382057058980007","","ARSIPAJA","in","","0","1","0","https://x.com/paijokuro169599/status/2041382057058980007","2006270944768319496","paijokuro169599"
"2040972841093669251","2026-04-07T05:05:35.000Z","1","@awarman06 @aniesbaswedan IGRS Itu NASIONAL BUKAN CUMA JAKARTA DOANG Buzzer Yang Terhormat.
Bedain mana yang KONTEKS mana yang KORELASI. 
Kalo anda mau bahas dia waktu jadi Gubernur, oke ayo kuladeni pake Akun asli jangan akun Buzzer. 

Sok ngomongin 😅 kok anda tersinggung emang anda ngapain di komdigi","2041381853375127708","","awarman06","in","","0","0","0","https://x.com/HGrezex/status/2041381853375127708","798811626","HGrezex"
"2041381172002103670","2026-04-07T05:02:53.000Z","0","Thank you gaben for removing igrs from steam. Like why should we need another game rating?","2041381172002103670","","","en","","0","0","0","https://x.com/jeki_the_pirate/status/2041381172002103670","1643916940036169728","jeki_the_pirate"
"2041064580450021638","2026-04-07T04:59:25.000Z","0","@harist_ixcents @ferrykoto @aniesbaswedan Kan benar, IGRS ini pembatasan, bukan kaya si asbun wan abud bilang ini pemberdayaan..","2041380300857761841","","harist_ixcents","in","","0","0","0","https://x.com/Bram_no3/status/2041380300857761841","1897919070684823554","Bram_no3"
"2041380148424171847","2026-04-07T04:58:49.000Z","28","Komdigi mengungkap kalau Steam sudah minta maaf lewat email soal masalah rating IGRS.

""Jadi ada dua kan, website-nya, IGRS sama yang Steam. Itu belum connect tuh. Jadi, dia self-assessment. Jadi, tadi pagi mereka mengirim email minta maaf karena ada miskomunikasi,"" kata Komdigi. https://t.co/5AvoIwGbM0","2041380148424171847","https://pbs.twimg.com/media/HFRwOBibMAEKUUz.jpg","","in","","2","4","3","https://x.com/GamerwkID/status/2041380148424171847","1600014951438917632","GamerwkID"
"2041380006350524508","2026-04-07T04:58:15.000Z","0","IGRS पर झूठा निस्तारण,  2 बार @DmSonbhadra  को डाक से पत्र,  1 बार तहसील दिवस मे सामने से शिकायत पत्र देने के बावजूद भी व न्यायालय के आदेश के बाद भी  कोई सुनवाई नहीं करना. विपक्ष द्वारा लगातर खेती करने से रोक टोक किया ही जा रहा रहा है  @CMOfficeUP  @myogioffice @ChiefSecyUP https://t.co/ATpX8BREKf","2041380006350524508","https://pbs.twimg.com/media/HFRwSS9a4AAtnpz.jpg","","hi","","0","0","1","https://x.com/Avinash53238080/status/2041380006350524508","1412521358601297922","Avinash53238080"
"2041374590048600157","2026-04-07T04:54:37.000Z","0","@MangAgus_10 @igrs wajib kasih rating 18+","2041379091916763374","","MangAgus_10","in","","0","1","0","https://x.com/wijayawilliam31/status/2041379091916763374","1467809322813906944","wijayawilliam31"
"2041014444898255188","2026-04-07T04:54:17.000Z","0","@RickFilmsTwo banh bagaimana caranya ke Australi, apakah lewat bea atau kerja

aku nak menghindari IGRS, game Ready or not kena banned disini","2041379009104388226","","RickFilmsTwo","in","","0","0","0","https://x.com/MrHighgrou79503/status/2041379009104388226","1812305456968409088","MrHighgrou79503"
"2041064580450021638","2026-04-07T04:49:56.000Z","0","@ferrykoto @aryankushh @aniesbaswedan Meskipun bapak tidak mengatakan itu steam atau bukan
Tapi kalau itu bukan data spesifik tentang steam berarti bapak sudah keluar dari ranah diskusi utama yaitu tentang IGRS pada steam yang akan membatasi peredaran game
Market steam di indonesia sendiri terbilang kecil","2041377914026111269","","ferrykoto","in","","0","1","0","https://x.com/AchmadUmar17/status/2041377914026111269","1061564061626785793","AchmadUmar17"
"2041377482096754912","2026-04-07T04:48:13.000Z","0","@BdoLaharpur सिर अब तो अधिकारी भी बोल रहे है की जांच करता है की जांच सही पाई गई है
IGRS ka फोटो 
सर अब तो प्रधान के ख़िलाफ़ क़ानूनी कारवाही हो (FIR) जल्द से जल्द करवाने की कृपा करे महोदय जी 🙏🏻 https://t.co/BRmSSWPtS9","2041377482096754912","https://pbs.twimg.com/media/HFRt6Xqa4AA-vXA.jpg","BdoLaharpur","hi","","0","0","0","https://x.com/VishalKuma21519/status/2041377482096754912","1914564842729402368","VishalKuma21519"
"2041118782664646973","2026-04-07T04:47:24.000Z","1","@ekawicaksana ""Komdigi klaim bahwa mereka sudah meminta maaf kepada pihak Steam terkait bermasalahnya IGRS.""

ini judul yg bener nya ☝🏻","2041377279146971440","","ekawicaksana","in","","0","1","0","https://x.com/ianalvan95/status/2041377279146971440","1312411381241581568","ianalvan95"
"2041376838774337640","2026-04-07T04:45:39.000Z","1","Dedek di balkon diliatin tetangga
https://t.co/5IHNCHndPe
https://t.co/F7eECPA2iu
https://t.co/ylafEVD5ol

Senin selasa igrs steam malam selasa","2041376838774337640","","","in","","0","0","1","https://x.com/luctvie/status/2041376838774337640","1581568910","luctvie"
"2040670731382743056","2026-04-07T04:44:42.000Z","1","@BudiBukanIntel ada 4 jenis survey. mau yg manapun tetep ngaruh ke ZI mereka wkwkwk.
berhubung rating IGRS udah di rollback, jadi yaa gaperlu dulu wkwkwk","2041376599728410999","","BudiBukanIntel","in","","0","0","0","https://x.com/Claudio_sigit/status/2041376599728410999","1693160425","Claudio_sigit"
"2040979181333528951","2026-04-07T04:42:58.000Z","0","@txtdrgame Tenang aja kak. Itu nnti akan dibenerin bla bla bla. Kita tunggu aja IGRS, bla bla bla

Barusan baca template buzzer kek, mata gua perih banget 🤯","2041376160114983175","","txtdrgame","in","","0","0","0","https://x.com/kaitou_kicks/status/2041376160114983175","113562885","kaitou_kicks"
"2041375792052289843","2026-04-07T04:41:30.000Z","0","SPPG Sugiharjo Tuban membuat variasi menu yang istimewa dan menggugah selera untuk penerima manfaat.
Menu nasi mentega+ayam madu wijen+tahu kuah+ semangka+susu, menjadi menu pasca libur lebaran.

#LanjutkanMBG 

Pagiii THM Bali #TikTok 
IGRS Bekasi #sincerão https://t.co/TaljM2lt0p","2041375792052289843","https://pbs.twimg.com/ext_tw_video_thumb/2041375638377177088/pu/img/WOkxcCdzwOnkFfEa.jpg","","in","","0","0","0","https://x.com/Aprilia_wiji/status/2041375792052289843","326453024","Aprilia_wiji"
"2041374692922335406","2026-04-07T04:37:08.000Z","1","Our latest analysis of the IGRS issue is out!","2041374692922335406","","","en","","0","0","0","https://x.com/darangsc/status/2041374692922335406","101963594","darangsc"
"2041374392249426127","2026-04-07T04:35:56.000Z","0","di halaman steam aku ternyata masih pake rating system pegi, belum pake igrs (walaupun agak aneh soalnya aku udah set country di indonesia, tapi untung lah wkwk). jadi masih aman. tapi harusnya nggak apa-apa lah ya kalau udah beli mah","2041374392249426127","","","in","","0","1","0","https://x.com/tenderousy/status/2041374392249426127","2008171485870120960","tenderousy"
"2041374141119668659","2026-04-07T04:34:56.000Z","3340","Ini orang gak peduli dengan IGRS, cuma mau jatuhin Anies. Dia mau diskredit Anies bahwa ""Anies juga gak berpihak sama kalian para gamers"" padahal kita gak peduli sama Anies kecuali Armstrong. Dan dia dengan cuit kaya gini malah kontradiktif dengan standnya dia sendiri.

Nyatanya","2041374141119668659","","","in","","12","54","1112","https://x.com/madeltangapung/status/2041374141119668659","322430484","madeltangapung"
"2041371423080587351","2026-04-07T04:24:08.000Z","498","Sebagai seseorang yang pernah dikirim surat cinta 3x dari komdickgi, ga mungkin steam yang sudah punya jam terbang tinggi meminta maaf terkait rating game IGRS

Soalnya komdickgi isinya boomers kudet bisa kegocek meme timpa teks dan bahkan berita asli juga dapat surat cinta dari https://t.co/SVWMkjc5CO","2041371423080587351","https://pbs.twimg.com/media/HFRoePebsAEjazW.jpg","","in","","0","16","122","https://x.com/myshawti/status/2041371423080587351","1156869918370873344","myshawti"
"2041371112492433499","2026-04-07T04:22:54.000Z","0","Entar deh marah-marah IGRS nya, mo nyobain Breath of Fire IV dulu hari ini :D

🔴: 13.30 WIB (GMT+7)
🔗: https://t.co/eAOqIK85kR","2041371112492433499","","","in","","0","0","1","https://x.com/AneshMadyantara/status/2041371112492433499","1805890316907757568","AneshMadyantara"
"2041369419251875855","2026-04-07T04:16:11.000Z","1","GOATED PAPA GABEN, FUCK IGRS, FUCK KOMDIGI","2041369419251875855","","","da","","0","0","0","https://x.com/AtsuMaru_o7/status/2041369419251875855","1543097249957261313","AtsuMaru_o7"
"2041368757243871696","2026-04-07T04:13:33.000Z","0","Planing pemerintah bagus dari dulu

Cuman eksekusi jelek bgt bukan kasus IGRS aja ada beberapa bidang pun hampir serupa","2041368757243871696","","","in","","0","0","0","https://x.com/cryskabarchenow/status/2041368757243871696","1199464826218500096","cryskabarchenow"
"2040972764278935648","2026-04-07T04:10:37.000Z","0","@ARSIPAJA Kenapa sih harus ribet2 nyari kambing hitam Steam?🤔 Padahal jelas banget kalau rating itu MEMANG dari Komdigi lewat IGRS. Bukannya fokus cari solusi konstruktif, mlh sibuk nyebar disinformasi. Pemerintah udah kerja keras bikin sistem rating, ko mlh dipertanyakan kredibilitasnya?","2041368018794746239","","ARSIPAJA","in","","0","1","0","https://x.com/FilekRhino45516/status/2041368018794746239","2002283137855008768","FilekRhino45516"
"2041367911068262759","2026-04-07T04:10:11.000Z","0","Indonesia tu bagus kalo bikin konsep, tapi penerapannya selaluuu jelek. IGRS contohnya, MBG jg sih haha","2041367911068262759","","","in","","0","0","0","https://x.com/whereisnono/status/2041367911068262759","1081182824919527424","whereisnono"
"2041064580450021638","2026-04-07T04:09:18.000Z","7","@ferrykoto @aniesbaswedan IZINNN 🙏ini berarti udah diverifikasi bang?
otome game. rating 3+ di website resmi IGRS 🙂🙏 https://t.co/kFu2IrzwFm","2041367690905067684","https://pbs.twimg.com/media/HFRlF9EagAAEAk2.jpg","ferrykoto","in","","0","1","2","https://x.com/5adnile8/status/2041367690905067684","1072206847568883712","5adnile8"
"2041353677496254495","2026-04-07T04:07:28.000Z","35","@affectio_seeker @ferrykoto Ga ada counter argument samsek tentang IGRS dia, malah bawa achievement anak2nya, padahal gatau kalo bapaknya kalo ngomong look down dan condescending banget berasa si paling paham padahal bidangnya listrik, classic boomer bau tanah. https://t.co/b4hviC7cGr","2041367226696270086","https://pbs.twimg.com/media/HFRkhtqa8AAfJHM.png","affectio_seeker","in","","0","1","1","https://x.com/sn_0_z_/status/2041367226696270086","1598808482899431424","sn_0_z_"
"2040670731382743056","2026-04-07T04:01:07.000Z","1","@selalumautauu IGRS kontol","2041365628842566134","","selalumautauu","sl","","0","0","0","https://x.com/BudiBukanIntel/status/2041365628842566134","1794298849651212288","BudiBukanIntel"
"2041362931556954130","2026-04-07T03:50:24.000Z","0","Pulang sekolah sama ayang
https://t.co/rNc4U7YsVx
https://t.co/PvhcusbDkd
https://t.co/gn4qv4YRuO

Senin selasa malam rabu igrs bumiayu","2041362931556954130","","","in","","1","0","0","https://x.com/_fermx_/status/2041362931556954130","770253372","_fermx_"
"2040998374166716704","2026-04-07T03:49:53.000Z","0","@MrHighgrou79503 @LembagaKERIS Apa hubungan sama igrs dan formil anjir lu kira formil belain pemerintah 😹😹😹😹","2041362801801986466","","MrHighgrou79503","in","","0","1","0","https://x.com/SEdit2321840/status/2041362801801986466","1858235880965857280","SEdit2321840"
"2041064580450021638","2026-04-07T03:44:18.000Z","0","@ferrykoto @sn_0_z_ @The_Takank @aniesbaswedan tap maaf nih, tapi di steam kan emang boleh juga dev melakukan self assesment di game mereka. Kaloupun ada miskom ternyata self assesment dev kagak sesuai sama assesment dari igrs la emang kagak ada komonukasi antara steam dan komdigi? trus kepana komdigi nyalahin steam bkan dev?","2041361396886319371","","ferrykoto","in","","0","1","0","https://x.com/kikkawa_kinji84/status/2041361396886319371","2652887353","kikkawa_kinji84"
"2041324725537054735","2026-04-07T03:42:49.000Z","0","@kerissakti Masalah kebijakan, pasti personil, tetapi entah personil/oknum yang mana yang jadi pencetus polemik ini, patut dicari. Kalau tidak dicari ya yang jadi korban keseluruhan igrs.","2041361025837228063","","kerissakti","in","","0","0","0","https://x.com/doraemo1v/status/2041361025837228063","1162290760386879488","doraemo1v"
"2041360986570215470","2026-04-07T03:42:40.000Z","4","Mika ruka
https://t.co/XVDtBxJ1n3
https://t.co/Jdaz9Lty59
https://t.co/xQmf6yGV4R

Senin selasa igrs bumiayu","2041360986570215470","","","in","","0","0","0","https://x.com/luctvie/status/2041360986570215470","1581568910","luctvie"
"2041360528317268336","2026-04-07T03:40:51.000Z","2","Pak ada game bokep dapet rating 3+ IGRS. Anda dukung distribusi pornografi untuk anak?????","2041360528317268336","","","in","","0","0","0","https://x.com/madeltangapung/status/2041360528317268336","322430484","madeltangapung"
"2041324725537054735","2026-04-07T03:36:33.000Z","0","@RahmanSuwi6198 @kerissakti Nope. Untuk keputusan sekarang IGRS bukan di Boomer faktanya. 

Ada di Gen X
Meuthia Hafid
Dan Sonny Hendra","2041359447126397215","","RahmanSuwi6198","in","","0","1","0","https://x.com/fizzzzyyyyyyy/status/2041359447126397215","1032224904","fizzzzyyyyyyy"
"2041358969961406709","2026-04-07T03:34:39.000Z","0","Steam Hapus Rating IGRS yang Jadi Polemik di Medsos https://t.co/6VIWcR1klY","2041358969961406709","","","in","","0","0","0","https://x.com/detikinet/status/2041358969961406709","135815019","detikinet"
"2041348390743924867","2026-04-07T03:34:37.000Z","7","@txtdrgame game novel 3+ kata IGRS","2041358962222923962","","txtdrgame","sl","","0","1","0","https://x.com/kevinabscratch/status/2041358962222923962","456574350","kevinabscratch"
"2041358852462199008","2026-04-07T03:34:11.000Z","0","Gadis lugu malu2
https://t.co/4gBwMV8gnL
https://t.co/I2XQFdyFgL
https://t.co/iv3D5rS9cH

Senin selasa igrs steam bumiayu","2041358852462199008","","","in","","0","0","0","https://x.com/ductyie/status/2041358852462199008","985947520168878086","ductyie"
"2040491792295186826","2026-04-07T03:34:00.000Z","1","@badakmeledak_ Emang ada kok Kak, dari 2014-an kalau ga salah komdigi (dl masih parekraf atau kominfo wkwk) ajak temen2 game dev (salah satunya studioku dl) utk diskusi soal perumusan IGRS ini. Trs sama AGI jg. Nah tapi liat hasilnya kyk gini mungkin ngelibatinnya sebatas formalitas aja :) https://t.co/wKPdZa82Zk","2041358807385903500","https://pbs.twimg.com/media/HFRdA7XaEAA02UR.jpg","badakmeledak_","in","","0","0","0","https://x.com/nenganchi/status/2041358807385903500","80253949","nenganchi"
"2041357007773630747","2026-04-07T03:32:41.000Z","0","@brandonsalim What us IGRS ser?","2041358475448680537","","brandonsalim","en","","0","0","0","https://x.com/RashkaLLC/status/2041358475448680537","1974320092273106944","RashkaLLC"
"2041358175954473172","2026-04-07T03:31:30.000Z","0","भारत के चौथे स्तम्भ पत्रकार जब असुरक्षित हों तो जनता का क्या हाल होगा चौरा खास थाना में तैनात हेड कांस्टेबल प्रेमनारायण वर्मा पर पत्रकार से गाली गलौज और धक्का मुक्की का आरोप है IGRS शिकायत के सात दिन बाद भी कोई कार्यवाही नहीं हुई @CMOfficeUP
 @AdgGkr @kushinagarpol @Uppolice https://t.co/1LtiCciyql","2041358175954473172","https://pbs.twimg.com/media/HFRcaCZbIAAOKQf.jpg","","hi","","0","0","0","https://x.com/RahulV_57/status/2041358175954473172","1255905080848547840","RahulV_57"
"2041357007773630747","2026-04-07T03:28:43.000Z","3","@RashkaLLC Tweet ini IGRS nya apa brok?","2041357475434430952","","RashkaLLC","in","","0","1","0","https://x.com/brandonsalim/status/2041357475434430952","78938870","brandonsalim"
"2041096311831986357","2026-04-07T03:25:48.000Z","1","@ezash nambahin. pada website resmi IGRS. beberapa game juga ratingnya perlu dibenahi. ini salah satu contohnya. otome game rating 3+ https://t.co/ZW96EMZiHM","2041356742068748510","https://pbs.twimg.com/media/HFRbIpRb0AAhdY8.jpg","ezash","in","","0","0","0","https://x.com/5adnile8/status/2041356742068748510","1072206847568883712","5adnile8"
"2041118782664646973","2026-04-07T03:24:56.000Z","1","@ekawicaksana gw rada bingung ih, katany igrs itu reting dri indonesia, brati pihak indo yg ngeretingkan, knapa yg disalahin steam ny, mereka kan dh punya retingny dri dlu dan paham trus knapa dibilang salah steam anjir","2041356522849239360","","ekawicaksana","in","","0","1","0","https://x.com/istriphainon5/status/2041356522849239360","1948319389042020352","istriphainon5"
"2041238740585349342","2026-04-07T03:21:23.000Z","0","@vikendrabudaun @budaunpolice @Uppolice @uptrafficpolice @dmbudaun @ArtoBadaun बदायूँ में पत्रों से कुछ सुना कहां जाता है; जिले की टेलिफोनिक डायरेक्टरी पूरी तरीके से विफल है। यहां पत्रों से क्या होगा: जब IGRS में शिकायत करने पर भी शिकायत का समाधान नहीं होता है। हफ्तों महीनों शिकायतें पड़ी रहती हैं; अब तो विधानसभा राज्यसभा और सदन से ही उम्मीद है। #JayBudaun","2041355631190515771","","vikendrabudaun","hi","","0","0","0","https://x.com/BudaunOutrage/status/2041355631190515771","1598714266923982848","BudaunOutrage"
"2040972841093669251","2026-04-07T03:19:57.000Z","0","@_RyanKu @andrew_mnhtns @BatasAir @aniesbaswedan Yup, sayapun baru tau ada fitur keren ini. Tapi belum, tahu saat anak cukup umur apakah fitur ini masih aktif. Mengingat secara aturan sudah berhak membuat keputusan sendiri.

Kalau dari IGRS mungkin sebatas guidebook saja (CMIIW).","2041355268760777032","","_RyanKu","in","","0","1","0","https://x.com/yudsky/status/2041355268760777032","71489160","yudsky"
"2040704635128943030","2026-04-07T03:16:54.000Z","2","@EliasSanSan Setuju dgn hampir semua poinmu. Postingan Mas Eza &amp; AGI jg 100% benar. Ideally IGRS cm utk panduan ortu, bkn blokir.

Klo terpaksa kompromi dgn Komdigi, mgkn IGRS bs tambah rating 21+ utk game berkonten seksual, jadi game kyk GTA gk diblokir.

Maaf klo sebelumnya ada salah kata🙏","2041354503409267160","","EliasSanSan","in","","0","0","0","https://x.com/fareasy96/status/2041354503409267160","1236129966611263488","fareasy96"
"2041353677496254495","2026-04-07T03:13:37.000Z","27","Kalau sy amati dari komen akun2 terkait soal rating IGRS, harus saya akui--termasuk dari klaim mereka sendiri-- mereka adalah gamers maniak.

Dan terbukti, kata2 yang mereka gunakan kasar2, dgn maki2, pakai akun anonim (memalsukan diri).

Ini sesuai ciri anak kecanduan game dari https://t.co/KXH3uafRHY","2041353677496254495","https://pbs.twimg.com/media/HFRXiiMbIAEl2q7.png","","in","","148","166","2","https://x.com/ferrykoto/status/2041353677496254495","24893875","ferrykoto"
"2040684902866411853","2026-04-07T03:13:28.000Z","0","@RRDelusi IGRS ngasih statement panjang-panjang cuma buat dikatain KONTOOOOOL","2041353636815761873","","RRDelusi","in","","0","0","0","https://x.com/hadehhalah/status/2041353636815761873","330871894","hadehhalah"
"2041120779757400168","2026-04-07T03:12:19.000Z","1","@MoRifky @Analyst_V2 1. Komdigi gaya2an bikin sistem rating game sendiri, namanya IGRS.
2. Ada game di Steam (publisher game) yg ratingnya ngawur.
3. Komdigi cuci tangan dgn bilang itu rating palsu oleh Steam.
4. Netizen ribut","2041353347643703351","","MoRifky","in","","0","1","0","https://x.com/Baliho821/status/2041353347643703351","1509547156373667840","Baliho821"
"2040972841093669251","2026-04-07T03:11:33.000Z","0","@yudsky @andrew_mnhtns @BatasAir @aniesbaswedan Weh hebat dong, bisa jadi pedoman tuk diterapkan di gamestore lain. tapi berharap dev membatasi pemasukannya ya agak mustahil. Ini sejauh mana ya kewenangan IGRS nanti? apa bisa blokir total atau cuma sebatas guidebook aja ya?","2041353155926249960","","yudsky","in","","1","1","0","https://x.com/_RyanKu/status/2041353155926249960","3088992973","_RyanKu"
"2040966658286834141","2026-04-07T03:11:29.000Z","0","@kerissakti Yah kemarin gak sempet ngecek IGRS di steam","2041353140281454630","","kerissakti","in","","0","0","0","https://x.com/RosyiYi/status/2041353140281454630","1189055605358514176","RosyiYi"
"2041269610822115341","2026-04-07T03:06:20.000Z","3","@ferrykoto Terjemahan : ""Waduh, kalah debat soal IGRS nih. Saatnya mengalihkan pembicaraan menjadi 'kebiasaan buruk bermain game secara berlebihan', moga2 pada lupa kalo saya kemarin kalah debat soal IGRS.""","2041351843004252346","","ferrykoto","in","","0","0","0","https://x.com/Indie_S_Orilly/status/2041351843004252346","157970644","Indie_S_Orilly"
"2041118782664646973","2026-04-07T03:04:47.000Z","2","@ekawicaksana @Jamrd_fuzui Gak. Lagian ngakuaja igrs masih belom sempurna tinggal di update dah beres toh. Malah nyalahin orang lain.... Kayaknya pernah liat prilaku ini sih di mana gitu","2041351451159724525","","ekawicaksana","in","","0","0","0","https://x.com/Claey_simpuru/status/2041351451159724525","1043403035186089984","Claey_simpuru"
"2040618458627580374","2026-04-07T03:04:35.000Z","0","@ShaniBudi @novazakiyaa Beneran game heartopia di IGRS 18+? Alasannya apa tuh","2041351403973845378","","ShaniBudi","in","","0","0","0","https://x.com/donisuzaku/status/2041351403973845378","904563548222664704","donisuzaku"
"2041350511883059414","2026-04-07T03:01:03.000Z","0","भारत के चौथे स्तम्भ पत्रकार जब असुरक्षित हों तो जनता का क्या हाल होगा चौरा खास थाना में तैनात हेड कांस्टेबल प्रेमनारायण वर्मा पर पत्रकार से गाली गलौज और धक्का मुक्की का आरोप है IGRS शिकायत के सात दिन बाद भी कोई कार्यवाही नहीं हुई @CMOfficeUP
@yadavakhilesh @AdgGkr @kushinagarpol https://t.co/x0sVfgtgHm","2041350511883059414","https://pbs.twimg.com/media/HFRVdrbaAAALcZh.jpg","","hi","","0","0","0","https://x.com/RahulV_57/status/2041350511883059414","1255905080848547840","RahulV_57"
"2040704635128943030","2026-04-07T02:59:15.000Z","1","@fareasy96 Terakhir, izin repost dari SEAgamethetic, saya 100% setuju dng AGI.

Okay sorry kalo saya main tunjuk siapa yg salah, tapi jelas banyak hak yang harus dibenahi dari IGRS. Saya tidak anti-IGRS, saya menyayangkan inkompetensi mereka dalam implementasinya.

https://t.co/KKNBhgF8K8","2041350058814345498","","EliasSanSan","in","","0","1","0","https://x.com/EliasSanSan/status/2041350058814345498","2015320018754658304","EliasSanSan"
"2041348390743924867","2026-04-07T02:57:54.000Z","8","@txtdrgame Ada game steam genre khusus dewasa di labelin sama IGRS 3+ bang 🤭🤭🤭","2041349718740291611","","txtdrgame","in","","0","0","0","https://x.com/OrbitSyndrome/status/2041349718740291611","1322124807236853760","OrbitSyndrome"
"2041349062755328431","2026-04-07T02:55:17.000Z","1","Kocak sumpah, sebelum ada IGRS, steam udah punya rating sendiri. Pertanyaanku cuma itu yg sok bikin IGRS udah pernah bikin game/aplikasi yg dipublish entah di playstore/appstore/steam ga? Kalo itu terlalu berat minimal itch io dulu deh, pernah nggak?","2041349062755328431","","","in","","0","0","0","https://x.com/ichaciing/status/2041349062755328431","1442658204","ichaciing"
"2040988529577296200","2026-04-07T02:53:21.000Z","1","@BosPurwa urgensi ada IGRS ini apa ya? padahal bisa pake ESRB","2041348577579147400","","BosPurwa","in","","0","1","0","https://x.com/IKKIttebayo/status/2041348577579147400","59353936","IKKIttebayo"
"2040704635128943030","2026-04-07T02:50:21.000Z","0","@fareasy96 Saya rasa kalau kamu bilang masalah utamanya klasifikasi RC yg berpotensi penarikan game dari pasar Indonesia...lah kan selama ini Steam adem ayem saja pakaI IARC, PEGI, dan ESRB.

Pas implementasi IGRS, kok bisa RC? Ada upaya censorship kah? Katanya sudah kerjasama sama IARC...","2041347818686980265","","EliasSanSan","in","","0","1","0","https://x.com/EliasSanSan/status/2041347818686980265","2015320018754658304","EliasSanSan"
"2040704635128943030","2026-04-07T02:45:44.000Z","0","@fareasy96 Idealnya, problema yg kemarin itu tidak seharusnya terjadi atau bisa ditangani dng lebih baik.

Bukan masalah di age rating kamu bilang? No, noo, itu justru salah satu poin masalahnya. Justru karena gamer Indonesia itu peduli, kita mau IGRS diperbaiki...

https://t.co/O9dMgRF9oG","2041346656969564260","","EliasSanSan","in","","0","1","0","https://x.com/EliasSanSan/status/2041346656969564260","2015320018754658304","EliasSanSan"
"2040704635128943030","2026-04-07T02:41:36.000Z","0","@fareasy96 Kalau ujung-ujungnya debat kusir, percuma... Yang jelas kita tahu kalau IGRS ini belum siap untuk di-implementasikan.

Kamu benar kok, saya ga nyalahin kamu. Hanya saja keterbukaan akan opini itu ga bisa sepihak. Jika dan hanya jika IGRS sudah melakukan semua yg kamu sebutkan...","2041345617201619059","","EliasSanSan","in","","0","1","0","https://x.com/EliasSanSan/status/2041345617201619059","2015320018754658304","EliasSanSan"
"2041345112744374303","2026-04-07T02:39:35.000Z","0","Camkan IGRS, jangan ngasal ya, saya bergekut di dunia game development juga, tp juga mainin game² di luar sana, kalo sampe salah rating, gak cuma saya. Ini orang² di tanah air bakal turun tangan.","2041345112744374303","","","in","","0","0","0","https://x.com/hosjou/status/2041345112744374303","80850764","hosjou"
"2041344765170725068","2026-04-07T02:38:13.000Z","0","Semalem mimpi ngobrolin IGRS sama robert pattinson di pizza hut lg nunggu pesenan jadi","2041344765170725068","","","in","","0","0","0","https://x.com/yourwin0na/status/2041344765170725068","1046060602303569920","yourwin0na"
"2041344728105615450","2026-04-07T02:38:04.000Z","0","pakai kode referral ini biar dapet bonus 10k

FF6JWV5WP

download aplikasi shopeepay, login dg akun shopee yang spaynya sudah 'plus', masukkan kodenya.

info freelance job receh desa bangunharjo pegi vidi bernadya dilan kehadiran sppg nabire igrs mark lee
https://t.co/WYsRWLEz6f","2041344728105615450","","","in","","0","0","0","https://x.com/megaversezz/status/2041344728105615450","1967788440147333123","megaversezz"
"2041344270167359697","2026-04-07T02:36:15.000Z","0","shut down IGRS","2041344270167359697","","","en","","0","0","0","https://x.com/MengolianBeef/status/2041344270167359697","1817776723351719936","MengolianBeef"
"2041064580450021638","2026-04-07T02:34:27.000Z","0","@royyannn @ferrykoto @sn_0_z_ @aniesbaswedan jdi mksd lu ini publisher udh isi kuisioner trus igrs verif lalu ngasih rate 3+ ?
tolol dong ? https://t.co/C9bWKrvzqc","2041343818428289414","https://pbs.twimg.com/media/HFRPYcfbkAAv5Tk.jpg","royyannn","in","","0","1","0","https://x.com/The_Takank/status/2041343818428289414","1232694928070676481","The_Takank"
"2040491792295186826","2026-04-07T02:30:09.000Z","1","@badakmeledak_ Gua mau tanya sih kalau anak pejabat main game yang disensor IGRS reaksinya bagaimana ya. Atau jangan-jangan mereka dapat versi tanpa sensornya?","2041342738978005353","","badakmeledak_","in","","0","0","0","https://x.com/wibi_januar/status/2041342738978005353","3235880690","wibi_januar"
"2041342409221775537","2026-04-07T02:28:51.000Z","0","@myogiadityanath 
@UPGovt 
@CMOfficeUP 
@SDASaharanpur 
यूपी में भी यही हाल है 
Igrs पोर्टल पर कोई जवाब नहीं मिल रहा, sda से कल एक महीना हो जाएगा https://t.co/zzxryI88t4","2041342409221775537","https://pbs.twimg.com/media/HFROGIlaoAAB0we.jpg","myogiadityanath","hi","","0","0","0","https://x.com/Atulchoudharyji/status/2041342409221775537","332751162","Atulchoudharyji"
"2040685239228653915","2026-04-07T02:28:48.000Z","1","@iPoopBased lucunya ASN itu ngelawan jurnalis game soal data dan behavior pemain 😭 jangan karena lu kerja buat pemerintah lu jadi tau segala hal, minimal sentuh dulu tuh media yang mau lu klasifikasi dan rating, bikin IGRS ga ada urgency apa apa. masalah yang di ada adain","2041342395850305651","","iPoopBased","in","","0","0","0","https://x.com/MengolianBeef/status/2041342395850305651","1817776723351719936","MengolianBeef"
"2041237521049534611","2026-04-07T02:26:25.000Z","1","@beesikkuinkamu インドネシア人として、私はすでにあの無責任な老いぼれたちの行動に腹を立てています!
インドネシアのゲーム開発者が国際舞台で成功を収めて以来、欲深い政治エリートたちは、非常に腐敗したパフォーマンスのIGRSを結成し始めた!
IGRSはゲーム評価機関としてではなく、政治的な道具として設立された!","2041341797436379427","","beesikkuinkamu","ja","","0","0","0","https://x.com/kirayamineos24/status/2041341797436379427","1497765998459768833","kirayamineos24"
"2040704635128943030","2026-04-07T02:24:24.000Z","0","@EliasSanSan Kalau kita percaya klaim Komdigi klo Steam 'minta maaf' lwt email ke mereka karena kesalahan proses rating, knp Komdigi hrs minta maaf?

Dlm skenario tsb, cuma Steam yang melakukan kesalahan.

Masalah IGRS itu bkn di rating yg salah, tapi potensi pemblokiran game dgn rating RC.","2041341288315052346","","fareasy96","in","","0","1","0","https://x.com/fareasy96/status/2041341288315052346","1236129966611263488","fareasy96"
"2041004995194085656","2026-04-07T02:23:09.000Z","0","@Otaku_Anime_Ind ngeban game itu yang bermasalah. Game kek gta, the witcher, BG3 ato cyberpunk kedepannya gk bakal bisa didistribusikan di indo soalnya ada partial nudity, yang jelas2 ditolak keraas ama system IGRS ini. Good luck sih kalo mau maksa dev buat ngepatch, lbih milih mundur rata2","2041340974975365225","","Otaku_Anime_Ind","in","","0","0","0","https://x.com/fayn57/status/2041340974975365225","1162251489185652741","fayn57"
"2041120779757400168","2026-04-07T02:20:47.000Z","0","@Analyst_V2 w yakim itu sistem IGRS juga pake sistem bot buat memfilter nya,, qlo manual sendiri mah beuh cape ...🤣 apalagi kerja nya u know lah.","2041340380885737485","","Analyst_V2","in","","0","0","0","https://x.com/SAHRY013/status/2041340380885737485","1360613588449193989","SAHRY013"
"2040704635128943030","2026-04-07T02:19:44.000Z","0","@EliasSanSan @mhuseinali 1. IGRS sudah establish sistem review secara lgsg dgn mengisi form, seperti yg udh dishare Mas Kris Antoni dari Toge
2. IGRS sudah establish syarat klasifikasi lewat permenkominfo dan website IGRS
3. IGRS jg sudah tergabung dgn IARC utk mempermudah klasifikasi rating game.","2041340114631336194","","EliasSanSan","in","","0","1","0","https://x.com/fareasy96/status/2041340114631336194","1236129966611263488","fareasy96"
"2041340064471597290","2026-04-07T02:19:32.000Z","0","Selama steam berjalan tanpa campur tangan kementerian tolol ini kayaknya kita gk pernah dengar ada masalah rating game. 

Masalah baru muncul setelah si tolol ini masuk dgn igrs nya kan? 

So yeah... Ini salah steam.. 
100%","2041340064471597290","","","in","","0","0","0","https://x.com/idlanyer_erdna/status/2041340064471597290","379009369","idlanyer_erdna"
"2041339457597825195","2026-04-07T02:17:07.000Z","0","IGRSの問題は日本のニュースでも取り上げられたようだ。国内だけでなく、国際的にも、欲深いIGRS関係者の愚かさが嘲笑の的となっている！😊💢
だから私はあの役立たずの馬鹿どもがいない国に移住したんだ！😠💢
お前らクソ下水道ネズミどもと下劣な政治エリートどもめ！バカ！アホ！Fuck You!🤬🖕💢","2041339457597825195","","","ja","","0","0","0","https://x.com/kirayamineos24/status/2041339457597825195","1497765998459768833","kirayamineos24"
"2041324725537054735","2026-04-07T02:12:43.000Z","1","@ankbwn @kerissakti Betul banget, yang gw benci dari IGRS itu mereka menyamaratakan semua kalangan ke standar mereka, mau gw main game adult kek game gore kek terserah gw selama gw udah cukup umur,  itulah gunanya rating buat jadi penanda isi konten nya bisa dikonsumsi umur berapa aja","2041338349240430823","","ankbwn","in","","0","0","0","https://x.com/BurningCoffee0/status/2041338349240430823","1442367430253166599","BurningCoffee0"
"2041118782664646973","2026-04-07T02:06:27.000Z","1","@ekawicaksana @PepThird Jangan bohong kamu, kata mbak mbak IGRS pasar kita besar lho","2041336774459531732","","ekawicaksana","in","","0","1","0","https://x.com/AkunNomerRandom/status/2041336774459531732","1270007167932706817","AkunNomerRandom"
"2041324959050690944","2026-04-07T02:05:21.000Z","0","@GemaShowIndo jangan lupa videonya ko Aldo waktu bahas IGRS sama komdigi","2041336493952909749","","GemaShowIndo","in","","0","0","0","https://x.com/quantaaa_/status/2041336493952909749","1087203834902892544","quantaaa_"
"2041324725537054735","2026-04-07T02:03:09.000Z","4","@BurningCoffee0 @kerissakti RC ganti jadi 21+
Sama tambahin RP (Rating Pending) buat game yang masih dalam proses kurasi/belum didaftarkan ke IGRS","2041335944197136656","","BurningCoffee0","in","","0","0","0","https://x.com/hi_bagus/status/2041335944197136656","82270508","hi_bagus"
"2040977610319241574","2026-04-07T02:02:22.000Z","0","@agarpac tau dah, di banding mereka pada deploy bajer mending dipake dananya buat benerin noh blunder igrs anjj","2041335744577548592","","agarpac","in","","0","0","0","https://x.com/AthallahriqMS/status/2041335744577548592","1362549303454015488","AthallahriqMS"
"2041335312908239133","2026-04-07T02:00:39.000Z","0","Someone said IGRS stand for Indonesia Gooning Rating System ☠️","2041335312908239133","","","en","","0","0","0","https://x.com/15sketsa/status/2041335312908239133","1285467339996016640","15sketsa"
"2041335050655223838","2026-04-07T01:59:36.000Z","0","tebak berapa M dana keluar buat IGRS bullshiit nya komdigi","2041335050655223838","","","in","","0","0","0","https://x.com/scandal_dante/status/2041335050655223838","88901866","scandal_dante"
"2041023862826262753","2026-04-07T01:57:06.000Z","0","@rizki33new @gamespark Di igrs banyak masalah ga human review seperti full game nya","2041334420842701135","","rizki33new","in","","0","0","0","https://x.com/RodzaAkbar_JpId/status/2041334420842701135","1699779695838199808","RodzaAkbar_JpId"
"2041333605264453976","2026-04-07T01:53:52.000Z","7","The thing is, the ESRB is just a non-profit NGO that rates games to provide information. 

Meanwhile, the IGRS, with its dumbass rating system, is run by the government and meant to control. It's their attempt to force censorship.","2041333605264453976","","","en","","0","1","5","https://x.com/Howie3D/status/2041333605264453976","1849799907730960384","Howie3D"
"2041332871768740332","2026-04-07T01:50:57.000Z","2","Karena kemarin kami baru selesai Resident Evil Requiem, untuk kedepannya kalian pingin kami live main game apa ? atau ngobrol-ngobrol soal industri misal ngomongin IGRS ?

Jangan suruh maen game baru, ora duwe duwit bos 😂

https://t.co/lMk7LDCGHt","2041332871768740332","","","in","","0","1","0","https://x.com/mog_mediaa/status/2041332871768740332","1020980221955080193","mog_mediaa"
"2041017583227589026","2026-04-07T01:48:44.000Z","4","@thejjkimm - Pemerintah bikin sistem rating, namanya IGRS
- ratingnya ngaco, game yang jelas2 porno dapat rating 3+, game aman dpt rating 18+ dan ada bbrp game yang ga boleh beredar gara2 rating ini
- gamers marah
- Buzzer resmi komdigi malah menyalahkan Steam salah kasih rating","2041332314106712474","","thejjkimm","in","","0","0","0","https://x.com/si4riNew/status/2041332314106712474","1507769095152103431","si4riNew"
"2041324959050690944","2026-04-07T01:47:30.000Z","1","@GemaShowIndo IGRS = Ih Gue Rating Suka2, terus begitu ketauan salahnya langsung nuding salah steam, dan claim steam minta maaf. Dikira steam baru lahir kemaren https://t.co/7trYmpI6WN","2041332001920503845","https://pbs.twimg.com/tweet_video_thumb/HFREob-acAAGYTg.jpg","GemaShowIndo","in","","0","0","0","https://x.com/boihitori/status/2041332001920503845","887118833009303552","boihitori"
"2040491792295186826","2026-04-07T01:45:32.000Z","34","@badakmeledak_ Teman2, saya hanya ingin mengingatkan

Mari fokus kritisi konteks kebijakannya, jangan pribadi personilnya.

Kasihan orang2 teknis IGRS yg ditugaskan, karena tidak sepenuhnya direction itu di tangan mereka.

Jangan serang2 personil apalagi sampai ngulik2 pribadi orang ya.","2041331507546264017","","badakmeledak_","in","","2","0","3","https://x.com/kerissakti/status/2041331507546264017","64586729","kerissakti"
"2041118782664646973","2026-04-07T01:41:18.000Z","1","@ekawicaksana Hi @Steam @Steam_Support @valvesoftware did you really issued an apologize statement regarding to IGRS implementation? We did not aware there was any.","2041330443774214625","","ekawicaksana","en","","0","0","0","https://x.com/salmontamago14/status/2041330443774214625","1172485640174260224","salmontamago14"
"2041324725537054735","2026-04-07T01:40:49.000Z","153","@kerissakti Fokus ke ngilangin rating RC aja guys, saat ini emang udah di rollback dari steam tapi kalau suatu saat IGRS balik lagi dan RC masih ada it'll become a big problem once again, kita ngga tau mereka bakal pake RC buat hapus game apa aja, fokus kawal hapus RC/ganti RC jadi 21+","2041330323670392896","","kerissakti","in","","0","4","16","https://x.com/BurningCoffee0/status/2041330323670392896","1442367430253166599","BurningCoffee0"
"2041058364512161818","2026-04-07T01:37:35.000Z","0","@tanyakanrl Rating IGRS aja kaga bener","2041329507391697100","","tanyakanrl","in","","0","0","0","https://x.com/dennyrd/status/2041329507391697100","83075717","dennyrd"
"2041329178868642295","2026-04-07T01:36:16.000Z","0","lol baru mau twit komdigi sok asik eh king gaben udah hapus rating igrs","2041329178868642295","","","in","","0","0","0","https://x.com/grieuver/status/2041329178868642295","740857590188408835","grieuver"
"2040972841093669251","2026-04-07T01:32:58.000Z","0","@_RyanKu @andrew_mnhtns @BatasAir @aniesbaswedan Yup, itu kenapa secara konsep, saya setuju IGRS. Bisa membantu para ortu yang peduli. Cuma eksekusinya aja yang tampak ngasal jalan layaknya MBG dan KMP.","2041328346227982598","","_RyanKu","in","","0","1","0","https://x.com/yudsky/status/2041328346227982598","71489160","yudsky"
"2041327954136055987","2026-04-07T01:31:24.000Z","0","lau aja kaga ngerti sama apa yg lg lu omongin.

gini aja. lu kalo kaga tau sama sekali sama “gim, steam, whatever” gausah asal asalan buat igrs some bullshit. udah ada pegi, gausah ikut ikut bikin copycat yg gajelas pula.","2041327954136055987","","","in","","0","0","0","https://x.com/SOLDIERB00y/status/2041327954136055987","1992472500010373120","SOLDIERB00y"
"2040704635128943030","2026-04-07T01:30:11.000Z","0","@Alf90596480 @mhuseinali Justru diskusi ini kan utk sharing info. 

Makanya, apa kesalahan dari pihak IGRS dalam hal rating Steam ini? 

Udah ada syarat setiap klasifikasi di permenkominfo dan website IGRS.

Steam seharusnya tinggal mengikuti logika dari syarat-syarat itu.","2041327645775032555","","Alf90596480","in","","0","0","0","https://x.com/fareasy96/status/2041327645775032555","1236129966611263488","fareasy96"
"2041324725537054735","2026-04-07T01:29:02.000Z","0","@kerissakti Saya berharap ada perbaikan dan update bagus buat IGRS ke depannya.","2041327355659256035","","Arii765","in","","0","1","0","https://x.com/Arii765/status/2041327355659256035","304400656","Arii765"
"2041064580450021638","2026-04-07T01:27:21.000Z","0","@ferrykoto @aniesbaswedan Lo tau ga IGRS, G-nya itu singkatan dari GOBLOK","2041326931342418196","","ferrykoto","in","","0","0","0","https://x.com/MerahLarva/status/2041326931342418196","794166498465939456","MerahLarva"
"2040704635128943030","2026-04-07T01:25:40.000Z","0","@fareasy96 @mhuseinali Nah, yuk yuk, udah dulu Steam-nya, fokus ke IGRS. Dari artikel di atas, siapa yg banyak kerja? IGRS udah ngapain aja dong? Lepas tangan selama prosesnya? Hii, seramnya...

Nah, statement terbarunya, katanya ""Steam sudah meminta maaf atas kesalahannya"". Okay, IGRS udah minta maaf?","2041326511408759101","","EliasSanSan","in","","0","1","0","https://x.com/EliasSanSan/status/2041326511408759101","2015320018754658304","EliasSanSan"
"2040941129051611519","2026-04-07T01:25:32.000Z","0","@kurawa Jadi rating IGRS itu diambil dari rating user review apa gimana sih? Kok tiba tiba bahas user review?","2041326475287404678","","kurawa","in","","0","0","0","https://x.com/fathanmsatria/status/2041326475287404678","1389342720","fathanmsatria"
"2041324807946661907","2026-04-07T01:21:20.000Z","0","Tuh komdigi atau komd.....o urus tuh judol judol yg merajalela, malah sok sokan bikin IGRS yg malah blinder juga toh","2041325419081904607","","rizaatta","in","","0","1","0","https://x.com/rizaatta/status/2041325419081904607","444557424","rizaatta"
"2041118782664646973","2026-04-07T01:20:12.000Z","1","@72labs @ekawicaksana paling lewat email (surat online) dan steam bilang minta maaf karena balesan steam nya gini

""we are sorry to hear that your IGRS policy is suck and many people hate it.""","2041325132925592017","","72labs","en","","0","0","0","https://x.com/MistharOzhima/status/2041325132925592017","1167626134508335104","MistharOzhima"
"2041320631900545143","2026-04-07T01:19:34.000Z","7","@memefess Jangan lupa PSE yang bikin Paypal dan Steam sempat diblokir. PSE ini sebenernya lebih bahaya karena pemerintah leluasa mengakses data pengguna aplikasi dan mengontrol konten internet. Salah satu dampak nyatanya adalah pembatasan postingan medsos, dan IGRS hanyalah sekuelnya.","2041324974900912590","","memefess","in","","0","0","0","https://x.com/FaeezEmpire/status/2041324974900912590","1358730523","FaeezEmpire"
"2041324959050690944","2026-04-07T01:19:30.000Z","280","Gw tweet ulang..pen bahas di video soal IGRS, gw akan kumpulin beberapa resource yg akan dibahas di video. Feel free juga utk ngasih sources yg ingin w bahas","2041324959050690944","","","in","","0","11","37","https://x.com/GemaShowIndo/status/2041324959050690944","383110522","GemaShowIndo"
"2040685239228653915","2026-04-07T01:19:00.000Z","0","@iPoopBased Market kita bener gede tapi untuk game f2p sedangkan untuk game premium di PC maupun konsol kita ini hanya remah-remah aja jadi jangan merasa sok penting.

Saya hargai IGRS ini niatnya baik tapi seperti banyak kebijakan lainnya hanya baik di niatnya saja.","2041324830193340557","","iPoopBased","in","","0","0","0","https://x.com/hilizme/status/2041324830193340557","1674709732777660416","hilizme"
"2041324725537054735","2026-04-07T01:18:35.000Z","2673","Teman2, saya hanya ingin mengingatkan

Mari fokus kritisi konteks kebijakannya, jangan pribadi personilnya.

Kasihan orang2 teknis IGRS yg ditugaskan, karena tidak sepenuhnya direction itu di tangan mereka.

Jangan serang2 personil apalagi sampai ngulik2 pribadi orang ya.","2041324725537054735","","","in","","19","83","665","https://x.com/kerissakti/status/2041324725537054735","64586729","kerissakti"
"2040691915184812518","2026-04-07T01:15:43.000Z","0","@reruzensky @kemkomdigi bro igrs lupa valve pernah menang lawan trolling pattern dari roschild😭😂","2041324003621834907","","reruzensky","in","","0","0","0","https://x.com/GOALIATHH/status/2041324003621834907","1826520534831841280","GOALIATHH"
"2041323644824228172","2026-04-07T01:14:17.000Z","0","aku sebenrnya setuju apabila implementasi IGRS ini bagus. tiap negara punya customarynya tersendiri kita punya budaya dan norma sosial tersendiri kalo penerapannya kaya CERO punya jepang sih setuju"" aja yahh lah ini kocak banget absurddd","2041323644824228172","","","in","","0","0","0","https://x.com/itskadeks/status/2041323644824228172","1992834334571806720","itskadeks"
"2041311213976768844","2026-04-07T01:11:36.000Z","0","@elbrutico_555 Coba liat deh website nya igrs ini, website aja beselemak gini kok berani berani nya bilang steam yg minta maaf.","2041322969704923596","","elbrutico_555","in","","0","0","0","https://x.com/OrbitSyndrome/status/2041322969704923596","1322124807236853760","OrbitSyndrome"
"2040704635128943030","2026-04-07T01:10:23.000Z","0","@fareasy96 @mhuseinali I know, I knoww, ga ada yg tahu... 

Tapi kenapa kamu bisa menduga Steam aja yg salah? Steam jauh lebih tua dari IGRS, Steam pasti punya tim audit. Selama ini Steam mengacu ke PEGI untuk age rating system.

Nah, logika aja deh, siapa yg lebih tahu soal rating? Steam atau IGRS?","2041322662165909757","","fareasy96","in","","0","1","0","https://x.com/EliasSanSan/status/2041322662165909757","2015320018754658304","EliasSanSan"
"2041321916942913714","2026-04-07T01:07:25.000Z","0","Baru join 2018 ke Steam, tp sejujurnya sudah main game sejak 2013, walau masih menggunakan praktik tani.

Sudah teracuni membeli game steam discount setiap sale dan ada 10+ game yg tidak tersentuh sejak dibeli.

Part time Game Rater for IGRS boleh banget, 1 judul 100k boleh https://t.co/hbs6FEGftU","2041321916942913714","https://pbs.twimg.com/media/HFQ7dibbgAAwhG0.jpg","","in","","0","0","0","https://x.com/quatrevightdix/status/2041321916942913714","615797213","quatrevightdix"
"2041321752958291995","2026-04-07T01:06:46.000Z","0","IGRS is so fucking stupid, like how can those hentai games rate is 13+ and THOSE TOTALLY NORMAL GAME IS 18++++ ??????","2041321752958291995","","","en","","0","0","0","https://x.com/enjzuu/status/2041321752958291995","1517898430773088257","enjzuu"
"2041321477249892792","2026-04-07T01:05:40.000Z","0","Untuk saat ini, rating IGRS di Steam memang dihilangkan. Tetapi buat kalian semua, jangan terlalu lengah.

Kenapa? Kita harus berkaca dari kejadian beberapa tahun lalu, tepat pada saat PSE mulai dilaksanakan.","2041321477249892792","","","in","","0","1","0","https://x.com/BigABust7/status/2041321477249892792","1863006936901492736","BigABust7"
"2040685530082627871","2026-04-07T00:55:58.000Z","2","@awarman06 @reruzensky @kemkomdigi Disini yang dibahas itu sistem rating nya yg jelas² flawed. Lo bisa ga sih konstruktif ngertiin kenapa IGRS itu inferior ketimbang PEGI &amp; ESRB? 

Literasi lo kek anak sd sumpah ngentot, keliatan bngt winrate hero² lu di ml jg dibawah 60% kontol wkwkw","2041319036789948793","","awarman06","in","","0","0","0","https://x.com/hklrzki/status/2041319036789948793","1082664210318807040","hklrzki"
"2040685530082627871","2026-04-07T00:52:18.000Z","2","@awarman06 @reruzensky @kemkomdigi Tantangan gue masih berlaku ye bencong penyepong igrs

https://t.co/BXL0ba5k7w","2041318112558219349","","hklrzki","in","","0","0","0","https://x.com/hklrzki/status/2041318112558219349","1082664210318807040","hklrzki"
"2041001216428380480","2026-04-07T00:51:28.000Z","51","@sunsetJhesus bedanya, ESRB itu ngo, IGRS itu produk komdigi/pemerintah.

ESRB cuma ngasih rating, ga ngatur. IGRS jelas banget bisa dipake senjata sama pemerintah buat blokir/censoring sembarangan.","2041317903610609746","","sunsetJhesus","in","","0","1","0","https://x.com/Christyandi_R/status/2041317903610609746","1224722012871876608","Christyandi_R"
"2041317280009928998","2026-04-07T00:49:00.000Z","0","@Steam @Steam_Support is the statement in the news true? Because your side haven't even issued a press release regarding this IGRS issue. Thank you.","2041317280009928998","","Steam","en","","0","0","0","https://x.com/Cameliatty/status/2041317280009928998","1761269838901805056","Cameliatty"
"2041120779757400168","2026-04-07T00:45:42.000Z","2","@Rujakkks262598 @Analyst_V2 Bener sih developer game nya gak akan ngasal kasih rating. Cuma IGRS ntah gak ngajak ato ngajak tapi gak transparan, makanya salah ngasih rating. Kalo masalah rating game ya harus ajak semua kalangan di industri gamenya kayak developer, gamer, bahkan toko game nya di ajak.","2041316452289159246","","Rujakkks262598","in","","0","0","0","https://x.com/KholiqArRazan/status/2041316452289159246","1357151057160278019","KholiqArRazan"
"2041309533122056337","2026-04-07T00:45:02.000Z","1","@XxEscAltF4 Dan sperti yg w ketik diatas..w ngetik gni karena banyak yg nunjuk ke gw..makanya w ketik, gw jg tau kok mana yg ditujukan ke yg lain dn mana yg ke w wkwk 🙌🏻 anyway..NEED SOURCE LAGIII (konteks IGRS)","2041316282495299825","","XxEscAltF4","in","","0","3","0","https://x.com/GemaShowIndo/status/2041316282495299825","383110522","GemaShowIndo"
"2041309533122056337","2026-04-07T00:41:29.000Z","1","@XxEscAltF4 Klo ad source yg mw w bahas, feel free tarok d sni ya (konteks IGRS)","2041315388378829201","","GemaShowIndo","in","","0","0","0","https://x.com/GemaShowIndo/status/2041315388378829201","383110522","GemaShowIndo"
"2041313576540086676","2026-04-07T00:34:17.000Z","15","kalau zaman dulu ada IGRS itu golongan 30 tahun ke atas masa mudanya pasti gak akan ada yang main Metal Slug di rental PS 1 sampek tamat. 

atau main GTA cuma buat jungkit-jungkitin mobil.

makasih Metal Slug &amp; GTA udah kasih masa muda yang asyik.","2041313576540086676","","","in","","1","1","7","https://x.com/efenerr/status/2041313576540086676","89326335","efenerr"
"2041311530189488622","2026-04-07T00:26:09.000Z","0","Game of The Year 2025 dicap tidak layak edar, sementara konten dewasa bebas masuk dengan label ramah anak. Kesan pertama saat berlakunya sistem rating IGRS.

https://t.co/7QucilLC7b","2041311530189488622","","","in","","0","0","0","https://x.com/melekmedia/status/2041311530189488622","146060482","melekmedia"
"2040972841093669251","2026-04-07T00:19:24.000Z","0","@aniesbaswedan co kita hampir punya presiden yang ampe igrs aja diurusin sama dia","2041309834046476678","","aniesbaswedan","in","","0","0","0","https://x.com/imthaitea/status/2041309834046476678","1108287837038772224","imthaitea"
"2041309080921473268","2026-04-07T00:16:25.000Z","1","Katanya IGRS kan untuk melindungi anak-anak dari bahaya game ya? Tapi belum lama ini ada seorang anak SMK di Kudus yang diintimidasi pemerintah karena mengkritik MBG dan anak SMP di Gresik kena peluru nyasar TNI. Jadi mana yang lebih berbahaya bagi anak-anak?","2041309080921473268","","","in","","0","0","0","https://x.com/FaeezEmpire/status/2041309080921473268","1358730523","FaeezEmpire"
"2041064580450021638","2026-04-07T00:14:06.000Z","2","@Bram_no3 @ferrykoto @aniesbaswedan Ya karna itu kesalahan pribadi elu, lu liat gimana regulasi di China aja deh, itu teratur banget dan ini IGRS apaan ngawur gini.","2041308497812537580","","Bram_no3","in","","0","1","0","https://x.com/harist_ixcents/status/2041308497812537580","778261480047190016","harist_ixcents"
"2041064580450021638","2026-04-07T00:13:19.000Z","2","@Bram_no3 @harist_ixcents @ferrykoto @aniesbaswedan Org mah kalau igrs ngasih rating yg bener kagak bakal ngamuk coy. Rating umur bukan rahasia umum lagi dan bahkan sebelum igrs sudah ada dari pegi. Btw rating umur tuh bukan cegah kecanduan, itu mah dari diri sendiri. Kalu rating umur cuma untuk penanda aja agar main sesuai umur","2041308300009181205","","Bram_no3","in","","0","1","0","https://x.com/fuckchmstry/status/2041308300009181205","1225775926497046530","fuckchmstry"
