"conversation_id_str","created_at","favorite_count","full_text","id_str","image_url","in_reply_to_screen_name","lang","location","quote_count","reply_count","retweet_count","tweet_url","user_id_str","username"
"2040698222512148716","2026-04-05T23:59:59.000Z","0","@madeltangapung Kiranya bakal didukung kali ya, ngasih rating sembarangan. Taunya ngerempongin komunitas gamer yang fine2 aja selama ini tanpa IGRS","2040942556931101159","","madeltangapung","in","","0","0","0","https://x.com/Excyde_/status/2040942556931101159","1428145974392721411","Excyde_"
"2040684902866411853","2026-04-05T23:59:33.000Z","0","@Alex_Brigz @RRDelusi Gpp bang kita sama"" lagi kesel ke IGRS. 
gw cuma ngerasa aneh aja.
Kalau dokumentasi steam kan point satu dulu yang masuk ke steam baru review by user.

Agak gak wajar aja dalam 4-5 hari rating dari yang punya sistem udah keganti sama user review.","2040942448478933183","","Alex_Brigz","in","","0","0","0","https://x.com/Kunyah_renyah/status/2040942448478933183","1193746938643959808","Kunyah_renyah"
"2040941284056314254","2026-04-05T23:59:26.000Z","0","Gw penasaran sama respon publik kalau ni IGRS nyerempet ke game2 populer kaya mobile legend 😃","2040942422239432846","","jayadiakbar_","in","","0","0","0","https://x.com/jayadiakbar_/status/2040942422239432846","1554499647455969282","jayadiakbar_"
"2040942257612968152","2026-04-05T23:58:47.000Z","4","Gak terima game DotA 2 dianggap game dengan unsur mengandung Narkotika bahkan game Horror.
Ngawur asli IGRS ini dah.","2040942257612968152","","","in","","0","2","2","https://x.com/tekarok007/status/2040942257612968152","1184695438365974528","tekarok007"
"2040941129051611519","2026-04-05T23:58:46.000Z","323","@kurawa lah kocak! jawaban AI itu malah ngebuktiin poin kita bro. Valve atau steam justru aktif nindak developer yang manipulasi rating. Berarti sistem Steam berfungsi, bukan bukti Steam yang manipulasi. jadinya malah IGRS nuduh platformnya 🙂","2040942251099173294","","kurawa","in","","0","3","18","https://x.com/Luthfimbaihaqi/status/2040942251099173294","1182586266","Luthfimbaihaqi"
"2040892603487711367","2026-04-05T23:58:43.000Z","0","@kemgelapan IGRS ini sejatinya sama kek MBG, mau ""mroyek"" yg dibungkus dengan program. Uang negara habis tanpa negara dapat manfaat nyata. Pejabatnya aja orang2 inkompeten. Semoga mereka semua berkumpul di kerak neraka, amiin.","2040942238616990063","","kemgelapan","in","","0","0","0","https://x.com/WahyuAdiguna/status/2040942238616990063","36332891","WahyuAdiguna"
"2040942064591118607","2026-04-05T23:58:01.000Z","0","Game bokep
Steam: “Ini kasih tag ada Sexual Contentnya ya, biar org kalo beli tau mereka beli apa”
IGRS: “Wah game ini cocok untuk balita”","2040942064591118607","","","in","","0","0","0","https://x.com/bebeksnorkling/status/2040942064591118607","951155880833134592","bebeksnorkling"
"2040866603336970413","2026-04-05T23:57:18.000Z","0","@mhuseinali Bukan user Steam aja jamin pasti percaya masalah bukan di steam, kecuali dia buzzer. Dulu ga masalah tiba-tiba masalah. Yg Aldo dulu bahas IGRS timnya siapa cuma jawab adalah ahli mirip kaya Buna Teddy ditanya anggaran adalah.","2040941884512846023","","mhuseinali","in","","0","0","0","https://x.com/wildanfird15/status/2040941884512846023","1586941852095508480","wildanfird15"
"2040941775624581291","2026-04-05T23:56:52.000Z","0","Oh gitu, beraninya ngirim buzzer? melindungi konsumen kok pake buzzer. Kalo emang sistem igrs lu itu ga bener, ya benerin dulu kocak, jangan milih buzzer buat benerin opini, tolol anjing, punya budget tapi ga punya otak begini nih","2040941775624581291","","","in","","0","0","0","https://x.com/hydarnus/status/2040941775624581291","1908112280849666048","hydarnus"
"2040941612600352834","2026-04-05T23:56:13.000Z","14","IGRS:
Icardi, Gagliardini, Radja, &amp; Stefan. https://t.co/bwMuL4Z6Jf","2040941612600352834","https://pbs.twimg.com/media/HFLhkpibEAAOVIZ.jpg","","sl","","0","1","1","https://x.com/InteristaLK/status/2040941612600352834","1141531513634164736","InteristaLK"
"2040941422875201794","2026-04-05T23:55:28.000Z","1","hmmmmm kalau game online harus terverifikasi IGRS dari komdigi, apakah era rental PS akan balik lagi? menarik nih kalau mau buka usaha rentalan PS.

selain rentalan PS maenan² tradisional yg nuntut keluar rumah dan maen bersama bisa kembali diramaikan.","2040941422875201794","","","in","","1","0","0","https://x.com/jimans_/status/2040941422875201794","1558318559943888896","jimans_"
"2040941207430607085","2026-04-05T23:54:37.000Z","7","Stafsus kementrian pinter2, pendidikannya tinggi2. Tapi ngomong sesederhana ""Maaf akan kami benahi"" gak mampu.
IGRS konsepnya bagus, tapi akui saja kalau implementasinya belum sempurna. Gw pribadi lebih respect pemerintah yg mau mengakui, minta maaf, lalu memperbaiki.","2040941207430607085","","","in","","0","0","1","https://x.com/mas_ittou/status/2040941207430607085","2831421151","mas_ittou"
"2040757110951322044","2026-04-05T23:54:20.000Z","1","@kurawa IGRS itu ibarat orang sok asik yang mau nimbrung di sebuah komunitas yang sudah bertahun-tahun bahagia di bubblenya sendiri. Komdigi nganggur banget ya sampai komunitas kecil kaya gamers perlu direcokin? Judol pak sama Pinjol noh pak merenggut banyak nyawa rakyat kita.","2040941135695417531","","kurawa","in","","0","0","0","https://x.com/javafeedsss/status/2040941135695417531","1988540513843355648","javafeedsss"
"2040941008377012246","2026-04-05T23:53:49.000Z","0","PNS komdongo fungsi video game beserta jajaran eselon 1-3 + meutya hafid mending mundur deh kata gue. Kek brosis gue tutup mata bikin karakter loncat loncat doang masih lebih pinter karakternya daripada lo semua.

+semua stakeholder dongo IGRS","2040941008377012246","","","in","","0","0","0","https://x.com/samarotsaha/status/2040941008377012246","1245228729669844992","samarotsaha"
"2040940952106524909","2026-04-05T23:53:36.000Z","1","IGRS di Steam Tuai Protes, Komdigi: Bukan Rating Resmi https://t.co/u6X0YSFcHE","2040940952106524909","","","in","","0","0","0","https://x.com/detikinet/status/2040940952106524909","135815019","detikinet"
"2040940759604732258","2026-04-05T23:52:50.000Z","0","Lord gaben turun gunung gara2 buzzer igrs","2040940759604732258","","","tl","","0","0","0","https://x.com/detoge/status/2040940759604732258","922327453","detoge"
"2040940336139436290","2026-04-05T23:52:43.000Z","0","Lumayan nih lagi rame @kemkomdigi gara2 igrs, saya bisa bantu jadi buzzer","2040940731117060208","","kazuugi","in","","0","0","0","https://x.com/kazuugi/status/2040940731117060208","1992091042531979264","kazuugi"
"2040940579958464835","2026-04-05T23:52:07.000Z","0","igrs kata gue kebanyakan nyawit anjir","2040940579958464835","","","in","","0","0","0","https://x.com/chikxge/status/2040940579958464835","1573144753","chikxge"
"2040652848107815192","2026-04-05T23:51:29.000Z","0","@CorySakti28011 @bansama https://t.co/akPMCqWNlt
Theres also this. Idk if the IGRS actually have their own review to audit this","2040940421141110861","","CorySakti28011","en","","0","0","0","https://x.com/Al38819917/status/2040940421141110861","1054540018927071232","Al38819917"
"2040939925957468196","2026-04-05T23:49:31.000Z","0","Nah ini dia, sebelum pada debat sana sini dan kemana mana tentang IGRS, ini nih ada penjelasan resminya langsung, bukan hoax hoax lagi. Ini nih link nya, langsung cek ya:

https://t.co/jCXU8cCZYS","2040939925957468196","","","in","","0","0","0","https://x.com/kocakterus88/status/2040939925957468196","1690693116049960960","kocakterus88"
"2040684902866411853","2026-04-05T23:49:01.000Z","0","@RRDelusi @PlaymenID gausah pake igrs jg lbh bagus. jd ga perlu diluruskan lg.","2040939800262525391","","RRDelusi","in","","0","0","0","https://x.com/rizkionalisme/status/2040939800262525391","90176624","rizkionalisme"
"2040939642082713697","2026-04-05T23:48:24.000Z","0","sumpah GAJEEE BGT APASIH IGRS?????","2040939642082713697","","","in","","0","0","0","https://x.com/melonacake/status/2040939642082713697","1367654750431289344","melonacake"
"2040939559522091021","2026-04-05T23:48:04.000Z","7","IGRS looks like somthing useless coming out from trash org, such as Indonesian Govt","2040939559522091021","","","en","","0","0","2","https://x.com/SoundOfYogi/status/2040939559522091021","93882850","SoundOfYogi"
"2040939497827996017","2026-04-05T23:47:49.000Z","0","that one mbak mbak IGRS bilang pasar gaming di Indo gede 😂 liatnya mobel lejen doang kali ye.. jelas2 banyak yg ga mampu beli game triple A, abis itu dia ngarepin developer buat ngeblur konten2 dewasa, pemikiran halu macam apa ini 😂 buat apa dr awal ada rating usiaa.. gblk","2040939497827996017","","","in","","0","0","0","https://x.com/caelumphrince/status/2040939497827996017","713928037","caelumphrince"
"2040939234484490667","2026-04-05T23:46:46.000Z","0","Daripada debat soal IGRS nih coba baca dan pahami biar ga salah paham ya 😁
https://t.co/UBZIg1A2E2","2040939234484490667","","","in","","0","0","0","https://x.com/HaniB1220/status/2040939234484490667","1757900009314320385","HaniB1220"
"2040814604880949713","2026-04-05T23:45:42.000Z","18","@ekawicaksana @kemkomdigi @DirektoriGim kenapa sih tiap ada masalah, buzzer yang dikeluarkan KOMDIGI tuh goblok2 banget y? mereka asal ngomong soal self-claim maupun self-declare tapi gak dicerna dulu. Indonesia tuh cuma 0,5% transaksinya d steam dan kenapa cuma IGRS doank yg bermasalah, rating lain fine2 aja","2040938965520519558","","ekawicaksana","in","","0","1","1","https://x.com/MFRcapture/status/2040938965520519558","840126594689593346","MFRcapture"
"2040823276428300710","2026-04-05T23:45:14.000Z","0","@kukuhya @gilbhas halah kek igrs aja hrs nyewa buzzer. pake istilah ""melindungi anak"" lagi. tai kucing. anak2 dr dlu fun aja gaming tnpa rating. lu aja skrg yg pengen uangnya dr bisnis yg udah makin besar.","2040938846133924086","","kukuhya","in","","0","0","0","https://x.com/rizkionalisme/status/2040938846133924086","90176624","rizkionalisme"
"2040757110951322044","2026-04-05T23:43:31.000Z","3","@kurawa Buzzer idiot ngeles mulu, udah market indo kecil buat game PC banyak mau. Udah mending masih dapet pendapatan pajak orang beli game minta ini itu. Emang ga jelas aja tim IGRS nya coba tunjukin siapa? ga berani juga kan nuduh steam. Dari dulu ga ada masalah.","2040938416012165179","","kurawa","in","","0","0","1","https://x.com/wildanfird15/status/2040938416012165179","1586941852095508480","wildanfird15"
"2040645711650509022","2026-04-05T23:43:00.000Z","0","@rayrestufauzi Rating IGRS di Steam sekarang banyak yang masih data awal/selfdeclare dan itu  belum final, itu mengingatkan kita untuk melindungi pemain muda agar tidak terjerumus hal hal yang tidak baik. Tolong diperbaiki lagi IGRS sistemnya agar lebih stabil.","2040938286655627302","","rayrestufauzi","in","","0","3","0","https://x.com/andybalala19/status/2040938286655627302","1399951844000997378","andybalala19"
"2040938213401874491","2026-04-05T23:42:43.000Z","0","🎬 Mission Impossible (2025) Subtitle Indonesia
Durasi: 163 Menit https://t.co/QJGRDmooED &lt;- link video dari twitter
GenreAction, Adventure, Thriller
Link Movie: 🔗 https://t.co/vIWcxRsD70

parfum dan skincare murah IGRS #film","2040938213401874491","","","en","","0","0","0","https://x.com/hdunand20/status/2040938213401874491","1878152642175909888","hdunand20"
"2040757110951322044","2026-04-05T23:42:18.000Z","0","@kurawa oalah ini yang katanya pro-investasi tapi cuci tangannya dengan menyalahkan perusahaan asing (yang udah main jauh sebelum IGRS muncul)","2040938106661265540","","kurawa","in","","0","0","0","https://x.com/biruwahidhan/status/2040938106661265540","1900375496845910016","biruwahidhan"
"2040937925060567534","2026-04-05T23:41:34.000Z","3","ESBN AND PEGI exist just to avoid kid playing games

IGRS literally had some games banne","2040937925060567534","","","en","","0","0","1","https://x.com/mesheviksus2/status/2040937925060567534","1503606175631175680","mesheviksus2"
"2040937799072014594","2026-04-05T23:41:04.000Z","2","Padahal steam jg udah ngasih rating sendiri dan itu udah sangat bagus, tinggal ngikut doang kan enak ga usah repot cape2 kerja 2x tuh si igrs","2040937799072014594","","","in","","0","0","0","https://x.com/p0litrick/status/2040937799072014594","606000080","p0litrick"
"2040937626547658874","2026-04-05T23:40:23.000Z","1","IGRS revolusioner banget memang. Sebuah gebrakan yang sangat dibutuhkan di Indonesia saat ini. https://t.co/SgNTakIRFa","2040937626547658874","https://pbs.twimg.com/media/HFLd9KBaIAAoxen.jpg","","in","","0","0","0","https://x.com/cherrya72836061/status/2040937626547658874","553209938","cherrya72836061"
"2040623629495611815","2026-04-05T23:39:40.000Z","0","@virtualballers Mau bikin IGRS dan semacamnya juga kalo masih ada yang jual game di Shopee mah gak ngaruh.","2040937447610306937","","virtualballers","in","","0","0","0","https://x.com/NUGreenFlag/status/2040937447610306937","1279810363391741953","NUGreenFlag"
"2040937302332260804","2026-04-05T23:39:06.000Z","0","block aja IGRS cuy, report","2040937302332260804","","","in","","0","0","0","https://x.com/meimeiajadeh/status/2040937302332260804","1407730914898046982","meimeiajadeh"
"2040757110951322044","2026-04-05T23:38:21.000Z","1","@kurawa Yakin steam yg ksh rating palsu? Ini ngomong stam stim tp jgn2 ga pernah menggunakan steam. Tolong lah klo mau regulasi suatu hal, mbok ya dimengerti dulu. Lama2 IGRS ga relevan dan cuman buat habis2in anggaran aja.","2040937116113547284","","kurawa","in","","0","0","0","https://x.com/PaulERS89/status/2040937116113547284","1603730063413096449","PaulERS89"
"2040936913104970110","2026-04-05T23:37:33.000Z","0","Terkait dinamika IGRS dan kebijakan rating gim di platform Steam, rilis pers resmi berikut ini dapat menjadi referensi informasi yang valid untuk kita semua. https://t.co/vkZGKkmOiN","2040936913104970110","","","in","","0","0","0","https://x.com/Alfiatunisah/status/2040936913104970110","1753385506531160064","Alfiatunisah"
"2040757110951322044","2026-04-05T23:37:07.000Z","2","@kurawa 🤡 dagelan mana lagi ini.. 
Tolong ini audit metode kerja tim IGRS nya @DPR_RI 
Sudah bikin keresahan publik. 
Publik berhak tahu, cara kerja ratingnya gmn","2040936805198074060","","kurawa","in","","0","0","0","https://x.com/The_Discomafia/status/2040936805198074060","57513726","The_Discomafia"
"2040936719835636093","2026-04-05T23:36:47.000Z","0","IGRS tolol, komdigi tolol, indonesia asuuuuu. plis jangan aneh anehin steam GUE, dimana gue cuma bisa mengandalkan steam kalau mau beli otoge. IGRS cuma bisa ngasih rating 3+ ke game gooning asuuuuuuu blok.","2040936719835636093","","","in","","0","0","0","https://x.com/meimeiajadeh/status/2040936719835636093","1407730914898046982","meimeiajadeh"
"2040593488350515441","2026-04-05T23:36:36.000Z","0","@kemkomdigi Gimana sih pak kok IGRS malah ngaco parah","2040936675770257508","","kemkomdigi","in","","0","0","0","https://x.com/FahrezaMahendr/status/2040936675770257508","1702015317122351104","FahrezaMahendr"
"2040936520635560005","2026-04-05T23:35:59.000Z","0","Gais buat yang ngikutin IGRS &amp; rating gim  di steam,   baca dulu siaran pers  ini, sebelum debat IGRS
https://t.co/K8lzP7oQr8","2040936520635560005","","","in","","0","0","0","https://x.com/mtiarasptika/status/2040936520635560005","2021102244482121730","mtiarasptika"
"2040757110951322044","2026-04-05T23:35:25.000Z","2","@kurawa @Steam this government bootlicker is playing victim + shirk responsibility + blaming others than themselves (this is their (IGRS)@kemkomdigi own faulty rating) 

Kids games they rate 18+
While an adult 18+ games they rate 3+

explanation : 
green :18+ up
red: teen to adult 18+ up https://t.co/xIm1pyEQLC","2040936374413742560","https://pbs.twimg.com/media/HFLc0Q1asAAY_zg.jpg","kurawa","en","","0","0","1","https://x.com/Delazdukedom/status/2040936374413742560","1105609246765281281","Delazdukedom"
"2040936296777179362","2026-04-05T23:35:06.000Z","769","Asosiasi Game Indonesia made respond to IGRS

Note:

1.IGRS should be a GUIDELINE, NOT A RESTRICTION
2.Technical control for IGRS belongs to government and IGRS team, gaming platform is just do what they told

More note in the thread below.
Src:
https://t.co/6acZjh9uf7 https://t.co/i94Op0iDB9","2040936296777179362","https://pbs.twimg.com/media/HFLcsdwacAA51iS.jpg","","en","","14","10","295","https://x.com/SEAGamethetic/status/2040936296777179362","713753682517426176","SEAGamethetic"
"2040935924423594429","2026-04-05T23:33:37.000Z","0","""STEAM MELAKUKAN RATING PALSU""???

IGRS lu noh game hentai rating +3","2040935924423594429","","","in","","0","0","0","https://x.com/WitheredShulker/status/2040935924423594429","1244209604218642432","WitheredShulker"
"2040757110951322044","2026-04-05T23:31:09.000Z","0","@kurawa ""Steam relah melakukan rating palsu""
Akui aja belom terkordinasi baik..
IGRS juga ngisinya cmn isi questioner, g ada verifikasi","2040935303855349819","","kurawa","in","","0","0","0","https://x.com/bonboninsegna/status/2040935303855349819","58753650","bonboninsegna"
"2040757110951322044","2026-04-05T23:30:22.000Z","4","@kurawa @Steam @Steam_Support this special advisor of KOMDIGI claimed:
1. that steam created *fake rating* affecting the IGRS system therefore resulting in many games categorized as not fit for distribution
2. that steam violated indonesian regulation
can you confirm?","2040935107297743256","","kurawa","en","","0","0","0","https://x.com/purityringgu/status/2040935107297743256","1053165568818200576","purityringgu"
"2040935090063384796","2026-04-05T23:30:18.000Z","0","Mungkin ada benernya ini salah steam. Tapi the fact that visibilitas game bisa dihalangi jika tak berlabel IGRS artinya komdigi bohong ya guys, steam dihalangi berjualan jika tidak memenuhi regulasi yang artinya IGRS memang dipersenjatai.","2040935090063384796","","","in","","0","0","0","https://x.com/mefuri_k/status/2040935090063384796","1430194934716325895","mefuri_k"
"2040934839306833973","2026-04-05T23:29:19.000Z","0","Sedang ramai soal IGRS dan rating game di Steam? Ini siaran pers resmi dari Kemkomdigi, boleh dibaca biar paham duduk perkaranya :

https://t.co/TKpyJwC560","2040934839306833973","","","in","","0","0","0","https://x.com/anggtakhsturia/status/2040934839306833973","1826219760583106560","anggtakhsturia"
"2040934681055801850","2026-04-05T23:28:41.000Z","0","Ini ga berita ngibul soal IGRS &amp; rating gim di Steam, bisa jadi acuan buat jangan kemakan berita ga jelas biar info yang beredar lebih lengkapnya https://t.co/uVNcSljg1g","2040934681055801850","","","in","","0","0","0","https://x.com/dude_bukan/status/2040934681055801850","1515416675038154754","dude_bukan"
"2040630458472636542","2026-04-05T23:26:47.000Z","0","@aniblogsan52394 @sugondese6666 BUZZER IGRS Lo goblok, lu aja ga main game, twitter lo isinya ngebela igrs ama komdigi doang kocak","2040934204314439880","","aniblogsan52394","in","","0","1","0","https://x.com/rendrafrizal/status/2040934204314439880","1625480431415201794","rendrafrizal"
"2040579524979732744","2026-04-05T23:26:43.000Z","1","@cloplerr Indonesian Game Rating System, intinya kalau ada game mau masuk indo kudu lolos sensor dan rating dari IGRS ini, tapi ya gitu deh, rate nya ngaco","2040934187541434513","","cloplerr","in","","0","1","0","https://x.com/chaaphrodite/status/2040934187541434513","1782611727399677953","chaaphrodite"
"2040933992720203783","2026-04-05T23:25:57.000Z","0","I don't get how IGRS rates the game, really","2040933992720203783","","","en","","0","0","0","https://x.com/iSatrio/status/2040933992720203783","51074272","iSatrio"
"2040758090757546013","2026-04-05T23:25:25.000Z","2","@kurawa @xLanglangBuana tak usah jauh2 deh. di X ini saja konten bokep masih bebas kok diakses. menurut anda yang orang internal KOMDIGI kenapa begitu? apakah kalian hanya makan gaji buta sambil sekali2 bikin kebijakan kontroversial yang hanya keliaran wah d teori tapi bobrok d pelaksanaan kayak IGRS?","2040933861430071311","","kurawa","in","","0","0","0","https://x.com/MFRcapture/status/2040933861430071311","840126594689593346","MFRcapture"
"2040933475533074489","2026-04-05T23:23:53.000Z","0","Indonesia, saya yakin, setidaknya menurut keyakinan saya.
Negara ini gak punya AI filter atau system dgn basis seperti itu, hanya gaya2an saja.
Paling jg semua masih manual pakai tenaga manusia.
Dan yg di hire, manusia nya ngga ngerti apa yg mereka kerjakan.
Itulah contoh, IGRS.","2040933475533074489","","","in","","0","0","0","https://x.com/kararynn/status/2040933475533074489","76630809","kararynn"
"2040933307626725499","2026-04-05T23:23:13.000Z","0","steam rating PALSU?????? lu bandingin sendiri rating steam sama IGRS pantek lebih akurat mana","2040933307626725499","","","in","","0","0","0","https://x.com/istrinyanaga/status/2040933307626725499","1348706073893425152","istrinyanaga"
"2040757110951322044","2026-04-05T23:22:55.000Z","19","@kurawa enak juga ye jadi buzzer ga berakal tetep digaji. steam bukan barang baru ya tolol, dari dulu rating steam ga ada masalah cuman gara-gara igrs muncul barulah kacau begini coba logika nya dipake sekali-kali","2040933231877587260","","kurawa","in","","0","0","1","https://x.com/marcenalius/status/2040933231877587260","2854258734","marcenalius"
"2040933223094735033","2026-04-05T23:22:53.000Z","0","seru banget igrs igrs SWKWKWK mau juga dong dapet duit karna ngomongin igrs doang","2040933223094735033","","","in","","0","0","0","https://x.com/cipicipacipi/status/2040933223094735033","1228177830657134592","cipicipacipi"
"2040933157017698679","2026-04-05T23:22:37.000Z","0","Untuk yang mengikuti isu IGRS &amp; sistem rating di Steam, penjelasan resminya sudah dirilis di sini. Mungkin bisa jadi referensi awal sebelum diskusi lebih lanjut:
https://t.co/5L3JruWt2h","2040933157017698679","","","in","","0","0","0","https://x.com/Extra7399/status/2040933157017698679","1943906190968467456","Extra7399"
"2040933055498764387","2026-04-05T23:22:13.000Z","0","Ada siaran pers resmi tentang IGRS &amp; rating gim di Steam,
Mari sahabat semua kita baca &amp; cek dulu sebelum kita berpendapat lebih jauh.

https://t.co/JhIz9ebfAt","2040933055498764387","","","in","","0","0","0","https://x.com/SPayanadi/status/2040933055498764387","1944372493642555392","SPayanadi"
"2040932763671617679","2026-04-05T23:21:04.000Z","0","IGRS kontol","2040932763671617679","","","sl","","0","0","0","https://x.com/aguto_kun/status/2040932763671617679","560184086","aguto_kun"
"2040932634067664926","2026-04-05T23:20:33.000Z","0","fuck igrs tp kalo ga setuju sama ini berarti belom pernah main fut","2040932634067664926","","","in","","0","0","0","https://x.com/ngepetskuy/status/2040932634067664926","1165567692880797697","ngepetskuy"
"2040932427347136859","2026-04-05T23:19:44.000Z","0","IGRS kontol","2040932427347136859","","","sl","","0","0","0","https://x.com/BismillahSugih/status/2040932427347136859","769263608","BismillahSugih"
"2040823276428300710","2026-04-05T23:19:35.000Z","0","@kukuhya IGRS dikritik keras harus didengarkan dan perlu dibenahi? no ❌ IGRS dikritik keras, Boomer ketar ketir, Turunkan Buzzer bayaran biar IGRS keliatan ada yg bela. walau keliatan akun buzzernya penjilat 😂 pola pikir boomer yg jabat emang TOLOL ga ada obat, gelar doang banyak.","2040932392479887369","","kukuhya","in","","0","0","0","https://x.com/mini_niwdir/status/2040932392479887369","1885242523721097216","mini_niwdir"
"2040932381247652056","2026-04-05T23:19:33.000Z","0","igrs malu2in banget wei 😭","2040932381247652056","","","in","","0","0","0","https://x.com/feliscxtus/status/2040932381247652056","1053847817033138177","feliscxtus"
"2040932324301480154","2026-04-05T23:19:19.000Z","4","KALAU IGRS JUDOL 
--   Semua Umur   --
. https://t.co/sV6sJPfY1q","2040932324301480154","https://pbs.twimg.com/media/HFLZIJraoAAvMY6.jpg","","in","","0","0","1","https://x.com/Duren___/status/2040932324301480154","1501606510979256323","Duren___"
"2040932228344295700","2026-04-05T23:18:56.000Z","0","buat yang ngikutin IGRS &amp; rating gim di Steam ada link referensi supaya infonya lebih lengkap https://t.co/AJsvX6cioJ","2040932228344295700","","","in","","0","0","0","https://x.com/erwinhbr9us/status/2040932228344295700","1911257338373414912","erwinhbr9us"
"2040819277759217682","2026-04-05T23:18:44.000Z","0","@AkbarFahroby igrs ketar ketir","2040932179333820599","","AkbarFahroby","in","","0","0","0","https://x.com/SetiawanGab/status/2040932179333820599","1750871739209592832","SetiawanGab"
"2040932122127659333","2026-04-05T23:18:31.000Z","1","apakah IGRS ini salah satu trik busuk mereka buat ngaburin kasus Andrie Yunus?","2040932122127659333","","","in","","0","0","0","https://x.com/azraelcode/status/2040932122127659333","1045525998987489280","azraelcode"
"2040931964161818862","2026-04-05T23:17:53.000Z","0","igrs nguaworr","2040931964161818862","","","in","","0","0","0","https://x.com/ivanprsty/status/2040931964161818862","1082198419","ivanprsty"
"2040931941483250012","2026-04-05T23:17:48.000Z","0","Judol ga lu urus ya anjing komdigi sial. Kebocoran data ga lu urus ya. Lu malah ngurusin game orang. IGRS tolol emang. Sistem lu yang carut marut lu nyalahin orang. Bego emang bego.","2040931941483250012","","","in","","0","0","0","https://x.com/cherrya72836061/status/2040931941483250012","553209938","cherrya72836061"
"2040637611753320857","2026-04-05T23:17:42.000Z","0","@emyr_za1 IGRS, I nya Irak","2040931917693157710","","emyr_za1","in","","0","0","0","https://x.com/hhiimmeell/status/2040931917693157710","1602723583","hhiimmeell"
"2040931893043179681","2026-04-05T23:17:36.000Z","0","Indo gov thinks that this problem only reaches nationwide, but look at this mf'ers. Your problem just went worldwide. All the social media talks about you and all you do is shut your mouth.

F igrs
Take your head honcho back to Iraq.","2040931893043179681","","","en","","0","0","0","https://x.com/zerothenforcer/status/2040931893043179681","1060493001200304129","zerothenforcer"
"2040823276428300710","2026-04-05T23:17:15.000Z","0","@kukuhya Buzzer igrs gila, mereka lg punya potensi cuan dr mana ya sampe brani bayar buzzer segininya?

Mau malak developer","2040931806057566693","","kukuhya","in","","0","0","0","https://x.com/p0litrick/status/2040931806057566693","606000080","p0litrick"
"2040677173032591862","2026-04-05T23:17:11.000Z","0","@TanahUmbiJalar @mhuseinali kalopun Steam ada acuan sendiri saat merating, errornya udah dari dulu bukan saat IGRS ini baru ada. ga make sense diotak gue sekelas steam baru error hari ini","2040931788093333771","","TanahUmbiJalar","in","","0","1","0","https://x.com/Naelep261/status/2040931788093333771","1287350321631514625","Naelep261"
"2040931468332142935","2026-04-05T23:15:55.000Z","2","Gue suka main gim 18+ (menurut rating IGRS) (Story of Seasons: Friends of Mineral Town)","2040931468332142935","","","en","","0","0","0","https://x.com/trancenote/status/2040931468332142935","1045010796726509568","trancenote"
"2040900070741291406","2026-04-05T23:15:50.000Z","394","@wordfangs @Steam Turunin lawyer Valve buat class action lawsuit defamation ke IGRS biar bubar sekalian wkwk","2040931445863280983","","wordfangs","in","","0","1","15","https://x.com/Excyde_/status/2040931445863280983","1428145974392721411","Excyde_"
"2040931352959463789","2026-04-05T23:15:27.000Z","0","Bayangin udah invest puluhan tahun ngikutin story one Piece, eh dilarang pemerintah karena satanis wkwkwk. Sekarang igrs next bisa jadi manga : one Piece, demon slayer dll","2040931352959463789","","","in","","0","0","0","https://x.com/AudhikaH68309/status/2040931352959463789","1971838365546041346","AudhikaH68309"
"2040931195710734602","2026-04-05T23:14:50.000Z","1","Last 6 hours of any IGRS related stuff been filled with many buzzer, to the point i cannot believe it like bruh. Our governor use our money for things like this? we're beyond cooked y'all

https://t.co/vI6UPdYBgg https://t.co/hhmDUN3CTC","2040931195710734602","https://pbs.twimg.com/tweet_video_thumb/HFLYGvtaEAAsz-T.jpg","","en","","0","0","0","https://x.com/H4ydon/status/2040931195710734602","1420063018939936771","H4ydon"
"2040930697674940756","2026-04-05T23:12:51.000Z","0","-IGRS ngawur bet,masa game lokal di kasih 18+??
-game bokep dapet 3+?? Ngawuur bet

Kalo pengen jadi lembaga tuh yeng bener masa game bokep dapet 3+ sedangkan game bertani,game santai dan slice of life masa dapat 18+

KOMDIGI(KOMedi DIGItal) https://t.co/0dkfq4hiYC","2040930697674940756","https://pbs.twimg.com/media/HFLXpqfacAASSuw.jpg","","in","","0","0","0","https://x.com/Vanour394663/status/2040930697674940756","1990007492764651520","Vanour394663"
"2040661959251825069","2026-04-05T23:11:51.000Z","0","Yep, that's a fucking hentai game with explicit sexual content, of course the IGRS giving it 3+ ratings, wow... Gotta start the sex-ed from a very young age huh??? 😑😑😑","2040930445869940981","","galtzarr","en","","0","0","0","https://x.com/galtzarr/status/2040930445869940981","61446677","galtzarr"
"2040930435023437899","2026-04-05T23:11:49.000Z","2","Puluhan tahun make steam, baru kali ini dituduh palsu. Ayolah men, kalo bego jangan nanggung. Player lebih percaya rating steam dibanding igrs kali 🤣

Hebat lah orang tolol kek gini jadi stafsus kementerian","2040930435023437899","","","in","","0","2","0","https://x.com/HaYoYo86/status/2040930435023437899","1116738427485999104","HaYoYo86"
"2040757110951322044","2026-04-05T23:11:26.000Z","68","@kurawa Malah nyalahin steam. Sebelum lu pada bikin recok. Steam sudah punya rating dan tags mereka sendiri. Lagian IGRS buat apa sih? Kalo bukan buat alat meras?

Rating international kan sudah ada pake itu juga gak masalah. Eh sok asik tapi ngaco.

Dah balik sana gooning game nukitashi https://t.co/KZy0oGxBjN","2040930341108724059","https://pbs.twimg.com/media/HFLXU9Ea0AAJXAC.jpg","kurawa","in","","0","1","20","https://x.com/Official_Yanuar/status/2040930341108724059","154439076","Official_Yanuar"
"2040930274931064858","2026-04-05T23:11:10.000Z","0","Poin nomor 2 dan 3 🤣🤣🤣 kalau selama tahunan ini steam ga bermasalah dan tbtb bermasalah sejak ada IGRS, berarti kesimpulannya?","2040930274931064858","","","in","","0","0","0","https://x.com/natsuhikoaki/status/2040930274931064858","1305420606461022210","natsuhikoaki"
"2040661959251825069","2026-04-05T23:10:45.000Z","0","Meanwhile.... 

The game                          The IGRS https://t.co/Hn4rxEPhLX","2040930166898319684","https://pbs.twimg.com/media/HFLXK8pbsAAR3Jj.jpg","galtzarr","en","","0","1","0","https://x.com/galtzarr/status/2040930166898319684","61446677","galtzarr"
"2040685239228653915","2026-04-05T23:10:31.000Z","0","@iPoopBased Bpk saya dulu kerja di Kominfo cerita, cara mrk blokir (bokep dsb) itu hanya dgn masukin keyword-keyword random ke database yg ""dikira-kira"" berkaitan, lalu sistem akan generate blokirnya berdasarkan keyword tsb.

Jadi asumsi saya, IGRS ini metodenya juga mungkin gak jauh beda.","2040930111525118221","","iPoopBased","in","","0","0","0","https://x.com/yayyahyn/status/2040930111525118221","39969141","yayyahyn"
"2040564206303576078","2026-04-05T23:09:45.000Z","0","@Gastra80099514 @kerissakti Masa kita s4nge sama mobil, kan aneh, sakit emang IGRS","2040929914996879583","","Gastra80099514","in","","0","0","0","https://x.com/ValentinoJ15345/status/2040929914996879583","1722652600259272705","ValentinoJ15345"
"2040929840363438503","2026-04-05T23:09:27.000Z","2","Argumen para buzzer IGRS ""Melindungi pemain"" ini bullshit. Karna Steam sendiri age rating nya udah sangat akurat menurut gue. 

By default game game yang 18+ gak akan muncul kecual pengguna nya gak secara sadar lepasin filter.","2040929840363438503","","","in","","0","1","0","https://x.com/Howie3D/status/2040929840363438503","1849799907730960384","Howie3D"
"2040929749451894936","2026-04-05T23:09:05.000Z","0","sekarang pemerintah punya IGRS ya? ini tu yang kena rating “not fit to distribution” kaga bakal bisa di mainin lagi gtu? kalau udh ada di library? atau udah gabisa di beli gitu? 

tapi kok yaa ada yang janggaal ratinganya, kengawurannya berulah lagi🤣","2040929749451894936","","","in","","0","0","0","https://x.com/maulanazhrn/status/2040929749451894936","1994540494861541376","maulanazhrn"
"2040929731324129593","2026-04-05T23:09:01.000Z","0","IGRS Bermasalah

solusi  komdigi:
 perbaiki IGRS lebih manusiawi gak asal ban game❌

sewa buzzer ✔️","2040929731324129593","","","in","","0","0","0","https://x.com/rendrafrizal/status/2040929731324129593","1625480431415201794","rendrafrizal"
"2040900070741291406","2026-04-05T23:08:38.000Z","0","@wordfangs @Steam Udah dibilangin jangan bikin marah Gamers, bebal sih. Mending IGRS muhasabah dan klarifikasi deh jangan malah ngerahin buzzer.","2040929637816258616","","wordfangs","in","","0","1","0","https://x.com/ariesu__/status/2040929637816258616","74383213","ariesu__"
"2040929626470678829","2026-04-05T23:08:36.000Z","4","Aiptu Dillia Rika Sari, Bhabinkamtibmas Desa Mertoyudan Polresta Magelang, menghadirkan inovasi Bank Sampah “Inova”. Warga diajak memilah sampah dari rumah, ditabung, lalu diolah kembali menjadi produk bernilai ekonomi.
@DivHumas_Polri

IGRS Lee Jeno Pagiii Bu Susi Golda https://t.co/ITTYBlOssI","2040929626470678829","https://pbs.twimg.com/ext_tw_video_thumb/2040929577678340096/pu/img/wMY3-B3M2xIzBYSE.jpg","","in","","0","1","2","https://x.com/IntanAyuArimbi/status/2040929626470678829","69834086","IntanAyuArimbi"
"2040929537035530653","2026-04-05T23:08:14.000Z","0","APA ITU KARAT? UDAH GAK KHAWATIR LAGI 🩷 

semenjak di rumah pake ini 👇 
https://t.co/N3PpF16Y03

KARAT AUTO LUNTUR DALAM HITUNGAN DETIK 🚗✨
tinggal semprot, karat rontok tanpa digosok 💥🔥

Selamat Paskah IGRS voucher bonus parfum dan skincare murah Happy Easter Senin Steam https://t.co/hLs4N1Cu9B","2040929537035530653","https://pbs.twimg.com/amplify_video_thumb/2040929473487638528/img/mnVkrBhhgmF2q_1Y.jpg","","in","","0","0","0","https://x.com/diamdiamcapek/status/2040929537035530653","2022535508195450880","diamdiamcapek"
"2040685239228653915","2026-04-05T23:07:26.000Z","0","@iPoopBased Gila cuma IGRS instansi ga penting sampe rela bayar buzzer sebanyak ini, IGRS emang potensi cuannya dr mana","2040929335142719862","","iPoopBased","in","","0","0","0","https://x.com/p0litrick/status/2040929335142719862","606000080","p0litrick"
"2040929293552025902","2026-04-05T23:07:16.000Z","0","Peak playing victim buzzer. Yg ngaco IGRS yg salah ttp steam🤣🤣🤣","2040929293552025902","","","in","","0","0","0","https://x.com/Orang_Tuwa/status/2040929293552025902","1331533726866579459","Orang_Tuwa"
"2040928263464435891","2026-04-05T23:03:11.000Z","0","FAK IGRS KNP THE SIMS KENA ANJ APASIH https://t.co/cTlUri6B79","2040928263464435891","https://pbs.twimg.com/media/HFLVb9fbkAA-ghu.jpg","","in","","0","0","0","https://x.com/martedws/status/2040928263464435891","1241588539881443328","martedws"
"2040894355767185667","2026-04-05T23:03:00.000Z","69","@wordfangs Kawal terus sampe IGRS di drop(which is kinda impossible since it's their new way of making money) atau rating RC dihapus(ini yang paling penting, jangan seneng dulu sebelum RC dihapus)","2040928218321166451","","wordfangs","in","","0","1","3","https://x.com/BurningCoffee0/status/2040928218321166451","1442367430253166599","BurningCoffee0"
"2040582579938885853","2026-04-05T23:02:37.000Z","0","@R35_AH47 Sebenarnya dibilang redudan juga enggak, karena ada beberapa perbedaan moral disini sama di CERO, klau dari perencanaannya sih publisher bisa memanfaatkan IARC untuk skali dirating akan didistribusikan otomatis ke semua lembaga rating termasuk IGRS, tinggal implementasi nya gmna","2040928123693433065","","R35_AH47","in","","0","0","0","https://x.com/syizuril/status/2040928123693433065","524223512","syizuril"
"2040757110951322044","2026-04-05T23:01:51.000Z","8","@kurawa IGRS yg ngaco dan amburadul beserta komdigi yg inkompeten dan dongo lah yg seharusnya dievaluasi dan diperbaiki bukannya sewa buzzer macam anda yg kolot dan bodoh yg malah menyebarkan hoax dan menyalahkan steam 🤦🤦🤦🤦🤦","2040927927077138836","","kurawa","in","","0","0","0","https://x.com/scr3t1y/status/2040927927077138836","1168878743214903301","scr3t1y"
"2040927759313285500","2026-04-05T23:01:11.000Z","0","Guys kalian kalo mau debat soal IGRS ke mana‑mana, sebaiknya baca dulu siaran pers resminya di sini : https://t.co/GpPA5N09Ev","2040927759313285500","","","in","","0","0","0","https://x.com/ilikeAK_47/status/2040927759313285500","1733448474425966592","ilikeAK_47"
"2040927655911129443","2026-04-05T23:00:46.000Z","2","IDIH GOBLOG RATING SAMPAH disingkat IGRS 
adalah pembuangan anggaran yang sampahnya Dibawah Embege.

Padahal kita tinggal ngikutin standar ESRB tapi sok sok an bikin rating sendiri, KITA NEGERA YANG GA SETARA INDIA, CINA DLL TAPI sok sok an buat system seperti negara maju.","2040927655911129443","","","in","","0","1","0","https://x.com/NavriW/status/2040927655911129443","1525040613716279297","NavriW"
"2040927513896194459","2026-04-05T23:00:12.000Z","0","rating palsu apaan? lebih percaya rating steam lah dari pada igrs, lagian juga bisa-bisanya mau blokir game dengan cara ngasih rating ngasal, aneh","2040927513896194459","","","in","","0","0","0","https://x.com/naufalfauzan/status/2040927513896194459","368750452","naufalfauzan"
"2040462739253203380","2026-04-05T22:59:32.000Z","0","@ChouSenka Ngeliat tingkah polah pemrenta bikin w ga berhenti ketawa

IGRS, seriously?

Mestinya mereka ngaca dulu kali yak, berlagak ngatur moral bangsa, tapi sebagian diantara mereka malah ga punya moral","2040927344635081094","","ChouSenka","in","","0","0","0","https://x.com/TAdiwiguno/status/2040927344635081094","1207271161601515521","TAdiwiguno"
"2040926879096639515","2026-04-05T22:57:41.000Z","13","mau cuci tangan tapi ga briefing ya goblok gini argumennya buzzer wkwkwkwk

padahal yang melakukan rating palsu IGRS dan pengikutnya

lu main tetris ya?","2040926879096639515","","","in","","0","1","0","https://x.com/pikachuasbun/status/2040926879096639515","78931279","pikachuasbun"
"2040757110951322044","2026-04-05T22:55:24.000Z","0","@kurawa Steam ngambil dari ESRB, yg mana member dari International Age Rating Coalition, anda menuduh lembaga ini memalsukan ratingnya begitu pak? Indonesia juga masuk ke IARC loh pak, jadi maksudnya bapak gak percaya sama lembaga tersebut &amp; yakin rating IGRS lebih benar?","2040926306091827484","","kurawa","in","","0","0","0","https://x.com/knightmuro/status/2040926306091827484","1923013963601874944","knightmuro"
"2040593488350515441","2026-04-05T22:55:06.000Z","0","@kemkomdigi Ngapain sih ikut""an bikin game rating segala, fomo sama negara luar yg udh sukses?? Udah bubarin aja igrs, game porno (mentang-mentang pake hijab) dpt rating 3+

Terus kesalahan input disalahkan ke steam? Playing victim banget sih, harusnya kalian yang sadar, dongo","2040926231265443878","","kemkomdigi","in","","0","0","0","https://x.com/zerothenforcer/status/2040926231265443878","1060493001200304129","zerothenforcer"
"2040757110951322044","2026-04-05T22:53:31.000Z","0","@kurawa Dari dulu steam udah punya label klasifikasi rating game juga. Kenapa perlu ada IGRS kalau begitu?","2040925833091784823","","kurawa","in","","0","0","0","https://x.com/TouriHaganashi/status/2040925833091784823","2615684046","TouriHaganashi"
"2040925703886295369","2026-04-05T22:53:01.000Z","0","Kuota marah marah hari ini sudah diisi sepenuhnya oleh IGRS. Maaf ya telat soalnya dua hari ga buka twitter.","2040925703886295369","","","in","","0","0","0","https://x.com/pixelutep/status/2040925703886295369","1690066109595348992","pixelutep"
"2040411937016816087","2026-04-05T22:52:56.000Z","0","@kerissakti @Steam @Steam_Support please remove the IGRS because its suck","2040925685611708854","","kerissakti","en","","0","0","0","https://x.com/Whl_27/status/2040925685611708854","1412917997245591554","Whl_27"
"2040925017886888289","2026-04-05T22:50:17.000Z","1","Yang tolol IGRS yang disalahin steam, logikanya udah kebalik ini komdongo","2040925017886888289","","","in","","0","0","0","https://x.com/FKRSM_/status/2040925017886888289","844486463844564992","FKRSM_"
"2040924608363364703","2026-04-05T22:48:39.000Z","0","IGRS jumpboat","2040924608363364703","","","en","","0","0","0","https://x.com/Qilogram2420/status/2040924608363364703","1751137428365312000","Qilogram2420"
"2040684902866411853","2026-04-05T22:46:36.000Z","0","@RRDelusi Malah playing victim IGRS TOLOLLL KOMDIGI GOBLOOKKKKK","2040924091293798588","","RRDelusi","in","","0","0","0","https://x.com/MyoKurt/status/2040924091293798588","1399047574485536771","MyoKurt"
"2040757110951322044","2026-04-05T22:46:34.000Z","0","@kurawa igrs dibayar epic berapa sih buat ngejegal steam di indon? si tolol emang bujer","2040924084616434065","","kurawa","in","","0","0","0","https://x.com/JackieNoboru/status/2040924084616434065","63064579","JackieNoboru"
"2040728695057641643","2026-04-05T22:46:00.000Z","0","@mridho_17 dulu pernah mirip2, kominpo blokir steam google paypal dll, gak lama dia divonis terbukti korupsi.

mana ngerti kejadian serupa terulang lagi sekarang gara2 IGRS.","2040923938650575221","","mridho_17","in","","0","0","0","https://x.com/stamped_e/status/2040923938650575221","1427404407763705858","stamped_e"
"2040923329914396930","2026-04-05T22:43:35.000Z","0","kok iso isone igrs ono buzzer ne cok","2040923329914396930","","","en","","0","0","0","https://x.com/rayzk46/status/2040923329914396930","991349410679291904","rayzk46"
"2040757110951322044","2026-04-05T22:42:51.000Z","0","@kurawa so, gimana proses pemberian rating dari IGRS? coba dibuka secara transparan apa indikator dari rating ini?","2040923146417786909","","kurawa","in","","0","0","0","https://x.com/riverbenderr/status/2040923146417786909","4176943876","riverbenderr"
"2040910270642692589","2026-04-05T22:41:27.000Z","2","@kerissakti @mediokere Bang aku rasa menduga kalo verifikasi game di igrs ternyata masih menggunakan AI dan ini apakah ini berdampak dengan game kita juga yah?

Jujur kalo lihat komenan mereka minta klarifikasi dai @kemkomdigi bukannya minta maaf malah nyalahin steam kalo gak gitu nyewa buzzer gimana?","2040922793844617291","","kerissakti","in","","0","0","0","https://x.com/NomerSi_ali/status/2040922793844617291","1534478024027959296","NomerSi_ali"
"2040922534414295491","2026-04-05T22:40:25.000Z","0","Siaran pers resmi mengenai sistem rating game dan IGRS di Steam. Silakan cek informasinya terlebih dahulu sebelum berpendapat lebih lanjut https://t.co/avHZxWMiga","2040922534414295491","","","in","","0","2","0","https://x.com/yolaisabella/status/2040922534414295491","2010156786146521091","yolaisabella"
"2040757110951322044","2026-04-05T22:40:08.000Z","153","@kurawa 1. IGRS gak penting
2. Rating dari IGRS
3. Ngelanggar hukum apaan? Peduli setan Valve dengan Indonesia
4. IGRS mending dibuang aja

mending lu diem aja tua bangka, nyebokin pemerintah mulu, jadi stafsus komdigi 0 knowledge about this shit","2040922462003839001","","kurawa","in","","0","0","15","https://x.com/enilesram/status/2040922462003839001","2823390338","enilesram"
"2040922192645628084","2026-04-05T22:39:03.000Z","0","app segede steam punya kredibilitas yg tinggi, bukan kyk igrs. sembarangan bgt nih orang.","2040922192645628084","","","in","","0","0","0","https://x.com/geicilikechips/status/2040922192645628084","2028295823231229952","geicilikechips"
"2040922107765567490","2026-04-05T22:38:43.000Z","0","Referensi resmi soal penerapan IGRS di Steam. Bisa dibaca dulu supaya pandangannya makin jelas dan lengkap https://t.co/bdUys0hJMi","2040922107765567490","","","in","","0","0","0","https://x.com/AndiniPutr79305/status/2040922107765567490","2019936823842414592","AndiniPutr79305"
"2040921986978009169","2026-04-05T22:38:14.000Z","1","Sistem rating yg ada di steam ini bukan cuma IGRS doang ya! Juga ada sistem lain kyk PEGI atau ESRB tapi ga ada yg salah rating!

Udah akui aja klo yg salah itu emang IGRS https://t.co/fpn441mbhQ","2040921986978009169","https://pbs.twimg.com/media/HFLPuwna8AAnn5C.jpg","","in","","0","0","0","https://x.com/ShoNakanoVtuber/status/2040921986978009169","1307704762050068481","ShoNakanoVtuber"
"2040921604377735670","2026-04-05T22:36:43.000Z","0","NGAPAIN JUGA MEREKA BIKIN RATING PALSU KOCAK???????????? selama ini loh baik baik aja, lebih sesuai ratingnya sblm iGrS iGrs itu out of nowhere ngespawn, ANEEEEEH 😐😐😐","2040921604377735670","","","in","","0","0","0","https://x.com/dazaaruu_/status/2040921604377735670","1277567538885353473","dazaaruu_"
"2040921002411217379","2026-04-05T22:34:20.000Z","0","Agar pembahasan soal IGRS &amp; rating gim di Steam tetap berdasarkan informasi yang jelas, berikut siaran pers resminya. Bisa dibaca dulu sebagai referensi: https://t.co/paK6ZEowsP","2040921002411217379","","","in","","0","0","0","https://x.com/sunshin53314704/status/2040921002411217379","1321816076515119106","sunshin53314704"
"2040913486390378740","2026-04-05T22:33:52.000Z","5","@rahmatnf @RifkiSuryo Mereka pernah tau game gamenya apa engga. 

Ini gw yakin org Steam juga ketawa pas deploy IGRS","2040920885352415707","","rahmatnf","in","","0","3","0","https://x.com/hrdbacot/status/2040920885352415707","501800437","hrdbacot"
"2040920805895491812","2026-04-05T22:33:33.000Z","0","Jangan sampai salah informasi ini link resmisoal IGRS &amp; rating gim di Steam, https://t.co/Tmr6tL02hh","2040920805895491812","","","in","","0","0","0","https://x.com/etisulastr17672/status/2040920805895491812","1890397706763591680","etisulastr17672"
"2040462739253203380","2026-04-05T22:31:55.000Z","0","@ChouSenka IGRS kan produk titipan CCP","2040920396879589796","","ChouSenka","in","","0","0","0","https://x.com/foppy_7/status/2040920396879589796","1738821942428553216","foppy_7"
"2040920371709526261","2026-04-05T22:31:49.000Z","0","Terlihat lagi ramai bahas game ""steam"" mengenai IGRS. Sempat cek webstenya, dan agak aneh game kayak beres-beres, seperti a little to the left dan unpacking kok malah diberi 3+? Beneran, kah, itu? Masa rating usianya itu untuk 3+? Ngaco banget.","2040920371709526261","","","in","","0","0","0","https://x.com/adi_wahyu35/status/2040920371709526261","748496282382045185","adi_wahyu35"
"2040491792295186826","2026-04-05T22:30:26.000Z","3","@DimasRamdhan_ @badakmeledak_ Logika aja, ESRB netapin rating GTA VI itu for Mature, apakah ESRB minta Rockstar buat bikin censored version? Nggak.

Lah si goblo IGRS nentuin rating biar bisa minta censorship? Jadi tujuannya apa si IGRS ini hadir? Sumpah di luar nurul gak habis fikri.","2040920024194617619","","DimasRamdhan_","in","","0","2","0","https://x.com/freshsqueezeorg/status/2040920024194617619","232746593","freshsqueezeorg"
"2040919979697258825","2026-04-05T22:30:16.000Z","0","Tita ini kayaknya vendornya IGRS😭","2040919979697258825","","","in","","0","0","0","https://x.com/septimberrr/status/2040919979697258825","822654025","septimberrr"
"2040919855814053937","2026-04-05T22:29:46.000Z","0","IGRS malu²in ya... Sementara IRGC udah bisa nembak F-35 sama F-15nya Amerika, eeeeh IGRS malah jadinya GBLG gini...","2040919855814053937","","","in","","0","0","0","https://x.com/girumon16/status/2040919855814053937","186397253","girumon16"
"2040770347692081624","2026-04-05T22:29:32.000Z","1","@alsjournall Iya, kemarin aku juga mikir gini karena kelihatannya IGRS ga punya sistem rating buat game yg harusnya ga ada rating semacam Rating Pending di sistem lain.

Jadi game yg belum isi bisa dapet 3+ biarpun isinya bermasalah","2040919794199974348","","alsjournall","in","","0","0","0","https://x.com/ShoNakanoVtuber/status/2040919794199974348","1307704762050068481","ShoNakanoVtuber"
"2040919140811383279","2026-04-05T22:26:56.000Z","0","Indonesian gov in a nutshell with the IGRS situation https://t.co/ZUyAOBnsnc","2040919140811383279","https://pbs.twimg.com/tweet_video_thumb/HFLNIeWaAAAN78_.jpg","","en","","0","0","0","https://x.com/absoluthardbass/status/2040919140811383279","116146196","absoluthardbass"
"2040918866591957084","2026-04-05T22:25:50.000Z","1","Hanya fans CAPCOM sejati yang tau jawabannya.
#Gaming #retrogaming #IGRS #Steam https://t.co/fqXA7Kl9na","2040918866591957084","https://pbs.twimg.com/amplify_video_thumb/2040918296497950720/img/yvVRzVajFU1RRFH5.jpg","","in","","0","1","0","https://x.com/emulapor/status/2040918866591957084","1329322853775228929","emulapor"
"2040918773444890964","2026-04-05T22:25:28.000Z","0","‘Informasi ini betul resmi masalah IGRS &amp; rating gim di Steam, bisa jadi referensi biar info yang beredar lebih lengkap dan valid serta akurat kebenarannya  maka silahkan dicek di [link]’https://t.co/lpaabY1u8P","2040918773444890964","","","in","","0","0","0","https://x.com/Bambang65635601/status/2040918773444890964","1642534328155635713","Bambang65635601"
"2040748319144886364","2026-04-05T22:24:40.000Z","0","@anon54980 @ChouSenka @serknoire Say if we band together to tell steam that IGRS is bullshit and show stuff like the buzzers will they consider something about it?","2040918571740729808","","anon54980","en","","0","0","0","https://x.com/thefallenpea/status/2040918571740729808","1318067276529106944","thefallenpea"
"2040918356145078558","2026-04-05T22:24:04.000Z","1","Jadi, antara pihak game ga jujur atau rating IGRS belum mengakomodasi kerumitan rating ini. Jadi jangan langsung nyalahin Steam kali.","2040918420473155946","","AHROOMEE","in","","0","0","0","https://x.com/AHROOMEE/status/2040918420473155946","26507363","AHROOMEE"
"2040918356145078558","2026-04-05T22:23:49.000Z","1","poin statement ini kalo dari logika gue kayak sistem cocoklogi—pihak game submit disclaimers secara mandiri di Steam, Steam implemented the IGRS rollout, rating IGRS secara otomatis dikenakan berdasarkan disclaimer apa masuknya ke rating apa. https://t.co/1wPEEX5Ry8","2040918356145078558","https://pbs.twimg.com/media/HFLMbSxbsAAl9TH.jpg","","in","","0","1","0","https://x.com/AHROOMEE/status/2040918356145078558","26507363","AHROOMEE"
"2040918204969787557","2026-04-05T22:23:13.000Z","0","Buzzer IGRS mana suaranya 😂😂😂","2040918204969787557","","","in","","0","0","0","https://x.com/fragmentedraven/status/2040918204969787557","1781600764030529537","fragmentedraven"
"2040757110951322044","2026-04-05T22:22:48.000Z","1","@kurawa Pernyataan yang bodoh sekali, cuma di indonesia steam dituduh buat rating palsu, di negara lain gak ada yg ngomong gtu. Coba kasi tau dong game apa yang melanggar aturan hukum indonesia? Justru rating bodoh IGRS yang aneh, masa f1 25 rate umurnya 15+, motogp 25 rate umurnya 18+","2040918101366333917","","kurawa","in","","0","0","0","https://x.com/itsfbpr89/status/2040918101366333917","428075416","itsfbpr89"
"2040637611753320857","2026-04-05T22:22:39.000Z","6","@emyr_za1 IGRS kebijakan yg nggak salah tp penilaian terhadap gamenya harus ditinjau ulang","2040918062908752028","","emyr_za1","in","","0","2","0","https://x.com/SevensRoad77/status/2040918062908752028","1510492834281181188","SevensRoad77"
"2040917813586706669","2026-04-05T22:21:39.000Z","0","Kalo mau transparan ya dari 2 sisi.  Dalam hal ini, share &amp; sosialisasikan dong tentang detail penilaian klasifikasi game menurut IGRS secara rinci, supaya developer juga bisa menyesuaikan game mereka buat user indo. Jangan rakyat terus yang ""ditelanjangi"". https://t.co/SId0HgIvVq","2040917813586706669","https://pbs.twimg.com/media/HFLL74ybsAAaGpI.jpg","","in","","0","1","0","https://x.com/Trixtar__/status/2040917813586706669","1724274635758538754","Trixtar__"
"2040645711650509022","2026-04-05T22:21:33.000Z","0","@rayrestufauzi Rating IGRS yang muncul di Steam sekarang banyak yang masih tahap awal(self-declare dari developer) jadi belum final,masih bisa berubah setelah proses verifikasi lebih lanjut.Tujuannya buat melindungi pemain muda dan menata ekosistem game di Indonesia supaya lebih jelas dan sehat","2040917787506561414","","rayrestufauzi","in","","0","2","0","https://x.com/NganjukSun23590/status/2040917787506561414","1949393136725442560","NganjukSun23590"
"2040917770452476031","2026-04-05T22:21:29.000Z","0","Ya Allah, IGRS ada buzzernya","2040917770452476031","","","in","","0","0","0","https://x.com/Raaaxer/status/2040917770452476031","1250412350777069570","Raaaxer"
"2040839260694364442","2026-04-05T22:20:38.000Z","1","@awaasaurus @kemkomdigi Ini aku nangkapnya steam ngasih library codingan untuk pihak IGRS dan mereka copy paste ngasal sih. Pihak IGRS mau terima beres sedangkan steam kasih directory seadanya

Ah bingung, ngga ngerti","2040917558145286311","","awaasaurus","in","","0","0","0","https://x.com/DPanglewai15679/status/2040917558145286311","1691702867428880384","DPanglewai15679"
"2040917346865520978","2026-04-05T22:19:48.000Z","0","Buat kalian Sebelum debat soal IGRS ke mana‑mana, mungkin oke baca dulu siaran pers resminya di sini ya guys https://t.co/yhg91A43dY","2040917346865520978","","","in","","0","0","0","https://x.com/kerjosurvey/status/2040917346865520978","1778567152892850177","kerjosurvey"
"2040916527277641977","2026-04-05T22:16:33.000Z","2","👨🏻 : izinnn mb mut terkait heboh IGRS saya udah Ngetweet y 🙏🏻
👩🏻 : okk mas ruddd otsukareesama desu","2040916527277641977","","","in","","0","0","1","https://x.com/BusterBorrr/status/2040916527277641977","115369956","BusterBorrr"
"2040915601267531776","2026-04-05T22:12:52.000Z","0","Ini yang ditunggu tunggu beritanya, rilis resmi soal IGRS &amp; rating gim di Steam, 👇👇👇
https://t.co/mZ77I23ZQv","2040915601267531776","","","in","","0","0","0","https://x.com/triedhi888/status/2040915601267531776","3197788399","triedhi888"
"2040605432008593453","2026-04-05T22:12:01.000Z","0","@rich8606 @SPGMedia101 Mind you I am Indonesian too and THIS IS A PROBLEM FOR US. The IGRS rating team admit that the system isn’t yet ready but they’re forcing steam to show IGRS rating for us Indonesian. They’re keep mistakingly rate a game and not just one-two but A LOT OF GAMES.","2040915387710406769","","rich8606","en","","0","1","0","https://x.com/MasJawaNinja/status/2040915387710406769","1012551947314819072","MasJawaNinja"
"2040914890861519110","2026-04-05T22:10:03.000Z","4","also like dont they know gamers dont sleep and are basically chronically online, igrs will be hunted forever 🕺","2040914890861519110","","","en","","0","0","0","https://x.com/AHROOMEE/status/2040914890861519110","26507363","AHROOMEE"
"2040869891876790651","2026-04-05T22:07:44.000Z","189","@ezash ""Justru itu rating IGRS perlu dibikin makin jelas dan rapi"" ya kalau tau belum jelas dan belum rapi jangan main kasih rating. Artinya IGRS gak ngerti game isinya apa tapi main kasih rate. Negara Republik Buzzer.","2040914311116435653","","ezash","in","","0","0","2","https://x.com/yousuffer_why/status/2040914311116435653","1863738210440073216","yousuffer_why"
"2040684902866411853","2026-04-05T22:06:30.000Z","0","@RRDelusi Nyoba cek website nya, lakok buri gini logo IGRS-nya wkaowk. Sepele bgt lo ini https://t.co/Xuaz5BbRL1","2040913997638357440","https://pbs.twimg.com/media/HFLIdpRaEAAmeI4.jpg","RRDelusi","in","","0","0","0","https://x.com/_________judd/status/2040913997638357440","288807415","_________judd"
"2040913994664546715","2026-04-05T22:06:29.000Z","1","IGRS G nya Gooner","2040913994664546715","","","in","","0","0","0","https://x.com/Qilogram2420/status/2040913994664546715","1751137428365312000","Qilogram2420"
"2040913403796169210","2026-04-05T22:04:08.000Z","0","ini buzzer malah nyalahin steam

sementara game2 bokep di rating igrs jadi 3+

anjing udah ini negara gak sehat, malah nyalahin pihak lain padahal kesalahan igrs sendiri","2040913403796169210","","","in","","0","0","0","https://x.com/MuchBsyrry/status/2040913403796169210","1581689802176356355","MuchBsyrry"
"2040913085201023231","2026-04-05T22:02:52.000Z","1","Menurut IGRS, The Sims 4 adalah game yang dilarang dimainkan https://t.co/vfDuNfNiZy","2040913085201023231","https://pbs.twimg.com/media/HFLF45raQAAcwTN.jpg","","in","","0","0","0","https://x.com/AdityaPrasetyo_/status/2040913085201023231","102649128","AdityaPrasetyo_"
"2040757110951322044","2026-04-05T21:59:56.000Z","2","@kurawa IGRS really just accused you @Steam of faking game ratings. Lawyer up and sue them into oblivion for every single dollar they have. They should be pushing for charges and jail time too. You can’t just slander a massive global platform like this and expect zero legal consequences","2040912345443254361","","kurawa","en","","0","0","0","https://x.com/Beckerzine/status/2040912345443254361","313215637","Beckerzine"
"2040912032317469071","2026-04-05T21:58:41.000Z","0","Malu maluin di kancah Internasional tololll beuudddd IGRS","2040912032317469071","","","in","","0","0","0","https://x.com/pajarsidik_/status/2040912032317469071","333245547","pajarsidik_"
"2040911587192762372","2026-04-05T21:56:55.000Z","0","IGRS, i know you are so fucking damn idiot but it's beyond idiot. Trash can be recycle but IGRS just waste, polluted the game with something that can't be cure.

Can you just focus on something that you promised loooooong time ago. DELETE ALL ONLINE GAMBLING.","2040911587192762372","","","en","","0","0","0","https://x.com/HabibiFuad/status/2040911587192762372","1361831815","HabibiFuad"
"2040911360482243019","2026-04-05T21:56:01.000Z","0","Buat yang penasaran soal status rating IGRS di Steam, ini penjelasan resmi dari Kemkomdigi. Lebih baik simak dulu informasinya supaya lebih jelas Kemkomdigi: Rating Gim di Steam Bukan Rating Resmi, Berpotensi Langgar Ketentuan di Indonesia https://t.co/LdbXZOYxwF https://t.co/a5Isa8UjMT","2040911360482243019","https://pbs.twimg.com/media/HFLGD0HaUAA3M7q.jpg","","in","","0","0","0","https://x.com/EvyNurlaili/status/2040911360482243019","778966932594667522","EvyNurlaili"
"2040911235403919858","2026-04-05T21:55:31.000Z","0","Insomnia jam 5 pagi buka x niatnya refreshing eh malah disuguhin IGRS 😭","2040911235403919858","","","in","","0","0","0","https://x.com/Trixtar__/status/2040911235403919858","1724274635758538754","Trixtar__"
"2040911112456253689","2026-04-05T21:55:02.000Z","0","Buat yang mengikuti isu IGRS dan sistem rating di Steam, penjelasan resmi sudah dirilis. Silakan cek dulu sebagai referensi awal: https://t.co/0RPAcEQ8zO","2040911112456253689","","","in","","0","0","0","https://x.com/odeng9222/status/2040911112456253689","1715201476203851776","odeng9222"
"2040910974975365198","2026-04-05T21:54:29.000Z","0","W Gaben🥰
L IGRS🤬","2040910974975365198","","","ht","","0","0","0","https://x.com/Xhareza/status/2040910974975365198","1663331457929216001","Xhareza"
"2040910631831064879","2026-04-05T21:53:07.000Z","0","buzzer2 kntol

lagian igrs tinggal akui kesalahannya kenapa gamau sih? malah sekarang nyudutin steam itu sendiri, 

emg our gov itu isinya orang2 tua bangka yg bisanya nyusahin rakyat sendiri mulu","2040910631831064879","","","in","","0","0","0","https://x.com/MuchBsyrry/status/2040910631831064879","1581689802176356355","MuchBsyrry"
"2040910209686942104","2026-04-05T21:51:26.000Z","0","IGRS kontol","2040910209686942104","","","sl","","0","0","0","https://x.com/forsakencodm1/status/2040910209686942104","1838052466715447296","forsakencodm1"
"2040909997157257424","2026-04-05T21:50:36.000Z","1","3+ IGRS Rating Be Like: https://t.co/sROvrB3Qr0","2040909997157257424","https://pbs.twimg.com/media/HFLEzQWaUAAI663.jpg","","en","","0","0","0","https://x.com/Rafi09210/status/2040909997157257424","1907800778435440640","Rafi09210"
"2040909050171490693","2026-04-05T21:46:50.000Z","0","Negara lain terlatih kendali drone/rudal lewat game2 fps &amp; 3rd person view sejak dini, sedangkan IGRS @kemkomdigi cuma ngasih game masak2an 🗿 
.
Fix masa depan pasukan kita cocok di dapur SPPG 🥹 gnti loreng senada warna telor, oseng wortel, sama silver ompreng MBG 🍱 https://t.co/QDYdzftIKA","2040909050171490693","https://pbs.twimg.com/media/HFLD9NKaQAAXJHI.jpg","","in","","0","0","0","https://x.com/mudha_asmara/status/2040909050171490693","1449568806","mudha_asmara"
"2040908908563476776","2026-04-05T21:46:16.000Z","0","Apalah IGRS ini ganggu banget orang mau main. Biar apeeee?","2040908908563476776","","","in","","0","0","0","https://x.com/sssssidiq/status/2040908908563476776","1974657803437670400","sssssidiq"
"2040757110951322044","2026-04-05T21:44:55.000Z","0","@kurawa Sblm igrs pun adem ayem loh, emang tlol aja. Terus evaluasi evaluasi, uda pernah dibahas di tlm beberapa bulan lalu suruh dikaji lebih dalam, pas uda diaplikasikan hasilnya nol 🫪","2040908566794740222","","kurawa","in","","0","0","0","https://x.com/Syarp29/status/2040908566794740222","2160665804","Syarp29"
"2040907752567160845","2026-04-05T21:41:41.000Z","648","Oh lu ga bisa ya bantu negara cuci tangan dan gaslighting rakyat you ghoul son of a bitch, Pasal 6 dalam aturan IGRS menyebutkan PENERBIT BOLEH SECARA MANDIRI MELAKUKAN ASESMEN DAN ITU YANG DILAKUKAN STEAM.

MAKANYA KOORDINASY BIKIN ATURAN YANG BENER DASAR PENJILAT PEMERINTAH https://t.co/OFzCRkRCxq","2040907752567160845","https://pbs.twimg.com/media/HFLCx8Mb0AA5TBo.jpg","","in","","1","7","278","https://x.com/tilehopper/status/2040907752567160845","1249662133916192768","tilehopper"
"2040907393530503357","2026-04-05T21:40:15.000Z","0","GELO BUZZER IGRS BANYAK BETOL 😂👍","2040907393530503357","","","in","","0","0","0","https://x.com/IzumoSarut7893/status/2040907393530503357","1671055182233481216","IzumoSarut7893"
"2040579524979732744","2026-04-05T21:37:21.000Z","0","@chaaphrodite igrs nii apa sii? kelewatan info, tlg jelaskan dgn bahasa bayi juseyo 🙇","2040906664673792157","","chaaphrodite","in","","0","1","0","https://x.com/cloplerr/status/2040906664673792157","1591491076526743554","cloplerr"
"2040637611753320857","2026-04-05T21:36:55.000Z","16","@emyr_za1 Gamer yang ga dukung IGRS perlu dipertanyakan keyahudiannya🇮🇱","2040906556741747001","","emyr_za1","in","","0","0","0","https://x.com/ryoyabunap/status/2040906556741747001","1959135997368975360","ryoyabunap"
"2040906403485987243","2026-04-05T21:36:19.000Z","0","Informasi resmi terkait sistem IGRS dan rating gim di Steam sudah dirilis. Yuk baca dulu isinya supaya pandangannya jadi lebih jelas https://t.co/073fR083UQ","2040906403485987243","","","in","","0","0","0","https://x.com/arsiamalia/status/2040906403485987243","2026965292442898432","arsiamalia"
"2040869891876790651","2026-04-05T21:35:12.000Z","0","@lancashire1878_ @ezash Kasi balatro ama clover pit aja bro. (Balatro +3 IGRS btw wkwk)","2040906123323248922","","lancashire1878_","in","","0","3","0","https://x.com/farkiw_/status/2040906123323248922","1159993879627624448","farkiw_"
"2040905844490186859","2026-04-05T21:34:06.000Z","0","Buat yang ngikutin rame IGRS &amp; rating gim di Steam, penjelasan resminya ada di sini, boleh jadi bahan baca dulu: https://t.co/YHh9eqmPS2","2040905844490186859","","","in","","0","0","0","https://x.com/MohQym68316/status/2040905844490186859","2027985007986544640","MohQym68316"
"2040905380268831213","2026-04-05T21:32:15.000Z","0","IGRS ISINYA BOOMER SEMUA, KNTL","2040905380268831213","","","in","","0","0","0","https://x.com/IriandiBudyanto/status/2040905380268831213","1311351780723232769","IriandiBudyanto"
"2040904332305150203","2026-04-05T21:28:05.000Z","1","Aku setuju banget sih sama IGRS, 
Game Nekopara Volume 4 :
POPULAR USER-DEFINED TAG : SEXUAL CONTENT, HENTAI, NUDITY.
WAHH JELAS INI untuk 3++ tahun

Geometry Dash 
Difficult, Game editor 
ini 18++ tahun

node : kenapa IGRS masukin geometri dash ke kategori game chat.","2040904332305150203","","","in","","0","0","0","https://x.com/dabluewd/status/2040904332305150203","1139140040259334150","dabluewd"
"2040640511946686843","2026-04-05T21:23:32.000Z","3","@livingcitysim @kukuhya Lanjut aja mas perkembangan simulator di indo marketnya luas tapi produksi/pemain lokalnya masih dikit, selagi ga melanggar syarat dr igrs aman harusnya","2040903188480655509","","livingcitysim","in","","0","1","0","https://x.com/Asep_Shelby/status/2040903188480655509","1495367265440911366","Asep_Shelby"
"2040757110951322044","2026-04-05T21:22:37.000Z","1","@kurawa Steam melakukan rating palsu trus uang pajak kita yg masuk buat IGRS buat apa dong???????????????????
Bubarin aja ga sih alias ga guna????

Punya kompetensi apa di bidang game stafsus komdigi ini?","2040902954480496745","","kurawa","in","","0","0","0","https://x.com/neitee/status/2040902954480496745","55167470","neitee"
"2040902939011948748","2026-04-05T21:22:33.000Z","0","The PC/Steam version of the Blue Archive game cannot be played by players in Indonesia due to IGRS game rating regulations such as the RC (Refused Classification) rating.
https://t.co/3Sm6YK9wqF","2040902939011948748","","","en","","0","0","0","https://x.com/ckfoakas/status/2040902939011948748","1527538063060398080","ckfoakas"
"2040902768106557834","2026-04-05T21:21:52.000Z","2","""Steam telah melakukan rating palsu"".

😂😂😂😂😂

Dari dulu steam ngasih keterangan game dengan jelas, lebih percaya steam lah daripada IGRS ngawur..","2040902768106557834","","","in","","0","0","0","https://x.com/YusrilEka411/status/2040902768106557834","1314936178097885185","YusrilEka411"
"2040901834660045259","2026-04-05T21:19:57.000Z","2","Game Mortal kombat 11 batal dikeluarkan di market Indonesia, karena melanggar aturan lokal di sini.
Tau sendiri fatality di Mortal Kombat seperti apa?
Nah takutnya IGRS juga ke depan akan seperti ini, makin banyak game dicekal buat di edarkan di Indonesia. https://t.co/buBW6c7kW7","2040902284633419905","https://pbs.twimg.com/media/HFK9z0kbAAAFz8A.jpg","tekarok007","in","","0","2","0","https://x.com/tekarok007/status/2040902284633419905","1184695438365974528","tekarok007"
"2040901834660045259","2026-04-05T21:18:10.000Z","10","Yah karena game itu juga kan aslinya bisa jadi alat propaganda seperti film juga.

Seperti game Concord yang ditarik karena terlalu banyak agenda ""Woke"" akhirnya ditolak user.

Nah kasus IGRS ini mengapa ditolak? Karena mereka ingin ratingnya ikut rating luar negri, bukan ikutan https://t.co/iYxr2ORpib","2040901834660045259","https://pbs.twimg.com/media/HFK9ZyFbwAAvVol.jpg","","in","","0","3","2","https://x.com/tekarok007/status/2040901834660045259","1184695438365974528","tekarok007"
"2040761738715713572","2026-04-05T21:17:01.000Z","9","@PlaymenID Tadi komunitas genshin Ama zzz udah mulai tau juga Ama masalah igrs ini https://t.co/ZE0M5BPNim
https://t.co/B1cjUtaOrr","2040901548017111161","","PlaymenID","in","","0","0","0","https://x.com/ckfoakas/status/2040901548017111161","1527538063060398080","ckfoakas"
"2040900644274634982","2026-04-05T21:13:26.000Z","0","SIARAN PERS
​Menanggapi diskusi publik terkait IGRS &amp; sistem rating gim di Steam, Pnjlsan resmi mengenai kesesuaian regulasi trsbt dg ktntun hkm di Indonesia. Sgt disarankan tuk menyimak informasi lengkap lebih dl guna mndapatkn perspektif yg menyeluruh:
​https://t.co/wm3rHweS6F","2040900644274634982","","","in","","0","0","0","https://x.com/rosyidsmile_net/status/2040900644274634982","229233321","rosyidsmile_net"
"2040900269324824649","2026-04-05T21:13:23.000Z","0","Gue mainin ini game malah berujung mata bengkak yeee nangis coy gileee alurnya bagus. Malah kena sikat juga sama igrs. Gak jelas wallahi","2040900634359312638","","dadarkeju","in","","0","0","0","https://x.com/dadarkeju/status/2040900634359312638","2642781120","dadarkeju"
"2040601527241626092","2026-04-05T21:10:21.000Z","2","@Otaku_Anime_Ind Igrs review nuktashi:"" oh ini game baik buat anak anak mengajarka car berinteraksi dengan lawan jenis ""

Igrs review A space for the u bound: "" game apa ini? Ini game khayalan nya terlalu liar,manusia sehat ga mungkin bisa berhayal se liar ini,berarti make obat nih karakternya ""","2040899868823376171","","Otaku_Anime_Ind","in","","0","0","0","https://x.com/Mercatman_/status/2040899868823376171","853495002499907584","Mercatman_"
"2040677319422173478","2026-04-05T20:57:51.000Z","5","@haisayahaisa Itu head team IGRS loh ya 😹","2040896721480499505","","haisayahaisa","in","","0","0","0","https://x.com/lancashire1878_/status/2040896721480499505","1629982821812166656","lancashire1878_"
"2040895809399746617","2026-04-05T20:54:13.000Z","22","ibu vs anak tiri kebun sawit viral
https://t.co/76T0dKOtYS
Ojol di bali yang lagi viral
https://t.co/fUiooafycz
Bocil sok imut viral
https://t.co/ZY5GE288oU
Mukena Pink yang lagi viral
https://t.co/taoTNUmk6j

Eklusif Di Lazada parfum dan skincare murah IGRS komdigi Gapapa Golda https://t.co/Y7qrLARoiX","2040895809399746617","https://pbs.twimg.com/media/HFK2kMNaYAA0jOE.jpg","","in","","0","4","1","https://x.com/diechwq/status/2040895809399746617","2420039203","diechwq"
"2040895788944183713","2026-04-05T20:54:08.000Z","0","IGRS JUMP BOAT","2040895788944183713","","","en","","0","0","0","https://x.com/Cyanbluuu_/status/2040895788944183713","1990418260475691008","Cyanbluuu_"
"2040895722930000008","2026-04-05T20:53:53.000Z","0","org2 lbh percaya steam drpd igrs mas bffr","2040895722930000008","","","in","","0","0","0","https://x.com/_16553/status/2040895722930000008","1141216999206313984","_16553"
"2040894495164891512","2026-04-05T20:49:00.000Z","1","cok… masalah igrs ini pun ada buzzernya anjngggg wkakwkaka.

kata kuncinya “gamer, developer, dan pemerintah sama2 punya kepentingan”, “dialog”, “diskusi”, dan “meluruskan”","2040894495164891512","","","in","","0","0","0","https://x.com/kyobiiii/status/2040894495164891512","1612515222773968898","kyobiiii"
"2040894355767185667","2026-04-05T20:48:27.000Z","8537","mereka ga tau kayanya ya kalau komunitas game itu tight knit banget dan ngecek apa-apa ke satu sama lain via banyak jalur itu gampang. bakal kebongkar semua ini ngibul-ngibulnya. malapetaka humas banget IGRS ini","2040894355767185667","","","in","","28","47","2042","https://x.com/wordfangs/status/2040894355767185667","185639687","wordfangs"
"2040893499634246106","2026-04-05T20:45:02.000Z","0","IGRS Iki opo
instagram Rumah Sakit ta?","2040893499634246106","","","in","","0","0","0","https://x.com/Cak_Alail/status/2040893499634246106","746695061451071488","Cak_Alail"
"2040792704175513733","2026-04-05T20:43:57.000Z","3","@maiemi51alt @GenshinUniverse iarc and igrs is different. international is not indonesia","2040893225003778507","","maiemi51alt","en","","0","1","0","https://x.com/yorha_y0/status/2040893225003778507","2025126312155959296","yorha_y0"
"2040891958961594422","2026-04-05T20:38:55.000Z","0","wkwkwkwk lucu bgt si bro, ketauan bgt gk pernah liat steam. bisa-bisanya bilang ngasih rating palsu dan bilang meresahkan publik, gua rasa yg meresahkan publik malah rating amburadul IGRS kali wkwkwk. rating steam gua yakin udh ngikut pegi ato esrb","2040891958961594422","","","in","","0","0","0","https://x.com/futuretecnokrat/status/2040891958961594422","1247819541964451840","futuretecnokrat"
"2040891841873387556","2026-04-05T20:38:27.000Z","0","We got IGRS before GTA release😮‍💨","2040891841873387556","","","en","","0","0","0","https://x.com/aliffurqonasdya/status/2040891841873387556","914405286","aliffurqonasdya"
"2040891809799549318","2026-04-05T20:38:20.000Z","0","Kalau lagi ngikutin diskusi tentang IGRS, mungkin bisa lihat dulu penjelasan resminya di sini sebelum ambil kesimpulan:
https://t.co/JV2vb9YkP3","2040891809799549318","","","in","","0","0","0","https://x.com/rahmi_syahid/status/2040891809799549318","1357625909423968257","rahmi_syahid"
"2040890687038902297","2026-04-05T20:33:52.000Z","0","Penasaran gw, rating hsr, zzz, genshin, hi3, wuwa, dan games2 sejenis nya kena berapa di igrs ya?","2040890687038902297","","","in","","0","0","0","https://x.com/Zee_Takegami59/status/2040890687038902297","1576735716","Zee_Takegami59"
"2040890262554313127","2026-04-05T20:32:11.000Z","25","Steam hanya input rating dari third party providers macam PEGI dan ESRB

IGRS termasuk third party provider (regional compliance) yang punya basis rating sendiri

Jadi kalo ada incorrect rating ya salah provider yang ngasih data prematur, bukan Steam","2040890262554313127","","","in","","0","1","6","https://x.com/fialamsyah/status/2040890262554313127","1687770055","fialamsyah"
"2040889015063441714","2026-04-05T20:27:13.000Z","4","Sudah ada rating dari PEGI dan ESRB yang sudah lama, jelas dan tersedia untuk umum... malah buang2 anggaran bikin IGRS yang ga jelas. Padahal sebenarnya tinggal tingkatkan literatur aja supaya paham batasan game sesuai umur.
Segampang itu https://t.co/VV6rrE58oH","2040889015063441714","https://pbs.twimg.com/media/HFKxvY_aIAA6RG-.jpg","","in","","0","0","0","https://x.com/KrispyWater5/status/2040889015063441714","1637141057082368000","KrispyWater5"
"2040887763474727212","2026-04-05T20:22:15.000Z","1","Kalo mereka buat sistem nya pake AI, fuck IGRS","2040887763474727212","","","in","","0","0","0","https://x.com/esp_sevens/status/2040887763474727212","1703315934541496320","esp_sevens"
"2040887538639085662","2026-04-05T20:21:21.000Z","1","Muak sama berita IGRS :"") kaga ada gitu berita yang lebih bagus lagi? Kekk ppn pas beli Game berkurang gitu? Elah gini amat wni 😭👍🏻 negara gonjang ganjing, game gua pun disenggol. Mending senggol judol sana kocak. Jangan senggol dunia game gua dong.","2040887538639085662","","","in","","0","0","0","https://x.com/AlxndrieJeremia/status/2040887538639085662","819773268190052353","AlxndrieJeremia"
"2040887230076784766","2026-04-05T20:20:08.000Z","0","IGRS TOLOL","2040887230076784766","","","sl","","0","0","0","https://x.com/kambingfirman/status/2040887230076784766","1120989625596596224","kambingfirman"
"2040641664084328670","2026-04-05T20:00:24.000Z","0","@safenetvoice @kemkomdigi Secara ga langsung Komdongo dan Igrs mengajak kita untuk kembali bertani. Yuk nabung buat beli PC khusus bertani. 😇","2040882265035796642","","safenetvoice","in","","0","0","0","https://x.com/suirets/status/2040882265035796642","101384201","suirets"
"2040757110951322044","2026-04-05T19:56:48.000Z","0","@kurawa Steam salah? SISTEM RATING IGRS MU DLU YG KUDU DIBENERIN!!","2040881360588730616","","kurawa","in","","0","0","0","https://x.com/shimoneta1601/status/2040881360588730616","1259196185614532608","shimoneta1601"
"2040881315390853587","2026-04-05T19:56:37.000Z","0","igrs haters EA keknya","2040881315390853587","","","in","","0","0","0","https://x.com/eepytome/status/2040881315390853587","1812838699622912000","eepytome"
"2040634554009158040","2026-04-05T19:56:33.000Z","3","@virtualballers Lebih ironisnya, setiap kita beli game original di steam itu kena pajak loh. Secara ga langsung kita membantu Komdongo dan IGRS. Secara ga langsung kita diminta kembali bertani ga sih? :/","2040881296294248622","","virtualballers","in","","0","0","0","https://x.com/suirets/status/2040881296294248622","101384201","suirets"
"2040880253229551720","2026-04-05T19:52:24.000Z","0","Drama igrs disengaja oleh pihak pemerintahan. Tes ombak siapa yg vocal","2040880253229551720","","","in","","0","0","0","https://x.com/yossaa_/status/2040880253229551720","1299612884","yossaa_"
"2040880167703531636","2026-04-05T19:52:04.000Z","0","igrs ngajarin maen hentong sejak dini anjeng","2040880167703531636","","","in","","0","0","0","https://x.com/pathethickidd/status/2040880167703531636","769719858321686528","pathethickidd"
"2040879945904214273","2026-04-05T19:51:11.000Z","0","Ditambah game2 LN hentai jugaa dapet rating 3+ oleh igrs","2040879945904214273","","","in","","0","0","0","https://x.com/mhn_ziziz/status/2040879945904214273","985310141393256448","mhn_ziziz"
"2040877710164316398","2026-04-05T19:42:18.000Z","0","gw lagi nunggu streamers gaming indo pada bersuara soal igrs ini, they have a BIG influence, loh...","2040877710164316398","","","in","","0","1","0","https://x.com/pretzelsyy/status/2040877710164316398","1637512151039614976","pretzelsyy"
"2040866603336970413","2026-04-05T19:37:46.000Z","91","@mhuseinali Buzzer udah dapat instruksi nih kayaknya. Tujuan jelas, lempar kesalahan ke orang lain dan moving goal post. Terus desak perbaikan di tubuh IGRS! Sekarang hanya berhenti di game saja, tapi kedepannya ini bisa merembet ke anime / manga juga.","2040876571142365201","","mhuseinali","in","","0","0","7","https://x.com/suirets/status/2040876571142365201","101384201","suirets"
"2040875697804280019","2026-04-05T19:34:18.000Z","0","IGRS tolol anjing","2040875697804280019","","","in","","0","0","0","https://x.com/pathethickidd/status/2040875697804280019","769719858321686528","pathethickidd"
"2040875397320171703","2026-04-05T19:33:07.000Z","0","IGRS kontol","2040875397320171703","","","sl","","0","0","0","https://x.com/hareeeessss/status/2040875397320171703","934197342743363584","hareeeessss"
"2040730989740339579","2026-04-05T19:26:31.000Z","1","@kerissakti berarti yg udah isi secara mandiri di Steam harusnya udh otomatis dapet rating yg sesuai IGRS kan bang?
tapi kenapa yg katanya game2 yg kategorinya ""salah"" kok bisa di nilai duluan?
udah gitu nyalahin Steam lagi.
Prioritas mereka dimana? ABS kah?","2040873740213645455","","kerissakti","in","","0","0","0","https://x.com/nonmicin_/status/2040873740213645455","1909862789822459904","nonmicin_"
"2040873434775965871","2026-04-05T19:25:19.000Z","0","Buat yang ngikutin ramenya IGRS &amp; rating gim di Steam, sebelum berdebat baiknya baca penjelasan resminya dulu ya..
https://t.co/NPrgHwDRAw","2040873434775965871","","","in","","0","0","0","https://x.com/delik_store/status/2040873434775965871","732576888619556864","delik_store"
"2040873160204337473","2026-04-05T19:24:13.000Z","7","गजब igrs है,
जो @UPGovt की चल रही है,
विगत १० वर्ष5 से..
२०१६ से २०२६ तक ऐसा कोई लेखपाल या sdm  न आया जो दूध का दूध पानी का पानी कर सके,
@myogiadityanath  आभार आपका जो न्याय आपकी सरकार से प्राप्त हो रहा है। 🙏🏻
@DMKanpur https://t.co/s09Gqtw5RI","2040873160204337473","https://pbs.twimg.com/media/HFKi6gsacAAxf2N.jpg","","hi","","1","2","7","https://x.com/PSinghjadoun/status/2040873160204337473","714881671275745280","PSinghjadoun"
"2040723293934858337","2026-04-05T19:23:59.000Z","0","@toshibatv_id ketika brand TV sampe ngomongin masalah igrs, emang igrs ini sangat bermasalah","2040873099688812556","","toshibatv_id","in","","0","0","0","https://x.com/wWinecell/status/2040873099688812556","1689236571755843584","wWinecell"
"2040871870808076677","2026-04-05T19:19:06.000Z","0","Persona 5 and 4 penyiksa brutal??? 
PEAK dianggap vulgar?

apasih?! blm tau alur cerita/gamenya gmn kek berasa main2 taro. Ya IGRS Hampir semua game vulgar di 3+. ""But WHY"", let me guess? you like yaa? WKWKWK

""Go Find Yourself""

My fav game TSDS and metal solid di ""merahin"" 🥲","2040871870808076677","","","in","","0","0","0","https://x.com/naarawikuY/status/2040871870808076677","1598865445477441536","naarawikuY"
"2040871713978908698","2026-04-05T19:18:28.000Z","0","IGRS apaan lagi ini? Gua tinggal motoran bentar ada aja kelakuan @kemkomdigi","2040871713978908698","","","in","","0","1","0","https://x.com/markucal/status/2040871713978908698","105848286","markucal"
"2040871389658554865","2026-04-05T19:17:11.000Z","0","Uda gw was was dari dulu... Kalo rating ya rating aja anjeng.. ngapain blokir blokir

IGRS kntl https://t.co/MpEoz9cIW8","2040871389658554865","https://pbs.twimg.com/media/HFKhtrcboAAcrNC.jpg","","in","","0","0","0","https://x.com/gygaamerta/status/2040871389658554865","1583807618539061248","gygaamerta"
"2040757110951322044","2026-04-05T19:13:55.000Z","88","@kurawa Argumen paling plenger yang pernah saya baca.

1. ESRB itu jauh lebih tua ketimbang IGRS-nya Komdigi dan udah lama dijadikan patokan global.

2. Kalo Steam membuat rating palsu, harusnya semua game dibikin 3+ biar semua bisa beli.

Nalar itu dipake mas, kamu udah tua kan?","2040870567579099343","","kurawa","in","","0","2","9","https://x.com/FarrelFranqois/status/2040870567579099343","871553148","FarrelFranqois"
"2040870544334283141","2026-04-05T19:13:49.000Z","0","Apa hrs gw bikin game judol simulator, lalu bang windah main di yutubnya, habis itu komdigi mau ngeblokir game nya tapi karena bang windah belom namatin gamenya, kantor komdigi di grebek bocil kematian, lalu ketua komdigi digantikan bang windah, habis itu bang windah cancel IGRS","2040870544334283141","","","in","","0","0","0","https://x.com/Apanjelio/status/2040870544334283141","1678309038461976577","Apanjelio"
"2040870432467800429","2026-04-05T19:13:23.000Z","0","🤬 ""GTA and erotica are now for kids?"" — Indonesian gamers react to bizarre new age ratings

Indonesia has launched an updated government rating system, IGRS — and the results are… very questionable.

Some of the strangest ratings:
— A controversial visual novel about a ""horny https://t.co/BitmQ1gSPn","2040870432467800429","https://pbs.twimg.com/media/HFKg0JdbMAAUD4-.jpg","","en","","0","0","0","https://x.com/VGTimes/status/2040870432467800429","293649943","VGTimes"
"2040869715892224106","2026-04-05T19:10:32.000Z","0","Indonesia Game Rating System (IGRS) di sejumlah game platform Steam bukan hasil klasifikasi resmi yang diverifikasi oleh pemerintah Indonesia?

Penjelasan/siaran pers resmi tentang IGRS &amp; rating gim di Steam, berikut info lebih lanjut, simak baik baik!
https://t.co/8XTuYCZJTK","2040869715892224106","","","in","","0","0","0","https://x.com/dapa442/status/2040869715892224106","1635908833636646912","dapa442"
"2040685239228653915","2026-04-05T19:09:43.000Z","0","@Diana0911097595 sudah ada ratingnya di steam
nggak perlu pakai igrs yang malah bikin kacau
nggak usah sok keminter kau buzzer https://t.co/36tX0NTjl0","2040869510165705162","https://pbs.twimg.com/tweet_video_thumb/HFKf_4MbQAEkk-Q.jpg","Diana0911097595","in","","0","0","0","https://x.com/black_k00k33/status/2040869510165705162","2032221811849773056","black_k00k33"
"2040869463629918682","2026-04-05T19:09:32.000Z","0","perihal ini IGRS aja pake buzzer. gilaaaa. budaya pemerintah indonesia tuh kalo ga korup, sewa buzzer. nice.","2040869463629918682","","","in","","0","0","0","https://x.com/feromonguy/status/2040869463629918682","1932078769940086784","feromonguy"
"2040695307663818815","2026-04-05T19:08:58.000Z","1","@gacchand Gua lebih percaya orang-orang dari valve daripada orang-orang yang sekarang ada di IGRS dan KOMDIGI","2040869322978099583","","gacchand","in","","0","1","0","https://x.com/DaunBawang17/status/2040869322978099583","1081347003106222080","DaunBawang17"
"2040869302719623628","2026-04-05T19:08:53.000Z","0","Emangnya anggaran komdigi kagak dipotong buat mbg kah? Igrs biayanya dari mana???","2040869302719623628","","","in","","0","0","0","https://x.com/Angelina_S_S/status/2040869302719623628","901511676","Angelina_S_S"
"2040868311907574151","2026-04-05T19:04:57.000Z","1","IGRS kontol","2040868311907574151","","","sl","","0","0","0","https://x.com/rizkysbrnsyh/status/2040868311907574151","1083054525336829952","rizkysbrnsyh"
"2040867999578784027","2026-04-05T19:03:43.000Z","0","Lu pada bisa diem dipojokan aja gak @kemkomdigi? IGRS lu nimbukin kekacauan ngerti gak monyet. Gak ada guna juga lu pada kerja. Kami minta dari duku berantas judol malah bikin IGRS. MONYET lo.","2040867999578784027","","","in","","0","0","0","https://x.com/curiousfangs_/status/2040867999578784027","1526265008895586304","curiousfangs_"
"2040867993568317616","2026-04-05T19:03:41.000Z","0","@Kemenkomdigi_id kerjanya cuma ngebungkam pers, opini publik yg bertentangan sama bikin kebijakan tolol kaya IGRS. Sedangkan internet mahal, judol  &amp; spam/phising ngga diurusin. Cape banget jadi warga Indonesia!","2040867993568317616","","Kemenkomdigi_id","in","","0","0","0","https://x.com/renggastoic/status/2040867993568317616","42978942","renggastoic"
"2040867765255610418","2026-04-05T19:02:47.000Z","1","Penjelasan resmi terkait IGRS dan tampilan rating gim di Steam sudah dirilis. Bisa dibaca dulu untuk menambah konteks sebelum menarik kesimpulan: 

https://t.co/VTRC9YAJsA https://t.co/sJfNCeqEye","2040867765255610418","https://pbs.twimg.com/media/HFKeS_Ca4AAEuEx.jpg","","in","","0","1","0","https://x.com/refiandryy/status/2040867765255610418","482012192","refiandryy"
"2040867697886740986","2026-04-05T19:02:31.000Z","3","Hoki dapet 2 abg
https://t.co/fqBjClZwJb
https://t.co/y09trkGuzb
https://t.co/4pEr1Kjj9a

Komdigi mengecam tidur igrs jauhi senin pagi malam selasa","2040867697886740986","","","in","","0","11","0","https://x.com/luctvie/status/2040867697886740986","1581568910","luctvie"
"2040867685412790367","2026-04-05T19:02:28.000Z","2","buzzer says,  ""IGRS rating are messy because its the developer self declare that at fault!""

the developer :","2040867685412790367","","","en","","0","0","0","https://x.com/leonthecatto/status/2040867685412790367","1055516661413896192","leonthecatto"
"2040867531213476008","2026-04-05T19:01:51.000Z","0","IGRS KONTOL","2040867531213476008","","","sl","","0","0","0","https://x.com/curiousfangs_/status/2040867531213476008","1526265008895586304","curiousfangs_"
"2040866757909573947","2026-04-05T18:58:47.000Z","0","Gaya bener bikin igrs -_______- negara punya urusan lebih mendesak dan serius daripada sensor game-game berkualitas yg bahkan negara sendiri gabisa bikin ekosistem digital yg baik, seperti menumpas judol. Halo halo bisa saya bicara dengan otak?","2040866757909573947","","","in","","0","0","0","https://x.com/Angelina_S_S/status/2040866757909573947","901511676","Angelina_S_S"
"2040823276428300710","2026-04-05T18:58:26.000Z","0","@kukuhya Iya tau maksud IGRS baik tapi membiarkan eroge dan Guro apakah itu melindungi anak kecil sekarang? Malah game mendidik aja yang mengajari tani dapat 18+. ""Tapi ini kan data awal"", bullshit kalau udah masuk steam itu artinya udah jalan dan bukan data awal lagi.","2040866672534585820","","steven20260934","in","","0","1","0","https://x.com/steven20260934/status/2040866672534585820","973236170476814336","steven20260934"
"2040866603336970413","2026-04-05T18:58:10.000Z","4896","Saya yakin 100% user Steam lebih percaya Gaben daripada IGRS.

Steam terbukti bersikap etis selama puluhan tahun. Mau digoyang Epic aja gagal.

Narasi ini malah tambah blunder dan keliatan banget gak paham landscape gaming wk. Mending besok dimeetingin dulu bang PR responsenya.","2040866603336970413","","","in","","21","53","1645","https://x.com/mhuseinali/status/2040866603336970413","177760518","mhuseinali"
"2040866055888011723","2026-04-05T18:55:59.000Z","1","Yapping dikit tentang IGRS, ini gua ngerti banget tujuan nya apa tapi ayo lah. Yang gak bisa baca tuh bukan anak kalian tapi kalian ini ortu² yg gagal parenting tentang game.

Masa iya rating COD blar der dor darah dimana² rating 3+? Aneh banget ajg","2040866055888011723","","","in","","0","1","0","https://x.com/OxygenSunshinee/status/2040866055888011723","1081400287133294593","OxygenSunshinee"
"2040865995540353494","2026-04-05T18:55:45.000Z","0","Bran bran benerin noh igrs","2040865995540353494","","","in","","0","0","0","https://x.com/Albert2844/status/2040865995540353494","1983754592061157377","Albert2844"
"1747603121126420824","2026-04-05T18:55:24.000Z","0","@gibran_tweet Bran benerin noh igrs","2040865905656344948","","gibran_tweet","in","","0","0","0","https://x.com/Albert2844/status/2040865905656344948","1983754592061157377","Albert2844"
"2040865861842649221","2026-04-05T18:55:13.000Z","0","igrs g nya gooner gila","2040865861842649221","","","in","","0","0","0","https://x.com/hrenyue/status/2040865861842649221","1604350645800095744","hrenyue"
"2040865626839998494","2026-04-05T18:54:17.000Z","1","liat Rating IGRS yang ngaco, makin yakin kalau boomer ini nanya chat GPT buat klasifikasinya 👀","2040865626839998494","","","in","","0","0","0","https://x.com/arekekesel/status/2040865626839998494","1220727223","arekekesel"
"2040864714515988774","2026-04-05T18:50:40.000Z","0","y Allah crashing out bgt gue gara gara igrs konyol dan skz bergantian","2040864714515988774","","","in","","0","0","0","https://x.com/_aridean/status/2040864714515988774","68969660","_aridean"
"2040863929342242870","2026-04-05T18:47:32.000Z","4","open vcs cs tele wa di bio

tidur mengecam risih jujur kids pack sebong golda hokben igrs
#vcscrottt https://t.co/V0bNCAm0rY","2040863929342242870","https://pbs.twimg.com/media/HFKa7IIaEAAidSR.jpg","","in","","0","0","4","https://x.com/foyrestl/status/2040863929342242870","1942805661840203777","foyrestl"
"2040863624043127270","2026-04-05T18:46:20.000Z","0","IGRS niatnya baik tapi sistem rating nya ngawur parah
Masa iya game 4no lolos dikasih rating 3+ dan giliran persona 5 nggak lolos standar

Ketika gue udah tobat jadi bajak laut dan beli game di platform legal eh malah dipersulit sama suatu lembaga 

Gini amat jadi gamer di indo https://t.co/w1ao1NosPb","2040863624043127270","https://pbs.twimg.com/media/HFKapXda8AAKcKs.jpg","","in","","0","1","0","https://x.com/nakanom42/status/2040863624043127270","2017520488470446080","nakanom42"
"2040863504505491533","2026-04-05T18:45:51.000Z","0","Kalo ga becus... Meding dihapus..

IGRS kntl","2040863504505491533","","","in","","0","0","0","https://x.com/gygaamerta/status/2040863504505491533","1583807618539061248","gygaamerta"
"2040863500483125733","2026-04-05T18:45:50.000Z","1","woi @kemkomdigi tolol IGRS lo kek kontol age ratingnya ngaco mending apus aja anjing IGRS IGRS MEMEK","2040863500483125733","","","in","","0","0","0","https://x.com/fleurishism/status/2040863500483125733","1684437911012507648","fleurishism"
"2040863410473320672","2026-04-05T18:45:29.000Z","0","Real patriot dukung igrs, video game dibuat yahudi buat mendistraksi ummat islam dari ibadah","2040863410473320672","","","in","","0","0","0","https://x.com/Betspr/status/2040863410473320672","479738892","Betspr"
"2040805440833949889","2026-04-05T18:45:04.000Z","0","@AZulfajrin @i_ervans @letsplayhahaha @tanyarlfes Bagus? Dunia gamer hari ini lagi carut marut gara² IGRS aturan komdigi yang baru, ngasih rating ke game ga pada tempatnya. Imbasnya game² yang tidak sesuai rating usia bakal ke banned dan ga masuk di region indo","2040863305280127453","","AZulfajrin","in","","0","0","0","https://x.com/trelrANartsA/status/2040863305280127453","1265511884649791493","trelrANartsA"
"2040862580013756782","2026-04-05T18:42:11.000Z","0","Intinya, IGRS ada ini buat orang tua yg gagal parenting tentang game. Udah gagal + di missleading pula, anjir keren kata gua dan sekarang intinya lepas tanggung jawab. ""Bukan urusan kami, intinya ada RC yg berarti gk tampil"" ya elu dongok jembut lurus.","2040862580013756782","","","in","","0","1","0","https://x.com/OxygenSunshinee/status/2040862580013756782","1081400287133294593","OxygenSunshinee"
"2040718966868611290","2026-04-05T18:41:28.000Z","0","@WisnuKumoro Kalau misalkan IGRS itu dibuat steam oklah ini valid steam yang meminta maaf, tapi ini nyatanya IGRS dibuat komdigi sendiri lah steam perannya cuma mengikuti aturan komdigi buat karena mereka ingin jualan di Indonesia istilahnya bukan sebagai pemilik pasar Indonesia.","2040862402783404129","","steven20260934","in","","0","1","0","https://x.com/steven20260934/status/2040862402783404129","973236170476814336","steven20260934"
"2040860669684412562","2026-04-05T18:40:48.000Z","2","Walau ga menutup kemungkinan, like any bureaucrat adding one extra red tape in any industry, tujuan IGRS ini malah sejatinya satu: memalak rente 😂😂","2040862231810953570","","xathrya","in","","0","2","0","https://x.com/xathrya/status/2040862231810953570","324439645","xathrya"
"2040862204854227429","2026-04-05T18:40:41.000Z","0","So it goes like this:

- ID gov demands all games need to be rated
- Game data must be given for the rating
- Many devs think: better walk away than giving out data
- Steam panicked, learning from past experience
- Auto rating system launched
- IGRS rating system went viral","2040862204854227429","","","en","","0","0","0","https://x.com/reinofmiracle/status/2040862204854227429","1361928442657132546","reinofmiracle"
"2040862120179577320","2026-04-05T18:40:21.000Z","0","Buat yang penasaran soal status rating IGRS di Steam, ini penjelasan resmi dari Kemkomdigi. Lebih baik simak dulu informasinya supaya lebih jelas Kemkomdigi: Rating Gim di Steam Bukan Rating Resmi, Berpotensi Langgar Ketentuan di Indonesia https://t.co/rSNQn71m1K… https://t.co/vnIHRbnbQl","2040862120179577320","https://pbs.twimg.com/media/HFKZR2ha4AAEUTB.jpg","","in","","0","0","0","https://x.com/Inara234/status/2040862120179577320","1912703815100649472","Inara234"
"2040860916372451444","2026-04-05T18:35:34.000Z","1","membeli bundling game steam IGRS 3+ yang sedang diskon. semoga aku bisa memainkan My Futanari Teacher dan My Futanari Stepsister dengan adik-adik sepupuku","2040860916372451444","","","in","","0","1","0","https://x.com/sennzebub/status/2040860916372451444","1511765575475032065","sennzebub"
"2040860843769049292","2026-04-05T18:35:17.000Z","0","Seru banget liat semua pada ngata²in IGRS wkwkw","2040860843769049292","","","in","","0","0","0","https://x.com/AlFD_Fajarid/status/2040860843769049292","303012287","AlFD_Fajarid"
"2040632418840031503","2026-04-05T18:35:09.000Z","0","@MangAgus_10 Ah pantek igrs","2040860810952708471","","MangAgus_10","sl","","0","0","0","https://x.com/WahyuAr19799578/status/2040860810952708471","1875962359887601664","WahyuAr19799578"
"2040860669684412562","2026-04-05T18:34:35.000Z","10","IGRS ini easy win buat govt

Keliatan doing something yg looks morally correct, tp gol yg dirugikan cuma 1%ter tanpa keterwakilan politik (pc/cons gamer)

Yekan daripada ngutak-atik judol perlu political will gede

😂😂","2040860669684412562","","","in","","0","1","2","https://x.com/xathrya/status/2040860669684412562","324439645","xathrya"
"2040859575214342208","2026-04-05T18:30:14.000Z","0","igrs tolol","2040859575214342208","","","sl","","0","0","0","https://x.com/akmlmar/status/2040859575214342208","2037194620690710528","akmlmar"
"2040839260694364442","2026-04-05T18:24:01.000Z","11","@awaasaurus @kemkomdigi custom maid 3D...
genre sexual content, nudity...ini self claimnya...

IGRS : oh itu buat 3+","2040858011091251580","","awaasaurus","in","","0","2","0","https://x.com/leonthecatto/status/2040858011091251580","1055516661413896192","leonthecatto"
"2040857620513435772","2026-04-05T18:22:28.000Z","0","IGRS rating sampah yang harus digodok ulang. Lebih baik dibenerin bukan malah sewa buzzer buat nutupin suara rakyat hey komdigi","2040857620513435772","","","in","","0","0","0","https://x.com/tigor_na70/status/2040857620513435772","99508535","tigor_na70"
"2040857520655482926","2026-04-05T18:22:04.000Z","1","IGRS

Idiotic
Gaming
Rating
System","2040857520655482926","","","en","","0","0","1","https://x.com/z___vyi/status/2040857520655482926","1479048668","z___vyi"
"2040856827240542377","2026-04-05T18:19:19.000Z","0","KOMDIGI IGRS goblok bin tolol, steam diurusin apalagi JUDOL masuk kas pribadi. Cocok ini bikin seperti kitabisa pada patungan kasih ke hitman jadikan meutya hafid seperti saddam hussein.","2040856827240542377","","","in","","0","0","0","https://x.com/Kurirputaw/status/2040856827240542377","86294756","Kurirputaw"
"2040856742062669940","2026-04-05T18:18:59.000Z","1","Kalo masih coba"" dan belum final jangan implementasi dulu ke masyarakat, lu kira kita kelinci percobaan?
ngga pse, ngga igrs bodoh semua implementasi program lu. Kaya boomer yang ejakulasi denger kata digitalisasi komdigi ini","2040856742062669940","","","in","","0","0","0","https://x.com/asyi_i/status/2040856742062669940","1382376234152202242","asyi_i"
"2040570460912676988","2026-04-05T18:18:01.000Z","0","@BK_Satellite Oh ini yang tadi bela IGRS ya?

Pantesan kaya gak asing","2040856499879313757","","BK_Satellite","in","","0","0","0","https://x.com/mingdinkiw/status/2040856499879313757","2883511404","mingdinkiw"
"2040856460264149115","2026-04-05T18:17:52.000Z","1","Emang tolol ini pengaplikasian IGRS. Udah paling bener bikin second account steam region singapore/HK (atau manapun yang selain Indo). Jaga2 kalau kiamat game Indonesia beneran kejadian gara2 komdongo setan. https://t.co/MmASiKUJOI","2040856460264149115","https://pbs.twimg.com/media/HFKUIn5aUAAC9Lz.jpg","","in","","0","0","0","https://x.com/Ridho262/status/2040856460264149115","1716095582","Ridho262"
"2040855975884923058","2026-04-05T18:17:32.000Z","0","connor shoot igrs theyre deleting yo shit 😹😹😹😹😹😹😹","2040856378181570608","","makominato","en","","0","0","0","https://x.com/makominato/status/2040856378181570608","2027822543361740803","makominato"
"2040856239446585369","2026-04-05T18:16:59.000Z","0","halaaah, kaya yg punya dan pernah pake steam aja lu buzzer. coba main2 dulu aja ke steam-nya. IGRS-nya yg ngablu, malah nyalahin steam. di steam gamenya udah ditag sexual content, sama IGRS dikasih rating 3+. meanwhile upin ipin dikasih rating 18+, lawak.","2040856239446585369","","","in","","0","0","1","https://x.com/goldensunfyre/status/2040856239446585369","593667495","goldensunfyre"
"2040718966868611290","2026-04-05T18:16:30.000Z","0","@WisnuKumoro Kemungkinan besar susunan tim IGRS tidak ada satu pun yang benar-benar kompeten di bidang rating game. 

Hasilnya ya sesuai ekspektasi sistem prematur, implementasi berantakan, dan malah jadi bahan olok-olok publik.","2040856117258146222","","WisnuKumoro","in","","0","0","0","https://x.com/bmawjy/status/2040856117258146222","1976142049222197250","bmawjy"
"2040855556639126008","2026-04-05T18:14:16.000Z","0","Serius lu nyalahin steam? Steam yang sudah berdiri sejak 2003?? Steam yang punyanya bapak gaben??? Dibandingkan dengan igrs yang baru diinisiasi beberapa tahun belakangan?????????????
Ngacooo","2040855556639126008","","","in","","0","0","1","https://x.com/saxophonistkawe/status/2040855556639126008","1860843452977799168","saxophonistkawe"
"2040855517481095289","2026-04-05T18:14:07.000Z","0","how komdigi feels after giving nekopara igrs 3+ A LITERAL PORN GAME 😭 https://t.co/i5WESloiMX","2040855517481095289","https://pbs.twimg.com/tweet_video_thumb/HFKTRYwbsAA7JN1.jpg","","da","","0","1","0","https://x.com/ecco2kfarts/status/2040855517481095289","1281563071501107200","ecco2kfarts"
"2040494659814993991","2026-04-05T18:13:54.000Z","2","@RosemaryFrie124 betul, toh igrs itu adalah bagian implementasi dari pp tunas yang dimana itu adalah kebijakan social media ban di indonesia yang dimana kita harus verifikasi usia pakai ktp wajah data bisa bocor.
https://t.co/TGs3rj2EOs https://t.co/iO6bjmdbqt","2040855465417195714","https://pbs.twimg.com/media/HFKTOcbaMAADb5W.png","RosemaryFrie124","in","","0","0","0","https://x.com/Rafi09210/status/2040855465417195714","1907800778435440640","Rafi09210"
"2040854842370126216","2026-04-05T18:11:26.000Z","0","Perlu diketahui bahwa IGRS telah bekerja sama dengan Steam untuk memberikan rating pada gim yang tersedia di platform tersebut, silakan cek rating IGRS sebelum membeli atau memainkan gim di Steam. Klik link di bawah ini👇 
https://t.co/JRnlI9EdFb","2040854842370126216","","","in","","0","0","0","https://x.com/ONarsen/status/2040854842370126216","1296241505384796160","ONarsen"
"2040852722501759358","2026-04-05T18:03:00.000Z","0","""IGRS dan rating gim di Steam sedang jadi topik hangat! 🌟 Cek dulu penjelasan resmi di sini sebelum kita bahas lebih lanjut: 
https://t.co/8CV667dBth","2040852722501759358","","","in","","0","0","0","https://x.com/Nisarahman2327/status/2040852722501759358","1861372663010336774","Nisarahman2327"
"2040691915184812518","2026-04-05T18:01:05.000Z","1","@reruzensky @kemkomdigi Sangat ironis. Ini cerminan betapa bobroknya pengelolaan banyak proyek digital yang menggunakan APBN. Sangat Memalukan.

Kemkomdigi mengeluarkan pernyataan panjang lebar hanya untuk mengatakan bahwa sistem rating IGRS yang mereka banggakan ternyata belum siap dan masih “dalam","2040852239972233291","","reruzensky","in","","0","0","0","https://x.com/bmawjy/status/2040852239972233291","1976142049222197250","bmawjy"
"2040851955187409281","2026-04-05T17:59:57.000Z","0","Daripada debat panjang soal IGRS tanpa arah, yuk luangkan waktu sebentar untuk baca siaran pers resminya dulu. Supaya obrolan kita lebih jelas dan berisi
Kemkomdigi: Rating Gim di Steam Bukan Rating Resmi, Berpotensi Langgar Ketentuan di Indonesia https://t.co/aG5tpTFsr0","2040851955187409281","","","in","","0","0","0","https://x.com/AdhietyaTh33187/status/2040851955187409281","2018322737417306112","AdhietyaTh33187"
"2040851652224426164","2026-04-05T17:58:45.000Z","0","Parfum Dan Skincare Murah tidak ada kenaikan bbm IGRS prabowo melindungi rakyat #LoveYouTeacherSeriesEP4 eksklusif di lazada GEMINIFOURTH LKN DOO GOHAN DEW TEE X MR KILL BEGINS Senin https://t.co/1s72ZQi40i","2040851652224426164","https://pbs.twimg.com/ext_tw_video_thumb/2040851582271864832/pu/img/bcPgg1vwgsLm-syD.jpg","","in","","0","0","0","https://x.com/lani_nita76327/status/2040851652224426164","1969542953728425984","lani_nita76327"
"2040851505843216537","2026-04-05T17:58:10.000Z","0","Daripada debat panjang soal IGRS tanpa arah, yuk luangkan waktu sebentar untuk baca siaran pers resminya dulu. Supaya obrolan kita lebih jelas dan berisi https://t.co/aG5tpTFsr0","2040851505843216537","","","in","","0","0","0","https://x.com/AdhietyaTh33187/status/2040851505843216537","2018322737417306112","AdhietyaTh33187"
"2040851478240460941","2026-04-05T17:58:04.000Z","0","yang kemarin kepo banget sama IGRS &amp; rating gim di Steam, bisa dibaca  penjelasan resminya ada di sini yaa https://t.co/T39r0VCLN9","2040851478240460941","","","in","","0","0","0","https://x.com/nrlfadila_/status/2040851478240460941","1004042648607383557","nrlfadila_"
"2040851413417525610","2026-04-05T17:57:48.000Z","0","IGRS ngaconya udah kebangetan sumpah!","2040851413417525610","","","in","","0","0","0","https://x.com/noircinder/status/2040851413417525610","973803007","noircinder"
"2040851123427512576","2026-04-05T17:56:39.000Z","0","Lumer di wajah
https://t.co/gr01amy4ME
https://t.co/inynRZR7Iz
https://t.co/7uaqS1aTUC
Risih tidur senin malam selasa igrs","2040851123427512576","","","in","","0","0","0","https://x.com/luctvie/status/2040851123427512576","1581568910","luctvie"
"2040619090038194329","2026-04-05T17:56:05.000Z","0","@kerissakti ""IGRS di Steam emang lagi bingungin ya, guys 😅. Tapi kayaknya sistemnya masih dalam penyesuaian, perlu waktu buat lebih stabil. Yang penting, semoga Valve bisa jelasin lebih rinci dan transparan tentang kriteria ratingnya, biar kita semua ngerti 🤑. Keep improving, Steam!","2040850979596460447","","kerissakti","in","","0","0","0","https://x.com/Nisarahman2327/status/2040850979596460447","1861372663010336774","Nisarahman2327"
"2040850933521998280","2026-04-05T17:55:54.000Z","1","I'm buying a game rated 3+ by IGRS","2040850933521998280","","","en","","1","0","0","https://x.com/stelleturu/status/2040850933521998280","1690190530762653696","stelleturu"
"2040619090038194329","2026-04-05T17:55:01.000Z","0","@kerissakti ""IGRS di Steam emang lagi bingungin ya, guys 😅. Tapi kayaknya sistemnya masih dalam penyesuaian, perlu waktu buat lebih stabil. Yang penting, semoga Valve bisa jelasin lebih rinci dan transparan tentang kriteria ratingnya, biar kita semua ngerti 🤑. Keep improving, Steam! 💪","2040850712935170319","","kerissakti","in","","0","1","0","https://x.com/Nisarahman2327/status/2040850712935170319","1861372663010336774","Nisarahman2327"
"2040718966868611290","2026-04-05T17:54:37.000Z","0","@WisnuKumoro komdigi kalo mau cuman biar terlihat kerja mah harusnya contek rating yg udah ada aja. orang2 juga bakal liatnya lebih positif.

responnya mungkin jadi, ""wah keren igrs ratingnya sesuai ama esrb/pegi, keliatan nih yg di igrs isinya orang2 ngerti gaming""","2040850609700741450","","WisnuKumoro","in","","0","0","0","https://x.com/1RONiC_/status/2040850609700741450","1240627667860197376","1RONiC_"
"2040850568676257919","2026-04-05T17:54:27.000Z","0","Buat yang mengikuti rame IGRS &amp; rating gim di Steam, berikut ini penjelasan resminya di sini, silakan dibaca-baca dulu: https://t.co/0B133jbQ9N","2040850568676257919","","","in","","0","0","0","https://x.com/mrplent21/status/2040850568676257919","233180657","mrplent21"
"2040850524912972138","2026-04-05T17:54:16.000Z","1","Indonesia Gooner Rating System (IGRS)","2040850524912972138","","","in","","0","1","1","https://x.com/0p_py/status/2040850524912972138","1487885105888915456","0p_py"
"2040850238089666860","2026-04-05T17:53:08.000Z","0","Buat yang lagi mengikuti diskusi soal IGRS dan rating gim di Steam, ada penjelasan resminya di sini, mungkin bisa dibaca dulu biar konteksnya lebih jelas: 
https://t.co/gDHcVJ2ufu","2040850238089666860","","","in","","0","0","0","https://x.com/EndiD21883/status/2040850238089666860","1899432576496091136","EndiD21883"
"2040479018034630743","2026-04-05T17:51:13.000Z","0","@cryofantasia Jujur saja tampilan rating IGRS di Steam sekarang memang bikin banyak orang bingung, tapi karena ini masih fase penyesuaian, mungkin yang paling penting sekarang adalah penjelasan rutin, transparansi kriteria, dan perbaikan bertahap supaya publik bisa ikut memahami prosesnya.","2040849755249824118","","cryofantasia","in","","0","8","0","https://x.com/EndiD21883/status/2040849755249824118","1899432576496091136","EndiD21883"
"2040718966868611290","2026-04-05T17:49:48.000Z","1","@WisnuKumoro BATALLL lagian rating udah ada ESRB dan PEGI.

Manusia di kantor IGRS dibidangnya kaya gak pernah main game malah nyusahin manusia lain doang nanti di akhirat emangnya mau disusahin Allah? hati-hati😏","2040849400751432028","","WisnuKumoro","in","","0","0","0","https://x.com/yurayurei/status/2040849400751432028","1498260233789243395","yurayurei"
"2040849073255911744","2026-04-05T17:48:30.000Z","0","Sebelum debat soal IGRS ke mana‑mana, baca dulu siaran pers resminya di sini: https://t.co/ttpo9m78KN https://t.co/Ves7SqPIRI","2040849073255911744","https://pbs.twimg.com/media/HFKNaqjasAAdCo7.jpg","","in","","0","0","0","https://x.com/KomariahKo26005/status/2040849073255911744","1958367524581732352","KomariahKo26005"
"2040849011431862762","2026-04-05T17:48:16.000Z","1","IGRS dongo banget anjir wkwkwk https://t.co/dmIRytCnpE","2040849011431862762","https://pbs.twimg.com/ext_tw_video_thumb/2040848993199276032/pu/img/tKSL_pnmgkNvtOQB.jpg","","in","","0","1","1","https://x.com/R4ZESKY/status/2040849011431862762","1399683003467460611","R4ZESKY"
"2040593488350515441","2026-04-05T17:47:02.000Z","2","@kemkomdigi IGRS nya woy dibenerin, game yang ada unsur dewasa masa dikasih rating 3+ logikanya dimana. 
Kalo sistem ratingnya aja ngelawak kek gitu, ngapain di kasih rating aneh","2040848701825118256","","kemkomdigi","in","","0","0","0","https://x.com/jamal8204/status/2040848701825118256","1749677609070563328","jamal8204"
"2040848620879270076","2026-04-05T17:46:43.000Z","0","Sekilas informasi guys sebelum kaliann mengikuti igrs sebaiknya kalian pahami dan pelajari dulu konferensi pers brikut agar tidak salah pngertian dan pemahaman dibwah ini https://t.co/scFpGIjESa","2040848620879270076","","","in","","0","0","0","https://x.com/sulistia2323/status/2040848620879270076","2015224951150895104","sulistia2323"
"2040848596745294288","2026-04-05T17:46:37.000Z","4","IGRS = Indonesia Goblok Retarded System","2040848596745294288","","","in","","0","0","0","https://x.com/chudjawa/status/2040848596745294288","1999871773794611200","chudjawa"
"2040848244755017986","2026-04-05T17:45:13.000Z","0","Ealah anj lah IGRS aja ada buzzernya","2040848244755017986","","","in","","0","0","0","https://x.com/DViolett_/status/2040848244755017986","1491596371647877126","DViolett_"
"2040848036734411145","2026-04-05T17:44:23.000Z","0","Ini penjelasan resmi terkait IGRS dan sistem rating gim di Steam, bisa dicek dulu sebagai referensi sebelum menilai lebih jauh
https://t.co/E1dL49ojo1","2040848036734411145","","","in","","0","0","0","https://x.com/RizkyArdia29527/status/2040848036734411145","1710042400415236096","RizkyArdia29527"
"2040847713999389013","2026-04-05T17:43:06.000Z","0","Stop nyimeng deh komdigi, itu IGRS lu dikerjain sambil ngefly apa kek gimana blokk","2040847713999389013","","","in","","0","0","0","https://x.com/DViolett_/status/2040847713999389013","1491596371647877126","DViolett_"
"2040847549624721574","2026-04-05T17:42:27.000Z","0","semisal igrs masih kayak asu berarti itu juga ngaruh ke industri laptop dong, kan mereka juga optimize device buat bisa mainin game triple A. semisal mayoritas game itu kena rc atau rating 18+ ya jadi pada males gk si mereka (cmiiw)","2040847549624721574","","","in","","0","0","0","https://x.com/1ladytypeofguy/status/2040847549624721574","1553361006889701376","1ladytypeofguy"
"2040847245067894805","2026-04-05T17:41:14.000Z","0","IGRS is a joke! they literally makan gaji buta ASU!!!","2040847245067894805","","","in","","0","0","0","https://x.com/groflokash/status/2040847245067894805","1484181527936528384","groflokash"
"2040847151992095128","2026-04-05T17:40:52.000Z","0","Lebih flexible (dari sisi pemerintahan kita nya kalo mau nganuin game tertentu yang ""mengganggu ketertiban umum"" atau ""meresahkan masyarakat"") haha. Ironis nya IGRS ini bagian dari ""Percepatan Pengembangan Industri Gim Nasional"" 🤷‍♂️.","2040847151992095128","","","in","","0","0","0","https://x.com/klawd___/status/2040847151992095128","309609509","klawd___"
"2040748319144886364","2026-04-05T17:40:49.000Z","2","@ChouSenka Udah pengetahuan publik kalo sistem Steam itu bagus banget dan governance nya nuga top, ini malah nyalahin Steam karena gak sesuai sama kriteria IGRS, yang harusnya dibenerin itu komdigi bukan Steamnya, emang boomer kolot PNS hasil bagi kursi dan beli jabatan gini hasilnya","2040847138612232255","","ChouSenka","in","","0","0","0","https://x.com/Kentato_3/status/2040847138612232255","498874915","Kentato_3"
"2040847020467085610","2026-04-05T17:40:21.000Z","0","IGRS ini lawak deh selain masih salah sasaran menurutku RC itu malah jangan dibuat kayak ban, mending 21+ dah","2040847020467085610","","","in","","0","0","0","https://x.com/GlazedLight/status/2040847020467085610","1924783003089436672","GlazedLight"
"2040846608678658157","2026-04-05T17:38:43.000Z","1","Dem Yakuza kena block ama IGRS? Sedangkan game2 cewe yang nsfw lulus? Otw di serang massal keknya komdigi sih","2040846608678658157","","","in","","0","0","0","https://x.com/_sennav/status/2040846608678658157","730661615608041473","_sennav"
"2040846441816686839","2026-04-05T17:38:03.000Z","0","IGRS aja pake buzzer segala lu goblok @kemkomdigi","2040846441816686839","","","in","","0","0","0","https://x.com/Serenz0_/status/2040846441816686839","282494974","Serenz0_"
"2040827262686372264","2026-04-05T17:36:41.000Z","0","@RanggaWidigda Penasaran gak mas ini game di kasih ranting berapa kalau IGRS masuk ke playstore https://t.co/hC9Xr4Qa9r","2040846099716657155","https://pbs.twimg.com/media/HFKKtkvaUAAQWlL.jpg","RanggaWidigda","in","","0","1","0","https://x.com/iambayu48/status/2040846099716657155","1711310667012300800","iambayu48"
"2040579308373332239","2026-04-05T17:36:16.000Z","0","@ezash Kekhawatiran soal dampak regulasi ini sangat valid, makanya kita perlu kawal agar sistem IGRS yang baru ini segera diperbaiki teknisnya dan lebih transparan informasinya supaya tidak terus membingungkan","2040845994674495856","","ezash","in","","0","0","0","https://x.com/ikaikuikok/status/2040845994674495856","620724276","ikaikuikok"
"2040845384252313651","2026-04-05T17:33:51.000Z","1","Penjelasan resmi terkait IGRS dan sistem rating gim di Steam sudah dirilis dan bisa jadi rujukan yang lebih jelas. Sebaiknya dibaca dulu sebelum menarik kesimpulan lebih jauh: 
https://t.co/j5XWVDwm3u","2040845384252313651","","","in","","0","0","0","https://x.com/Reejanuari/status/2040845384252313651","1282300795342303232","Reejanuari"
"2040844572545384788","2026-04-05T17:30:37.000Z","0","igrs is such a joke","2040844572545384788","","","en","","0","0","0","https://x.com/Kotaro_4844/status/2040844572545384788","1504478782928797709","Kotaro_4844"
"2040843661727215798","2026-04-05T17:27:00.000Z","0","uang pajak kita dipake buat bayar buzzer IGRS bener2 culas se culas2nya","2040843661727215798","","","in","","0","0","0","https://x.com/Cyanpile007/status/2040843661727215798","1431803689086246912","Cyanpile007"
"2040579308373332239","2026-04-05T17:25:48.000Z","0","@ezash Justru karena itu rating kayak IGRS perlu dibikin makin jelas dan rapi.","2040843359422673320","","ezash","in","","0","1","0","https://x.com/zai25452114159/status/2040843359422673320","1715253038930378752","zai25452114159"
"2040491792295186826","2026-04-05T17:23:33.000Z","0","@badakmeledak_ Info yang beredar, rating IGRS di Steam sekarang sebagian masih tahap awal/selfdeclare dan belum final. Harapannya nanti setelah dikurasi bisa lebih akurat sesuai kelompok usia pemain.","2040842791769772093","","badakmeledak_","in","","0","0","0","https://x.com/DazzZulia/status/2040842791769772093","1706181116791795712","DazzZulia"
"2040645711650509022","2026-04-05T17:21:54.000Z","0","@rayrestufauzi Sejauh ini yang terlihat di Steam katanya masih banyak yang berupa input awal (selfdeclare), jadi belum hasil kurasi final dari IGRS. Semoga nanti saat sudah final bisa lebih objektif dan sesuai dengan target usia pemain.","2040842375799730570","","rayrestufauzi","in","","0","1","0","https://x.com/DazzZulia/status/2040842375799730570","1706181116791795712","DazzZulia"
"2040841990728995043","2026-04-05T17:20:22.000Z","0","ni emang kontol apa ya igrs memek","2040841990728995043","","","in","","0","0","0","https://x.com/__byyyyyy/status/2040841990728995043","1489643975648870401","__byyyyyy"
"1940054491275174036","2026-04-05T17:20:18.000Z","0","Sir I have Registered my Grievance several times on the IGRS portal but Justice still remains to be done. In spite of hardships my faith in you remains unshaken. H.Sir, I had sent a speedpost to your Office along with Necessary Documents for your reference. Kindly do the needful.","2040841974266376341","","HSBITTA","en","","0","0","0","https://x.com/HSBITTA/status/2040841974266376341","1879900658687729664","HSBITTA"
"2040841878674042969","2026-04-05T17:19:55.000Z","0","Ada info loker tim IGRS gak? 🙏🏼✨️","2040841878674042969","","","in","","0","2","0","https://x.com/nipoonie/status/2040841878674042969","97179005","nipoonie"
"2040619090038194329","2026-04-05T17:19:26.000Z","6","@kerissakti Sometimes I wanted to open their heads to see if they still have brains. 
If I'm being too lazy and just wanted project money, I just follow ESRB ratings of a game, slap the same IGRS rating, and 'ongkang-ongkang kaki'. 
But no, those idiots have to make it harder for all of us. https://t.co/7sZqWIDGEp","2040841757789663507","https://pbs.twimg.com/media/HFKGw1GW8AAo8uo.jpg","kerissakti","en","","0","0","0","https://x.com/Red_Rackham87/status/2040841757789663507","3292305323","Red_Rackham87"
"1962376380391546953","2026-04-05T17:19:09.000Z","0","@myogioffice @myogiadityanath Sir I have Registered my Grievance several times on the IGRS portal but Justice still remains to be done. In spite of hardships my faith in you remains unshaken. H.Sir, I had sent a speedpost to your Office along with Necessary Documents for your reference. Kindly do the needful.","2040841686973313467","","HSBITTA","en","","0","0","0","https://x.com/HSBITTA/status/2040841686973313467","1879900658687729664","HSBITTA"
"2040841528244109547","2026-04-05T17:18:31.000Z","0","Buat yang lagi bahas IGRS &amp; rating gim di Steam, ini ada siaran pers resminya, coba cek dulu ya
https://t.co/H5I1r4UepX","2040841528244109547","","","in","","0","0","0","https://x.com/AbcDef38782297/status/2040841528244109547","1580001297410846720","AbcDef38782297"
"1747603121126420824","2026-04-05T17:18:31.000Z","0","@gibran_tweet IGRS","2040841528118219063","","gibran_tweet","sl","","0","0","0","https://x.com/binalbinulbanal/status/2040841528118219063","4249868840","binalbinulbanal"
"2040685239228653915","2026-04-05T17:18:23.000Z","0","@iPoopBased ""Biarin dulu emosi, fokus ke solusi. Gamer, dev, pemerintah, semua punya kepentingan sama. Mending kita sama-sama cari jalan buat IGRS yang lebih jelas dan rapi🔥""","2040841491363533048","","iPoopBased","in","","0","9","0","https://x.com/IraAsri325610/status/2040841491363533048","1972267683854069760","IraAsri325610"
"2040841436275569122","2026-04-05T17:18:10.000Z","1","buzzer2 yg bela IGRS belom final lah self declare developer lah tai kucing, kirim sini link profil steam lo baru boleh ngomong","2040841436275569122","","","in","","0","2","1","https://x.com/nikiritsu/status/2040841436275569122","2192230622","nikiritsu"
"2040823276428300710","2026-04-05T17:18:09.000Z","1","@kukuhya beneris sistem IGRS ❌ sewa buzzer buat counter narasi ✅","2040841435550011635","","kukuhya","in","","0","0","0","https://x.com/PCM56DAC/status/2040841435550011635","1815786641094766593","PCM56DAC"
"2040841310920483320","2026-04-05T17:17:40.000Z","1","Emosi banget ngikutin berita IGRS, mana buzzer sudah dikerahkan.

Uang pajak kalian tuh ges","2040841310920483320","","","in","","0","0","0","https://x.com/MillastoElhart/status/2040841310920483320","1842712648712093696","MillastoElhart"
"2040841309402087498","2026-04-05T17:17:39.000Z","0","Buat yang butuh referensi soal isu IGRS dan rating di Steam, ini penjelasan resminya sudah dirilis. Mungkin baik dibaca dulu biar informasinya lebih lengkap: https://t.co/4T2jvsG71A…","2040841309402087498","","","in","","0","0","0","https://x.com/lina_fajri737/status/2040841309402087498","1693505473830678529","lina_fajri737"
"2040841079105470684","2026-04-05T17:16:44.000Z","0","Minta klarifikasi steam? Perlindungan konsumen? Kita orang pengennya dilindungi dari kedongoan igrs sih btw. Steam bukan anak kemaren sore. Ga perlu ngajarin ikan berenang. Yang ngaco kasih rating itu lu pada, anying.","2040841079105470684","","","in","","0","1","0","https://x.com/soulsinders/status/2040841079105470684","966633618415079429","soulsinders"
"2040840885328621710","2026-04-05T17:15:58.000Z","0","Gray parts is not new in IGRS, we always have this ✨️Gray Parts✨️ in every life aspects as Indonesian.","2040840885328621710","","","en","","0","0","0","https://x.com/nipoonie/status/2040840885328621710","97179005","nipoonie"
"2040823276428300710","2026-04-05T17:15:46.000Z","0","@kukuhya 2 kata lucu, Buzzer IGRS","2040840832237068488","","kukuhya","sl","","0","0","0","https://x.com/debugwithcare/status/2040840832237068488","1076357639854936064","debugwithcare"
"2040840429856559105","2026-04-05T17:15:27.000Z","0","Intinya IGRS taik.","2040840752763429084","","hanadee_20","in","","0","0","0","https://x.com/hanadee_20/status/2040840752763429084","536247521","hanadee_20"
"2040685239228653915","2026-04-05T17:15:09.000Z","0","@iPoopBased ""Semua pihak pasti punya kepentingannya masing-masing, dan yang pasti kita semua sama-sama ingin yang terbaik. Daripada makin panas, mending kita dorong aja dialog terbuka dan perbaikan bareng-bareng. Biar IGRS bisa jadi sistem yang lebih baik buat semua😊""","2040840678868156469","","iPoopBased","in","","0","1","0","https://x.com/Tessa44ut/status/2040840678868156469","2008760662961647625","Tessa44ut"
"2040839995393769482","2026-04-05T17:15:06.000Z","0","btw gak usah ditanggepin buzzer-nya guys

blokir sama report aja udah

gak usah buang waktu dan energi kalian untuk buzzer igrs dongo ini","2040840665442222144","","badakmeledak_","in","","0","1","0","https://x.com/badakmeledak_/status/2040840665442222144","1683034008282857472","badakmeledak_"
"2040837477565595660","2026-04-05T17:14:35.000Z","17","@madeltangapung buzzer2 pukimay, mereka menyamakan rating steam yang dari dulu berjalan dengan lancar, dengan IGRS yang sistemnya sampah🤣🤣🤣

orang dari awal yang dipermasalhin sistemnya, bukan censorshipnya","2040840538384203864","","madeltangapung","in","","0","1","3","https://x.com/ChouSenka/status/2040840538384203864","1674041203657166849","ChouSenka"
"2040840357844500671","2026-04-05T17:13:52.000Z","0","Untung gw main game ginian doang di steam :v pada ribut semua ama IGRS https://t.co/KFDEoBCCPh","2040840357844500671","https://pbs.twimg.com/media/HFKFfXba4AAYBjs.jpg","","in","","0","0","0","https://x.com/ALZgamin/status/2040840357844500671","1473530533934075905","ALZgamin"
"2040685239228653915","2026-04-05T17:13:39.000Z","0","@iPoopBased Kesalnya paham sih, TAPI karena gamer, developer, dan regulator sama-sama terdampak Dorongterus klarifikasi dan perbaikan bareng daripada makin panas. 
IGRS busa.","2040840299858280550","","iPoopBased","in","","0","0","0","https://x.com/noviarguna72100/status/2040840299858280550","2004965320587706370","noviarguna72100"
"2040840246364131780","2026-04-05T17:13:26.000Z","0","Ini bukan sekadar kabar yg dipelintir, tapi penjelasan resmi melalui siaran pers terkait IGRS dan rating gim di Steam. Ada regulasi yg melatarbelakanginya dan itu penting utk dipahami secara utuh lebih baik kita baca dulu isi siaran persnya. Link berita 👇
https://t.co/ZqxYukqDuP","2040840246364131780","","","in","","0","0","0","https://x.com/uchihagaming321/status/2040840246364131780","1895346672915587072","uchihagaming321"
"2040839995393769482","2026-04-05T17:12:26.000Z","144","bukti kalo pemerintah indon lebih peduli sama reputasinya sendiri daripada sama warganya

bukannya dengerin suara warga, mengakui kesalahan, minta maaf, lalu memperbaiki sistem

si kocak malah BAYAR BUZZER

dua kata lucu: ""buzzer igrs"" https://t.co/GVrbK1ZZdm","2040839995393769482","https://pbs.twimg.com/media/HFKEMBkaEAAWiAd.jpg","","in","","1","1","44","https://x.com/badakmeledak_/status/2040839995393769482","1683034008282857472","badakmeledak_"
"2040839708218138827","2026-04-05T17:11:18.000Z","1","temenku bilang igrs ntu indonesian gooner rating system 😭","2040839708218138827","","","in","","0","0","0","https://x.com/yeojinwibu/status/2040839708218138827","1763175669830397953","yeojinwibu"
"2040579308373332239","2026-04-05T17:11:11.000Z","0","@ezash Aku juga ngerti poin politik tapi ya biasa az menurut ku,  karena  rating  IGRS perlu dibikin makin jelas dan rapi.","2040839681324257423","","ezash","in","","0","0","0","https://x.com/Ranti130920/status/2040839681324257423","1855364957027876864","Ranti130920"
"2040685239228653915","2026-04-05T17:11:04.000Z","0","@iPoopBased Niatnya mungkin bagus, tapi implementasi rating IGRS di Steam saat ini masih belum mudah dipahami. Perlu penjelasan yang lebih terbuka biar publik nggak salah tafsir","2040839653230809323","","iPoopBased","in","","0","0","0","https://x.com/Deewwiiiii/status/2040839653230809323","1171267827736571904","Deewwiiiii"
"2040839366311125177","2026-04-05T17:09:56.000Z","2","Aku yg kuliah jurusan teknologi game mulai muak banget denger berita huru hara game di Indonesia. 
Pertama masalah toge yang kemarin, terus IGRS ini.. Allahuakbar","2040839366311125177","","","in","","0","0","0","https://x.com/someeothrthing/status/2040839366311125177","1943994111402684418","someeothrthing"
"2040839333054427390","2026-04-05T17:09:48.000Z","0","Komdigi sialan duit pajak bukan nya benerin sistem rating IGRS malah di pake nge buzzer","2040839333054427390","","","in","","0","0","0","https://x.com/Pintu_Macet/status/2040839333054427390","1553201791508320256","Pintu_Macet"
"2040579308373332239","2026-04-05T17:08:09.000Z","0","@ezash ""Bener banget, politik dan regulasi emang ngaruh ke hidup kita, jadi wajar kalo banyak yang penasaran. Mungkin IGRS bisa lebih transparan dan rapi lagi, biar kita semua lebih paham. Sistem baru emang butuh waktu, tapi perbaikan dan penjelasan yang jelas pasti lebih membantu🔥""","2040838918489456697","","ezash","in","","0","0","0","https://x.com/Ginanadia67421/status/2040838918489456697","1715676531035635712","Ginanadia67421"
"2040838732836958217","2026-04-05T17:07:25.000Z","6","Udah dibilang, kemarin pas penangkapan barbuknya malah komik miiko aja dah ketauan arahnya di mana. Sekarang malah IGRS bikin ulah, emang anjing aja satu rezim ini gila.","2040838732836958217","","","in","","0","2","0","https://x.com/boiebe/status/2040838732836958217","2485568305","boiebe"
"2040838728525152609","2026-04-05T17:07:24.000Z","0","https://t.co/RLj0QqxCZf

IGRS","2040838728525152609","","","sl","","0","0","0","https://x.com/textcbnkuningan/status/2040838728525152609","1837521622540210180","textcbnkuningan"
"2040579308373332239","2026-04-05T17:07:06.000Z","0","@ezash Wajar kalau isu politik dan regulasi bikin resah, tapi justru karena itu sistem kayak IGRS perlu dibenahi secara teknis dan dijelasin lebih transparan, karena namanya juga sistem baru pasti masih butuh waktu buat rapi.","2040838653099073725","","ezash","in","","0","1","0","https://x.com/PutriRahma32820/status/2040838653099073725","1908370125050568704","PutriRahma32820"
"2040579308373332239","2026-04-05T17:06:41.000Z","0","@ezash Kekhawatiran soal dampak politik itu valid, tapi arah diskusinya mungkin lebih baik ke dorong perbaikan teknis dan keterbukaan informasi IGRS, karena fase awal sistem baru memang biasanya masih banyak penyesuaian.","2040838548287549790","","ezash","in","","0","1","0","https://x.com/Adiety333/status/2040838548287549790","1202870884165242880","Adiety333"
"2040838423226036651","2026-04-05T17:06:11.000Z","0","NBA 2K26 18+ KARENA ADA SIMULASI JUDOL?!!

DI MYCAREER ADA ADEGAN LEBRON MAIN SLOT GACOR KAHHH???

ADA ADEGAN KD DAPET SCATTER KAHHH???!!!

Bajingan lo IGRS https://t.co/FvhqKCRcsI","2040838423226036651","https://pbs.twimg.com/media/HFKDutzboAA_a7e.jpg","","in","","0","0","0","https://x.com/woodyinhow/status/2040838423226036651","1164835488","woodyinhow"
"2040838179759271979","2026-04-05T17:05:13.000Z","0","Buzzer langsung dikerahkan untuk IGRS 🤣🤣🤣,  mantap komdigi","2040838179759271979","","","in","","0","0","0","https://x.com/SKspammer/status/2040838179759271979","1413436820063330304","SKspammer"
"2040579308373332239","2026-04-05T17:05:10.000Z","0","@ezash Memang masuk akal kalau orang khawatir soal regulasi, tapi di sisi lain IGRS ini masih proses, jadi penting didorong ke arah transparansi dan penyempurnaan.","2040838166257803699","","ezash","in","","0","0","0","https://x.com/Fatiyazean/status/2040838166257803699","1936732324785467392","Fatiyazean"
"2040684902866411853","2026-04-05T17:04:39.000Z","0","@RRDelusi Kalau tidak salah yang muncul di Steam itu banyak yang masih data awal dari sistem self-declare developer, jadi belum tentu rating final dari IGRS. Memang di tahap awal biasanya masih ada penyesuaian, tujuan utamanya sebenarnya supaya ada panduan umur dan melindungi pemain muda","2040838036456640839","","RRDelusi","in","","0","5","0","https://x.com/yani09842577669/status/2040838036456640839","1930164158227722241","yani09842577669"
"2040579308373332239","2026-04-05T17:04:33.000Z","0","@ezash Poin politik ngaruh ke hidup kita, itu bener. Justru karena itu rating kayak IGRS perlu dibikin makin jelas dan rapi.","2040838012251283541","","ezash","in","","0","0","0","https://x.com/noviarguna72100/status/2040838012251283541","2004965320587706370","noviarguna72100"
"2040579308373332239","2026-04-05T17:04:10.000Z","0","@ezash Setuju kalau isu regulasi penting, tapi IGRS ini juga masih berkembang, jadi perlu waktu sambil terus didorong agar lebih jelas dan konsisten.","2040837914524111028","","ezash","in","","0","0","0","https://x.com/hilyazu/status/2040837914524111028","1811992986022211584","hilyazu"
"2040837893791617226","2026-04-05T17:04:05.000Z","0","Buat yang mengikuti isu rating gim di Steam dan IGRS, penjelasan resmi sudah dirilis. Sebaiknya dibaca dulu biar dapat gambaran utuh https://t.co/dHJl301M73","2040837893791617226","","","in","","0","0","0","https://x.com/Florestone16736/status/2040837893791617226","2009593598195666944","Florestone16736"
"2040579308373332239","2026-04-05T17:03:48.000Z","0","@ezash Aku mengerti kok poin politik ngaruh ke hidup kita, itu benar sekali. Justru karena itu rating kayak IGRS perlu dibikin makin jelas dan rapi agar IGRS regulasinya bisa tepat di seluruh masyarakat Indonesia baik anak kecil, maupun orang dewasa. Tolong sistem IGRS lebih dibenahi.","2040837822438080955","","ezash","in","","0","0","0","https://x.com/andybalala19/status/2040837822438080955","1399951844000997378","andybalala19"
"2040837596113473569","2026-04-05T17:02:54.000Z","0","Biar diskusi soal IGRS &amp; rating gim di Steam lebih lengkap, ada siaran pers resmi yang menjelaskan konteksnya. Silakan dibaca dulu di sini: 
https://t.co/ktb0fsIdZv","2040837596113473569","","","in","","0","1","0","https://x.com/yani09842577669/status/2040837596113473569","1930164158227722241","yani09842577669"
"2040579308373332239","2026-04-05T17:02:37.000Z","0","@ezash Keresahan publik soal regulasi ini sangat valid, namun sebaiknya kita fokus mendorong transparansi teknis agar sistem IGRS yang baru ini bisa segera diperbaiki","2040837523698815246","","ezash","in","","0","0","0","https://x.com/carapaklek/status/2040837523698815246","230755427","carapaklek"
"2040837383814517210","2026-04-05T17:02:03.000Z","0","Kalau kalian pengin lihat sisi resminya, ada siaran pers yang jelasin posisi pemerintah soal rating di Steam &amp; IGRS. Saran gue, baca dulu, habis itu silakan kritis, tapi dengan info yang lebih lengkap. Biar suaranya nyampe dan susah diabaikan.

https://t.co/olg4CMT05K","2040837383814517210","","","in","","0","0","0","https://x.com/masgah_/status/2040837383814517210","1325068002979504133","masgah_"
"2040837372775178540","2026-04-05T17:02:01.000Z","0","Agar diskursus mengenai klasifikasi gim lebih berimbang, silakan simak siaran pers resmi terkait IGRS dan kebijakan rating di Steam melalui tautan ini. Yuk, baca dulu detailnya: 
https://t.co/0JRqz9XkXf…
#IGRS #SteamRating #IndustriGim #AkuSukaDiHumilateCeweYangLebihTua","2040837372775178540","","","in","","0","1","1","https://x.com/mniirtjak/status/2040837372775178540","1617165458440081408","mniirtjak"
"2040579308373332239","2026-04-05T17:01:54.000Z","0","@ezash Keresahannya valid, tapi justru karena ini ngaruh ke publik, sistem seperti IGRS perlu terus dibenahi dengan penjelasan yang lebih terbuka dan teknis yang lebih rapi.","2040837344992039033","","ezash","in","","0","0","0","https://x.com/ratihzatil1993/status/2040837344992039033","1869415215227650048","ratihzatil1993"
"2040579308373332239","2026-04-05T17:01:52.000Z","0","@ezash Gue paham kok keresahan soal politik dan regulasi itu valid, justru karena itu sistem kayak IGRS perlu terus dibenahi dan dijelasin lebih terbuka, karena wajar kalau di fase awal masih banyak yang belum rapi dan butuh waktu buat disempurnakan.","2040837334762156529","","ezash","in","","0","0","0","https://x.com/rpramestaa12/status/2040837334762156529","227248005","rpramestaa12"
"2040579308373332239","2026-04-05T17:01:50.000Z","0","@ezash Dari sisi pengguna, sistem rating IGRS di Steam sekarang masih terasa kurang jelas. Tapi kalau ini bagian dari proses, semoga ada evaluasi dan penyempurnaan yang konsisten","2040837326860153122","","ezash","in","","0","0","0","https://x.com/Florestone16736/status/2040837326860153122","2009593598195666944","Florestone16736"
"2040837264578953401","2026-04-05T17:01:35.000Z","0","bisa ga di laporin aja kehukum ini igrs, alias ngaco bat","2040837264578953401","","","in","","0","0","0","https://x.com/yourlulllaby/status/2040837264578953401","1930912940938653696","yourlulllaby"
"2040582308789694688","2026-04-05T17:01:34.000Z","0","@junwatu Yup Pelan-pelan ya, ini masih tahap awal, rating IGRS di Steam banyak yang self-declare, nanti juga dibenahi, niatnya kan baik untuk lindungi pemain muda 
""مَنْ صَبَرَ ظَفِرَ وَمَنْ سَارَ عَلَى الدَّرْبِ وَصَلَ""","2040837259646451946","","junwatu","ro","","0","0","0","https://x.com/SabethAnge12086/status/2040837259646451946","1937541734394949632","SabethAnge12086"
"2040579308373332239","2026-04-05T17:00:47.000Z","0","@ezash Dari sisi pengguna, sistem rating IGRS di Steam sekarang masih terasa kurang jelas. Tapi kalau ini bagian dari proses, semoga ada evaluasi dan penyempurnaan yang konsisten","2040837061977210995","","ezash","in","","0","0","0","https://x.com/Deewwiiiii/status/2040837061977210995","1171267827736571904","Deewwiiiii"
"2040836922365628643","2026-04-05T17:00:13.000Z","0","Konsep rating nasional seperti IGRS ada bagusnya: bantu orang tua, kasih batas umur, jadi aturan developer.
Masalahnya di penerapan IGRS: ada gim besar kena status gak jelas, sementara yg lain ratingnya membingungkan. Ini tanda regulasi perlu diperbaiki, bkn cuma dibilang jelek.","2040836922365628643","","","in","","0","0","0","https://x.com/masgah_/status/2040836922365628643","1325068002979504133","masgah_"
"2040836783051837526","2026-04-05T16:59:40.000Z","0","hei jembut @kemkomdigi ga usah sok sokan bikin IGRS, kau urus judol saja ga becus","2040836783051837526","","","in","","0","0","0","https://x.com/8120_DAF/status/2040836783051837526","816488894711504896","8120_DAF"
"2040806491507319133","2026-04-05T16:59:19.000Z","0","@iPoopBased kebengs sahabat igrs","2040836694472360401","","iPoopBased","in","","0","0","0","https://x.com/theycallmee_G/status/2040836694472360401","585784047","theycallmee_G"
"2040836376560795908","2026-04-05T16:58:03.000Z","1","Kaget upin-ipin malah IGRS 18+","2040836376560795908","","","sl","","0","0","0","https://x.com/foolyyn/status/2040836376560795908","2019434506982432768","foolyyn"
"2040836362283393082","2026-04-05T16:58:00.000Z","2","Buset dah IGRS ada buzzer nya wkwkw
Hadeh... https://t.co/WbfZ8YzRhM","2040836362283393082","https://pbs.twimg.com/tweet_video_thumb/HFKB2a0bUAAMTal.jpg","","in","","0","0","0","https://x.com/serafioz/status/2040836362283393082","742819417","serafioz"
"2040836332076028240","2026-04-05T16:57:53.000Z","0","Lucu bet ini mulai ada buzzer receh hijack ttg igrs sampe di anjing2in dibilang sebar hoax","2040836332076028240","","","in","","0","0","0","https://x.com/Pirangunter21/status/2040836332076028240","4317351083","Pirangunter21"
"2040836314141237544","2026-04-05T16:57:48.000Z","0","Jujur, rame soal IGRS &amp; rating gim di Steam bikin banyak orang khawatir. Gue juga kritis, tapi pengin lihat ini dengan kepala dingin.

Perlu dilurusin: rating di Steam bukan resmi pemerintah. Rating resmi di Indonesia pakai IGRS, buat batas usia, bukan asal blokir.","2040836314141237544","","","in","","0","0","0","https://x.com/masgah_/status/2040836314141237544","1325068002979504133","masgah_"
"2040836248940822836","2026-04-05T16:57:33.000Z","0","kalo JUDOL tuh masuk kategori IGRS yang mana ya? https://t.co/6RiSTqZ6sW","2040836248940822836","https://pbs.twimg.com/media/HFKBwLSbAAAaRUd.jpg","","in","","0","0","0","https://x.com/gungdala/status/2040836248940822836","1070739302","gungdala"
"2040835934028222620","2026-04-05T16:56:18.000Z","0","""Perlu klarifikasi tentang IGRS dan rating gim di Steam? Saran aku, cek siaran pers resmi ini dulu biar lebih paham dan dapat gambaran lengkap sebelum ikut diskusi. Info lengkapnya ada di sini: 
https://t.co/QkyzRkCBfi","2040835934028222620","","","in","","0","0","0","https://x.com/Tessa44ut/status/2040835934028222620","2008760662961647625","Tessa44ut"
"2040835756214931617","2026-04-05T16:55:35.000Z","0","Bukannya ngebenerin IGRS malah bayar buzzer. Aneh lu @kemkomdigi","2040835756214931617","","","in","","0","0","0","https://x.com/iam__stanis/status/2040835756214931617","1682772108898885632","iam__stanis"
"2040835675357151413","2026-04-05T16:55:16.000Z","0","IGRS ISINYA BOOMER BOOMER KOLOT YANG SEMOGA MATI NANTI MASUK NERAKA LU KONTOLLLLL, GAME HARVEST SIMULATOR AJA KENA 18+ TOLOL BANGET SIAPA YANG SANGE SAMA TRAKTOR JINGGGG, INI BUKAN BIDANG LU IGRS KNTL JADI JANGAN IKUT CAMPUR / NGERUSAK COMMUNITY INI!!","2040835675357151413","","","in","","0","0","0","https://x.com/daniddarmawan15/status/2040835675357151413","1275469844222144516","daniddarmawan15"
"2040307682222153928","2026-04-05T16:55:06.000Z","1","@UPPCLLKO @CMOfficeUP @EMofficeUP @aksharmaBharat @mduppcl कुछ नहीं होता सर, मैंने आपके एसडीओ, जेई, सीनियर क्लर्क, सभी को शिकायत दी है, वे कहते हैं कि मेरे पास बिल में सुधार करने का समय नहीं है।IGRS दाखिल करने के बाद भी लोग अपनी रिपोर्ट विशेष क्लोजर में दाखिल करते हैं।","2040835632503885916","","UPPCLLKO","hi","","0","0","0","https://x.com/DHOOP9415/status/2040835632503885916","2013365003647361025","DHOOP9415"
"2040835600316809634","2026-04-05T16:54:58.000Z","0","IGRS Kontol","2040835600316809634","","","sl","","0","0","0","https://x.com/bimagoezman/status/2040835600316809634","331470618","bimagoezman"
"2040835594549633368","2026-04-05T16:54:57.000Z","0","IGRS NGACO BANGET ANYINGG","2040835594549633368","","","in","","0","0","0","https://x.com/swtpty/status/2040835594549633368","1206088394016608256","swtpty"
"2040582308789694688","2026-04-05T16:53:56.000Z","0","@junwatu Saran dari kami team Bagus media Kita harus bedakan antara data awal dan keputusan final; rating IGRS di Steam masih self-declare. Tujuannya melindungi pemain muda, jadi wajar kalau tahap ini masih dikoreksi bersama","2040835339686941010","","junwatu","in","","0","0","0","https://x.com/Bagus_Media7/status/2040835339686941010","1641667244244733953","Bagus_Media7"
"2040835201912410303","2026-04-05T16:53:23.000Z","0","Kerjanya ga bener, malah nyewa buzzer tiap ada cuitan terkait IGRS.

Bener2 lo ya @kemkomdigi, anggaran negara malah lu kerahin buat ginian bukannya buat benerin sistem ato otak lo yg bobrok.","2040835201912410303","","","in","","0","0","0","https://x.com/seigeenomeekata/status/2040835201912410303","831687708556693504","seigeenomeekata"
"2040443737466405115","2026-04-05T16:51:35.000Z","0","@mog_mediaa Kalau lihat konteksnya, IGRS ini tujuannya baik untuk perlindungan usia pemain, jadi kalau sekarang masih ada yang belum pas itu bagian dari proses.","2040834747530957090","","mog_mediaa","in","","0","0","0","https://x.com/bobbymenra/status/2040834747530957090","1901532304541208576","bobbymenra"
"2040834717029896600","2026-04-05T16:51:28.000Z","0","Agar diskursus mengenai klasifikasi gim lebih berimbang, silakan simak siaran pers resmi terkait IGRS dan kebijakan rating di Steam melalui tautan ini. Yuk, baca dulu detailnya: 
https://t.co/BzxWABh2of
#IGRS #SteamRating #IndustriGim","2040834717029896600","","","in","","0","3","0","https://x.com/Bagus_Media7/status/2040834717029896600","1641667244244733953","Bagus_Media7"
"2040832582993228035","2026-04-05T16:51:10.000Z","0","@kemkomdigi Kalo dengan logika @kemkomdigi, mungkin pisau dapur itu barang ilegal karena dapat membunuh orang dengan ketajamanya. Fuck igrs. Igrs i-nya israel","2040834641738002695","","sarungwadymor","in","","0","0","0","https://x.com/sarungwadymor/status/2040834641738002695","708297863898398721","sarungwadymor"
"2040834535492063587","2026-04-05T16:50:44.000Z","0","https://t.co/qwttGoCnY5
""IGRS dan rating gim di Steam jadi hot topic? Baca penjelasan resmi di sini dulu biar gak salah paham.","2040834535492063587","","","in","","0","2","0","https://x.com/IraAsri325610/status/2040834535492063587","1972267683854069760","IraAsri325610"
"2040834519906005405","2026-04-05T16:50:41.000Z","0","Yuk kita simak penjelasan/siaran pers resmi tentang IGRS &amp; rating gim di Steam di link berikut 
https://t.co/udO8E2wrsE","2040834519906005405","","","in","","0","0","0","https://x.com/Bbiyaku/status/2040834519906005405","1912342691763154944","Bbiyaku"
"2040479018034630743","2026-04-05T16:50:37.000Z","1","@magicallovewrds ""ohh it's normal if IGRS is confusing or inaccurate it's still a transitional early phase we hope it works out for the better later""

ALL OF THEM ARE SAYING THE SAME THING WITH DIFFERENT WORDINGS

AND THIS ISNT AN EARLY PHASE IGRS HAS BEEN TALKED ABT SINCE 2016","2040834506622427445","","magicallovewrds","en","","0","1","0","https://x.com/cryofantasia/status/2040834506622427445","1043770714610790400","cryofantasia"
"2040834455724785868","2026-04-05T16:50:25.000Z","0","https://t.co/Sc1iOATufe
Untuk yang sedang ikut bahas tentang IGRS dan rating game di Steam, yuk cek rilis resmi dari pihak terkait di sini dulu ya, jadi informasi yang kita dapetin lebih jelas dan akurat","2040834455724785868","","","in","","0","0","0","https://x.com/Fatiyazean/status/2040834455724785868","1936732324785467392","Fatiyazean"
"2040830006189043933","2026-04-05T16:49:34.000Z","0","@buruhdesyain @muharafiansyah Wah, bayi dengerin ya sayang... IGRS itu kayak stiker umur buat game-game di Indonesia. Pemerintah bikin biar anak kecil nggak main game kasar atau ada yang nggak enak. 

Tapi baru kemarin, pas dipasang di Steam, ratingnya jadi aneh banget! Game seru kayak GTA V tiba-tiba","2040834242486141113","","buruhdesyain","in","","0","0","0","https://x.com/grok/status/2040834242486141113","1720665183188922368","grok"
"2040834046473941222","2026-04-05T16:48:48.000Z","0","Buat yang butuh referensi soal isu IGRS dan rating di Steam, ini penjelasan resminya sudah dirilis. Mungkin baik dibaca dulu biar informasinya lebih lengkap: https://t.co/FQwzAZE5VF","2040834046473941222","","","in","","0","0","0","https://x.com/PPopurii/status/2040834046473941222","1860168566009630720","PPopurii"
"2040833501533200857","2026-04-05T16:47:46.000Z","1","Maaf juga klo ada yg terganggu atau tersinggung sm isi tweet gua beberapa hari kebelakang 🙏🏿.

Jujur ja gua marah banget waktu liat hasil IGRS udah ga betul bgt, astaghfirullah 🫠","2040833785936465932","","kaikurogane25","in","","0","0","0","https://x.com/kaikurogane25/status/2040833785936465932","1650956765444583425","kaikurogane25"
"2040833712913572117","2026-04-05T16:47:28.000Z","0","more people discovering peak i guess thanks to IGRS rating lmfao https://t.co/ynAbDzz1oe","2040833712913572117","https://pbs.twimg.com/media/HFJ_VIeboAE3g-n.jpg","","en","","0","0","0","https://x.com/x48sxK/status/2040833712913572117","914104370559455232","x48sxK"
"2040833695444275456","2026-04-05T16:47:24.000Z","0","Info rating igrs yang benar ada di sini silahkan di buka biar pada ga salah paham https://t.co/zZjGRSyJ3b","2040833695444275456","","","in","","0","0","0","https://x.com/dianasrirahay/status/2040833695444275456","2018322776210452480","dianasrirahay"
"2040833559301325185","2026-04-05T16:46:52.000Z","1","Penjelasan resmi terkait IGRS dan rating gim di Steam sudah tersedia. Sebaiknya cek dulu informasinya sebelum menarik kesimpulan lebih jauh: https://t.co/3CmI0xCyEQ
#IGRS #Steam #RatingGim #SiaranPers #LiterasiDigital","2040833559301325185","","","in","","0","1","0","https://x.com/stefanyreza2000/status/2040833559301325185","1861260662514819074","stefanyreza2000"
"2040833501533200857","2026-04-05T16:46:38.000Z","5","""Kok jadi bersuara sekali anda""

Gaming udah jadi passion gua dari kecil, bisa dibilang juga ini salah satu alasan gua ga jadi ""bundair"" dulu, makanya ketika itu diusiknya secara ga baik kek kejadian IGRS ini, jelas gua akan bersuara bahkan sampai keluar kata kotor(sayangnya).","2040833501533200857","","","in","","0","1","1","https://x.com/kaikurogane25/status/2040833501533200857","1650956765444583425","kaikurogane25"
"2040833381064450344","2026-04-05T16:46:09.000Z","0","Ini penjelasan/siaran pers resmi soal IGRS &amp; rating gim di Steam, mungkin bisa dibaca dulu sebelum berpendapat lebih jauh https://t.co/eiH9EiJBaa","2040833381064450344","","","in","","0","0","0","https://x.com/yuka_riza/status/2040833381064450344","1809286535126347777","yuka_riza"
"2040833369093902822","2026-04-05T16:46:06.000Z","0","when IGRS fully operated https://t.co/NElZKxAbNR","2040833369093902822","https://pbs.twimg.com/media/HFJ_INXacAAa9Kq.jpg","","en","","0","0","0","https://x.com/neitee/status/2040833369093902822","55167470","neitee"
"2040833368619983003","2026-04-05T16:46:06.000Z","0","bahkan si igrs kontol itu udh nyampe leaker genshin cok","2040833368619983003","","","in","","0","1","0","https://x.com/BauPity70gBalik/status/2040833368619983003","1284953096666271744","BauPity70gBalik"
"2040833353331638313","2026-04-05T16:46:02.000Z","0","Indonesia Game Rating System (IGRS) adalah sistem klasifikasi permainan interaktif yang resmi diluncurkan kembali oleh Kementerian Komunikasi dan Digital (Kemkomdigi) pada acara IGDX 2025 di Bali, Oktober 2025 

Game yg sangat aman dengan usia Semua umur https://t.co/3GYMdncGEX","2040833353331638313","https://pbs.twimg.com/media/HFJ_HUdaYAAJlc6.jpg","","in","","0","0","0","https://x.com/opusabiemanyu23/status/2040833353331638313","1543994129683689473","opusabiemanyu23"
"2040443737466405115","2026-04-05T16:45:59.000Z","0","@mog_mediaa Yang penting diketahui nih, rating IGRS di Steam banyak masih data awal/self-declare belum final, tujuan utamanya lindungi pemain muda dan menata ekosistem game, jadi wajar aja kalau fase awal masih perlu disesuaikan bareng.","2040833338144104954","","mog_mediaa","in","","0","1","0","https://x.com/Fatiyazean/status/2040833338144104954","1936732324785467392","Fatiyazean"
"2040443737466405115","2026-04-05T16:45:36.000Z","0","@mog_mediaa rating IGRS di Steam saat ini masih banyak yang bersifat awal/self-declare dan belum final, jadi wajar kalau terlihat belum konsisten.tujuannya melindungi pemain muda dan menata ekosistem game.","2040833241675104319","","mog_mediaa","in","","0","0","0","https://x.com/NganjukSun23590/status/2040833241675104319","1949393136725442560","NganjukSun23590"
"2040443737466405115","2026-04-05T16:45:27.000Z","0","@mog_mediaa Sebagai tambahan informasi, rating IGRS yang tampil di Steam saat ini banyak yang masih tahap awal/self-declare sehingga kemungkinan masih akan diperjelas seiring prosesnya.","2040833204555534697","","mog_mediaa","in","","0","0","0","https://x.com/Alizazaina94321/status/2040833204555534697","1735829180502405120","Alizazaina94321"
"2040833123852931561","2026-04-05T16:45:08.000Z","0","Bruh whom behind of these IGRS (Indonesia Game Rating System) Ratings to these Melty Blood games, dafuq?

#MBTL #Melty #MBAACC
#メルブラ #月姫 #MeltyBlood
#Tsukihime #FGC https://t.co/p5rBzjReIS","2040833123852931561","https://pbs.twimg.com/media/HFJ-6UgawAAcE7H.jpg","","en","","0","0","0","https://x.com/Inssomniax/status/2040833123852931561","955784289639002112","Inssomniax"
"2040651647165329791","2026-04-05T16:44:18.000Z","0","@kerissakti Hey @kerissakti, we may potentially have ratings problem in India. I'm a fellow gamedev and drive policy/government relations in India. I'd like to understand what's going on with IGRS and surrounding policies. Any way to get in touch with you?","2040832915018592760","","kerissakti","en","","0","0","0","https://x.com/HarishChengaiah/status/2040832915018592760","550211419","HarishChengaiah"
"2040832784491839897","2026-04-05T16:43:47.000Z","0","Wanjir buzzer IGRS, banyak nih budget buat buzzernya wowkwok https://t.co/aNRM5tIPSe","2040832784491839897","https://pbs.twimg.com/media/HFJ-mitaoAA_F7u.jpg","","in","","0","0","0","https://x.com/mirasupermii/status/2040832784491839897","1873030602410307584","mirasupermii"
"2040832609807421904","2026-04-05T16:43:05.000Z","0","Sebenarnya rating IGRS sudah bermasalah sebelum hal viral ini, di G2G festival kemarin milik @TheLazyMonday game 1998 dapet 15+ sedangkan game masak masak dapet 18+ hanya karna npc pake bikini, disini aja udah gak masuk akal","2040832609807421904","","","in","","0","0","0","https://x.com/Ferdians789/status/2040832609807421904","1316879610357768193","Ferdians789"
"2040443737466405115","2026-04-05T16:42:49.000Z","0","@mog_mediaa Aku mau menjelaskan sistem IGRS yang ada di Steam sekarang itu datanya bersifat awal atau prototipe tujuannya dibuat seperti ini adalah melindungi pemain muda dari filter permainan yang tidak benar yang belum sesuai dengan usia mereka.","2040832542757331194","","mog_mediaa","in","","0","0","0","https://x.com/andybalala19/status/2040832542757331194","1399951844000997378","andybalala19"
"2040443737466405115","2026-04-05T16:42:41.000Z","0","@mog_mediaa Menurut saya yang penting dipahami dulu, IGRS hadir supaya orang tua dan pemain muda lebih mudah memilih game yang sesuai.","2040832507751592219","","mog_mediaa","in","","0","0","0","https://x.com/hilyazu/status/2040832507751592219","1811992986022211584","hilyazu"
"2040443737466405115","2026-04-05T16:42:12.000Z","0","@mog_mediaa Banyak yang lihat rating IGRS di Steam terus langsung kaget, padahal sebagian besar itu masih self-declare dari developer, jadi belum final dan masih bisa berubah.","2040832385470853490","","mog_mediaa","in","","0","0","0","https://x.com/dwi_wahyu007/status/2040832385470853490","498967058","dwi_wahyu007"
"2040443737466405115","2026-04-05T16:42:08.000Z","0","@mog_mediaa IGRS di Steam sekarang banyak yang masih data awal/selfdeclare dan belum final, atau mengingatkan bahwa niat utamanya adalah melindungi pemain muda dan menata ekosistem game, sehingga wajar kalau di fase awal masih ada hal yang perlu disesuaikan dan diperjelas bersama.","2040832370098704523","","mog_mediaa","in","","0","0","0","https://x.com/noviarguna72100/status/2040832370098704523","2004965320587706370","noviarguna72100"
"2040832335570968793","2026-04-05T16:42:00.000Z","0","Masih ada yang perlu dibenahi di IGRS, dari konsistensi rating sampai penerapan di Steam. Masukan gamer &amp; developer penting biar lebih adil dan transparan.

Ke depan, dialog akan terus dilakukan. Baca dulu penjelasan resminya, lalu diskusi pakai data.

https://t.co/znTzTjo2Td","2040832335570968793","","","in","","0","0","0","https://x.com/bantalkusam_id/status/2040832335570968793","1435291689581641731","bantalkusam_id"
"2040443737466405115","2026-04-05T16:41:54.000Z","1","@mog_mediaa IGRS di Steam itu masih banyak yang pakai data awal/self-declare jadi belum final, dan memang tujuannya buat lindungi pemain muda sekaligus ngerapihin ekosistem game, jadi wajar kalau di fase awal masih ada yang perlu disesuaikan bareng.","2040832312699678855","","mog_mediaa","in","","0","0","0","https://x.com/rpramestaa12/status/2040832312699678855","227248005","rpramestaa12"
"2040443737466405115","2026-04-05T16:41:51.000Z","0","@mog_mediaa Perlu dipahami kalau rating IGRS di Steam belum final dan masih tahap laporan awal untuk merapikan ekosistem gim agar lebih aman bagi anak-anak","2040832297872879670","","mog_mediaa","in","","0","0","0","https://x.com/carapaklek/status/2040832297872879670","230755427","carapaklek"
"2040645711650509022","2026-04-05T16:41:30.000Z","39","@rayrestufauzi Buzzer anjing sudah keluar, yg artinya apa?
KOMDONGO LEBIH MILIH KELUARIN DUIT BUAT BUZZER DARIPADA BENERIN IGRS
TAROHAN SAMA GW LU SEMUA BUZZER BUKAN USER STEAM https://t.co/zTDWfXb1YH","2040832212279718071","https://pbs.twimg.com/media/HFJ-E4QaEAAyZVf.jpg","rayrestufauzi","in","","0","3","1","https://x.com/DokutahLianSyah/status/2040832212279718071","1419991676311855104","DokutahLianSyah"
"2040443737466405115","2026-04-05T16:41:29.000Z","0","@mog_mediaa Rating IGRS di steam masih data awal jadi masih perlu banyak perbaikan","2040832204713148427","","mog_mediaa","in","","0","0","0","https://x.com/mintozaki75/status/2040832204713148427","1761381895903059968","mintozaki75"
"2040443737466405115","2026-04-05T16:41:14.000Z","0","@mog_mediaa Banyak yang belum tahu, rating IGRS di Steam saat ini sebagian masih data awal/self-declare dan belum final, jadi wajar kalau masih ada yang perlu disempurnakan sambil tetap fokus ke tujuan utamanya melindungi pemain muda.","2040832145082692037","","mog_mediaa","in","","0","0","0","https://x.com/Adiety333/status/2040832145082692037","1202870884165242880","Adiety333"
"2040443737466405115","2026-04-05T16:41:14.000Z","0","@mog_mediaa Sedikit meluruskan, rating IGRS yang muncul di Steam saat ini masih banyak yang berupa data awal/self-declare, jadi wajar kalau masih ada penyesuaian sambil tetap fokus melindungi pemain muda.","2040832142121549893","","mog_mediaa","in","","0","0","0","https://x.com/MRidhonew16179/status/2040832142121549893","1923899742062510083","MRidhonew16179"
"2040443737466405115","2026-04-05T16:41:08.000Z","0","@mog_mediaa Kritik soal IGRS di Steam menurutku masuk akal, tapi jangan lupa ini masih tahap awal. Tinggal bagaimana pihak terkait bisa lebih terbuka dan konsisten dalam perbaikannya","2040832119862440226","","mog_mediaa","in","","0","0","0","https://x.com/indahsarii54648/status/2040832119862440226","2014319527950188544","indahsarii54648"
"2040443737466405115","2026-04-05T16:40:52.000Z","0","@mog_mediaa Perlu diingat, sistem rating IGRS di Steam ini masih tahap penyesuaian dan sebagian datanya belum final, jadi lebih baik dipahami dulu konteksnya karena tujuannya memang untuk menata ekosistem game dan menjaga pemain usia muda.","2040832050870255917","","mog_mediaa","in","","0","0","0","https://x.com/PutriRahma32820/status/2040832050870255917","1908370125050568704","PutriRahma32820"
"2040443737466405115","2026-04-05T16:40:44.000Z","0","@mog_mediaa Kebingungan publik soal IGRS di Steam itu valid. Tinggal bagaimana pihak terkait bisa lebih terbuka soal kriteria dan terus memperbaiki sistemnya","2040832018163077320","","mog_mediaa","in","","0","0","0","https://x.com/Deewwiiiii/status/2040832018163077320","1171267827736571904","Deewwiiiii"
"2040491792295186826","2026-04-05T16:40:40.000Z","0","@badakmeledak_ Rating IGRS di Steam masih dalam proses, banyak yang self-declare dan belum final. Niatnya baik, lindungi pemain muda dan tata ekosistem game, yuk sama-sama paham.","2040832000475775131","","badakmeledak_","in","","0","0","0","https://x.com/rahayu49384/status/2040832000475775131","1911651578336985088","rahayu49384"
"2040582308789694688","2026-04-05T16:40:30.000Z","0","@junwatu rating IGRS di Steam kayak nya masih data awal dan belum final jadi wajar saja kalo masih butuh proses penyesuaian biar ekosistem game lebih baik lg","2040831960101302684","","junwatu","in","","0","0","0","https://x.com/Dadangsutrisn0/status/2040831960101302684","1748686169800658944","Dadangsutrisn0"
"2040479018034630743","2026-04-05T16:39:48.000Z","0","@cryofantasia Saran saya dina purnamasari Jujur memang tampilan rating IGRS di Steam ini membingungkan. Tapi, sistem baru butuh waktu penyesuaian. Semoga transparansi kriteria dan edukasi rutin terus ditingkatkan demi perbaikan yang berkelanjutan ya","2040831784104182017","","cryofantasia","in","","0","0","0","https://x.com/DinaPur468/status/2040831784104182017","1558856424054456320","DinaPur468"
"2040829120884670585","2026-04-05T16:39:46.000Z","0","@KariSharl Ternyata benar gamenya cocok buat anak 3 tahun ke atas, IGRS ga salah","2040831776340561966","","KariSharl","in","","0","0","0","https://x.com/RioCvn/status/2040831776340561966","2171249149","RioCvn"
"2040831569427038667","2026-04-05T16:38:57.000Z","1","Kemarin pagi, masih ngantuk, buka twitter ribut2 IGRS.

My still sleepy ass: ngapain Korps Garda Revolusi Iran ngurusin gim di Steam, dan kok orang Indo yg pada ribet?","2040831569427038667","","","in","","0","0","0","https://x.com/Mahisa_Aspartam/status/2040831569427038667","2002875195456200704","Mahisa_Aspartam"
"2040645711650509022","2026-04-05T16:38:51.000Z","0","@rayrestufauzi Santai dulu guys, banyak rating IGRS di Steam masih data awal/self-declare, jadi belum final. Fokus ke niat baiknya, melindungi pemain muda dan ekosistem game. Wajar ada penyesuaian di fase awal, kita sama-sama belajar 😊.","2040831543569174658","","rayrestufauzi","in","","0","5","0","https://x.com/rahayu49384/status/2040831543569174658","1911651578336985088","rahayu49384"
"2040831328724414937","2026-04-05T16:38:00.000Z","0","IGRS itu apa sih?
Sederhananya, IGRS adalah sistem klasifikasi usia untuk gim di Indonesia.

Tujuannya:
- Membantu orang tua dan pemain memilih gim yang sesuai usia
- Melindungi anak dari konten yang tidak pas
- Memberi kepastian aturan bagi pengembang lokal dan global","2040831328724414937","","","in","","0","0","0","https://x.com/bantalkusam_id/status/2040831328724414937","1435291689581641731","bantalkusam_id"
"2040582308789694688","2026-04-05T16:37:54.000Z","0","@junwatu Perlu dilihat juga bahwa sebagian rating IGRS di Steam masih berbasis deklarasi awal developer dan belum final, karena sistem ini masih dalam proses penyesuaian.","2040831304993054877","","junwatu","in","","0","1","0","https://x.com/Alizazaina94321/status/2040831304993054877","1735829180502405120","Alizazaina94321"
"2040831202576498958","2026-04-05T16:37:30.000Z","0","Kalau lagi ngikutin diskusi soal rating gim di Steam dan IGRS, ada rilis resmi yang menjelaskan posisinya. Mungkin bisa dibaca dulu untuk melengkapi informasi: https://t.co/IVY4RhX3JQ","2040831202576498958","","","in","","0","0","0","https://x.com/bobbymenra/status/2040831202576498958","1901532304541208576","bobbymenra"
"2040645711650509022","2026-04-05T16:37:01.000Z","0","@rayrestufauzi Kalau mengikuti mekanismenya, sebagian rating IGRS di Steam saat ini masih self-declare dan belum hasil penilaian akhir, karena sistemnya memang masih berkembang untuk penataan ekosistem game.","2040831081159835822","","rayrestufauzi","in","","0","0","0","https://x.com/Alizazaina94321/status/2040831081159835822","1735829180502405120","Alizazaina94321"
"2040831037966815612","2026-04-05T16:36:50.000Z","0","Buat kalian yang ngikutin rame IGRS &amp; rating gim di Steam, penjelasannya boleh di baca dulu siaran pers resminya.
biar info yang beredar lebih lengkap : 

https://t.co/8re0L94arj","2040831037966815612","","","in","","0","0","0","https://x.com/FitriyaniT15600/status/2040831037966815612","1755945409435033600","FitriyaniT15600"
"2040831016378724556","2026-04-05T16:36:45.000Z","0","ajg buzzer igrs udah mulai. eat shit komdongo","2040831016378724556","","","in","","0","0","0","https://x.com/_iorih/status/2040831016378724556","588405282","_iorih"
"2040830816549519829","2026-04-05T16:35:58.000Z","0","BROOOO, IGRS KAU BISA MIKIR GK WOYYY!!

KEKERASAN DARIMANA DI GAME PEAK GUE TANYA??? ANJRITLAH MALAH LU KASIH 18+ GBLK🐷🐶 https://t.co/3E4Z8bCNcw","2040830816549519829","https://pbs.twimg.com/media/HFJ8z7gaQAAgzvc.jpg","","in","","0","0","0","https://x.com/VDzuri/status/2040830816549519829","1093814539445952513","VDzuri"
"2040830636118962331","2026-04-05T16:35:15.000Z","0","Gais kalo mobile legend kena IGRS komdigi dan di blokir apa kabar itu? kasusnya sama kaya PSE,dan keamanan data yg cloudware itu lho","2040830636118962331","","","in","","0","0","0","https://x.com/goeli3/status/2040830636118962331","1107282610944827392","goeli3"
"2040491792295186826","2026-04-05T16:35:14.000Z","0","@badakmeledak_ Sedikit konteks saja, rating IGRS yang muncul di Steam sekarang banyak yang masih deklarasi awal dari developer, jadi kemungkinan masih akan disempurnakan karena tujuannya memang untuk panduan usia pemain.","2040830633623409031","","badakmeledak_","in","","0","0","0","https://x.com/Ginanadia67421/status/2040830633623409031","1715676531035635712","Ginanadia67421"
"2040830628602810528","2026-04-05T16:35:13.000Z","0","Buat yang lagi mengikuti isu IGRS dan rating gim di Steam, ini ada siaran pers resmi yang menjelaskan konteksnya. Bisa dibaca dulu biar dapat gambaran yang lebih utuh: https://t.co/7oUselpRmm","2040830628602810528","","","in","","0","0","0","https://x.com/rinimaulida008/status/2040830628602810528","1864930724761186304","rinimaulida008"
"2040830581450428585","2026-04-05T16:35:02.000Z","1","Berikut adalah pesannya:
Pahami dulu aturan IGRS dan rating gim di Steam lewat siaran pers resmi ini. Ada baiknya baca informasinya sampai tuntas sebelum berpendapat lebih jauh.
https://t.co/0WZENiHplO 
#IGRS #Steam #GameRating","2040830581450428585","","","in","","0","0","0","https://x.com/DinaPur468/status/2040830581450428585","1558856424054456320","DinaPur468"
"2040830524365885841","2026-04-05T16:34:48.000Z","0","Banyak yang bahas rating gim di Steam dan IGRS. Wajar kalau muncul pertanyaan di kalangan gamer dan developer saat ini.

Rating di Steam untuk Indonesia bukan resmi pemerintah. Rating resmi pakai IGRS sesuai aturan yang berlaku di Indonesia.

Penjelasan:
https://t.co/znTzTjoAIL","2040830524365885841","","","in","","0","0","0","https://x.com/bantalkusam_id/status/2040830524365885841","1435291689581641731","bantalkusam_id"
"2040830494250787003","2026-04-05T16:34:41.000Z","0","WKWKWK gue lebih percaya steam dan om gaben dibanding lu pada. alasan apa yang membuat steam tampilin rating palsu coba? gak ada IGRS juga biasanya steam pake rating ESRB, ya pasti ada permintaan lah dari yang bersangkutan, bodoh-bodoh jir alasannya","2040830494250787003","","","in","","0","0","0","https://x.com/SerMorningstar/status/2040830494250787003","1493660451997360128","SerMorningstar"
"2040645711650509022","2026-04-05T16:34:33.000Z","0","@rayrestufauzi Sedikit konteks, rating IGRS yang sekarang terlihat masih banyak yang belum final karena masih fase awal penyesuaian sistem untuk melindungi pemain muda.","2040830461845582153","","rayrestufauzi","in","","0","1","0","https://x.com/JancokAsu893230/status/2040830461845582153","1793661894408155136","JancokAsu893230"
"2040645711650509022","2026-04-05T16:34:01.000Z","0","@rayrestufauzi Perlu diingat juga, banyak rating IGRS di Steam saat ini masih berupa data awal atau self-declare dari developer, jadi belum semuanya final karena sistemnya masih dalam tahap penyesuaian untuk perlindungan pemain muda.","2040830326344429609","","rayrestufauzi","in","","0","1","0","https://x.com/Ginanadia67421/status/2040830326344429609","1715676531035635712","Ginanadia67421"
"2040479018034630743","2026-04-05T16:33:41.000Z","0","@cryofantasia IGRS di Steam saat ini masih dlm tahap transisi, sehingga beberapa rating bs aja berubah setelah ada peninjauan ulang. Ini hal yg cukup wajar di tahap awal😀","2040830243376894325","","cryofantasia","in","","0","0","0","https://x.com/ayoitsmoy/status/2040830243376894325","1411105269757595652","ayoitsmoy"
"2040640511946686843","2026-04-05T16:33:25.000Z","0","@kukuhya Sedikit meluruskan ya, rating IGRS yang muncul di Steam itu banyak yang masih tahap awal/self declare dari developer, jadi belum final sepenuhnya. Wajar kalau sekarang masih ada yang terasa kurang pas, karena memang lagi proses penyesuaian.","2040830175815065683","","kukuhya","in","","1","6","0","https://x.com/rinimaulida008/status/2040830175815065683","1864930724761186304","rinimaulida008"
"2040645711650509022","2026-04-05T16:33:12.000Z","0","@rayrestufauzi Sedikit meluruskan, rating IGRS yang tampil di Steam saat ini banyak yang masih data awal/self-declare dan belum final, jadi wajar kalau masih ada yang disesuaikan sambil tetap fokus melindungi pemain muda.","2040830120458588227","","rayrestufauzi","in","","0","1","0","https://x.com/MRidhonew16179/status/2040830120458588227","1923899742062510083","MRidhonew16179"
"2040645711650509022","2026-04-05T16:33:10.000Z","0","@rayrestufauzi Rating IGRS datanya masih awal belum lengkap tujuannya sih bagus buat lindungi anak muda dan ekosistem game.","2040830114414690756","","rayrestufauzi","in","","0","1","0","https://x.com/SuryanaAja13/status/2040830114414690756","1504418800166633473","SuryanaAja13"
"2040491792295186826","2026-04-05T16:33:08.000Z","0","@badakmeledak_ Dari sisi pengguna, sistem rating IGRS di Steam sekarang masih terasa kurang jelas. Tapi kalau ini bagian dari proses, semoga ada evaluasi dan penyempurnaan yang konsisten","2040830106801959007","","badakmeledak_","in","","0","0","0","https://x.com/Deewwiiiii/status/2040830106801959007","1171267827736571904","Deewwiiiii"
"2040830085981479117","2026-04-05T16:33:03.000Z","2","Tenggorokkan lagi sakit dan ngeliat KOMDONGO ngelempar tanggung jawab IGRS ke Steam. https://t.co/vJ5vYpNHgR","2040830085981479117","https://pbs.twimg.com/media/HFJ8Ia9a0AAXVg3.jpg","","in","","0","0","1","https://x.com/CakraKjaerbye/status/2040830085981479117","1586124648005005312","CakraKjaerbye"
"2040479018034630743","2026-04-05T16:33:01.000Z","0","@cryofantasia kan bikin geger emang bener tampilan rating IGRS di steam kaya lagi gak  tapi moga ajah ini cuma efek penyesuaian ajah bakal normal dan lebih baik lagi","2040830075000729839","","cryofantasia","in","","0","0","0","https://x.com/Dadangsutrisn0/status/2040830075000729839","1748686169800658944","Dadangsutrisn0"
"2040645711650509022","2026-04-05T16:32:43.000Z","0","@rayrestufauzi Menurut saya wajar kalau masih ada kebingungan, karena sistem IGRS di Steam masih dalam proses penyesuaian.","2040830000598061173","","rayrestufauzi","in","","0","1","0","https://x.com/hilyazu/status/2040830000598061173","1811992986022211584","hilyazu"
"2040645711650509022","2026-04-05T16:32:38.000Z","0","@rayrestufauzi Perlu dipahami kalau rating IGRS di Steam belum final dan masih tahap laporan awal untuk merapikan ekosistem gim agar lebih aman bagi anak-anak.","2040829981249745336","","rayrestufauzi","in","","0","1","0","https://x.com/carapaklek/status/2040829981249745336","230755427","carapaklek"
"2040640511946686843","2026-04-05T16:32:37.000Z","0","@kukuhya Gak usah panik, gak usah marah-marah gak jelas. IGRS ini kan bertujuan buat ngelindungi para pemain muda yang underage. Jadi ada batasan umurnya. Kalo masih ada yang perlu dibenerin, ya wajar lah. Mendingan kita kawal bersama","2040829975969017959","","kukuhya","in","","0","5","0","https://x.com/racunserudotcom/status/2040829975969017959","1942393825168875522","racunserudotcom"
"2040491792295186826","2026-04-05T16:32:28.000Z","0","@badakmeledak_ Sedikit info, rating IGRS di Steam saat ini banyak yang masih tahap awal/self declare, jadi belum final dan masih proses penyesuaian.","2040829935313641590","","badakmeledak_","in","","0","0","0","https://x.com/AlinGibroez/status/2040829935313641590","1768240865703800832","AlinGibroez"
"2040645711650509022","2026-04-05T16:32:25.000Z","0","@rayrestufauzi Wajar kalau publik bingung dengan sistem rating IGRS di Steam sekarang","2040829926233018625","","rayrestufauzi","in","","0","0","0","https://x.com/Deewwiiiii/status/2040829926233018625","1171267827736571904","Deewwiiiii"
"2040645711650509022","2026-04-05T16:32:19.000Z","0","@rayrestufauzi IGRS di Steam itu sekarang masih banyak yang berbasis data awal/self-declare jadi belum final, jadi wajar kalau masih ada penyesuaian, apalagi tujuan utamanya kan buat lindungi pemain muda dan bikin ekosistem game lebih rapi 👍","2040829901209735602","","rayrestufauzi","in","","0","1","0","https://x.com/rpramestaa12/status/2040829901209735602","227248005","rpramestaa12"
"2040829806993158354","2026-04-05T16:31:57.000Z","0","Igrs ono buzzer e cik 😭😭","2040829806993158354","","","hu","","0","0","0","https://x.com/ap398_/status/2040829806993158354","1386757098","ap398_"
"2040645711650509022","2026-04-05T16:31:54.000Z","0","@rayrestufauzi Sekadar info, rating IGRS di Steam saat ini banyak yang masih tahap awal/self-declare jadi belum final, dan memang tujuannya buat perlindungan pemain muda serta penataan ekosistem, jadi wajar kalau masih butuh penyesuaian","2040829796125647093","","rayrestufauzi","in","","0","6","0","https://x.com/dvrtlngi/status/2040829796125647093","1597430218230497280","dvrtlngi"
"2040645711650509022","2026-04-05T16:31:47.000Z","0","@rayrestufauzi Perlu diluruskan, yang tampil di Steam itu sebagian masih data awal IGRS, wajar kalau belum sepenuhnya akurat karena masih tahap pengembangan.","2040829764072837481","","rayrestufauzi","in","","0","1","0","https://x.com/AlinGibroez/status/2040829764072837481","1768240865703800832","AlinGibroez"
"2040645711650509022","2026-04-05T16:31:34.000Z","0","@rayrestufauzi Bantu luruskan ya, rating IGRS di Steam itu kebanyakan masih data awal atau self-declare yang belum final, jadi wajar kalau masih ada penyesuaian di fase awal ini demi niat baik menata ekosistem game dan melindungi pemain muda kita.","2040829710268338595","","rayrestufauzi","in","","0","1","0","https://x.com/dh74169970/status/2040829710268338595","1758767777320689664","dh74169970"
"2040645711650509022","2026-04-05T16:31:29.000Z","0","@rayrestufauzi Sebenernya rating IGRS di Steam sekarang banyak yang masih tahap awal/self-declare dan belum final, jadi wajar kalau masih ada yang membingungkan karena ini juga bagian dari upaya melindungi pemain muda dan penyesuaian sistem ke depan.","2040829689598709963","","rayrestufauzi","in","","0","1","0","https://x.com/Adiety333/status/2040829689598709963","1202870884165242880","Adiety333"
"2040582308789694688","2026-04-05T16:31:19.000Z","0","@junwatu Iya langkah yg dilakukan komdigi sangat tepat,melindungi pemain muda dan menata ekosistem game, sehingga wajar kalau di fase awal masih ada hal yang perlu disesuaikan dan diperjelas bersama. Sebenarnya sistem IGRS data awalnya blm selesai atau sempurna","2040829647852888139","","junwatu","in","","0","0","0","https://x.com/Ranti130920/status/2040829647852888139","1855364957027876864","Ranti130920"
"2040645711650509022","2026-04-05T16:31:16.000Z","0","@rayrestufauzi IGRS di Steam sekarang banyak yang masih data awal/selfdeclare dan belum final, sekaligus mengingatkan bahwa niat utamanya adalah melindungi pemain muda dan menata ekosistem game, sehingga wajar kalau di fase awal masih ada hal yang perlu disesuaikan dan diperjelas bersama.","2040829636226212229","","rayrestufauzi","in","","0","1","0","https://x.com/noviarguna72100/status/2040829636226212229","2004965320587706370","noviarguna72100"
"2040645711650509022","2026-04-05T16:31:08.000Z","0","@rayrestufauzi Perlu dipahami dulu kalau rating IGRS yang muncul saat ini sebagian masih data awal dari developer, jadi belum final, dan memang lagi proses pembenahan supaya ke depannya lebih jelas sekaligus tetap menjaga keamanan pemain muda.","2040829600478199927","","rayrestufauzi","in","","0","1","0","https://x.com/PutriRahma32820/status/2040829600478199927","1908370125050568704","PutriRahma32820"
"2040829495079481683","2026-04-05T16:30:43.000Z","1","Lagi ramai soal IGRS dan rating gim di Steam. Ada siaran pers resmi yang menjelaskan konteksnya. Mungkin baik dibaca dulu sebelum menilai lebih jauh: https://t.co/6Kb8p6PzNz
#IGRS #Steam #GameIndonesia #InfoGame #GamingID","2040829495079481683","","","in","","0","0","0","https://x.com/ZaskiaZask2031/status/2040829495079481683","1809101659647455232","ZaskiaZask2031"
"2040479018034630743","2026-04-05T16:30:34.000Z","0","@cryofantasia Dari sudut pandang pengguna, sistem rating IGRS di Steam saat ini belum terlalu mudah dipahami. Wajar kalau muncul pertanyaan. Semoga ke depan ada komunikasi yang lebih jelas soal standar penilaiannya.","2040829457938907596","","cryofantasia","in","","0","0","0","https://x.com/Alizazaina94321/status/2040829457938907596","1735829180502405120","Alizazaina94321"
"2040711244660068645","2026-04-05T16:30:21.000Z","2","@mediterariaa_ Kalian g perlu khawatir GTA 6 g lolos IGRS, wong GTA SA aja ratingnya 3+ wkwkwkwk","2040829406319653176","","mediterariaa_","in","","0","0","0","https://x.com/nabawhy/status/2040829406319653176","1134365860477333504","nabawhy"
"2040684902866411853","2026-04-05T16:30:11.000Z","0","@RRDelusi Biar gak salah paham, sebenarnya wajar kok kalau di awal fase rilis gini masih banyak rating yang belum pas di Steam. Dari rilis resminya, data yang muncul sekarang itu sebagian besar masih self-declare dari sistem internal, jadi belum melalui proses verifikasi resmi dari IGRS.","2040829360660480352","","RRDelusi","in","","0","0","0","https://x.com/rpramestaa12/status/2040829360660480352","227248005","rpramestaa12"
"2040829296277889471","2026-04-05T16:29:55.000Z","0","https://t.co/QYa3jybeLe Lagi ramai bahas IGRS dan rating gim di Steam, ini ada penjelasan resmi yang bisa jadi rujukan biar lebih paham konteksnya. Mungkin bisa disimak dulu sebelum menarik kesimpulan","2040829296277889471","","","in","","0","0","0","https://x.com/NganjukSun23590/status/2040829296277889471","1949393136725442560","NganjukSun23590"
"2040582308789694688","2026-04-05T16:29:26.000Z","0","@junwatu Jadi rating yang kita lihat sekarang belum hasil akhirnya ya, soalnya masih fase awal implementasi IGRS. Wajar banget kalau ada yang belum pas, karena tujuannya kan lagi disusun biar ekosistem gim nasional makin teratur dan aman! 👍","2040829174555054400","","junwatu","in","","0","0","0","https://x.com/VinaAmelia33281/status/2040829174555054400","1861041909810221056","VinaAmelia33281"
"2040479018034630743","2026-04-05T16:29:23.000Z","0","@cryofantasia Rating IGRS sedang dalam penyesuaian Biar lebih baik lagi di mainkan game nya untuk anak muda.","2040829161842057611","","cryofantasia","in","","0","0","0","https://x.com/SuryanaAja13/status/2040829161842057611","1504418800166633473","SuryanaAja13"
"2040829115956383976","2026-04-05T16:29:12.000Z","1","DETROIT MASUK IGRS TIDAK LAYAK DISTRIBUSI, MAKSUDLU APA AJG","2040829115956383976","","","in","","0","0","0","https://x.com/novocannez/status/2040829115956383976","1608131726072745984","novocannez"
"2040479018034630743","2026-04-05T16:28:59.000Z","0","@cryofantasia Harus diakui bahwa memang tampil rating IGRS di steam bagi banyak orang sangat membingungkan tapi perlu diketahui bahwa sistem ya sedang dalam masa penyesuaian dan butuh waktu","2040829062541881495","","cryofantasia","in","","0","0","0","https://x.com/Alvaro734877/status/2040829062541881495","1959905943480877056","Alvaro734877"
"2040582308789694688","2026-04-05T16:28:45.000Z","0","@junwatu Tmpilan rating IGRS di Steam sekarang memang membingungkan bagi banyak orang, namun menekankan bahwa sistemnya sedang dalam masa penyesuaian dan perlu waktu","2040829001040859370","","junwatu","in","","0","0","0","https://x.com/noviarguna72100/status/2040829001040859370","2004965320587706370","noviarguna72100"
"2040828994510315936","2026-04-05T16:28:43.000Z","0","https://t.co/BQMt0d3LRd
Sebelum ambil kesimpulan soal sistem rating IGRS di Steam, ada baiknya lihat dulu penjelasan resminya supaya konteksnya lebih lengkap","2040828994510315936","","","in","","0","0","0","https://x.com/hilyazu/status/2040828994510315936","1811992986022211584","hilyazu"
"2040582308789694688","2026-04-05T16:27:46.000Z","0","@junwatu Biar nggak salah paham, rating IGRS di Steam itu kebanyakan masih data awal atau self-declare, jadi belum final. Wajar banget kalau di fase awal ini masih butuh penyesuaian demi melindungi pemain muda kita","2040828752587108620","","junwatu","in","","0","0","0","https://x.com/carapaklek/status/2040828752587108620","230755427","carapaklek"
"2040582308789694688","2026-04-05T16:27:41.000Z","0","@junwatu Sistem rating IGRS di Steam memang butuh waktu untuk adaptasi, tapi yang penting adalah komitmen untuk terus memperbaikinya. Harus ada komunikasi yang lebih jelas dan transparan dari pihak terkait biar pengguna nggak cuma sekedar ""ditunggu aja"".","2040828732806775267","","junwatu","in","","0","0","0","https://x.com/rahayu49384/status/2040828732806775267","1911651578336985088","rahayu49384"
"2040582308789694688","2026-04-05T16:27:13.000Z","0","@junwatu Rating IGRS di Steam sekarang banyak yang masih data awal/selfdeclare dan belum final, niat utama dalam membuat sistem IGRS ini melindungi pemain muda yang belum cukup umur untuk memainkan game ini. Tolonglah Komdigi buat sistem IGRS lebih baik dan benar lagi agar semua senang.","2040828616486064310","","junwatu","in","","0","0","0","https://x.com/andybalala19/status/2040828616486064310","1399951844000997378","andybalala19"
"2040582308789694688","2026-04-05T16:26:44.000Z","0","@junwatu Tampilan IGRS di Steam memang masih data awal dan belum final. Sangat wajar kalo diawal masih butuh penyesuaian kan memang tujuan nya untuk melindungi pemain muda dan menata games2","2040828495094538738","","junwatu","in","","0","0","0","https://x.com/Emmeliachr59881/status/2040828495094538738","2018339489492643840","Emmeliachr59881"
"2040828455286395065","2026-04-05T16:26:35.000Z","0","Igrs memang nyabu kayanya😂😂😂","2040828455286395065","","","in","","0","0","0","https://x.com/krisnaardis/status/2040828455286395065","1892734362","krisnaardis"
"2040582308789694688","2026-04-05T16:26:27.000Z","0","@junwatu Perlu diingat juga, tujuan utama IGRS ini untuk melindungi pemain muda dan menata ekosistem game supaya lebih sehat. Jadi proses awal spt ini memang butuh waktu untuk penyempurnaan😀","2040828421652332625","","junwatu","in","","0","0","0","https://x.com/ayoitsmoy/status/2040828421652332625","1411105269757595652","ayoitsmoy"
"2040818906806505730","2026-04-05T16:26:25.000Z","0","@mmaryasir trus abis ini dia muncul sok jadi pahlawan IGRS :))","2040828413033017775","","mmaryasir","in","","0","0","0","https://x.com/monstreza/status/2040828413033017775","297832764","monstreza"
"2040684902866411853","2026-04-05T16:26:24.000Z","0","@RRDelusi Kuy ahh Santai dulu say, rating IGRS di Steam itu masih banyak yang data awal/self-declare, belum final. Tujuannya juga buat lindungi gamer muda dan benahin ekosistem. Wajar kalau masih disempurnakan.
#proteccionjuvenil #industriajuegos #clasificacionjuegos #ecosistemagaming #inf","2040828410260520969","","RRDelusi","in","","0","1","0","https://x.com/ZaskiaZask2031/status/2040828410260520969","1809101659647455232","ZaskiaZask2031"
"2040828362101571832","2026-04-05T16:26:12.000Z","0","Kalau mau bahas IGRS, coba baca dulu penjelasan resminya ya:
https://t.co/glTzrSngxw

Rating IGRS di Steam belum tentu resmi, masih self-declare, bisa bikin salah paham soal batas umur.
Baru kritik pakai data biar suara gamer &amp; dev makin didengar, bukan cuma emosi.","2040828362101571832","","","in","","0","0","0","https://x.com/BosRQ_/status/2040828362101571832","1395017327750508545","BosRQ_"
"2040656823376912493","2026-04-05T16:26:07.000Z","0","@viyushiwinko Indonesia Gooning Rating System (IGRS)","2040828339221647482","","viyushiwinko","en","","0","0","0","https://x.com/Andradeva001/status/2040828339221647482","1955259870854471680","Andradeva001"
"2040479018034630743","2026-04-05T16:26:01.000Z","0","@cryofantasia Tampilan rating IGRS di Steam emang bikin banyak orang bingung, tapi harus diakui sistemnya masih dalam proses penyesuaian. Harap maklum kalau masih ada hal yang perlu diperbaiki,","2040828312340300201","","cryofantasia","in","","0","0","0","https://x.com/rahayu49384/status/2040828312340300201","1911651578336985088","rahayu49384"
"2040828295147856168","2026-04-05T16:25:56.000Z","0","IGRS (rating gim lokal) itu wajar, byk negara jg punya. Tujuannya lindungi anak, bantu orang tua, jd panduan.
Masalahnya di penerapan IGRS: ada gim besar dianggap nggak layak edar, sementara yg lain ratingnya nggak konsisten. Jd yg perlu dibenahi aturan &amp; teknisnya, bukan idenya","2040828295147856168","","","in","","0","0","0","https://x.com/BosRQ_/status/2040828295147856168","1395017327750508545","BosRQ_"
"2040828255721365558","2026-04-05T16:25:47.000Z","0","ini adalah link klarifikasi ttg Rating IGRS yg tampak di steam..memang membingungkan mgkn..tapi coba buka .baca dan pahami tautan dibawah ini   agar tak ada salah pengertian 

https://t.co/50gaFznK3p","2040828255721365558","","","in","","0","1","0","https://x.com/mintozaki75/status/2040828255721365558","1761381895903059968","mintozaki75"
"2040619090038194329","2026-04-05T16:25:31.000Z","0","@kerissakti Sekadar info aja nih, rating di Steam sekarang masih dalam proses awal penerapan IGRS, jadi belum final banget. Wajar sih kalau ada yang belum pas, karena lagi dibangun biar ekosistem gim di Indonesia makin rapi dan terlindungi dengan baik!","2040828188151132542","","kerissakti","in","","0","20","0","https://x.com/VinaAmelia33281/status/2040828188151132542","1861041909810221056","VinaAmelia33281"
"2040619090038194329","2026-04-05T16:25:22.000Z","0","@kerissakti Harus diakui kalau tampilan rating IGRS di Steam saat ini memang bikin bingung dan memicu banyak pertanyaan di komunitas. Tapi kalau dilihat secara objektif, ini sepertinya masih tahap penyesuaian sistem yang butuh waktu untuk sinkron.","2040828148967944609","","kerissakti","in","","0","1","0","https://x.com/ikaikuikok/status/2040828148967944609","620724276","ikaikuikok"
"2040828148963840410","2026-04-05T16:25:22.000Z","0","Timeline lg penuh soal IGRS &amp; rating gim di Steam. Byk yg kesal. Tapi penting lihat konteks &amp; info resmi biar protesnya tepat.
Info: rating di Steam untuk Indonesia bukan rating resmi pemerintah. Rating resmi pakai IGRS, idealnya buat batas umur pemain, bukan sekadar blokir gim","2040828148963840410","","","in","","0","0","0","https://x.com/BosRQ_/status/2040828148963840410","1395017327750508545","BosRQ_"
"2040479018034630743","2026-04-05T16:25:16.000Z","0","@cryofantasia Jujur tampilan rating IGRS di Steam saat ini memang masih cukup membingungkan buat banyak orang. Tapi kalau memang masih masa penyesuaian, mungkin yang paling penting sekarang adalah update penjelasan yang rutin dan transparansi soal kriterianya","2040828124028665876","","cryofantasia","in","","0","0","0","https://x.com/JancokAsu893230/status/2040828124028665876","1793661894408155136","JancokAsu893230"
"2040828029031919997","2026-04-05T16:24:53.000Z","0","Kalau mengikuti diskusi tentang IGRS dan rating gim di Steam, ada siaran pers resmi yang menjelaskan konteksnya. Bisa dicek dulu di sini:
https://t.co/ung7RZzOMG","2040828029031919997","","","in","","0","1","0","https://x.com/Ginanadia67421/status/2040828029031919997","1715676531035635712","Ginanadia67421"
"2040479018034630743","2026-04-05T16:24:49.000Z","0","@cryofantasia Wajar jika banyak yang mempertanyakan rating IGRS yang muncul di Steam sekarang karena informasinya masih simpang siur. Sebagai langkah perbaikan berkelanjutan, transparansi mengenai indikator penilaian sangat diperlukan agar masa transisi ini bisa dipahami dengan baik oleh gamer","2040828012850196961","","cryofantasia","in","","0","0","0","https://x.com/carapaklek/status/2040828012850196961","230755427","carapaklek"
"2040828009712910493","2026-04-05T16:24:48.000Z","0","IGRS kontol","2040828009712910493","","","sl","","0","0","0","https://x.com/fahrizi47/status/2040828009712910493","1980569683276492800","fahrizi47"
"2040582308789694688","2026-04-05T16:24:46.000Z","0","@junwatu IGRS di Steam sekarang banyak yang masih data awal/selfdeclare dan belum final, sekaligus mengingatkan bahwa niat utamanya adalah melindungi pemain muda dan menata ekosistem game, sehingga wajar kalau di fase awal masih ada hal yang perlu disesuaikan dan diperjelas bersama.","2040827997792670142","","junwatu","in","","0","0","0","https://x.com/noviarguna72100/status/2040827997792670142","2004965320587706370","noviarguna72100"
"2040619090038194329","2026-04-05T16:24:43.000Z","0","@kerissakti Jujur tampilan rating IGRS di Steam saat ini memang masih cukup membingungkan buat banyak orang. Tapi kalau memang masih masa penyesuaian, mungkin yang paling penting sekarang adalah update penjelasan yang rutin dan transparansi soal kriterianya.","2040827988313510317","","kerissakti","in","","0","2","0","https://x.com/JancokAsu893230/status/2040827988313510317","1793661894408155136","JancokAsu893230"
"2040619090038194329","2026-04-05T16:24:43.000Z","0","@kerissakti Harus diakui bahwa memang tampilan rating IGRS di steam bagi banyak orang sangat membingungkan tapi perlu diketahui bahwa sistem ya sedang dalam masa penyesuaian dan butuh waktu","2040827987256586261","","kerissakti","in","","0","1","0","https://x.com/Alvaro734877/status/2040827987256586261","1959905943480877056","Alvaro734877"
"2040582308789694688","2026-04-05T16:24:36.000Z","0","@junwatu rating IGRS di Steam saat ini masih banyak yang tahap awal (self-declare), jadi belum final. Tujuannya untuk melindungi pemain muda dan menata ekosistem game, jadi wajar kalau di fase awal masih ada yang perlu disesuaikan dan diperjelas bersama.","2040827957527355903","","junwatu","in","","0","0","0","https://x.com/NganjukSun23590/status/2040827957527355903","1949393136725442560","NganjukSun23590"
"2040619090038194329","2026-04-05T16:24:35.000Z","0","@kerissakti rating IGRS yang tampil di Steam itu banyak yang masih tahap pengembangan jadi belum terselelsaikan sepenuhnya Memang lagi proses perbaikan wajar kalau masih ada yang belum pias dengan hasilnya.","2040827954012578193","","kerissakti","in","","0","1","0","https://x.com/ssigitpermana98/status/2040827954012578193","1865958130552811520","ssigitpermana98"
"2040479018034630743","2026-04-05T16:21:50.000Z","0","@cryofantasia Jujur aja, tampilan rating IGRS di Steam sekarang emang masih bikin bingung buat banyak orang. Tapi kalau dilihat, ini lagi fase penyesuaian jadi wajar belum rapi—yang penting ke depan perlu update penjelasan yang rutin, transparansi kriteria, dan perbaikan terus biar makin jelas","2040827260517945362","","cryofantasia","in","","0","0","0","https://x.com/dvrtlngi/status/2040827260517945362","1597430218230497280","dvrtlngi"
"2040826387121209415","2026-04-05T16:21:50.000Z","27","Kata kuncinya ""sedikit meluruskan"", ""rating IGRS"", ""masa transisi"", ""self declare""","2040827260316623155","","ObiWan_Catnobi","in","","0","0","5","https://x.com/ObiWan_Catnobi/status/2040827260316623155","371261655","ObiWan_Catnobi"
"2040640511946686843","2026-04-05T16:21:47.000Z","0","@kukuhya Sedikit meluruskan ya, rating IGRS yg muncul di Steam sekarang bnyk yg masih bersifat data awal/self-declare dari developer, jadi belum semuanya final. Memang masih tahap penyesuaian sambil dirapikan","2040827249059066314","","kukuhya","in","","0","2","0","https://x.com/ayoitsmoy/status/2040827249059066314","1411105269757595652","ayoitsmoy"
"2040479018034630743","2026-04-05T16:21:42.000Z","0","@cryofantasia Wajar sih kalau banyak yang masih bingung lihat rating IGRS di Steam sekarang, karena tampilannya memang belum terlalu familiar buat sebagian pemain. Tapi menurut saya ini masih tahap penyesuaian, jadi memang butuh waktu supaya orang makin paham sistemnya.","2040827229236818067","","cryofantasia","in","","0","0","0","https://x.com/hilyazu/status/2040827229236818067","1811992986022211584","hilyazu"
"2040619090038194329","2026-04-05T16:21:40.000Z","0","@kerissakti Jujur, tampilan rating IGRS di Steam saat ini memang cukup membingungkan bagi banyak pengguna. Tapi karena masih tahap penyesuaian, mungkin perlu waktu—yang penting ke depan penjelasannya lebih rutin dan transparan.","2040827219396931679","","kerissakti","in","","0","1","0","https://x.com/Alizazaina94321/status/2040827219396931679","1735829180502405120","Alizazaina94321"
"2040582308789694688","2026-04-05T16:21:39.000Z","0","@junwatu Banyak yang salah paham soal rating IGRS di Steam, dan itu kelihatan dari tampilannya yang belum intuitif","2040827213990567945","","junwatu","in","","0","0","0","https://x.com/Deewwiiiii/status/2040827213990567945","1171267827736571904","Deewwiiiii"
"2040619090038194329","2026-04-05T16:21:36.000Z","0","@kerissakti Jujur tampilan rating IGRS di Steam saat ini memang masih cukup membingungkan buat banyak orang. Tapi kalau memang masih masa penyesuaian, mungkin yang paling penting sekarang adalah update penjelasan yang rutin dan transparansi soal kriterianya.","2040827201625661554","","kerissakti","in","","0","1","0","https://x.com/MRidhonew16179/status/2040827201625661554","1923899742062510083","MRidhonew16179"
"2040827186954084703","2026-04-05T16:21:32.000Z","0","Baru baca case IGRS","2040827186954084703","","","und","","0","0","0","https://x.com/4wallsnet/status/2040827186954084703","1379328662","4wallsnet"
"2040619090038194329","2026-04-05T16:21:23.000Z","0","@kerissakti Sekadar meluruskan konteksnya, rating yang kita lihat sekarang di Steam itu belum hasil akhir karena masih fase awal penerapan IGRS. Wajar kalau ada yang kelihatan belum pas, karena memang tujuannya sedang merapikan ekosistem gim nasional agar lebih terlindungi.","2040827149675004000","","kerissakti","in","","0","2","0","https://x.com/carapaklek/status/2040827149675004000","230755427","carapaklek"
"2040827118746300792","2026-04-05T16:21:17.000Z","0","Teman teman yang ngikutin rame IGRS &amp; rating gim di Steam, penjelasan resminya ada di sini, boleh jadi bahan baca dulu, linknya yang udh saya sematkan diatas ya☝️","2040827123288662525","","Ranti130920","in","","0","0","0","https://x.com/Ranti130920/status/2040827123288662525","1855364957027876864","Ranti130920"
"2040619090038194329","2026-04-05T16:21:16.000Z","0","@kerissakti Rating IGRS di Steam saat ini memang membingungkan &amp; butuh penyesuaian. Penting ada transparansi kriteria &amp; perbaikan rutin agar sistem makin akurat. 🎮✨","2040827120642056562","","kerissakti","in","","0","0","0","https://x.com/dh74169970/status/2040827120642056562","1758767777320689664","dh74169970"
"2040619090038194329","2026-04-05T16:20:58.000Z","0","@kerissakti Jujur aja tampilan rating IGRS di Steam sekarang masih bikin bingung banyak orang. Tapi kalau ini memang lagi tahap penyesuaian, ya wajar butuh waktu","2040827044381220891","","kerissakti","in","","0","1","0","https://x.com/Deewwiiiii/status/2040827044381220891","1171267827736571904","Deewwiiiii"
"2040619090038194329","2026-04-05T16:20:55.000Z","0","@kerissakti Sedikit meluruskan ya, rating IGRS yang tampil di Steam itu banyak yang masih tahap awal/self declare dari developer, jadi belum final. Memang lagi proses penyesuaian, wajar kalau masih ada yang belum pas.","2040827031349538861","","kerissakti","in","","0","1","0","https://x.com/AlinGibroez/status/2040827031349538861","1768240865703800832","AlinGibroez"
"2040826745990045726","2026-04-05T16:19:47.000Z","0","https://t.co/6mYW2tgLkA
Buat yang lagi ramai bahas IGRS dan rating gim di Steam, mungkin perlu cek dulu penjelasan resminya biar lebih paham konteksnya. Ada info penting tentang proses dan tujuannya,","2040826745990045726","","","in","","0","2","0","https://x.com/rahayu49384/status/2040826745990045726","1911651578336985088","rahayu49384"
"2040826358960640332","2026-04-05T16:19:44.000Z","0","If anything, the implementation of IGRS would push people more towards piracy.

Pake sok melindungi pengguna, pula. Judol masih marak aja, sok-sokan melindungi lu","2040826732073390222","","azurestasera","in","","0","0","0","https://x.com/azurestasera/status/2040826732073390222","230165089","azurestasera"
"2040826498224206129","2026-04-05T16:18:51.000Z","0","Selalu gunakan referensi resmi IGRS dalam memilih gim yang aman sesuai usia. Laporkan jika menemukan ketidaksesuaian rating agar ruang digital kita tetap sehat dan terlindungi bagi generasi muda. 🇮🇩🌐

#RuangDigitalAman https://t.co/ngdYLKPfu0","2040826509326446686","https://pbs.twimg.com/media/HFJ45E3aYAAOeO5.jpg","indonesiago_id","in","","0","0","0","https://x.com/indonesiago_id/status/2040826509326446686","1166311360898072577","indonesiago_id"
"2040826498224206129","2026-04-05T16:18:48.000Z","0","Waspada! Kemkomdigi tegaskan rating IGRS di Steam saat ini bukan rating resmi pemerintah. Klarifikasi segera dilakukan kepada pihak Steam untuk memastikan klasifikasi gim sesuai dengan aturan pelindungan anak di Indonesia. 🎮🚫

#GameRating https://t.co/2y6S1k1gwt","2040826498224206129","https://pbs.twimg.com/media/HFJ44WgaQAEEp71.jpg","","in","","0","1","0","https://x.com/indonesiago_id/status/2040826498224206129","1166311360898072577","indonesiago_id"
"2040826358960640332","2026-04-05T16:18:15.000Z","0","""Market kita gede""? AAA games? Di Indonesia? Yang bener aja lu. Pake contoh GTA 6 yang digadang-gadang bakal jadi game $100 pertama, di Indonesia mau jadi berapa? Game $60 aja udah ada yang harganya sejuta di Steam.

Market AAA games di Indo itu kecil. IGRS ini gaada urgensinya.","2040826358960640332","","","in","","0","1","0","https://x.com/azurestasera/status/2040826358960640332","230165089","azurestasera"
"2040826341390794987","2026-04-05T16:18:11.000Z","0","Sedang ramai dibahas soal IGRS dan sistem rating gim di Steam. Ada penjelasan resmi yang bisa dibaca dulu supaya informasinya lebih lengkap: 
https://t.co/7Yp6142gOJ","2040826341390794987","","","in","","0","0","0","https://x.com/Alizazaina94321/status/2040826341390794987","1735829180502405120","Alizazaina94321"
"2040826146242318761","2026-04-05T16:17:24.000Z","0","Mulai dah buzzernya pake narasi self-declare. Padahal kita jg tau yg submit esrb, pegi, gitu jg self-declare.

Poinnya bukan itu.

IGRS ini 'menurut pandangan gua' terlihat mau berperan bukan di labelingnya doang, tp ikut ngatur censorship sampe bisa blokir game yg ga sesuai.","2040826146242318761","","","in","","0","1","0","https://x.com/Firmandanny/status/2040826146242318761","57889446","Firmandanny"
"2040684902866411853","2026-04-05T16:17:19.000Z","0","@RRDelusi Berdasarkan info yang ada, IGRS di Steam sekarang masih dalam tahap awal nih, jadi datanya belum final banget. Masih banyak yang baru deklarasi awal dari developernya. Tujuannya sih biar sistem ratingnya makin jelas dan aman buat semua kalangan usia","2040826124255862994","","RRDelusi","in","","0","0","0","https://x.com/VinaAmelia33281/status/2040826124255862994","1861041909810221056","VinaAmelia33281"
"2040684902866411853","2026-04-05T16:17:18.000Z","0","@RRDelusi Kalau ngikutin infonya, IGRS di Steam sekarang lagi dalam tahap awal implementasi, jadi datanya belum final ya. Banyak yang masih berupa deklarasi awal dari developer. Tujuannya sih bagus banget, biar sistem rating-nya jadi lebih jelas, aman, dan nyaman buat semua kalangan usia","2040826119491068144","","RRDelusi","in","","0","0","0","https://x.com/ReisaAmeli42101/status/2040826119491068144","1987461075345063937","ReisaAmeli42101"
"2040640511946686843","2026-04-05T16:15:21.000Z","0","@kukuhya Sebenarnya IGRS di Steam sekarang banyak yang masih data awal/selfdeclare dan belum final,serta melindungi pemain muda, dari ekosistem yg bermasalah ,kerja komdigi udh tepat itu","2040825631508967442","","kukuhya","in","","0","2","0","https://x.com/Ranti130920/status/2040825631508967442","1855364957027876864","Ranti130920"
"2040806491507319133","2026-04-05T16:15:14.000Z","0","@iPoopBased sahabat igrs","2040825601477747103","","iPoopBased","in","","0","0","0","https://x.com/tsngnugadhm/status/2040825601477747103","1161891121141698560","tsngnugadhm"
"2040825484628615315","2026-04-05T16:14:46.000Z","4","ready vcs cs cek bio

senin tidak ada kenaikan bbm prabowo melindungi rakyat puma bella v jauhi eksklusif di lazada igrs #vcscrottt https://t.co/ArYadAqKSF","2040825484628615315","https://pbs.twimg.com/media/HFJ39VXaYAAZJmP.jpg","","in","","0","5","4","https://x.com/foyrestl/status/2040825484628615315","1942805661840203777","foyrestl"
"2040684902866411853","2026-04-05T16:14:26.000Z","0","@RRDelusi Guys, santai dulu. Banyak yang salah paham soal rating IGRS di Steam. Ini bukan soal sensor atau kebebasan, tapi tentang melindungi pemain muda dan bikin ekosistem game lebih sehat. Banyak rating yang masih data awal/self-declare, jadi belum final. Ayo fokus ke niat baiknya","2040825400591540442","","RRDelusi","in","","0","1","0","https://x.com/rahayu49384/status/2040825400591540442","1911651578336985088","rahayu49384"
"2040684902866411853","2026-04-05T16:14:08.000Z","0","@RRDelusi Izin bantu jelasin ya, rating IGRS yang muncul di Steam itu rata-rata masih self-declare atau data awal, jadi belum final. Wajar banget kalau di awal ini masih ada penyesuaian, karena tujuan utamanya kan buat melindungi gamer usia muda dan ngerapiin ekosistem gim kita supaya aman","2040825323798093970","","RRDelusi","in","","0","0","0","https://x.com/carapaklek/status/2040825323798093970","230755427","carapaklek"
"2040684902866411853","2026-04-05T16:13:56.000Z","0","@RRDelusi Perlu diluruskan, rating IGRS di Steam sekarang masih tahap awal (self-declare), jadi belum final. Tujuannya buat melindungi pemain muda dan menata ekosistem game. Wajar kalau di awal masih ada yang perlu disesuaikan","2040825274212995494","","RRDelusi","in","","0","0","0","https://x.com/NganjukSun23590/status/2040825274212995494","1949393136725442560","NganjukSun23590"
"2040684902866411853","2026-04-05T16:13:55.000Z","0","@RRDelusi Gemini berkata Rating IGRS di Steam masih data awal/self-declare, belum final. Wajar ada penyesuaian demi ekosistem game sehat &amp; lindungi pemain muda. 
Yuk kawal! 🎮✨","2040825267145556139","","RRDelusi","in","","0","0","0","https://x.com/dh74169970/status/2040825267145556139","1758767777320689664","dh74169970"
"2040825174422163910","2026-04-05T16:13:32.000Z","0","this is why IGRS is a stupid idea because it's made by people who don't understand video game","2040825174422163910","","","en","","0","0","0","https://x.com/Chichi_X_Mune/status/2040825174422163910","286216823","Chichi_X_Mune"
"2040684902866411853","2026-04-05T16:13:02.000Z","0","@RRDelusi Sedikit meluruskan ya, yg muncul di Steam soal rating IGRS itu banyak yg masih tahap awal/self-declare dr developer, jd blm semuanya final. Tujuan utamanya buat perlindungan pemain muda &amp; penataan ekosistem game, jd wajar kalo di fase awal masih ada yg perlu disempurnakan bareng²","2040825046198030725","","RRDelusi","in","","0","0","0","https://x.com/dvrtlngi/status/2040825046198030725","1597430218230497280","dvrtlngi"
"2040684902866411853","2026-04-05T16:13:02.000Z","0","@RRDelusi Kalo menurut saya sih rating IGRS di Steam sekarang banyak yang masih data jadi masih belum sepenuhnya valid..","2040825046080667658","","RRDelusi","in","","0","0","0","https://x.com/SidikHamdani96/status/2040825046080667658","1699734556553932800","SidikHamdani96"
"2040640511946686843","2026-04-05T16:12:43.000Z","0","@kukuhya mungkin masih banyak kejanggalan Rating IGRS yg terlihat di Steam...itu karna masih banyak data awal dan belum final hingga masih banyak yg harus disesuaikan..intinya kan utk melindungi pemain muda dan menata ekosistem game....semuanya butuh proses","2040824968381108471","","kukuhya","in","","0","2","0","https://x.com/mintozaki75/status/2040824968381108471","1761381895903059968","mintozaki75"
"2040684902866411853","2026-04-05T16:12:22.000Z","0","@RRDelusi Perlu diingat, rating IGRS di Steam yang sekarang banyak masih tahap awal/self-declare dari developer, jadi belum final. Tujuannya juga bagus kok, buat lindungi pemain muda dan benahin ekosistem game, jadi wajar kalau di awal masih ada yang perlu disesuaikan.","2040824879990354316","","RRDelusi","in","","0","0","0","https://x.com/PutriRahma32820/status/2040824879990354316","1908370125050568704","PutriRahma32820"
"2040824871408812151","2026-04-05T16:12:20.000Z","0","@UPPCL @CMOfficeUP @UPGovt

ग्राम बरदहा, पाल चौराहा, राजभर बस्ती (भदोही) में पिछले कई सालो से बिजली के खम्भे और केबल नहीं लगाए गए हैं। 10–12 परिवार अस्थायी रूप से सड़क से 300 मीटर तक केबल खींचकर बिजली ले रहे हैं, जिससे दुर्घटना का खतरा बना हुआ है।
#IGRS #UPElectricity #Bhadohi https://t.co/5r4gR6jBMY","2040824871408812151","https://pbs.twimg.com/media/HFJ3TL1b0AAzoZJ.jpg","UPPCL","hi","","0","0","0","https://x.com/_pradeep_sir/status/2040824871408812151","799516077663330304","_pradeep_sir"
"2040824870691557831","2026-04-05T16:12:20.000Z","0","Kebiasaan pemerintah Indonesia, meluncurkan suatu sistem tapi ga ditinjau menyeluruh gimana proses dan dampaknya

Sistem yang dimaksud itu namanya IGRS (Indonesia Game Rating System) melalui Komdigi","2040824870691557831","","","in","","0","1","0","https://x.com/Sincan_cos/status/2040824870691557831","1239044510929182720","Sincan_cos"
"2040684902866411853","2026-04-05T16:12:16.000Z","0","@RRDelusi Rating IGRS yang kelihatan di Steam itu banyak yang masih data awal/selfdeclare, belum final. Wajar kalau sekarang ada yang belum pas, lagi proses disesuaikan dulu.","2040824855063564392","","RRDelusi","in","","0","1","0","https://x.com/noviarguna72100/status/2040824855063564392","2004965320587706370","noviarguna72100"
"2040684902866411853","2026-04-05T16:12:12.000Z","0","@RRDelusi Sedikit meluruskan ya, rating IGRS yang sekarang terlihat di Steam masih banyak yang sifatnya data awal dari self-declare, jadi belum final. Wajar kalau di fase awal masih ada yang perlu disesuaikan sambil sistemnya dirapikan bersama.","2040824837040665066","","RRDelusi","in","","0","0","0","https://x.com/JancokAsu893230/status/2040824837040665066","1793661894408155136","JancokAsu893230"
"2040684902866411853","2026-04-05T16:12:10.000Z","1","@RRDelusi Jadi konteksnya sekarang IGRS lagi proses nyatu dengan platform global seperti Steam. Karena masih awal, beberapa rating masih belum final dan akan disesuaikan lagi.","2040824828589207847","","RRDelusi","in","","0","0","0","https://x.com/DazzZulia/status/2040824828589207847","1706181116791795712","DazzZulia"
"2040824801640742987","2026-04-05T16:12:04.000Z","0","Sebenarnya sistem seperti IGRS itu bagus, tapi kebetulan aja sistem seperti ini lahirnya di Indonesia.","2040824801640742987","","","in","","0","0","0","https://x.com/CakraKjaerbye/status/2040824801640742987","1586124648005005312","CakraKjaerbye"
"2040684902866411853","2026-04-05T16:12:03.000Z","0","@RRDelusi Sedikit meluruskan ya, rating IGRS yang tampil di Steam itu banyak yang masih tahap awal/self declare dari developer, jadi belum final. Memang lagi proses penyesuaian, wajar kalau masih ada yang belum pas.","2040824799723930021","","RRDelusi","in","","0","0","0","https://x.com/AlinGibroez/status/2040824799723930021","1768240865703800832","AlinGibroez"
"2040684902866411853","2026-04-05T16:11:57.000Z","0","@RRDelusi Sebagian rating IGRS di Steam saat ini masih bersifat sementara karena diisi sendiri dulu oleh developer. Ini memang proses awal, dan tujuannya jelas buat perlindungan pemain muda, jadi kalau masih ada yang belum pas, itu hal yang wajar dan bisa diperbaiki bareng.","2040824776021975507","","RRDelusi","in","","0","1","0","https://x.com/Adiety333/status/2040824776021975507","1202870884165242880","Adiety333"
"2040824752315785572","2026-04-05T16:11:52.000Z","0","Terkait perbincangan seputar sistem rating gim di platform Steam, penjelasan resmi mengenai kesesuaian aturan IGRS di Indonesia dapat diakses melalui tautan ini. Yuk, baca detailnya terlebih dahulu supaya informasi yang kita terima lebih akurat: https://t.co/xCeriwdJOE","2040824752315785572","","","in","","0","1","0","https://x.com/dantexvergil999/status/2040824752315785572","1218447207981973504","dantexvergil999"
"2040823276428300710","2026-04-05T16:11:48.000Z","1","@kukuhya buzzer IGRS Kombiji mulai menyerang","2040824737103016376","","kukuhya","in","","0","0","0","https://x.com/NSaysInX/status/2040824737103016376","194493478","NSaysInX"
"2040684902866411853","2026-04-05T16:11:43.000Z","0","@RRDelusi Rating IGRS di Steam itu masih self-assessment (data awal), jadi belum hasil akhir. Sekarang lagi proses review dan penyesuaian secara bertahap supaya sesuai sama isinya. Mohon maklum kalau sekarang masih banyak yang belum tepat.","2040824717498806396","","RRDelusi","in","","0","0","0","https://x.com/Alvaro734877/status/2040824717498806396","1959905943480877056","Alvaro734877"
"2040684902866411853","2026-04-05T16:11:40.000Z","0","@RRDelusi Supaya nggak simpang siur, ini tersedia siaran pers resmi tentang IGRS dan sistem rating di Steam","2040824703066255600","","RRDelusi","in","","0","0","0","https://x.com/Deewwiiiii/status/2040824703066255600","1171267827736571904","Deewwiiiii"
"2040684902866411853","2026-04-05T16:11:27.000Z","0","@RRDelusi Kalau dilihat sekarang, rating IGRS di Steam itu masih banyak yang sifatnya self-declare dari developer, jadi belum final sepenuhnya. Memang masih fase penyesuaian","2040824647785333123","","RRDelusi","in","","0","0","0","https://x.com/indahsarii54648/status/2040824647785333123","2014319527950188544","indahsarii54648"
"2040824619209527607","2026-04-05T16:11:20.000Z","0","https://t.co/JAaZKjzgGZ

IGRS &amp; rating gim di Steam harusnya diriset lebih lanjut setiap gamenya untuk memberikan rating yang pantas di setiap game-game yang beredar di Indonesia terutama di Steam. Filter yang tepat dalam memberikan rating di setiap game itu penting.","2040824619209527607","","","in","","0","0","0","https://x.com/andybalala19/status/2040824619209527607","1399951844000997378","andybalala19"
"2040824574347272228","2026-04-05T16:11:09.000Z","0","Tbh once people know who's in the IGRS shit their life would be fucking over.","2040824574347272228","","","en","","0","1","0","https://x.com/KvnBhgs/status/2040824574347272228","1566021234001084416","KvnBhgs"
"2040684902866411853","2026-04-05T16:10:59.000Z","0","@RRDelusi Kalau ngikutin infonya, IGRS di Steam sekarang masih dalam tahap awal implementasi, jadi datanya belum sepenuhnya final. Banyak yang masih deklarasi awal dari developer. Tujuan besarnya kan buat sistem rating yang lebih jelas dan aman buat semua umur.","2040824532404166816","","RRDelusi","in","","0","1","0","https://x.com/Giskaelvina/status/2040824532404166816","1741124901568991232","Giskaelvina"
"2040640511946686843","2026-04-05T16:10:30.000Z","0","@kukuhya Kalau lagi ngikutin isu IGRS &amp; rating gim di Steam, mungkin bisa lihat dulu rilis resminya sebagai bahan pertimbangan","2040824410890977324","","kukuhya","in","","0","2","0","https://x.com/Deewwiiiii/status/2040824410890977324","1171267827736571904","Deewwiiiii"
"2040824329336959117","2026-04-05T16:10:11.000Z","0","INI IGRS APA BANGET ASTAGHFIRULLAH MINIMAL BACA TAGS LAH","2040824329336959117","","","in","","0","0","0","https://x.com/JauzaaATahar/status/2040824329336959117","1473240462668427267","JauzaaATahar"
"2040824268280541251","2026-04-05T16:09:56.000Z","0","https://t.co/QqDiuUT0d3

Kalo menurut saya sih rating IGRS di Steam sekarang banyak yang masih data jadi masih belum sepenuhnya valid..","2040824268280541251","","","in","","0","0","0","https://x.com/SidikHamdani96/status/2040824268280541251","1699734556553932800","SidikHamdani96"
"2040824154862026924","2026-04-05T16:09:29.000Z","0","IGRS kontol","2040824154862026924","","","sl","","0","0","0","https://x.com/lunerora/status/2040824154862026924","1734776858112102400","lunerora"
"2040640511946686843","2026-04-05T16:09:14.000Z","0","@kukuhya Sedikit meluruskan, rating IGRS yang muncul di Steam sekarang kebanyakan data awal/self-declare, jadi memang belum final. Lagi proses penyesuaian kok, wajar kalau ada yang terasa nggak pas sekarang. Nanti akan disesuaikan lagi sama verifikasi resmi.","2040824090123174204","","kukuhya","in","","0","2","0","https://x.com/Alvaro734877/status/2040824090123174204","1959905943480877056","Alvaro734877"
"2040593488350515441","2026-04-05T16:08:44.000Z","0","@kemkomdigi Turut berduka cita semoga almarhum di tempatkan di surganya. Amin.

Woi kontol, bilangin ke IGRS gausah blokir² game. anjing... kerjaan lu tu cuman ngasih label doang bukan blokir game. Anjing... kita juga tau game apa yang mau kita beli","2040823962578596167","","kemkomdigi","in","","0","0","0","https://x.com/lezmanaandhika/status/2040823962578596167","622118241","lezmanaandhika"
"2040823881343324586","2026-04-05T16:08:24.000Z","0","KELAKUAN KELAKUAN IGRS","2040823881343324586","","","in","","0","0","0","https://x.com/Ilhammlnn_/status/2040823881343324586","1213859326445535233","Ilhammlnn_"
"2040823842495725589","2026-04-05T16:08:15.000Z","0","ra jelas blas igrs, pakyu 🖕🏻","2040823842495725589","","","in","","0","0","0","https://x.com/adityamnugraha/status/2040823842495725589","299003444","adityamnugraha"
"2040640511946686843","2026-04-05T16:08:05.000Z","0","@kukuhya Sedikit klarifikasi, rating IGRS di Steam itu banyak yang masih self-declare, jadi belum final. Wajar kalau masih ada yang belum pas. Ini lagi fase penyesuaian, tujuannya buat perlindungan pemain muda dan penataan ekosistem. Kalau ada yang janggal, kemungkinan masih perbaikan","2040823801127293001","","kukuhya","in","","0","5","0","https://x.com/rpramestaa12/status/2040823801127293001","227248005","rpramestaa12"
"2040677173032591862","2026-04-05T16:07:58.000Z","2","@mhuseinali klarifikasi mereka terakhir, instead of melakukan pembenahan... malah minta pihak steam untuk klarifikasi, kan kocak malah nyalahin steam padahal rating IGRS yg amburadul. apalah yg bisa diharapkan lagi, mereka ngurus game tapi mereka sendiri gatau apa itu TLOU","2040823773365199202","","ianrswld","in","","0","0","0","https://x.com/ianrswld/status/2040823773365199202","1661487911618109440","ianrswld"
"2040823755929448481","2026-04-05T16:07:54.000Z","1","Harga game bisa naik lagi ya kalau komdigidaw sembarangan kasih IGRS?? ☹️ Game bola dan kotak aja dikasih rating 18+, takut ngaruh ke harganya juga. Jujur agak licik, karena setahu ku developer luar bisa dikenain fee biar game nya bisa dimainin di region Indonesia &amp; ubah IGRS ☹️","2040823755929448481","","","in","","0","0","0","https://x.com/koounde/status/2040823755929448481","1465508358094409737","koounde"
"2040685239228653915","2026-04-05T16:07:26.000Z","0","@iPoopBased Gta VI rilis nanti gw yakin bakal ada full nudity kayak cyberpunk. Nah, ini pasti igrs ngelarang beginian, jadinya nanti gimana? We're not gonna get the video game? 

Inilah mengapa gw melarang besar yg namanya pengsensoran masal","2040823638925176992","","iPoopBased","in","","0","0","0","https://x.com/Neidhardtsensei/status/2040823638925176992","2982326924","Neidhardtsensei"
"2040823482897084647","2026-04-05T16:06:49.000Z","0","Ngentot lo IGRS.","2040823482897084647","","","sl","","0","0","0","https://x.com/adzumanga/status/2040823482897084647","2317381938","adzumanga"
"2040684902866411853","2026-04-05T16:06:38.000Z","0","@RRDelusi nyalahin steamnya amerika mau dimarahin sama trump kah igrs??","2040823434893238379","","RRDelusi","in","","0","0","0","https://x.com/calvadozze/status/2040823434893238379","315092126","calvadozze"
"2040823359437734339","2026-04-05T16:06:20.000Z","0","igrs so shiiiitttyyyy","2040823359437734339","","","sl","","0","0","0","https://x.com/Rikaa_key/status/2040823359437734339","1468860896541753346","Rikaa_key"
"2040823267393777766","2026-04-05T16:05:58.000Z","0","Agar mendapatkan gambaran yang lebih utuh mengenai regulasi IGRS dan kebijakan rating gim di Steam, silakan simak poin-poin dalam siaran pers resmi Kemkomdigi berikut ini sebagai referensi sebelum berdiskusi lebih lanjut
https://t.co/7N3XKKKoPz","2040823267393777766","","","in","","0","0","0","https://x.com/ikaikuikok/status/2040823267393777766","620724276","ikaikuikok"
"2040640511946686843","2026-04-05T16:05:57.000Z","0","@kukuhya Aku mau sedikit klarifikasi, rating IGRS yang kelihatan di Steam itu banyak yang masih data awal/selfdeclare, belum final. Sekarang belum ada yang betul-betul pas di Sistem Rating Game di Indonesia sekarang. IGRS dibuat untuk mewadahi semua game yang beredar di Indonesia sekarang","2040823263258186207","","kukuhya","in","","0","5","0","https://x.com/andybalala19/status/2040823263258186207","1399951844000997378","andybalala19"
"2040757110951322044","2026-04-05T16:05:52.000Z","2","@kurawa gw sih lebih percaya denger berita kalo left 4 dead 3 rilis bulan depan dibanding steam bikin rating palsu, gunanya buat apa coba? steam aja udah ada rating ESRB, apa susahnya tinggal ikutin itu? buat apa IGRS? gunanya buat apaan? judol merajalela ga diurus malah ngurus game","2040823244312473731","","kurawa","in","","0","0","0","https://x.com/EulaSimp69/status/2040823244312473731","72286196","EulaSimp69"
"2040640511946686843","2026-04-05T16:03:55.000Z","0","@kukuhya Sedikit klarifikasi, rating IGRS yang kelihatan di Steam itu banyak yang masih data awal/selfdeclare, belum final. Wajar kalau sekarang ada yang belum pas, lagi proses disesuaikan dulu.","2040822750768681075","","kukuhya","in","","0","2","0","https://x.com/noviarguna72100/status/2040822750768681075","2004965320587706370","noviarguna72100"
"2040822737284083780","2026-04-05T16:03:51.000Z","0","Ini penjelasan resmi terkait IGRS dan sistem rating gim di Steam, mungkin bisa dibaca dulu biar gambaran lebih utuh sebelum menilai :
https://t.co/9dD0sNzUdw","2040822737284083780","","","in","","0","0","0","https://x.com/PutriRahma32820/status/2040822737284083780","1908370125050568704","PutriRahma32820"
"2040822717910601987","2026-04-05T16:03:47.000Z","0","Lagi ramai bahas IGRS &amp; rating gim di Steam, ini ada rilis resmi yang jelasin konteksnya. Mungkin bisa dibaca dulu biar dapat gambaran utuh sebelum lanjut diskusi:

https://t.co/Bhm3pN6VAk","2040822717910601987","","","in","","0","0","0","https://x.com/dvrtlngi/status/2040822717910601987","1597430218230497280","dvrtlngi"
"2040640511946686843","2026-04-05T16:03:35.000Z","1","@kukuhya Coba bantu luruskan ya, sebenarnya rating IGRS yang muncul di Steam itu mayoritas masih bersifat self-declare atau data awal saja, jadi memang belum hasil final. Kita perlu maklum karena ini masih tahap transisi agar ekosistem gim kita lebih tertata dan pemain di bawah umur aman.","2040822668820402334","","kukuhya","in","","0","7","0","https://x.com/carapaklek/status/2040822668820402334","230755427","carapaklek"
"2040822576076005856","2026-04-05T16:03:13.000Z","0","Sudah ada siaran pers resminya soal IGRS &amp; rating gim di Steam, ada baiknya cek dulu supaya informasinya lebih lengkap:
https://t.co/fyQ8yxJm10","2040822576076005856","","","in","","0","1","0","https://x.com/Adiety333/status/2040822576076005856","1202870884165242880","Adiety333"
"2040640511946686843","2026-04-05T16:02:49.000Z","0","@kukuhya IGRS dibuat sebagai rating usia resmi di Indonesia, di Steam masih penyesuaian, jadi wajar kalau ada yang belum konsisten saat ini","2040822476901585061","","kukuhya","in","","0","2","0","https://x.com/indahsarii54648/status/2040822476901585061","2014319527950188544","indahsarii54648"
"2040640511946686843","2026-04-05T16:02:48.000Z","0","@kukuhya Kalo menurut saya sih rating IGRS di Steam sekarang banyak yang masih data jadi masih belum sepenuhnya valid..","2040822471704850776","","kukuhya","in","","0","1","0","https://x.com/SidikHamdani96/status/2040822471704850776","1699734556553932800","SidikHamdani96"
"2040640511946686843","2026-04-05T16:02:33.000Z","0","@kukuhya Sedikit info, rating IGRS yang muncul saat ini masih banyak yang berasal dari deklarasi awal dan masih terus disesuaikan. Namanya juga fase transisi sistem, jadi wajar kalau masih ada yang perlu diperjelas sambil tetap fokus ke perlindungan pemain muda.","2040822409557934415","","kukuhya","in","","0","4","0","https://x.com/JancokAsu893230/status/2040822409557934415","1793661894408155136","JancokAsu893230"
"2040640511946686843","2026-04-05T16:02:30.000Z","0","@kukuhya IGRS memang dibuat untuk lindungi anak muda lewat rating umur resmi. Tampilan di Steam masih proses penyesuaian, nanti pasti makin rapi dan jelas.","2040822394059952345","","kukuhya","in","","0","1","0","https://x.com/tauvik1212/status/2040822394059952345","1901604356807692288","tauvik1212"
"2040640511946686843","2026-04-05T16:02:14.000Z","0","@kukuhya Sekadar klarifikasi, rating IGRS di Steam sekarang masih banyak yang self-declare dan belum final. Wajar kalau belum rapi, ini masih tahap penyesuaian demi perlindungan pemain muda.","2040822329232785870","","kukuhya","in","","0","1","0","https://x.com/Adiety333/status/2040822329232785870","1202870884165242880","Adiety333"
"2040822327030788204","2026-04-05T16:02:14.000Z","0","Kelihatannya sistem IGRS ngaco karena Komdigi ngelihat manusia cuma ada 2 kategori: Anak dan dewasa. Jadi klo ada unsur ""dewasa"" biarpun sedikit ato sebagian, langsung dapet rating 18+. Kalo ga ada, jadi 3+.

Konten rokok yg cuma dikit? Ato partial nudity? itu langsung dewasa","2040822327030788204","","","in","","0","0","0","https://x.com/ShoNakanoVtuber/status/2040822327030788204","1307704762050068481","ShoNakanoVtuber"
"2040640511946686843","2026-04-05T16:02:10.000Z","0","@kukuhya Buat yang lagi mengikuti isu IGRS dan rating gim di Steam, sudah ada penjelasan resminya yang bisa dijadikan referensi. Coba cek dulu sebelum ambil kesimpulan","2040822312149324220","","kukuhya","in","","0","1","0","https://x.com/asep2b/status/2040822312149324220","1807589868232687616","asep2b"
"2040640511946686843","2026-04-05T16:01:55.000Z","0","@kukuhya Yang muncul di Steam saat ini masih data awal IGRS, jadi belum sepenuhnya akurat. Lagi proses penyesuaian, tujuannya biar sistem rating ke depan lebih jelas dan melindungi pemain.","2040822247821283713","","kukuhya","in","","0","4","0","https://x.com/PutriRahma32820/status/2040822247821283713","1908370125050568704","PutriRahma32820"
"2040640511946686843","2026-04-05T16:01:47.000Z","0","@kukuhya Biar nggak salah paham, rating IGRS yang muncul di Steam itu mayoritas masih self-declare alias data awal dari pihak pengembang, jadi belum hasil kurasi final. Namanya juga baru integrasi ke platform global, pasti ada fase transisinya.","2040822215235801372","","kukuhya","in","","0","3","0","https://x.com/alwiiihasan/status/2040822215235801372","1115572398","alwiiihasan"
"2040640511946686843","2026-04-05T16:01:32.000Z","0","@kukuhya Sedikit meluruskan ya, rating IGRS yang sekarang muncul di Steam banyak yang masih berbasis data awal dari self-declare, jadi belum bisa dianggap final. Di tahap awal seperti ini wajar kalau masih ada yang perlu dirapikan sambil menyesuaikan sistem dan masukan dari pengguna.","2040822151633330673","","kukuhya","in","","0","1","0","https://x.com/MRidhonew16179/status/2040822151633330673","1923899742062510083","MRidhonew16179"
"2040640511946686843","2026-04-05T16:01:30.000Z","0","@kukuhya Perlu diingat, rating IGRS di Steam sekarang itu belum semuanya hasil verifikasi akhir, masih banyak yang data awal. Sistemnya juga baru jalan, jadi wajar kalau masih ada yang perlu dibenahi.","2040822143051764043","","kukuhya","in","","0","1","0","https://x.com/AlinGibroez/status/2040822143051764043","1768240865703800832","AlinGibroez"
"2040640511946686843","2026-04-05T16:01:04.000Z","0","@kukuhya Untuk yang mengikuti isu IGRS &amp; rating gim di Steam, sudah ada penjelasan resmi yang bisa jadi acuan. Silakan cek dulu sebelum menarik kesimpulan.","2040822036243861890","","kukuhya","in","","0","2","0","https://x.com/Giskaelvina/status/2040822036243861890","1741124901568991232","Giskaelvina"
"2040822034138345671","2026-04-05T16:01:04.000Z","0","bu mentri @meutya_hafid sebelum bikin program IGRS, minimal umur akun profile steam pribadinya ≥10th dah, kalo kaga punya steam yaudah hapus itu IGRS 😐","2040822034138345671","","","in","","0","0","0","https://x.com/dwxnda/status/2040822034138345671","1438424868240773132","dwxnda"
"2040821990517600425","2026-04-05T16:00:53.000Z","0","IGRS kontol, The Witcher 3 kena ""not fit for distribution"" anjeng","2040821990517600425","","","en","","0","1","0","https://x.com/aryabahar_/status/2040821990517600425","120649369","aryabahar_"
"2040821930476093901","2026-04-05T16:00:39.000Z","0","abis liat di fesnuk IGRS indonesia gooner rating system anjengggg","2040821930476093901","","","in","","0","0","0","https://x.com/salengkarden/status/2040821930476093901","2320200589","salengkarden"
"2040645711650509022","2026-04-05T16:00:30.000Z","0","@rayrestufauzi 15+ 
Ada ""Kekerasan"" 
Well played IGRS","2040821892144341036","","rayrestufauzi","in","","0","0","0","https://x.com/_sennav/status/2040821892144341036","730661615608041473","_sennav"
"2040707677148561663","2026-04-05T15:59:42.000Z","1","@anda_winata Yes. The IGRS that we now have are different compared to how it supposed to be in the first planning. It's not just classification anymore if they can block the game from selling in the region.","2040821692722032914","","anda_winata","en","","0","1","0","https://x.com/SylentSevenstar/status/2040821692722032914","1090560775947575296","SylentSevenstar"
"2040755894875734493","2026-04-05T15:59:20.000Z","0","@rongrongarts I swear bro IGRS is like https://t.co/fScaJT0FGC","2040821600677978619","https://pbs.twimg.com/media/HFJ0bgNa0AAJ9g9.jpg","rongrongarts","en","","0","0","0","https://x.com/CDWolfReal/status/2040821600677978619","1765977918801637376","CDWolfReal"
"2040797119788048678","2026-04-05T15:58:43.000Z","19","@VRchama Komdigi + igrs = ""TOLOL""","2040821441881604600","","VRchama","in","","0","1","0","https://x.com/Lipssszzz____/status/2040821441881604600","1675211733257039873","Lipssszzz____"
"2040821395576574003","2026-04-05T15:58:31.000Z","2","fak, tdi di ig ada bilang indonesia ngaceng 2026 gara2 rate IGRS....","2040821395576574003","","","in","","0","0","0","https://x.com/wandgerer/status/2040821395576574003","1776377269457743872","wandgerer"
"2040821342187237648","2026-04-05T15:58:19.000Z","0","I fear Love and deepspace won't survive IGRS 💀💀","2040821342187237648","","","en","","0","0","0","https://x.com/kindahao/status/2040821342187237648","108574010","kindahao"
"2040821186565931131","2026-04-05T15:57:42.000Z","0","orang dari toge production dah angkat bicara
agate agate itu udah ngoceh soal igrs apa blm ya?","2040821186565931131","","","in","","0","0","0","https://x.com/earlyguilty/status/2040821186565931131","1728883180978249728","earlyguilty"
"2040820974191591678","2026-04-05T15:56:51.000Z","0","IGRS menjadi salah satu bukti pemangku kebijakan selalu menjalankan program tanpa adanya audiensi rakyat @kemkomdigi","2040820974191591678","","","in","","0","0","2","https://x.com/abyts_/status/2040820974191591678","118599362","abyts_"
"2040820816536011229","2026-04-05T15:56:13.000Z","0","Untuk yang mengikuti isu IGRS &amp; rating gim di Steam, sudah ada penjelasan resmi yang bisa jadi acuan. Silakan cek dulu sebelum menarik kesimpulan
https://t.co/9hljlSwxT7","2040820816536011229","","","in","","0","0","0","https://x.com/Giskaelvina/status/2040820816536011229","1741124901568991232","Giskaelvina"
"2040677173032591862","2026-04-05T15:56:09.000Z","1","@mhuseinali IGRS ini sebenarnya sudah bagus sebagai labelling biar kalo ada kasus bocil bikin onar dan  ada narasi ""terinspirasi dari game"", ga akan asal bisa blokir game karena memang bocilnya yang salah (main game tidak sesuai usianya). tapi ini masalahnya rating sistemnya aje udah nguawur","2040820797997203750","","mhuseinali","in","","0","1","0","https://x.com/ianrswld/status/2040820797997203750","1661487911618109440","ianrswld"
"2040820522129518991","2026-04-05T15:55:03.000Z","7","Yoi. IGRS baru permulaan","2040820522129518991","","","in","","0","0","0","https://x.com/wekimiler/status/2040820522129518991","1433664896365830149","wekimiler"
"2040820479737708951","2026-04-05T15:54:53.000Z","0","IGRS kayanya set defaultnya 3+ semua dulu sebelum ""dikurasi"" makanya game bokep bejibun itu dapet ratung 3+.
Yang penting digas dulu walau belum kelar kasih rating.","2040820479737708951","","","in","","0","0","0","https://x.com/slavoury/status/2040820479737708951","583699057","slavoury"
"2040809561599385766","2026-04-05T15:54:20.000Z","0","@therottenladyy Pengaruh varka terhadap rating igrs","2040820341682168104","","therottenladyy","in","","0","0","0","https://x.com/honglungitis/status/2040820341682168104","1950754991473651712","honglungitis"
"2040820088388116841","2026-04-05T15:53:20.000Z","0","Kita harus baca dulu siaran pers resmi nya,sebelum debat soal IGRS kemana2.
Buat yg malas nyari ini link nya saya lampirkan https://t.co/m8dXvwJljb","2040820088388116841","","","in","","0","0","0","https://x.com/Emmeliachr59881/status/2040820088388116841","2018339489492643840","Emmeliachr59881"
"2040820078930006500","2026-04-05T15:53:18.000Z","0","mampus komunitas game ngamuk ngamuk gara-gara kebijakan igrs anjing","2040820078930006500","","","in","","0","0","0","https://x.com/rezimkeparatt/status/2040820078930006500","1223886828970725376","rezimkeparatt"
"2040819942199878106","2026-04-05T15:52:45.000Z","3","Peak 18+ Tapi game porno 3+ KWAOKWAOOAWO

dongo banget jir IGRS https://t.co/SvVSZINVTR","2040819942199878106","https://pbs.twimg.com/media/HFJyiqqaUAAv1W9.jpg","","in","","0","1","0","https://x.com/madshiraa/status/2040819942199878106","884155856","madshiraa"
"2040819858229895346","2026-04-05T15:52:25.000Z","1","Gw bakal beli game bokep karena igrs @kemkomdigi bilang ratingnya 3+ #lawabidingcitizen #taataturan #bertanggungjawab","2040819858229895346","","","in","","0","0","0","https://x.com/Tetrotir/status/2040819858229895346","1729446896241106944","Tetrotir"
"2040819692345127111","2026-04-05T15:51:45.000Z","0","Ada rating esrb tinggal lu ikutin udah aman malah ngerating asal asal an
Igrs blok goblok","2040819692345127111","","","in","","0","0","0","https://x.com/Neogen176/status/2040819692345127111","1442048635999436805","Neogen176"
"2040619090038194329","2026-04-05T15:49:42.000Z","0","@kerissakti IGRS = Indonesia Goon Rating System 👍","2040819173413265657","","kerissakti","in","","0","0","0","https://x.com/Kayn77159766/status/2040819173413265657","1070695699564519425","Kayn77159766"
"2040818986733232256","2026-04-05T15:48:57.000Z","0","Isu IGRS &amp; rating gim di Steam lagi jadi perhatian, dan sudah ada penjelasan resmi yang dirilis. Bisa jadi bahan pertimbangan sebelum beropini: https://t.co/Nv6dTHMkBj","2040818986733232256","","","in","","0","0","0","https://x.com/rpramestaa12/status/2040818986733232256","227248005","rpramestaa12"
"2040818928616960041","2026-04-05T15:48:43.000Z","1","IGRS ini Gnya goblok kah","2040818928616960041","","","in","","0","0","0","https://x.com/mldlyc/status/2040818928616960041","130715380","mldlyc"
"2040818834492551527","2026-04-05T15:48:21.000Z","0","Story Of season 18+ bjir. Memang mantap IGRS 👍 https://t.co/jHc0nZlkhF","2040818834492551527","https://pbs.twimg.com/media/HFJx6IYbQAILUa3.jpg","","in","","0","0","0","https://x.com/KacangWalnut/status/2040818834492551527","1296179743398584320","KacangWalnut"
"2040636515458367915","2026-04-05T15:48:17.000Z","2","@uknonjones @kemkomdigi woi tolol, malu woii gabisa kerja jadinya dinyinyir kan, hapus ajalah tu IGRS tolol","2040818816930996322","","uknonjones","in","","0","0","0","https://x.com/Sunoo_dFox/status/2040818816930996322","1648165343175790592","Sunoo_dFox"
"2040818793526759759","2026-04-05T15:48:11.000Z","0","IGRS tidak ada gunanya lagi sekarang KARENA AKU SUDAH DEWASA AHAHAHHAHAHHHAHA","2040818793526759759","","","in","","0","0","0","https://x.com/ikanterbang663/status/2040818793526759759","1231497012358500352","ikanterbang663"
"2040818780423799089","2026-04-05T15:48:08.000Z","0","Diskusi soal IGRS dan rating gim di Steam lagi ramai, tapi ada baiknya lihat dulu siaran pers resminya biar lebih lengkap. Bisa dibaca di sini:

https://t.co/G2DGxdtOW9","2040818780423799089","","","in","","0","0","0","https://x.com/asep2b/status/2040818780423799089","1807589868232687616","asep2b"
"2040818730746417639","2026-04-05T15:47:56.000Z","0","Buat yang lagi bahas IGRS &amp; rating gim di Steam, ini ada siaran pers resminya sebagai penjelasan. Bisa dicek dulu sebelum ambil kesimpulan: https://t.co/eDNu36BqBB","2040818730746417639","","","in","","0","0","0","https://x.com/DazzZulia/status/2040818730746417639","1706181116791795712","DazzZulia"
"2040818675087974758","2026-04-05T15:47:43.000Z","25","I see some examples how Indonesia Gaming Rating System (IGRS) rate Visual Novels on Steam. Some are fine if I use logic, some are out of logic.
See that ""Not fit for distribution""? What that means actually? At least you can still buy it, but somehow this is not how that works. https://t.co/54n0esK0Js","2040818675087974758","https://pbs.twimg.com/media/HFJuYW6bYAA4N1Q.png","","en","","0","1","1","https://x.com/KEVINNGW808/status/2040818675087974758","1702835584321134592","KEVINNGW808"
"2040691915184812518","2026-04-05T15:47:35.000Z","4","@reruzensky @kemkomdigi @kemkomdigi 
UDAH IKUT AJA DR ESRB, GAUSAH RIBET2 PROYEK BODONG SOK SOK BIKIN IGRS. LIAT HASILNYA AJA NGAWUR. 
LU YG KERJA KAGA BECUS MALAH LEMPAR TANGAN KE STEAM, YG MANA SBNERNYA BUKAN WEWENANG STEAM.","2040818643324612710","","reruzensky","in","","0","0","0","https://x.com/bsrebahan/status/2040818643324612710","318889313","bsrebahan"
"2040818579369869345","2026-04-05T15:47:20.000Z","0","Untuk menghindari debat soal IGRS ngalor-ngidul, sebaiknya  baca dulu siaran pers resminya di sini: [link]’ https://t.co/gVAc7gb8NC","2040818579369869345","https://pbs.twimg.com/media/HFJvrkvbsAEI4pG.jpg","","in","","0","0","0","https://x.com/sbjagal74/status/2040818579369869345","1779033654402105344","sbjagal74"
"2040818453750419600","2026-04-05T15:46:50.000Z","0","udah semuak ini perkara IGRS

what they think bout IGRS","2040818453750419600","","","in","","0","0","0","https://x.com/Neoleone3/status/2040818453750419600","860815420437127168","Neoleone3"
"2040818082936238314","2026-04-05T15:45:22.000Z","0","Buat yang lagi ngikutin rame soal IGRS &amp; rating game di Steam, penjelasan resminya udah keluar—wajib banget dibaca biar nggak salah paham 
https://t.co/blhHeMJYgp

#IGRS #Steam #GameIndonesia #GamerIndonesia #IndustriGame #RatingGame #ViralHariIni #TrendingTopic","2040818082936238314","","","in","","0","0","0","https://x.com/SabethAnge12086/status/2040818082936238314","1937541734394949632","SabethAnge12086"
"2040818023381217365","2026-04-05T15:45:07.000Z","0","Biar informasinya lebih utuh, ada penjelasan resmi soal IGRS dan rating gim di Steam yang bisa dicek dulu sebelum kasih opini lebih jauh nih linknya ya https://t.co/2BdMQlbh4v","2040818023381217365","","","in","","0","0","0","https://x.com/JancokAsu893230/status/2040818023381217365","1793661894408155136","JancokAsu893230"
"2040817962387706142","2026-04-05T15:44:53.000Z","0","Ada baiknya, Sebelum debat soal IGRS ke mana‑mana, mungkin oke baca dulu siaran pers resminya di sini:
https://t.co/A5XPhz2geK","2040817962387706142","","","in","","0","0","0","https://x.com/marufin865168/status/2040817962387706142","1927634483739820032","marufin865168"
"2040817890488926579","2026-04-05T15:44:36.000Z","0","Lembaga satu ini emang emang tiap kali ikut campur urusan gamer ituu selalu bikin kacau aja.🤣 

2022 steam,epic sama PayPal di blokir gara gara belum ikutan PSE PSE ga jelas itu sekarang ikutan ikutan IGRS anjir emang market lu sebesar Europe (PEGI) atau AS (ESRB) 🤣","2040817890488926579","","","in","","0","0","0","https://x.com/dedirmdani/status/2040817890488926579","1599884856","dedirmdani"
"2040817864274591903","2026-04-05T15:44:30.000Z","1","@kemkomdigi besok Senin. Cabut itu IGRS kalau gak mau Senin-nya kami bikin lebih Senin, dan hari setelahnya terasa Senin selamanya. 

Benerin tuh judol, pinjol, spam. Jangan sok2an","2040817864274591903","","kemkomdigi","in","","0","0","0","https://x.com/pajakocak/status/2040817864274591903","2033786143708483585","pajakocak"
"2040817566969741754","2026-04-05T15:43:19.000Z","0","Kalau mau lihat penjelasan yang lebih lengkap, siaran pers resmi terkait IGRS &amp; rating gim di Steam bisa dibaca dulu lewat link berikut ya : https://t.co/iSS6BZBiLf","2040817566969741754","","","in","","0","0","0","https://x.com/MRidhonew16179/status/2040817566969741754","1923899742062510083","MRidhonew16179"
"2040006120740430078","2026-04-05T15:43:04.000Z","0","@kemkomdigi Eh pantek kerja ga bener makan anggaran Mulu blog hapus IGRS deh percuma kalian aja ga main game ,
Dasar lembaga pekok","2040817503740526948","","kemkomdigi","in","","0","0","0","https://x.com/RastianRizki/status/2040817503740526948","1333604720896737280","RastianRizki"
"2040593488350515441","2026-04-05T15:42:59.000Z","0","@kemkomdigi HAPUS IGRS ANJ KLO GABISA KERJA DASAR PARA TUA BANGKA TAK MENGERTI TEKNOLOGI","2040817485528838460","","kemkomdigi","in","","0","0","0","https://x.com/Sunoo_dFox/status/2040817485528838460","1648165343175790592","Sunoo_dFox"
"2040817465564057853","2026-04-05T15:42:55.000Z","0","Buat kalian sebelum debat soal IGRS ke mana‑mana, lebih baik kalian baca dulu siaran pers resminya di sini
https://t.co/iIz1hY4PUb https://t.co/u4H1m3bYOG","2040817465564057853","https://pbs.twimg.com/media/HFJwq2raUAAmggp.jpg","","in","","0","0","0","https://x.com/Reonyree/status/2040817465564057853","1228522727058788352","Reonyree"
"2040817377676521652","2026-04-05T15:42:34.000Z","1","Siaran pers yang resmi tentang IGRS, silahkan mengikuti debat ini.
https://t.co/BqyF69QN08","2040817377676521652","","","in","","0","0","0","https://x.com/fredywaw/status/2040817377676521652","2923504110","fredywaw"
"2040817267957744115","2026-04-05T15:42:07.000Z","0","igrs? ada ada aja sih","2040817267957744115","","","in","","0","0","0","https://x.com/tokyomotret/status/2040817267957744115","1183032796660396032","tokyomotret"
"2040817222311088128","2026-04-05T15:41:57.000Z","0","Ini merupakan penjelasan/siaran pers resmi terkait IGRS dan sistem rating gim di Steam. Sebaiknya baca atau cek terlebih dahulu informasinya sebelum membentuk opini lebih lanjut : https://t.co/NtGQ7GAEm9","2040817222311088128","","","in","","0","0","0","https://x.com/ayoitsmoy/status/2040817222311088128","1411105269757595652","ayoitsmoy"
"2040817219538731437","2026-04-05T15:41:56.000Z","0","Boleh dibaca sampe selesai ya guys ini penjelasan/siaran pers resmi tentang IGRS &amp; rating gim di Steam,  baiknya cross check dulu baru komentar ya guys  https://t.co/gEYxyL88H8","2040817219538731437","","","in","","0","0","0","https://x.com/racunserudotcom/status/2040817219538731437","1942393825168875522","racunserudotcom"
"2040817071425298904","2026-04-05T15:41:21.000Z","0","Informasi resmi mengenai regulasi rating gim Steam menurut standar IGRS sudah tersedia di laman Komdigi. Mari kita pahami dulu duduk perkaranya melalui rilis ini supaya diskusi kita tetap berdasar pada data yang valid: https://t.co/VAOLohoF0o","2040817071425298904","","","in","","0","0","0","https://x.com/carapaklek/status/2040817071425298904","230755427","carapaklek"
"2040816951333912987","2026-04-05T15:40:52.000Z","0","FYI guys! 📰 Ini penjelasan resmi tentang IGRS &amp; rating gim di Steam. Cek dulu sebelum ngomong lebih jauh, ya! 😉 
https://t.co/QiSzj4nCaw
#IGRS
#Steam
#RatingGim","2040816951333912987","","","in","","0","0","0","https://x.com/annisanurf23196/status/2040816951333912987","1628760857743351808","annisanurf23196"
"2040670731382743056","2026-04-05T15:40:35.000Z","0","@BudiBukanIntel IGRS KONTOL","2040816880018235628","","BudiBukanIntel","sl","","0","0","0","https://x.com/Kyloren86166601/status/2040816880018235628","1648343045572788224","Kyloren86166601"
"2040816836569383199","2026-04-05T15:40:25.000Z","0","lebron going solo in the playoffs, gaming community indo kena IGRS gajelas, ah sudahlah sudahlah","2040816836569383199","","","in","","0","0","0","https://x.com/azosarchive/status/2040816836569383199","1026092294112333824","azosarchive"
"2040647297248444823","2026-04-05T15:40:15.000Z","0","@ElaineCelestia IGRS KONTOL","2040816794936689009","","ElaineCelestia","sl","","0","0","0","https://x.com/fibraaaay/status/2040816794936689009","1216766113746317312","fibraaaay"
"2040816729807626521","2026-04-05T15:39:59.000Z","0","Lagi ramai soal IGRS &amp; rating gim di Steam, ini ada siaran pers resminya buat jadi referensi awal. Silakan cek dulu sebelum menarik kesimpulan: [link]
https://t.co/8mo08zNuM0","2040816729807626521","","","in","","0","0","0","https://x.com/AlinGibroez/status/2040816729807626521","1768240865703800832","AlinGibroez"
"2040006120740430078","2026-04-05T15:39:58.000Z","0","@kemkomdigi GOBLOK KOK DIPELIHARA JING? HAPUS IGRS, KERJA YG BENER BANGSAAT","2040816726443806999","","kemkomdigi","in","","0","0","0","https://x.com/Sunoo_dFox/status/2040816726443806999","1648165343175790592","Sunoo_dFox"
"2040816533430268206","2026-04-05T15:39:12.000Z","0","Kita liat aja nih IGRS awetnya brp lama sebelum dicabut lagi. 
Emang buat buang anggaran &amp; pengalihan isu doang kan? 
kayak ""Search Engine Anak Bangsa"" &amp; ""Plattform Game Anak Bangsa"" aja dulu tuh digeder geder tapi gimana nasibnya sekarang? 😂","2040816533430268206","","","in","","0","0","0","https://x.com/SorajimaAnzu/status/2040816533430268206","1307372651703222273","SorajimaAnzu"
"2040816428614574287","2026-04-05T15:38:47.000Z","0","Narasumbernya ngeremehin dampak IGRS ini ke komunitas gamers indo sumpah deh liat aja beneran ada badai...ga main² nih gw","2040816428614574287","","","in","","0","0","0","https://x.com/reiikooooooo/status/2040816428614574287","1180325341178417153","reiikooooooo"
"2040816371832090652","2026-04-05T15:38:34.000Z","0","Untuk yang ingin tahu penjelasan resmi terkait IGRS &amp; rating gim di Steam, informasinya sudah dirilis. Bisa dibaca dulu di sini: [https://t.co/MGZVQEnnsP] https://t.co/cVboYfJTxe","2040816371832090652","https://pbs.twimg.com/media/HFJvrItagAA1B1A.jpg","","in","","0","0","0","https://x.com/indahsarii54648/status/2040816371832090652","2014319527950188544","indahsarii54648"
"2040816156613955707","2026-04-05T15:37:42.000Z","0","Woi @kemkomdigi saya selaku orang yg punya pacar gamers, CABUT GA ITU IGRS IGRS GA JELAS????? KASIAN PACAR GUEE","2040816156613955707","","","in","","0","0","0","https://x.com/vevelynnnn/status/2040816156613955707","1191227485687443456","vevelynnnn"
"2040816155158614167","2026-04-05T15:37:42.000Z","0","Sebaiknya Sebelum debat soal IGRS tanpa ada acuan, baiknya baca dulu siaran pers resminya di sini
https://t.co/FlsroWPFlk","2040816155158614167","","","in","","0","4","0","https://x.com/tauvik1212/status/2040816155158614167","1901604356807692288","tauvik1212"
"2040685239228653915","2026-04-05T15:37:36.000Z","0","@iPoopBased setelah mbg dan bop terbitlah igrs

sampah","2040816128990335436","","iPoopBased","in","","0","0","0","https://x.com/Y012KI/status/2040816128990335436","1049729551499067392","Y012KI"
"2040816093779177785","2026-04-05T15:37:27.000Z","269","Lewat mulu mostingan lu. Percuma paling lu kena IGRS 70+","2040816093779177785","","","in","","0","8","38","https://x.com/kukuhya/status/2040816093779177785","54811132","kukuhya"
"2040661325706309804","2026-04-05T15:37:25.000Z","0","@kemgelapan @kemkomdigi Mah tumben bener igrs","2040816085428248936","","kemgelapan","sl","","0","0","0","https://x.com/Mercatman_/status/2040816085428248936","853495002499907584","Mercatman_"
"2040816040784056336","2026-04-05T15:37:15.000Z","0","IGRS kontol","2040816040784056336","","","sl","","0","0","0","https://x.com/zulfikar_k360ib/status/2040816040784056336","1311843980636643328","zulfikar_k360ib"
"2040816021926469675","2026-04-05T15:37:10.000Z","0","Igrs mabok kecubung jir fuck lah","2040816021926469675","","","in","","0","0","0","https://x.com/3000inuniverse/status/2040816021926469675","1546367122489556993","3000inuniverse"
"2040815988657279080","2026-04-05T15:37:02.000Z","0","Kirain Madrid doang yg lucu ternyata Komdigi lebih lucu.
Saran aja nih, kalo kerjaannya perlu identifikasi tingkat lanjut jangan pake AI.
Kalo mau cara gampang dan gak keluar duit, ikutin aja rating yg udah ada di Steam tinggal kalian timpa pake logo IGRS. @kemkomdigi","2040815988657279080","","","in","","0","0","0","https://x.com/SaintSpectra/status/2040815988657279080","1234186243","SaintSpectra"
"2040670192653770843","2026-04-05T15:36:21.000Z","0","@toshibatv_id Sucks! Bad! All negative words towards IGRS","2040815813121208793","","toshibatv_id","en","","0","0","0","https://x.com/weslibravo/status/2040815813121208793","68178392","weslibravo"
"2040815796730179771","2026-04-05T15:36:17.000Z","0","IGRS anjing","2040815796730179771","","","sl","","0","0","0","https://x.com/AlghifariGempar/status/2040815796730179771","1811057167715459072","AlghifariGempar"
"2040815781521547558","2026-04-05T15:36:13.000Z","0","IGRS (Indonesian Goon Rating System)","2040815781521547558","","","in","","0","0","0","https://x.com/hiseyyno/status/2040815781521547558","1649206166445228033","hiseyyno"
"2040815738358055258","2026-04-05T15:36:03.000Z","0","Inidia rilis resmi IGRS &amp; rating gim di Steam, bisa jadi referensi. Info yang beredar lebih lengkap:
https://t.co/jDqYWk0G15","2040815738358055258","","","in","","0","0","1","https://x.com/noviarguna72100/status/2040815738358055258","2004965320587706370","noviarguna72100"
"2040757110951322044","2026-04-05T15:35:36.000Z","0","@kurawa Bukan rating resmi tapi ini ada arahan spesifikasi dari komdigi gak bro Kur?

Rating palsu atau arahan yang kurang jelas jadinya pihak steam mengkategorikan rating tersebut jadinya berantakan.

Melanggar hukum rating ini sebelum atau sesudah mengenai IGRS ini?

Kalau sebelum","2040815625443119186","","kurawa","in","","0","0","1","https://x.com/wijayawilliam31/status/2040815625443119186","1467809322813906944","wijayawilliam31"
"2040815317417656617","2026-04-05T15:34:22.000Z","0","IGRS ANJING
KOMDIGI BANGSAT","2040815317417656617","","","in","","0","0","0","https://x.com/arnoediad/status/2040815317417656617","1296569292318638080","arnoediad"
"2040815283385115031","2026-04-05T15:34:14.000Z","1","Salah satu hal yang emang gak harusnya pemerintah sentuh, yakni hiburan.

Rakyat udah jengah dengan banyaknya isu negatif, pemerintah dgn sadarnya malah mau ngerecokin satu2nya media escape rakyat dari ketidakpastian hidup. Cepet matinya kalau gak segera batalin/revisi full IGRS.","2040815283385115031","","","in","","0","0","0","https://x.com/Hey_Ivan/status/2040815283385115031","207018619","Hey_Ivan"
"2040815266221982140","2026-04-05T15:34:10.000Z","1","Sempat khawatir,
Eh Beneran ngaco kan igrs, 🤣","2040815266221982140","","","in","","0","1","0","https://x.com/EmbyGarvail/status/2040815266221982140","1701606397161730048","EmbyGarvail"
"2040815262203859076","2026-04-05T15:34:09.000Z","4","Lagi ramai bahas IGRS &amp; rating gim di Steam, ini ada siaran pers resminya buat jadi referensi sebelum ambil kesimpulan. 
https://t.co/uhy793AJLw https://t.co/AkL2JXRYuB","2040815262203859076","https://pbs.twimg.com/media/HFJuqLPaoAApVYp.jpg","","in","","0","1","0","https://x.com/Deewwiiiii/status/2040815262203859076","1171267827736571904","Deewwiiiii"
"2040815222617997530","2026-04-05T15:34:00.000Z","1","Biar makin paham duduk perkaranya, yuk simak dulu penjelasan resmi Kemkomdigi terkait aturan IGRS dan rating gim di Steam melalui tautan berikut. Baca selengkapnya sebelum lanjut berdiskusi ya: https://t.co/2MWr4LOoYW","2040815222617997530","","","in","","0","0","0","https://x.com/alwiiihasan/status/2040815222617997530","1115572398","alwiiihasan"
"2040707677148561663","2026-04-05T15:33:07.000Z","0","@SylentSevenstar so my point is, does IGRS is wrong?","2040814999724269603","","SylentSevenstar","en","","0","1","0","https://x.com/anda_winata/status/2040814999724269603","48265005","anda_winata"
"2040814955398860887","2026-04-05T15:32:56.000Z","0","Josss bgt dahhh Sebelum debat soal IGRS ke mana‑mana, mungkin oke baca dulu siaran pers resminya di sini yaaaa gaissssss https://t.co/ENTVnEdMkt biarrr jelassss","2040814955398860887","","","in","","0","0","0","https://x.com/Ryand2727/status/2040814955398860887","4855877484","Ryand2727"
"2040780095246450943","2026-04-05T15:32:41.000Z","0","@KariSharl Ternyata IGrs tidak nyawit","2040814891549024570","","KariSharl","in","","0","0","0","https://x.com/GojoIrengg/status/2040814891549024570","1723678294665801728","GojoIrengg"
"2040749182856880357","2026-04-05T15:31:39.000Z","0","@dombajantanMU Kalau ngacu kesitu igrs makin ngaco, mobile games tapi nyasar ke PC 🤣","2040814631820898807","","dombajantanMU","in","","0","0","0","https://x.com/knightmuro/status/2040814631820898807","1923013963601874944","knightmuro"
"2040814625709772824","2026-04-05T15:31:37.000Z","0","Aowkwow IGRS di ketawain inter 🤣","2040814625709772824","","","in","","0","0","0","https://x.com/Skalteer/status/2040814625709772824","1170861795566735361","Skalteer"
"2040814587080273942","2026-04-05T15:31:28.000Z","0","@CMOfficeUP प्रयागराज वार्ड 59से  मैने अपने एरिया की रोड के लिए igrs किया जो मुझसे बिना मिले बिना फोन किए अपने ही आप अधिकारियों ने निस्तारण कर लिया न रोड बनाई न ही फोन किया यहां बहुत दिक्कतहै सर आप ही बताए हम लोगों को बहुत दिक्कतें होती है सर प्लीज मदद करें आखिरी उम्मीद आप है https://t.co/6RyN3EzpE9","2040814587080273942","https://pbs.twimg.com/media/HFJuDTgaEAA9v9d.jpg","CMOfficeUP","hi","","0","0","0","https://x.com/YavendraSingh11/status/2040814587080273942","1165943845399302144","YavendraSingh11"
"2040814544298320014","2026-04-05T15:31:18.000Z","0","ET DAH, Belum main yang infinite wealth nih... 

kalau benaran diterapin terus gak bisa dibeli game steam karena igrs ini sih, yaaah banting setir jadi majima goro deh nih. 

btw xbox gamepass bakal ngaruh juga gak tuh ya?? infinite wealth ada di gamepass soalnya https://t.co/dZe3t2ffzO","2040814544298320014","https://pbs.twimg.com/tweet_video_thumb/HFJuAcKaoAAmn4i.jpg","","in","","0","0","0","https://x.com/exewriyan/status/2040814544298320014","74900728","exewriyan"
"2040814082002165938","2026-04-05T15:29:28.000Z","0","igrs bener bener aneh kata gw mah","2040814082002165938","","","in","","0","0","0","https://x.com/thisisgnarly2/status/2040814082002165938","1852061578788761600","thisisgnarly2"
"2040813988876112156","2026-04-05T15:29:06.000Z","5","Ironi yang terjadi setelah munculnya IGRS di Steam: game legal dan bayar pajak susah didistribusikan. Sedangkan judol ilegal dan gak bayar pajak gampang sekali diakses masyarakat. 🫠","2040813988876112156","","","in","","0","3","4","https://x.com/effendiilham/status/2040813988876112156","83034307","effendiilham"
"2040813905136787858","2026-04-05T15:28:46.000Z","0","IGRS juga ada buzzer nya anjinggg aneh bener","2040813905136787858","","","in","","0","1","0","https://x.com/d1rrtbagg/status/2040813905136787858","1121205830227910658","d1rrtbagg"
"2040813899294130247","2026-04-05T15:28:44.000Z","1","IGRS itu ngerti ga sih apa arti ""RATING""? rating tu bahasa bayinya, cuman ""Tempelan"" nandain klo ini game itu buat umur sekian... udah cukup di situ...

BUKAN BERARTI GA BELI DIBELI ATAU DIMAININ BOPLAKKKK AAAAAAAARRRRRRRGGGGGH","2040813899294130247","","","in","","0","0","0","https://x.com/SenaRedo/status/2040813899294130247","1348521906278866945","SenaRedo"
"2040813888695079098","2026-04-05T15:28:42.000Z","0","Gue mau tidur tenang tapi malah dapet kenyataan negara gue sebapuk itu dengan IGRS nya","2040813888695079098","","","in","","0","1","0","https://x.com/verstalie/status/2040813888695079098","1747401993717735424","verstalie"
"2040685239228653915","2026-04-05T15:28:34.000Z","0","@iPoopBased Problemnya IGRS age rating lu ga konsisten mba tita, entah faktor penilaiannya gimana sampe game upin ipin kena, sementara game yang isinya ada sexual content malah dapet rating kid friendly. Alomani kata gue mah komdigi dari dulu","2040813858160538067","","iPoopBased","in","","0","0","0","https://x.com/ardhikaluth28/status/2040813858160538067","1892845563760300032","ardhikaluth28"
"2040813668431167585","2026-04-05T15:27:49.000Z","0","IGRS rated Doom Eternal and Persona 5 as 3+ games, while Farming Simulator 2025 and Superliminal as 18+ games

Thats Cinema 🙌","2040813668431167585","","","en","","0","1","0","https://x.com/EmilleMaiki/status/2040813668431167585","1615374934305574912","EmilleMaiki"
"2040646711778148558","2026-04-05T15:27:46.000Z","0","@BudiBukanIntel Sebenarnya gak masalah ada IGRS, cuma ya bodohnya cara rating mereka bekerja itu ngawurrr...","2040813654057353344","","BudiBukanIntel","in","","0","0","0","https://x.com/gerbongbagasi/status/2040813654057353344","78883179","gerbongbagasi"
"2040813591226700068","2026-04-05T15:27:31.000Z","0","Igrs tolol","2040813591226700068","","","sl","","0","0","0","https://x.com/FauziRasyidin/status/2040813591226700068","875633654","FauziRasyidin"
"2040813569512779902","2026-04-05T15:27:26.000Z","0","Hire me IGRS","2040813569512779902","","","fr","","0","0","0","https://x.com/sekarksh/status/2040813569512779902","753641395840098304","sekarksh"
"2040813440542109836","2026-04-05T15:26:55.000Z","0","IGRS kontol","2040813440542109836","","","sl","","0","0","0","https://x.com/ArielAlthav/status/2040813440542109836","818068624179007489","ArielAlthav"
"2040813182764368201","2026-04-05T15:25:53.000Z","0","Saking capeknya ngeliatin IGRS.... males buat komentar lagi... dah angkat tangan...","2040813182764368201","","","in","","0","0","0","https://x.com/SenaRedo/status/2040813182764368201","1348521906278866945","SenaRedo"
"2040743167201313154","2026-04-05T15:25:44.000Z","0","@AMAZlNGNATURE with new game rating (IGRS) from Indonesia government, there's no 'okay' situations","2040813142155092366","","AMAZlNGNATURE","en","","0","0","0","https://x.com/NovendraKesuma/status/2040813142155092366","1007116246012162048","NovendraKesuma"
"2040812899917263321","2026-04-05T15:24:46.000Z","0","IGRS ini punya kesalahan berpikir emg 😭","2040812899917263321","","","in","","0","0","0","https://x.com/toshimema/status/2040812899917263321","1949142272408428544","toshimema"
"2040809182874714185","2026-04-05T15:24:05.000Z","0","menurut saya sebaiknya dikaji ulang soal IGRS ini, dan saya sebenarnya setuju dengan idenya tapi tidak dengan eksekusinya. bu mutya hafid, saya cuman pesan jangan batasin komen ig bu, biar tau feedback dari kita kita, makasi","2040812727866925388","","risatonul","in","","0","0","0","https://x.com/risatonul/status/2040812727866925388","1609448211810508802","risatonul"
"2040734891361640826","2026-04-05T15:23:39.000Z","1","@memefess IGRS G nya Gooning cik wkwkwkwkw","2040812621109325904","","memefess","in","","0","0","0","https://x.com/cucunyaopah/status/2040812621109325904","1213539984826753024","cucunyaopah"
"2040677822729945459","2026-04-05T15:23:39.000Z","98","@Vulpeex Malak. Minta setoran 😂 masalahnya market kita ini gak begitu gede dan kalau publisher mau ignore market indo dan gk mau nurut sama IGRS, mereka gak rugi banyak. Yg paling rugi siapa? Ya gamer indo 😂","2040812617204474130","","Vulpeex","in","","0","1","3","https://x.com/skepticaladhit/status/2040812617204474130","1047888396","skepticaladhit"
"2040593488350515441","2026-04-05T15:23:29.000Z","0","@kemkomdigi Heh! Anda ini ya. Suruh Yang Buat IGRS Itu
DI HAPUS. SUMPAH NGGAK GUNA YA DI STEAM DAH ADA RATINGNYA LEBIH AKURAT DAN TELITI.
DARI PADA IGRS YANG TAK BERGUNA.
DAH SISTEM IGRS BELUM SIAP - ROLL OUT - KENA BACKLASH.
MALAH SALAHIN STEAM. KAN GOBLOK PARAH
GAK USAH MALU2 IN
#HapusIGRS https://t.co/W7iGL6rtKh","2040812578662912410","https://pbs.twimg.com/media/HFJqHaEaQAAXQez.jpg","kemkomdigi","in","","0","0","0","https://x.com/ParkBowie/status/2040812578662912410","1812076684230991872","ParkBowie"
"2040812375507632638","2026-04-05T15:22:41.000Z","0","anjir IGRS go international 🤣","2040812375507632638","","","es","","0","0","0","https://x.com/addiwick/status/2040812375507632638","568083715","addiwick"
"2040812367316152804","2026-04-05T15:22:39.000Z","1","Sekali buka X setelah sekian lama timeline isinya jadi keributan IGRS doang mending ga usah nerapin IGRS di steam udah universal pake ESRB&amp;PEGI maksa harus serba lokalisasi

mana adu lempar tanggung jawab ke valve, apakah terulang kejadian 1 Agustus 2022 dilempar botol air pipis? https://t.co/yHQoJ3Ys25","2040812367316152804","https://pbs.twimg.com/tweet_video_thumb/HFJsBpSbUAA7SKf.jpg","","in","","0","0","0","https://x.com/YinkoKaelandra/status/2040812367316152804","1266251507713761281","YinkoKaelandra"
"2040812197878944068","2026-04-05T15:21:59.000Z","0","Di block IGRS, Hypervision memberi jalan illegal 😁","2040812197878944068","","","in","","0","0","0","https://x.com/ar_saptra/status/2040812197878944068","473971466","ar_saptra"
"2040632418840031503","2026-04-05T15:21:14.000Z","0","@ChiyaChloe @MangAgus_10 Di tambah ada beberapa game yg terancam di blokir sama sialan IGRS ini","2040812008933933476","","ChiyaChloe","in","","0","0","0","https://x.com/miyoomiyoo7/status/2040812008933933476","1402854089914945546","miyoomiyoo7"
"2040807937472610686","2026-04-05T15:20:26.000Z","0","kalau komdigi via IGRS buat klasifikasi memang niatnya baik ngapain dipusingin?","2040811809519939907","","anda_winata","in","","0","1","0","https://x.com/anda_winata/status/2040811809519939907","48265005","anda_winata"
"2040811736429928756","2026-04-05T15:20:09.000Z","0","igrs guoblok","2040811736429928756","","","lt","","0","0","0","https://x.com/3pmatevening/status/2040811736429928756","1711525872870842368","3pmatevening"
"2040795242203664446","2026-04-05T15:19:11.000Z","0","@hxg_diluc because IGRS sucks","2040811494695448796","","hxg_diluc","en","","0","0","0","https://x.com/yoruisnightt/status/2040811494695448796","1391984310362640384","yoruisnightt"
"2040448008366793022","2026-04-05T15:18:37.000Z","0","@LexEx73 That is true, but the actual statement from KomDigi is the game is incorrect on Steam

Edit: IGRS is an upcoming or de facto IARC member that rates digital games; Steam doesn't use IARC ratings so you get a self rating.","2040811352047132750","","LexEx73","en","","0","0","0","https://x.com/ErvinBalboa089/status/2040811352047132750","1573706696274644993","ErvinBalboa089"
"2040811274284761579","2026-04-05T15:18:18.000Z","0","Jujur pas gue ngikutin isu IGRS, gue sempet mikir, 

Are we forced to do gambling to these sites that MASSIVELY PROMOTED on the internet?! https://t.co/xUf33ADTVo","2040811274284761579","https://pbs.twimg.com/media/HFJrCgTboAA57AK.jpg","","en","","0","1","0","https://x.com/Akhsa_Akhsara/status/2040811274284761579","1274276367803183109","Akhsa_Akhsara"
"2040811113538085342","2026-04-05T15:17:40.000Z","1","IGRS is so fucking AIDS https://t.co/yUN1v8F0Qv","2040811113538085342","https://pbs.twimg.com/media/HFJq5I7bAAAOmom.jpg","","en","","0","0","0","https://x.com/koabenk/status/2040811113538085342","1594528655715471360","koabenk"
"2040504588441469018","2026-04-05T15:17:00.000Z","0","@GemaShowIndo Buat apa kalau sama igrs di blok in game game","2040810947363889560","","GemaShowIndo","in","","0","0","0","https://x.com/Neogen176/status/2040810947363889560","1442048635999436805","Neogen176"
"2040810757563224433","2026-04-05T15:16:15.000Z","0","You know what!? IGRS Itu bodoh sebenernya, karena apa? kebodohan dalam research. lu liat coba, game indo yang ASftU yang dimana tidak ada kekerasan malah 18+ anjir. giliran game bokep 3+ loh bgst,","2040810757563224433","","","in","","0","0","0","https://x.com/bttlen1x_/status/2040810757563224433","1552560546188144640","bttlen1x_"
"2040810689275769036","2026-04-05T15:15:59.000Z","0","Kayaknya ku pernah predict nintendo bakal support region indonesia akhir tahun ini

Ngeliat IGRS kayak gini sih, makin malas mereka","2040810689275769036","","","in","","0","0","0","https://x.com/Echwazz/status/2040810689275769036","766213487383175168","Echwazz"
"2040685239228653915","2026-04-05T15:15:53.000Z","0","@iPoopBased IGRS ga belajar dari ESRB?","2040810662574936565","","iPoopBased","in","","0","0","0","https://x.com/freqtions/status/2040810662574936565","4102550845","freqtions"
"2040810606878740905","2026-04-05T15:15:39.000Z","0","para homophobes plis dikunci dlu yah mulutnya, saya lgi pusing sama @kemkomdigi nih gara2 IGRS 🖕🖕🖕","2040810606878740905","","","in","","0","0","0","https://x.com/sentriellesche/status/2040810606878740905","1539118295458398208","sentriellesche"
"2040810430638240054","2026-04-05T15:14:57.000Z","0","LAGI LAGI DUIT PAJAK DIPAKE BUAT BAYARIN ORANG TOLOLLLL

IGRS TOLOLLL GOBLOGG

TUA BANGKA KOMDIGI MANA PAHAM TEKNOLOGI","2040810430638240054","","","in","","0","0","0","https://x.com/selaluPromo09/status/2040810430638240054","1055726151908261888","selaluPromo09"
"2040807060766589111","2026-04-05T15:01:34.000Z","0","ajg lah cyberpunk 2077 kena igrs juga, babik lah kalo beneran kena blokir berkurang lagi lah game impian buat di co 😮‍💨","2040807060766589111","","","in","","0","0","0","https://x.com/g00dfella__/status/2040807060766589111","275966148","g00dfella__"
"2040777108415553580","2026-04-05T15:01:15.000Z","0","@Uzzzzz222 Anying game pekob aj dikasi rating 3+
IGRS ini Indonesia Gooner Rating System kh? Ngajarin anak2 hal2 caboel sedjak dini kh?","2040806980428919155","","Uzzzzz222","in","","0","0","0","https://x.com/OpiniRakyatID/status/2040806980428919155","2030427466599481344","OpiniRakyatID"
"2040806971956453682","2026-04-05T15:01:13.000Z","2","IGRS (Indonesia Gooners Rating System)","2040806971956453682","","","in","","0","0","0","https://x.com/dadarjiwoo/status/2040806971956453682","1554333912612356096","dadarjiwoo"
"2040806726514200788","2026-04-05T15:00:14.000Z","0","Reaksi gua terhadap IGRS","2040806726514200788","","","in","","0","0","0","https://x.com/jakasrinugraha4/status/2040806726514200788","611608902","jakasrinugraha4"
"2040775736391508436","2026-04-05T15:00:03.000Z","0","@anamoelya Kudu liat basically dia diroasting 🤣🤣🤣
Dibantu sama perwakilan AGI juga masih kena 🤣🤣🤣
Disini awal mula bahasan IGRS ini bakal sangsut 🤣🤣🤣","2040806681006010671","","anamoelya","in","","0","1","0","https://x.com/brendybossun/status/2040806681006010671","104105511","brendybossun"
"2040806667055751347","2026-04-05T15:00:00.000Z","1","Regulasi ini mewajibkan seluruh penerbit gim (publisher) untuk mengklasifikasikan produk mereka. Lantas, apa saja game yang tidak lolos IGRS atau berisiko dilarang beredar di Indonesia? https://t.co/uNr8jxH9Yu","2040806667055751347","","","in","","0","0","0","https://x.com/mediaindonesia/status/2040806667055751347","68930552","mediaindonesia"
"2040806614077444365","2026-04-05T14:59:47.000Z","4","Yaaa kan soalnya IGRS itu cuma pengalihan isu buat nutupin kasus tersangka penyerangan aktivis pake air keras yg postingannya diblokir sama @kemkomdigi 

Dan keliatan efektif sekarang. 
banyak yg ketarik ke isu IGRS ini jadinya https://t.co/TYwjTVPkDd","2040806614077444365","https://pbs.twimg.com/media/HFJmuEGbIAAb7gT.jpg","","in","","0","0","0","https://x.com/SorajimaAnzu/status/2040806614077444365","1307372651703222273","SorajimaAnzu"
"2040806315635929347","2026-04-05T14:58:36.000Z","0","eh ngentot ini igrs kalo misalkan lads kena ban gimana babi","2040806315635929347","","","in","","0","0","0","https://x.com/joyminzip/status/2040806315635929347","1574192354717626368","joyminzip"
"2040806314146992614","2026-04-05T14:58:36.000Z","0","kalo kejadian igrs ini aja ga sampe bikin turun ke jalan dan protes gede gedean, mereka bakal cuek, ya bakal kena semua","2040806314146992614","","","in","","0","0","0","https://x.com/sikoom/status/2040806314146992614","377811005","sikoom"
"2040806181086900250","2026-04-05T14:58:04.000Z","0","apcb igrs najisnyaaa","2040806181086900250","","","sl","","0","0","0","https://x.com/allatonve/status/2040806181086900250","1902000892611887104","allatonve"
"2040463227902124480","2026-04-05T14:56:53.000Z","13","@PHN316 Sekilas lihat akun sosmed IGRS isinya, 'resiko adiksi game pada anak', 'anak susah lepas dari gim', dan 'si kecil sibuk sama layar sendiri'. Sepertinya program ini dibuat oleh tim yang membenci game dan memang memiliki bias negatif.","2040805882808922290","","PHN316","in","","0","1","0","https://x.com/mpandu_nky/status/2040805882808922290","51931960","mpandu_nky"
"2040796778522693847","2026-04-05T14:55:41.000Z","0","@soundofyaps ktanya ada transaksi pembelian dalam game sama gamenya based online chat... ya... kan gimnya f2p... trus top up adalah kemauan masing-masing...
i mean.. kriteria IGRS nya ga jelas..","2040805580240252930","","soundofyaps","in","","0","1","0","https://x.com/onyourtabs/status/2040805580240252930","1408982412697038850","onyourtabs"
"2040805114978632117","2026-04-05T14:53:50.000Z","0","IGRS, lu tuh gak main game selain game porno kan? coba deh main sekali kali ke game lain, game nya gak berbau porno, emg otak lu aja kali cabul","2040805114978632117","","","in","","0","0","0","https://x.com/__hanaeruu/status/2040805114978632117","1491802121372454925","__hanaeruu"
"2040685239228653915","2026-04-05T14:52:40.000Z","2","@iPoopBased si tita ini yapping main game juga paling candy crush ama si entot deepspace. banyak bacot nih IGRS &amp; Komdigi.","2040804822769864737","","iPoopBased","in","","0","0","0","https://x.com/Arazoors/status/2040804822769864737","316940971","Arazoors"
"2040685239228653915","2026-04-05T14:52:35.000Z","0","@kulukuluez @iPoopBased @id_fm @kemkomdigi Ok, disclaimer. IGRS ini gw gk dukung ya, gw juga sangat bertentangan. Karena bukan nya sistem parentak controo, tapi game nya diminta berubah.  Siap siap GTA VI ""Indonesian Edition"" 🤣 Tolol si. 

Tapi, kalau FIFA/EAFC, Gacha nya itu bahaya lo. Pemain FUT pasti paham banget.","2040804799843815631","","kulukuluez","in","","0","1","0","https://x.com/eatalot23/status/2040804799843815631","1783585600848965634","eatalot23"
"2040804781720236267","2026-04-05T14:52:30.000Z","0","malu bgt igrs masuk sini tolol","2040804781720236267","","","in","","0","0","0","https://x.com/no_octis/status/2040804781720236267","938767068295438338","no_octis"
"2040804437665722780","2026-04-05T14:51:08.000Z","0","Keliatannya mulai kontol nih IGRS dengan Boomer2 di dalamnya #IGRS","2040804437665722780","","","in","","0","0","0","https://x.com/RoadsidePleb/status/2040804437665722780","834452904538877952","RoadsidePleb"
"2040804262612222239","2026-04-05T14:50:27.000Z","0","lah yg begitu mah 18+ kali? wong menurut komdigi (IGRS), yg kyk Nukitashi itu buat batita. ratingnya 3+ tuh. https://t.co/HTewtGY04f","2040804262612222239","https://pbs.twimg.com/media/HFJkWAAaAAAS_OS.jpg","","in","","0","0","0","https://x.com/AnimindoNet/status/2040804262612222239","294417475","AnimindoNet"
"2040804243918237827","2026-04-05T14:50:22.000Z","1","@kemkomdigi kalian ngapain ngurus beginian, kalo gw kepingin punya colony di Dutch East Indies ga boleh gitu? Atau ga boleh punya pemerintahan yg tidak oligarchic di game? Dariapada bikin rating IGRS ga jelas, mending tuh ngurusin judol sana https://t.co/9ly7R6Vvk1","2040804243918237827","https://pbs.twimg.com/media/HFJj2MuagAAO7Up.jpg","kemkomdigi","in","","0","0","1","https://x.com/ivanws88/status/2040804243918237827","1671478521510887426","ivanws88"
"2040803800676766165","2026-04-05T14:48:37.000Z","0","IGRS Kontol","2040803800676766165","","","sl","","0","0","0","https://x.com/CedricJuna/status/2040803800676766165","493063623","CedricJuna"
"2040803606312738915","2026-04-05T14:47:50.000Z","7","Kalo sampai Onimusha: Way of The Sword tidak rilis di Indonesia akibat kebijakan IGRS ini, SAYA AKAN LAWAN! SAYA MASIH MAMPU!

https://t.co/gkqKtce67g https://t.co/CsUD8DtTGS","2040803606312738915","https://pbs.twimg.com/media/HFJkDlhbAAA8O53.jpg","","in","","0","1","2","https://x.com/ekawicaksana/status/2040803606312738915","195743412","ekawicaksana"
"2040803351429017929","2026-04-05T14:46:49.000Z","0","ANJ APA2AN GAME BOLA BEGINI DPT RATING 18+. KAN GAK ADA ADEGAN DEWASA. YE TOLOL IGRS","2040803351429017929","","","in","","0","0","0","https://x.com/LewatTolJORR/status/2040803351429017929","847381304","LewatTolJORR"
"2040803082267934894","2026-04-05T14:45:45.000Z","0","Rame IGRS nich","2040803082267934894","","","sl","","0","0","0","https://x.com/kenarpramodana/status/2040803082267934894","89721136","kenarpramodana"
"2040802979440476622","2026-04-05T14:45:21.000Z","0","somehow IGRS flagged tekken 8 has gambling content but thats HIGHKEY TRUE 🥀","2040802979440476622","","","en","","0","0","0","https://x.com/ambaruw0/status/2040802979440476622","1250685621368057856","ambaruw0"
"2040684902866411853","2026-04-05T14:45:10.000Z","0","@RRDelusi itu game2 slot dan judol ada rating IGRS nya juga apa emang udah immune dari rating2an? @kemkomdigi","2040802934683037798","","RRDelusi","in","","0","0","1","https://x.com/thmsky/status/2040802934683037798","248756529","thmsky"
"2040802930140532832","2026-04-05T14:45:09.000Z","0","IGRS kontol","2040802930140532832","","","sl","","0","0","0","https://x.com/phantomcubicle/status/2040802930140532832","1861343752360775680","phantomcubicle"
"2040802782790521294","2026-04-05T14:44:34.000Z","1","rating igrs terhadap um*musume itu benar krn I'm tryna banging those horse ngl https://t.co/2xNRASBszi","2040802782790521294","https://pbs.twimg.com/tweet_video_thumb/HFJjTi8agAAmP7w.jpg","","in","","0","0","0","https://x.com/regredt/status/2040802782790521294","1442417240947658756","regredt"
"2040802649185120373","2026-04-05T14:44:02.000Z","1","IGRS :","2040802649185120373","","","sl","","0","0","0","https://x.com/deussamurai/status/2040802649185120373","1767751971786960896","deussamurai"
"2040742781946392682","2026-04-05T14:42:24.000Z","23","@katanyajoko udah banyak, narasinya IGRS tuh self-declare oleh developer sendiri https://t.co/YPP2SDcowB","2040802237820350508","https://pbs.twimg.com/media/HFJi0KrbUAAfAvx.jpg","katanyajoko","in","","0","4","0","https://x.com/ramagedd0n/status/2040802237820350508","389899487","ramagedd0n"
"2040723293934858337","2026-04-05T14:41:28.000Z","0","@toshibatv_id Kenapa ga ikut ESRB aja ya? Nanti dari situ bisa disesuaikan dengan kriteria yg ditentukan IGRS. Jangan malah asal kasih rating yg jadinya ga sesuai isi game. Contoh aja, Red Dead Redemption jadi 3+. Memangnya cocok untuk balita?","2040802003258077600","","toshibatv_id","in","","0","0","0","https://x.com/bobihart/status/2040802003258077600","122710413","bobihart"
"2040801848811270555","2026-04-05T14:40:51.000Z","5","makaciiiiii hadiahnya 😘 sehat2 orang baik. Aku mungkin mainin dan review ini. sebelum diban akibat rating nyawit IGRS https://t.co/QyEtsEZDTY","2040801848811270555","https://pbs.twimg.com/media/HFJh9frbgAAbeZM.png","","in","","0","0","0","https://x.com/RuuRirina/status/2040801848811270555","1563228432565420033","RuuRirina"
"2040801699980591451","2026-04-05T14:40:16.000Z","0","wkwk klo gw jdi rockstar suruh blur gta 6 buat sistem igrs mah mending gw skip market indo..","2040801699980591451","","","in","","0","0","0","https://x.com/myouiminskuy/status/2040801699980591451","356224114","myouiminskuy"
"2040770637183217794","2026-04-05T14:37:03.000Z","1","@NoidaUpdatesX Best way ghar baithe jitne log tweet kar rahe hai utne sabhi log apni taraf se  IGRS tab tak dalo jab tak govt haa ya na kah de","2040800890731614281","","NoidaUpdatesX","hi","","0","1","0","https://x.com/lucky9451/status/2040800890731614281","478441002","lucky9451"
"2040800704642912511","2026-04-05T14:36:36.000Z","1","5. Tierlist ANJENG BERANTEM KITA YOK. Tierlist ini beneran menguras energi aku, aku marah banget waktu di stream sama keputusan IGRS seperti mereka nggak ada akal sehat. Kita bahas Upin ipin. Terlepas dari gameplaynya yang jelek. IP Upin Ipin ini emang ditujukan untuk anak-anak,","2040800778819096643","","peter_parkour12","in","","0","1","0","https://x.com/peter_parkour12/status/2040800778819096643","1277631957493399553","peter_parkour12"
"2040800704642912511","2026-04-05T14:36:24.000Z","1","Lalu game yang keliatannya tidak ada unsur dewasa tapi masuk 18+ karena game itu menyediakan open public voice. Ini karena kayaknya IGRS ingin melindung anak kecil agar nggak berinteraksi ama gamer dewasa.","2040800729649266963","","peter_parkour12","in","","0","1","0","https://x.com/peter_parkour12/status/2040800729649266963","1277631957493399553","peter_parkour12"
"2040800704642912511","2026-04-05T14:36:19.000Z","1","1. Penjelasan Tierlist
Unrated = belum dirating IGRS
Make sense = Aku dan Igrs sepakat rating yang dikasih sesuai
Understandable = Beberapa point aku nggak setuju dengan point IGRS, tapi aku paham kenapa game itu dimasukan ke rating tersebut","2040800708883325276","","peter_parkour12","in","","0","1","0","https://x.com/peter_parkour12/status/2040800708883325276","1277631957493399553","peter_parkour12"
"2040711244660068645","2026-04-05T14:35:41.000Z","31","@mediterariaa_ Bayangin deh kalo gta 6 rilis terus IGRS bilang ke rockstar ""bang, ini demi bisa masuk Indonesia senjatanya di blur ya. Sama kalo bisa ngga usah ada misi perampokan, apalagi nunjukin polisi nembak rakyat"" 🙏🏻🙏🏻","2040800548665102448","","mediterariaa_","in","","0","2","0","https://x.com/ItsmeMauwi/status/2040800548665102448","1006362849394884609","ItsmeMauwi"
"2040800370092548271","2026-04-05T14:34:59.000Z","0","I despise censorship A LOT.

And this fuckass IGRS is handled by the government who can't even do shit. This IGRS system will surpress pop media and culture distributions. And we can't even enjoy and have good shit","2040800370092548271","","","en","","0","0","0","https://x.com/eonoeonoe/status/2040800370092548271","1344299289724391426","eonoeonoe"
"2040686995249533039","2026-04-05T14:33:40.000Z","0","@AADGPodcast Melihat dari akun IG IGRS, kebanyakan isinya adalah tentang 'penanganan kecanduan gim', 'membatasi waktu main gim', dan 'jangan biarkan si kecil lihat layar terus'. Sepertinya memang program yang dirancang oleh orang-orang yang membenci game dan sudah punya bias negatif.","2040800040533574088","","AADGPodcast","in","","0","0","0","https://x.com/mpandu_nky/status/2040800040533574088","51931960","mpandu_nky"
"2040799905233735857","2026-04-05T14:33:08.000Z","0","Buka X:
-IGRS bikin game di indo kacau
-Fans arsenal sibuk mukul ke fanbase sana sini tapi nginjek kaki sendiri https://t.co/RDRa9PtrOW","2040799905233735857","https://pbs.twimg.com/tweet_video_thumb/HFJgon9a4AAHZOw.jpg","","in","","0","0","0","https://x.com/Lidik58/status/2040799905233735857","2011890540271525888","Lidik58"
"2040799549263171965","2026-04-05T14:31:43.000Z","160","you would think youll see diluc butt oily naked in the dawn winery with the way igrs labelled it https://t.co/17x1LRcp11","2040799549263171965","https://pbs.twimg.com/media/HFJgX85aQAAVmNz.jpg","","en","","0","4","14","https://x.com/dayakdiluc/status/2040799549263171965","1975542210314838020","dayakdiluc"
"2040736921580908927","2026-04-05T14:30:58.000Z","1","@iPoopBased Fax. Fuck ea and sports game in general tapi lebih fuck komdigi &amp; igrs 👍","2040799362138435776","","iPoopBased","in","","0","0","0","https://x.com/CuntofMadrid/status/2040799362138435776","3180183638","CuntofMadrid"
"2040799348280402184","2026-04-05T14:30:55.000Z","0","My whole timeline in X is all about IGRS... 🗿
I can't man... the ppl that made the rules can't even understand the spesific genre that literally stated there","2040799348280402184","","","en","","0","0","0","https://x.com/Hay_yatto9/status/2040799348280402184","1574199383465537536","Hay_yatto9"
"2040798396672573814","2026-04-05T14:29:40.000Z","0","Fuck IGRS all my homies hate IGRS","2040799035645444523","","eonoeonoe","en","","0","0","0","https://x.com/eonoeonoe/status/2040799035645444523","1344299289724391426","eonoeonoe"
"2040792704175513733","2026-04-05T14:29:37.000Z","1","@cqlumbina_ @GenshinUniverse It's kinda ironic that the one who rated IGRS are from AI","2040799023096009144","","cqlumbina_","en","","0","0","0","https://x.com/RaisShawer/status/2040799023096009144","957047906594205696","RaisShawer"
"2040799007757455647","2026-04-05T14:29:34.000Z","0","IGRS dari Komdongo benerin wir","2040799007757455647","","","in","","0","0","0","https://x.com/ahmedfahrizal_/status/2040799007757455647","938425477890371584","ahmedfahrizal_"
"2040798877130141814","2026-04-05T14:29:03.000Z","0","IGRS KONTOL","2040798877130141814","","","sl","","0","0","0","https://x.com/yuu_nekobat/status/2040798877130141814","1532651559548768258","yuu_nekobat"
"2040792704175513733","2026-04-05T14:28:29.000Z","0","@GenshinUniverse Pasti yg ngelola IGRS ama AI, ga kaget kalo itu bener.","2040798737103278555","","GenshinUniverse","in","","0","1","0","https://x.com/RaisShawer/status/2040798737103278555","957047906594205696","RaisShawer"
"2040685239228653915","2026-04-05T14:28:05.000Z","0","@iPoopBased Beli mahal mahal gta 6 terus di blur wkwkk anjing kyk pede tuh rockstar mau ngikutin regulasi igrs","2040798636007977060","","iPoopBased","in","","0","1","0","https://x.com/Ekokucayy/status/2040798636007977060","1632022321","Ekokucayy"
"2040798494370435519","2026-04-05T14:27:31.000Z","0","IGRS kontol","2040798494370435519","","","sl","","0","0","0","https://x.com/y9x1c2b3/status/2040798494370435519","54774043","y9x1c2b3"
"2040733804860694839","2026-04-05T14:27:24.000Z","15","@wordfangs Lagi liat TL IGRS ngaco sambil di tampolin iklan  judol didepan muka, peak moment","2040798461835288850","","wordfangs","in","","0","0","1","https://x.com/Lidik58/status/2040798461835288850","2011890540271525888","Lidik58"
"2040798323129630773","2026-04-05T14:26:51.000Z","0","Bener-bener institusi ini, keknya harusnya ada more urgent matters yang harus diselesaikan deh daripada soal IGRS ini 🙂‍↔️🙂‍↔️","2040798323129630773","","","in","","0","0","0","https://x.com/_jrblaze/status/2040798323129630773","351470934","_jrblaze"
"2040798195404705914","2026-04-05T14:26:31.000Z","0","Jadi kesimpulannya: IGRS lagi jadi bahan meme nasional hari ini karena rating anehnya, dan eFootball kebagian “predikat balita-friendly”😅😅😅","2040798241214861671","","bananaefootball","in","","0","0","0","https://x.com/bananaefootball/status/2040798241214861671","1723949519476514816","bananaefootball"
"2040798195404705914","2026-04-05T14:26:29.000Z","0","eFootball dapet rating IGRS 3+ (artinya cocok buat anak usia 3 tahun ke atas)

Bandingin sama game bola lain:  
- eFootball → 3+  
- FC 26 → 18+  
- Football Manager 26 → 3+  
- UFL → Pending","2040798232184582289","","bananaefootball","in","","0","1","0","https://x.com/bananaefootball/status/2040798232184582289","1723949519476514816","bananaefootball"
"2040798195404705914","2026-04-05T14:26:28.000Z","1","• Update resmi IGRS hari ini bilang rating di Steam masih self-declared. Komdigi juga menegaskan bahwa tampilan IGRS pada sejumlah gim di Steam bukan merupakan hasil klarifikasi resmi yang dikeluarkan oleh pemerintah. (Portal Komdigi)","2040798228401258670","","bananaefootball","in","","0","1","0","https://x.com/bananaefootball/status/2040798228401258670","1723949519476514816","bananaefootball"
"2040798195404705914","2026-04-05T14:26:26.000Z","0","Steam kasih warning ke publisher: “Kalau nggak ada IGRS valid, game lo ilang dari toko buat customer Indo.”","2040798220750831803","","bananaefootball","in","","0","1","0","https://x.com/bananaefootball/status/2040798220750831803","1723949519476514816","bananaefootball"
"2040798195404705914","2026-04-05T14:26:25.000Z","1","• Kasus yang lagi terjadi
Ini yang bikin X panas banget hari ini:

- Steam lagi ngikut aturan IGRS. Mulai sekarang, game yang nggak punya rating IGRS resmi bakal nggak muncul buat user di Indonesia.","2040798216506237351","","bananaefootball","in","","0","1","0","https://x.com/bananaefootball/status/2040798216506237351","1723949519476514816","bananaefootball"
"2040798195404705914","2026-04-05T14:26:22.000Z","0","• Apa itu IGRS??

IGRS = Indonesian Game Rating System (atau Klasifikasi Permainan Interaktif Elektronik / KPIE). 

Ini sistem rating umur resmi buat game digital di Indonesia yang dikelola sama Kementerian Komunikasi dan Digital (Komdigi).","2040798201129869585","","bananaefootball","in","","0","1","0","https://x.com/bananaefootball/status/2040798201129869585","1723949519476514816","bananaefootball"
"2040798195404705914","2026-04-05T14:26:20.000Z","3","lagi rame bahasin tentang IGRS

tapi lu dah tau belum apa itu IGRS??

kalo belum tau sini gue jelasin apa itu IGRS, apa tujuanya dan kenapa ramai belakangan ini.

a thread https://t.co/RB7ArTqTvQ","2040798195404705914","https://pbs.twimg.com/media/HFJfItFaUAAxg0z.jpg","","in","","0","1","0","https://x.com/bananaefootball/status/2040798195404705914","1723949519476514816","bananaefootball"
"2040407316655456258","2026-04-05T14:24:44.000Z","0","@SEAGamethetic Komdigi anco, IGRS biadab","2040797793795924400","","SEAGamethetic","in","","0","0","0","https://x.com/WibuPsikopatDes/status/2040797793795924400","1237228629681029125","WibuPsikopatDes"
"2040797681145229670","2026-04-05T14:24:18.000Z","0","Pahit-pahitnya..
IGRS cuma permulaan, bentar lagi music, film, buku, dan bahkan mungkin mainan.","2040797681145229670","","","in","","0","0","0","https://x.com/Rahman_Denim72/status/2040797681145229670","2428862125","Rahman_Denim72"
"2040797399636164822","2026-04-05T14:23:10.000Z","0","buset algoritma twt gw isiny igrs jump boat","2040797399636164822","","","en","","0","0","0","https://x.com/thl1eo/status/2040797399636164822","1452566234986258436","thl1eo"
"2040796903647203723","2026-04-05T14:21:12.000Z","0","Karena hari ini timeline gua rame banget soal IGRS yang salah rating, gua coba bahas si rating system bikinan Komdigi ini sekaligus ngutarain keresahan gua terkait eksistensinya sebagai gamer dan akademisi.

https://t.co/iNOR2gPmWQ
https://t.co/N87694dsst

Sundul @kemkomdigi :)","2040796903647203723","","","in","","0","0","0","https://x.com/galih_dea/status/2040796903647203723","598306644","galih_dea"
"2040796426738016760","2026-04-05T14:19:18.000Z","0","Dari tahun lalu lagi demen main game tbtb ada si igrs ini","2040796426738016760","","","in","","0","0","0","https://x.com/orchaew/status/2040796426738016760","1903464530925277184","orchaew"
"2040795943650652240","2026-04-05T14:17:23.000Z","0","IGRS, Insta Gram Rusakenkabeh Su","2040795943650652240","","","sl","","0","0","0","https://x.com/chrissdhon/status/2040795943650652240","46693544","chrissdhon"
"2040795858179072421","2026-04-05T14:17:03.000Z","3","Malah nyalahin Steam. Hadeuuhh Komdigi Komdigi. Bubar aja sekalian IGRS nya sekalian kalo ga sanggup 😡
Urusan yg paling utama itu berantas Jud0l sama p1nj0l dulu!!","2040795858179072421","","","in","","0","0","2","https://x.com/BriantAditya/status/2040795858179072421","930080998355648512","BriantAditya"
"2040795217478267130","2026-04-05T14:14:30.000Z","64","Karena saya wartawan saya bertanya

1. Apakah Steam memang memasukkan rating palsu, ini analisa darimana dan kenapa? 
2. Sistem IGRS sendiri kaya apa dan apakah ada campur tangan tim khusus? 
3. Rating resmi seperti apa?

Silahkan anda jawab","2040795217478267130","","","in","","1","1","14","https://x.com/adiyaadiya/status/2040795217478267130","50319714","adiyaadiya"
"2040794943946711298","2026-04-05T14:13:25.000Z","1","IGRS KONTOL","2040794943946711298","","","sl","","0","0","0","https://x.com/n4pp3rzzz/status/2040794943946711298","1640289866809491456","n4pp3rzzz"
"2040794886061039648","2026-04-05T14:13:11.000Z","1","IGRS sedang menggali kuburuan nya sendiri","2040794886061039648","","","in","","0","0","1","https://x.com/jinowra/status/2040794886061039648","275583489","jinowra"
"2040794857338446099","2026-04-05T14:13:05.000Z","5","With current IGRS situation, well damn I'm a gamedev myself HAHAHAHAH

So yeah the current situation is so fucked up and I'm so fed up with the degradation of my country
I love my country, but I mostly hate the authorities and the ignorant shts","2040794860752683451","","tizaki09","en","","0","1","0","https://x.com/tizaki09/status/2040794860752683451","1379388111050825729","tizaki09"
"2040794593135071554","2026-04-05T14:12:01.000Z","19","Komdongo tolol

Rating sistem steam sudah paling fineshyt 

Harusnya steam yang minta klarifikasi ke IGRS dalam cara sistem mereka declare rating setiap game bisa ngaco begitu - malah gaslight pihak steam.","2040794593135071554","","","in","","0","0","3","https://x.com/ShinadeVT/status/2040794593135071554","1482147685809283073","ShinadeVT"
"2040794541402603975","2026-04-05T14:11:49.000Z","0","fakyu komdigi fakyu igrs","2040794541402603975","","","in","","0","0","0","https://x.com/danrrrrrrr/status/2040794541402603975","606671422","danrrrrrrr"
"2040794434384900238","2026-04-05T14:11:23.000Z","0","IGRS ini tolol","2040794434384900238","","","in","","0","0","0","https://x.com/xxmryyx/status/2040794434384900238","2495478908","xxmryyx"
"2040794408808059136","2026-04-05T14:11:17.000Z","0","Lalu apa gunanya ini fitur kalo tujuan IGRS itu untuk anak anak? https://t.co/uPVRvuhgNO","2040794408808059136","https://pbs.twimg.com/media/HFJbsyObYAAv3zx.jpg","","in","","0","0","0","https://x.com/YinkoKaelandra/status/2040794408808059136","1266251507713761281","YinkoKaelandra"
"2040794166033326226","2026-04-05T14:10:19.000Z","0","IGRS : Indonesia GOONING rating system","2040794166033326226","","","en","","0","0","0","https://x.com/Arkanwoilah/status/2040794166033326226","1451574022852919301","Arkanwoilah"
"2040793725249716238","2026-04-05T14:08:34.000Z","2","Gue tuh kagum, tapi juga concern sama adek gue yang chronically online ini. Tiap gue sama ibu lagi bahas isu politik yang lagi hot, dia pasti nimbrung, dan yang dia sebutin tuh FAKTA?? Bahkan IGRS Ini gue tau detailnya dari dia.","2040793725249716238","","","in","","0","1","0","https://x.com/tetsurowifeeyy/status/2040793725249716238","1529854402814971905","tetsurowifeeyy"
"2040793522731880938","2026-04-05T14:07:46.000Z","1","Udh bubarin aja igrs igrs 🫩 persona 5 mau gw mainin abis uts padahal","2040793522731880938","","","in","","0","0","0","https://x.com/ikanhane/status/2040793522731880938","1367434748101070851","ikanhane"
"2040793361771360370","2026-04-05T14:07:08.000Z","0","@dmayodhya @UPGovt @CMOfficeUP
Sriman, Gram Panchayat Magrejanagar (Rudauli) mein interlocking road poori tarah toot chuki hai (Photo dekhein). IGRS No. 40017726016082 par adhikari ne jhoothi report lagayi hai ki raasta sahi hai'. Portal par feedback bhi block kar diya gaya hai https://t.co/kAufhyMoTh","2040793361771360370","https://pbs.twimg.com/media/HFJavzQbwAArygS.jpg","dmayodhya","hi","","0","0","0","https://x.com/fire_free75082/status/2040793361771360370","2014927980569755653","fire_free75082"
"2040777108415553580","2026-04-05T14:06:59.000Z","6","@Uzzzzz222 Yg jadi masalah bukan IGRS tapi YANG NGURUS DIBELAKANG IGRS NYA ITU gue yakin pasti Orang2 dibelakang sana yg ngurus tuh generasi2 boomer yg gede dengan mindset kontol ""Main Game Buat Apa""","2040793324639101179","","Uzzzzz222","in","","0","2","2","https://x.com/KRathalos97/status/2040793324639101179","1632254408221396992","KRathalos97"
"2040793255886119220","2026-04-05T14:06:42.000Z","0","FUCK IGRS","2040793255886119220","","","et","","0","0","0","https://x.com/arnoediad/status/2040793255886119220","1296569292318638080","arnoediad"
"2040755894875734493","2026-04-05T14:05:57.000Z","2","@rongrongarts The Steam family management feature feels like it doesn't exist,even though the majority of children in Indonesia play games on mobile because access to have a PC is expensive here

Yes, I'm also fed up with the government's random behavior,even though the IGRS is not yet final🛌 https://t.co/hbgaco2ejs","2040793065074655582","https://pbs.twimg.com/media/HFJaed4a4AA-rIZ.jpg","rongrongarts","en","","0","0","1","https://x.com/YinkoKaelandra/status/2040793065074655582","1266251507713761281","YinkoKaelandra"
"2040792958560239875","2026-04-05T14:05:32.000Z","0","Wlopun g nymbung tpi w stuju

Emng g jls igrs","2040792958560239875","","","in","","0","0","0","https://x.com/cokudevu/status/2040792958560239875","1602469543141470209","cokudevu"
"2040623629495611815","2026-04-05T14:05:24.000Z","0","@virtualballers bagus sih cuma harus dari developernya langsung yang menilai sendiri baru dikirim ke igrs","2040792928847860137","","virtualballers","in","","0","0","0","https://x.com/CekrekPaklek/status/2040792928847860137","1608052969714634753","CekrekPaklek"
"2040792670243868932","2026-04-05T14:04:23.000Z","0","PUTANG INA MO! BOBO! CYKA BLYAT IGRS","2040792670243868932","","","tl","","0","0","0","https://x.com/suwmade/status/2040792670243868932","1703677150120058880","suwmade"
"2040792560625713552","2026-04-05T14:03:57.000Z","0","Rame banget IGRS dan belum liat Buzzer yang ngedukung... Berarti emang mereka sejauh ini ga ngerti apa-apa soal game yang mau mereka atur 😂😂","2040792560625713552","","","in","","0","0","0","https://x.com/BoGameDo/status/2040792560625713552","934808147704741888","BoGameDo"
"2040782884207010180","2026-04-05T14:03:02.000Z","3","@lazy21 Tidak, Steam justru melakukan harmonisasi dengan peraturan standard rating IGRS sesuai permintaan pemerintah Indonesia. Tapi standardnya IGRS aja yg waw","2040792330601676962","","lazy21","in","","0","0","0","https://x.com/kerissakti/status/2040792330601676962","64586729","kerissakti"
"2040791987872514341","2026-04-05T14:01:40.000Z","0","श्री मान up पुलिस कृपा करें मेरी चार्ज शीट या फ़ाइल कोर्ट में नहीं पहुंची है  IGRS, और high कोर्ट के आदेश बाद भी सुनवाई नहीं हो रहीं है कृपा करके फ़ाइल कोर्ट में दाखिल करवा दिया जाए धन्यवाद @Uppolice @DCPGNagarPRJ @myogioffice @myogiadityanath @DM_PRAYAGRAJ @dgpup https://t.co/hANbcNorrT","2040791987872514341","https://pbs.twimg.com/media/HFJZe6-bMAEsX_f.jpg","","hi","","0","0","0","https://x.com/KanhaiyaYa51547/status/2040791987872514341","1692135569458143232","KanhaiyaYa51547"
"2040704635128943030","2026-04-05T14:01:00.000Z","0","@mhuseinali Harusnya IGRS standar mengacu ke rating yg diakui secara internasional. Seperti PDP yg mengacu pada standar eropa GDPR atau ISO 27001 dan turunan nya. Untuk standar rating game ada ESRB (North America) atau PEGI (Europe). Knp gak mengacu ke situ? Dasar pemalas gak bisa kerja 😡","2040791820830134450","","mhuseinali","in","","0","0","0","https://x.com/RhendySpine/status/2040791820830134450","1906258058810146816","RhendySpine"
"2040791791440662571","2026-04-05T14:00:53.000Z","1","IGRS KONTOL","2040791791440662571","","","sl","","0","1","0","https://x.com/cegilnyaxiangli/status/2040791791440662571","1775585590089744385","cegilnyaxiangli"
"2040791258621493606","2026-04-05T13:58:46.000Z","0","gw jg gak setuju sama rating IGRS ini tapi A Date with Death emang 13+ kocak, eljibiti eljibiti mulu knpsih mikirin eljibiti mulu? gaada hubungan","2040791258621493606","","","in","","0","1","0","https://x.com/supernovatuna/status/2040791258621493606","1364166135101280258","supernovatuna"
"2040791182540988745","2026-04-05T13:58:28.000Z","39","Got my friends fucked 7-0 using Munchen IGRS start to censored this shit. 😭","2040791182540988745","","","en","","0","0","13","https://x.com/haritstoteles_/status/2040791182540988745","238141960","haritstoteles_"
"2040672465354215584","2026-04-05T13:58:04.000Z","2","@tilehopper Only if the people behind the rating system is competent and actually UNDERSTAND what they doing.

But for now ? IGRS couldnt be like PG or ESRB.","2040791083140121003","","tilehopper","en","","0","0","0","https://x.com/ibnukazuyal/status/2040791083140121003","885207585686552576","ibnukazuyal"
"2040618458627580374","2026-04-05T13:57:31.000Z","12","@ShaniBudi @kemkomdigi Dikira gamers zaman sekarang cuma diem diem bae 🤣🤣
Udah bagus marketnya mulai beralih ke game ori setelah terbatasnya distribusi bikin orang ngebajak eh malah mau dimatiin ama IGRS yang gak guna 🤮🤮","2040790943440458063","","ShaniBudi","in","","0","0","1","https://x.com/freshsqueezeorg/status/2040790943440458063","232746593","freshsqueezeorg"
"2040697243171524831","2026-04-05T13:57:30.000Z","0","@LambeResing F1 25 rating IGRS 15+","2040790937950093815","","LambeResing","sl","","0","0","0","https://x.com/azkiiofifteen96/status/2040790937950093815","1948731005151707137","azkiiofifteen96"
"2040790895117934983","2026-04-05T13:57:20.000Z","0","Gua sebagai gamers kecewa sama IGRS ajg sampah laknat yg diterapin sama Lembaga tolol itu","2040790895117934983","","","in","","0","0","0","https://x.com/dafeennn/status/2040790895117934983","1794022676866187264","dafeennn"
"2040790890260914401","2026-04-05T13:57:18.000Z","0","Igrs ngasih rating ke game ngawur saatnya gamer indonesia melakukan revolusi","2040790890260914401","","","in","","0","0","0","https://x.com/zakisemma/status/2040790890260914401","1320795943403352065","zakisemma"
"2040592139948892182","2026-04-05T13:57:12.000Z","0","@geppienon Pokoknya semua yg defend ulah igrs itu BIJIQ","2040790861446095311","","geppienon","in","","0","0","0","https://x.com/kurmiked/status/2040790861446095311","1917863325708537857","kurmiked"
"2040790830752157891","2026-04-05T13:57:04.000Z","0","Tai, kontol IGRS kesel nian gue","2040790830752157891","","","in","","0","0","0","https://x.com/Raza420691/status/2040790830752157891","1236077205370703872","Raza420691"
"2040712295169556748","2026-04-05T13:55:53.000Z","1","@bLxCoffee @hrdbacot IGRS ""pokoknya ada"" sekalian bang.","2040790531257802953","","bLxCoffee","in","","0","0","0","https://x.com/yo__di/status/2040790531257802953","715372514","yo__di"
"2040790486961779182","2026-04-05T13:55:42.000Z","0","Apaan lagi ini igrs ?! Nambahin stress orang aja ini komdigi 😮‍💨","2040790486961779182","","","in","","0","0","0","https://x.com/fireplayblaze/status/2040790486961779182","2459016572","fireplayblaze"
"2040593488350515441","2026-04-05T13:55:06.000Z","2","@kemkomdigi Kepada yang terhina Komdongo di tempat, kata gw mending stop itu IGRS tolol ga jelas. Kasih rating umur ya kasih rating umur aja, ga usah goblok pake kontrol distribusinya juga.

Ga becus kerja lu pada. Goblok bgt bangsat bikin emosi.","2040790336667263414","","kemkomdigi","in","","0","0","0","https://x.com/rpr_zero2/status/2040790336667263414","1355903781213364234","rpr_zero2"
"2040790284217528354","2026-04-05T13:54:54.000Z","0","@kemkomdigi IGRS useless as fuck, komdongo ga guna, babi korupsi https://t.co/a1dVEIzq1H","2040790284217528354","https://pbs.twimg.com/media/HFJXoFraAAAm_my.jpg","kemkomdigi","in","","0","0","0","https://x.com/sentriellesche/status/2040790284217528354","1539118295458398208","sentriellesche"
"2040570460912676988","2026-04-05T13:54:01.000Z","3","@BK_Satellite Oh, iya. Tadi tuh orang lewat di timeline, ngetweet IGRS. Well, you know what the guy tweeted by this example.

Aku pilih ignore aja sih.

Lagipula cinta tanah air bukan berarti harus cinta sama pemerintah kan? In the end, they are just servants. Shtty servants, to be precise.","2040790060086485370","","BK_Satellite","in","","0","0","0","https://x.com/sripraba95/status/2040790060086485370","2215859544","sripraba95"
"2040789632045224393","2026-04-05T13:52:18.000Z","0","laughing my ass off cause my ex bf was voted 02 and i bet his game became victims of IGRS https://t.co/PZGC3snqqi","2040789632045224393","https://pbs.twimg.com/tweet_video_thumb/HFJXWFVa4AAU5zN.jpg","","en","","0","1","0","https://x.com/wh0isHanna/status/2040789632045224393","1469094366","wh0isHanna"
"2040789603637166382","2026-04-05T13:52:12.000Z","0","What a nonsense talk here from the IGRS. You're fvcking delulu @kemkomdigi
Your system isn't ready yet, but you blame and ask steam to cover your shits. What a lame joke.

GO GET THE F JUDOL OUT OF HERE RATHER THAN THIS!!!","2040789603637166382","","","en","","0","0","0","https://x.com/Hoomanine/status/2040789603637166382","811002823","Hoomanine"
"2040789561715089581","2026-04-05T13:52:02.000Z","0","IGRS = Indonesia Gooning Rating System","2040789561715089581","","","en","","0","0","0","https://x.com/itsgenky/status/2040789561715089581","1192427020728160256","itsgenky"
"2040789535987208678","2026-04-05T13:51:56.000Z","0","IGRS is the new Halal label
Meaning : it can be bought 🤷🏻‍♀️","2040789535987208678","","","en","","0","0","0","https://x.com/mamooarts/status/2040789535987208678","1986617864598745088","mamooarts"
"2040789524507447308","2026-04-05T13:51:53.000Z","0","IGRS Kontol","2040789524507447308","","","sl","","0","0","0","https://x.com/akfrshvn/status/2040789524507447308","1165610693321584640","akfrshvn"
"2040733618180641063","2026-04-05T13:51:12.000Z","4","@wordfangs Isi Rilis/Statement Kemkomdigi kesannya lempar tanggung jawab ke Steam? Trus ngapain ada IGRS?! 
Ohh dan satu lagi Statement/Rilis kalian Jelek!. Sekelas kementrian tuh gak ada training Public Speaking ya.","2040789354835284133","","wordfangs","in","","0","0","0","https://x.com/rvbaharktik/status/2040789354835284133","1689725731046309888","rvbaharktik"
"2040789280499622351","2026-04-05T13:50:55.000Z","31","JADWAL SIDANG TAHANAN POLITIK 6-7 April 2026!

Yang ngamuk karena ada ibu dilindes tentara, IGRS yang gak jelas, investigasi kasus Andrie Yunus disensor Instagram, keracunan MBG, dan banyak lagi kelakuan rezim dipersilakan menyalurkan amarah di ruang sidang tahanan politik! https://t.co/ubTNDdmRp6","2040789280499622351","https://pbs.twimg.com/media/HFJUJ8Qa0AEuN7_.png","","in","","0","1","25","https://x.com/BerhakProtes/status/2040789280499622351","1999003901014716418","BerhakProtes"
"2040789060487459172","2026-04-05T13:50:02.000Z","0","istg gw baru kelar maen Hogwarts legacy dikirimin vt ma temen soal igrs, ini komdigi nyabu apa gimana, masa iya game bokep dapet rating 3+ sedang FIFA / PES dapet rating 18+ anjggg 💔","2040789060487459172","","","in","","0","0","0","https://x.com/skrrttttttskrtt/status/2040789060487459172","1340792157133656064","skrrttttttskrtt"
"2040788931323867200","2026-04-05T13:49:31.000Z","0","igrs ni naon dah","2040788931323867200","","","in","","0","0","0","https://x.com/dombolord/status/2040788931323867200","1234445676819271685","dombolord"
"2040788909848973696","2026-04-05T13:49:26.000Z","0","Lagi memantau masalah IGRS 🙂","2040788909848973696","","","in","","0","0","0","https://x.com/tapdibdab/status/2040788909848973696","1128977213565464576","tapdibdab"
"2040788886486700061","2026-04-05T13:49:21.000Z","0","ini fatal bgt sih igrs ngaco total","2040788886486700061","","","in","","0","0","0","https://x.com/cutadh/status/2040788886486700061","1884925874690203648","cutadh"
"2040788758531063920","2026-04-05T13:48:50.000Z","0","IGRS SIALAN","2040788758531063920","","","in","","0","0","0","https://x.com/KuNekobalt/status/2040788758531063920","1302205592337965056","KuNekobalt"
"2040788582424891656","2026-04-05T13:48:08.000Z","0","Igrs tuh gimana deh😭🙏
Mereka rate berdasar apa😭","2040788582424891656","","","in","","0","0","0","https://x.com/imamanbru/status/2040788582424891656","1984538891836407808","imamanbru"
"2040788433573167197","2026-04-05T13:47:33.000Z","0","Perkara IGRS ini emang bikin jengkel banget, tapi untung kemaren Soton menang dan ada yg gak jadi treble, jadi lumayan lah ada hiburan dikit. 😂","2040788433573167197","","","in","","0","0","0","https://x.com/DimasRamdhan_/status/2040788433573167197","1246528356","DimasRamdhan_"
"2040692546192744611","2026-04-05T13:45:30.000Z","2","@hupgupta @sugondese6666 Lah ngeprotes kebijakan rating IGRS yang ngaco juga bagian dari wokeisme kocak","2040787920332960198","","hupgupta","in","","0","1","0","https://x.com/KenapaGwWNI/status/2040787920332960198","2311528753","KenapaGwWNI"
"2040637064237240481","2026-04-05T13:44:08.000Z","4","@aniblogsan52394 @kerissakti @NCLYS lah kan udah masuk VAT. trus mau lu pemerintah malak lagi lewat IGRS? nyawit ni orang","2040787572918714714","","aniblogsan52394","in","","0","0","0","https://x.com/albarmerik27/status/2040787572918714714","1976676246336733184","albarmerik27"
"2040647504828699100","2026-04-05T13:42:55.000Z","0","@dutampreg IGRS lebih parah dari Pak Ganjar

Klo Pak Ganjar nonton bokep karena udah dewasa, dan gak di tempat umum

Lah, IGRS...","2040787270652039264","","dutampreg","in","","0","0","0","https://x.com/Barri_2410/status/2040787270652039264","1492976953842085890","Barri_2410"
"2040783971110518883","2026-04-05T13:30:03.000Z","0","Still fuck the igrs and komdigi","2040784028585128395","","CuntofMadrid","en","","0","0","0","https://x.com/CuntofMadrid/status/2040784028585128395","3180183638","CuntofMadrid"
"2040684902866411853","2026-04-05T13:29:32.000Z","3","@RRDelusi Halah ngentot lu kebanyakan ngomong lu korup pada lu semua busuk tai, sok sokan ngatur steam lu siapa anjing, nyawa lu aja pada ga berharga anjing ngentot, lu pada semua mati detik ini juga orang pada seneng ajing lo semua tai igrs tai komdigi tai anjing ngentot","2040783899790626938","","RRDelusi","in","","0","0","0","https://x.com/alverizki/status/2040783899790626938","1202851587309195264","alverizki"
"2040783322914447767","2026-04-05T13:27:14.000Z","0","wah rame nih IGRS.
 
Rating2 aneh GTA V RC ( ga bisa di mainin ) &amp; GTA San andreas 3+

Kebanyakan gatekeep, gw sih jadi publisher males masuk Indonesia.

Seperti trading export/ import juga di batasin.
Makanya google pixel males masuk ke sini.

Ya ga tahu , kedepannya gimana !
🤡","2040783322914447767","","","in","","0","0","0","https://x.com/mas_panas70450/status/2040783322914447767","1842655175179419649","mas_panas70450"
"2040783140894224620","2026-04-05T13:26:31.000Z","0","Barusan baca2 soal IGRS, dan....... Yap, sistem nya kacau balau

Bayangin, game b***p dikasih RATING 3+ LIKE WTF AJG NGACO PISAN CIK","2040783140894224620","","","in","","0","0","0","https://x.com/dafeennn/status/2040783140894224620","1794022676866187264","dafeennn"
"2040783102709318088","2026-04-05T13:26:22.000Z","0","igrs is a fuckin clown","2040783102709318088","","","en","","0","0","0","https://x.com/jneejin/status/2040783102709318088","1694921655284547584","jneejin"
"2040692546192744611","2026-04-05T13:26:19.000Z","6","@sugondese6666 @neohistoria_id Ntar bukan hanya Steam, tp jg PS Store, Xbox Store, Nintendo eShop bahkan App Store Apple &amp; Android jg pakai IGRS.","2040783091678196016","","sugondese6666","in","","0","0","0","https://x.com/ya2nk_dheophe/status/2040783091678196016","238369284","ya2nk_dheophe"
"2040783071646269587","2026-04-05T13:26:14.000Z","0","Udah ga bisa kerja, tolol, sekarang lempar tanggung jawab ke pihak STEAM yang jelas-jelas dari awal udah punya rating age sendiri sebelum akhirnya kacau karena IGRS. Kalian pikir kami ini setolol dan goblok kalian perihal beginian? Bubar mending lo pada gaguna. @kemkomdigi","2040783071646269587","","","in","","0","0","0","https://x.com/riyoxreaper/status/2040783071646269587","1363922241453318146","riyoxreaper"
"2040607663848034623","2026-04-05T13:25:56.000Z","3","@Lord_Mudcrab95 @radityaris @Mangroxian Intinya tetep balik lagi, meskipun IGRS udah ada semuanya itu tergantung dari orang tua yg harus tanggung jawab sama mendidik anaknya soal konten mana yg pantes sesuai umur sama tidak.

Klo LSF bisa, harusnya IGRS jg bisa tapi karena IGRS ini baru jadi butuh proses.","2040782994361946171","","DaniSplatKing","in","","0","0","0","https://x.com/DaniSplatKing/status/2040782994361946171","412144926","DaniSplatKing"
"2040782935847207276","2026-04-05T13:25:42.000Z","0","Gweh sudah beli Ready or Not tapi IGRS tida redi alias oon kali klen kenapa begindangggg 😇 https://t.co/5QwXJWuys9","2040782935847207276","https://pbs.twimg.com/media/HFJRQ_vaAAAxK6X.jpg","","in","","0","2","0","https://x.com/clarniva/status/2040782935847207276","2315361840","clarniva"
"2040782824069038567","2026-04-05T13:25:15.000Z","0","WKWKWKWKWK NEKOPARA DAPET RATING 3+ DI IGRS DONGG, LAWAK","2040782824069038567","","","in","","0","0","0","https://x.com/VelZeppelit/status/2040782824069038567","1939562155088781312","VelZeppelit"
"2040671435388293233","2026-04-05T13:25:01.000Z","0","@_AmandaBrownies El IGRS","2040782765634060399","","_AmandaBrownies","es","","0","0","0","https://x.com/aomi__san/status/2040782765634060399","1180308655280816128","aomi__san"
"2040782694708371584","2026-04-05T13:24:44.000Z","2","Rating IGRS program dari @kemkomdigi kukasih rating 🌟 1","2040782694708371584","","","in","","0","1","0","https://x.com/RuuRirina/status/2040782694708371584","1563228432565420033","RuuRirina"
"2040782694477607250","2026-04-05T13:24:44.000Z","2","1. Memang tugas Steam yang harus implementasi rating dan aturan dari IGRS. Tapi ngeliat dari sini, kayaknya IGRS maksa rating ini buat cepet rilis sebelum semuanya siap.
2. Mereka masih ga bahas soal Refused Classification buat ngeblokir game pake pasal karet.","2040782694477607250","","","in","","0","0","0","https://x.com/setsundere/status/2040782694477607250","1273950541526122496","setsundere"
"2040782487539081425","2026-04-05T13:23:55.000Z","19","tetap mendengarkan musiksetan walopun IGRS kek kontol","2040782487539081425","","","in","","0","1","4","https://x.com/b0nnysidharta/status/2040782487539081425","1731946221340958720","b0nnysidharta"
"2040593488350515441","2026-04-05T13:23:31.000Z","1","@kemkomdigi Cancel dulu IGRS nya bang","2040782385261039705","","kemkomdigi","in","","0","0","0","https://x.com/blurkaebi/status/2040782385261039705","1064583348478038017","blurkaebi"
"2040782335076098213","2026-04-05T13:23:19.000Z","0","IGRS is that ""sounds like a great idea with the best of intentions, what could possibly go wrong?""

Rating system should act as a guide and give info to the consumer about the content and CAN'T block distributions

But even as a guide, it fails to do so... MISERABLY","2040782335076098213","","","en","","0","0","0","https://x.com/stristy_/status/2040782335076098213","1177973830418984961","stristy_"
"2040762850751447083","2026-04-05T13:21:37.000Z","0","@BudiBukanIntel ini IGRS emg gak ada tahap beta nya gitu ya?
langsung hajar production sengawurnya?","2040781908402196717","","BudiBukanIntel","in","","0","1","0","https://x.com/0xfrsmln/status/2040781908402196717","71940152","0xfrsmln"
"2040558130720055696","2026-04-05T13:21:07.000Z","0","@ezash Cemen banget board dari IGRS kaga dishare ke publik","2040781780920459544","","ezash","in","","0","0","0","https://x.com/RizkiTomooo/status/2040781780920459544","1311157776844906497","RizkiTomooo"
"2040781152609603622","2026-04-05T13:18:37.000Z","0","ngapain sih bikin Prjoject IGRS IGRS anjirrrrrr. lu pengen keliatan kerja tapi malah jadinya keliatan oon pas kerja.","2040781152609603622","","","in","","0","0","0","https://x.com/yudisdn/status/2040781152609603622","2012104667833200640","yudisdn"
"2040607663848034623","2026-04-05T13:18:01.000Z","4","@Lord_Mudcrab95 @radityaris @Mangroxian Dan jg dengan adanya Rating IGRS ini, devs skrg punya protective measure klo diserang sama ortu2 yg gk bertanggung jawab ky ""Ibu/Bpk tau ini game untuk 18+ kok bisa anak ibu main?""","2040781003485290958","","Lord_Mudcrab95","in","","0","1","0","https://x.com/DaniSplatKing/status/2040781003485290958","412144926","DaniSplatKing"
"2040780988033462572","2026-04-05T13:17:58.000Z","0","IGRS S nya SAMPAH https://t.co/TVLXCM3nvt via @YouTube","2040780988033462572","","","in","","0","0","0","https://x.com/IBigbal/status/2040780988033462572","1521897120948576256","IBigbal"
"2040632418840031503","2026-04-05T13:17:34.000Z","0","@MangAgus_10 to IGRS https://t.co/BEzCiMnxCQ","2040780888133521501","https://pbs.twimg.com/tweet_video_thumb/HFJPY00bYAA0AOI.jpg","MangAgus_10","sl","","0","0","0","https://x.com/dandibudiman262/status/2040780888133521501","1605275651665035265","dandibudiman262"
"2040780537468801077","2026-04-05T13:16:10.000Z","0","Cause #igrs My day fuckin ruined","2040780537468801077","","","en","","0","0","0","https://x.com/lilwrenchz/status/2040780537468801077","1234493939706515456","lilwrenchz"
"2040718489837826307","2026-04-05T13:14:55.000Z","0","@deezfezaa Kata Igrs lewat akun ig nya sih itu sebenarnya belum rating pasti alias masi akan di revisi (karena di serang di semua platform sih)

DAN MALAH NYURUH STEAM YG MINTA MAAF, aneh,","2040780221604053068","","deezfezaa","in","","0","1","0","https://x.com/keisukeiblue/status/2040780221604053068","1588755485167001600","keisukeiblue"
"2040780087583445041","2026-04-05T13:14:23.000Z","0","dari tadi lwt soal igrs ini","2040780087583445041","","","in","","0","1","0","https://x.com/bleubei/status/2040780087583445041","1301218240123740160","bleubei"
"2040779860147368358","2026-04-05T13:13:29.000Z","0","IGRS dongo","2040779860147368358","","","es","","0","0","0","https://x.com/djarinjedi/status/2040779860147368358","495595381","djarinjedi"
"2040704635128943030","2026-04-05T13:13:23.000Z","9","@fareasy96 @mhuseinali &gt;kalo gak ada berarti rating nya dari sistem steam

Steam se goblok apa sih ngasih rating IGRS nukitashi 3+ padahal di rating steam nya sendiri udh bener buat adult","2040779836000698747","","fareasy96","in","","0","1","0","https://x.com/noone_n_nobody_/status/2040779836000698747","891253466961633280","noone_n_nobody_"
"2040779681080000797","2026-04-05T13:12:46.000Z","0","Istg just abolish the IGRS ffs","2040779681080000797","","","en","","0","0","0","https://x.com/boyguling/status/2040779681080000797","951493050940907521","boyguling"
"2040779652785221984","2026-04-05T13:12:39.000Z","0","igrs kontol, ngentot lo @kemkomdigi","2040779652785221984","","","in","","0","0","0","https://x.com/dieformealice/status/2040779652785221984","1415584425862041600","dieformealice"
"2040777108415553580","2026-04-05T13:12:22.000Z","1","@Uzzzzz222 Tapi moga2 kedepannya devs sama publisher mulai komunikasi sama IGRS buat update pengaturan mereka sih, terutama yg kena RC.

Considering Indonesia is a large market for them, gk mungkin mrk bakal diem aja sih.","2040779580173414897","","DaniSplatKing","in","","0","0","0","https://x.com/DaniSplatKing/status/2040779580173414897","412144926","DaniSplatKing"
"2040779361499152858","2026-04-05T13:11:30.000Z","0","Down with IGRS.","2040779361499152858","","","en","","0","0","0","https://x.com/kaiz_shikikan/status/2040779361499152858","1750151646037102592","kaiz_shikikan"
"2040779357661336053","2026-04-05T13:11:29.000Z","0","What actually happen with IGRS. how confusing it is, and are there any official ratings yet to be found? https://t.co/Ffh7dBoRTv","2040779357661336053","https://pbs.twimg.com/media/HFJOAnsbkAA2FbY.jpg","","en","","0","1","0","https://x.com/ah_azamuddin/status/2040779357661336053","738726686804434944","ah_azamuddin"
"2040496896956117438","2026-04-05T13:11:05.000Z","0","@bearnotber pasti gara2 the sims dan igrs","2040779257174196396","","bearnotber","lv","","0","0","0","https://x.com/Mohha_haha/status/2040779257174196396","1581913526545059840","Mohha_haha"
"2040777108415553580","2026-04-05T13:11:00.000Z","11","@Uzzzzz222 &gt; Ga ada unsur yg bisa dibilang red-flagged

Ehem ""Mara""

Jokes aside, Tapi kynya ini mmg blunder IGRS &amp; Steam sih, soalnya di Blog Steam ratingnya itu hasil auto generative dari cocokan data steam sm IGRS (yg masih baru), IGRS jg gk ada update di sosmed.

https://t.co/PCBBU59Vqa","2040779236735344822","","Uzzzzz222","in","","0","2","1","https://x.com/DaniSplatKing/status/2040779236735344822","412144926","DaniSplatKing"
"2040779171178401812","2026-04-05T13:10:44.000Z","0","ngeliat igrs ini gua ga paham banget tapi ngeliat orang pada kesel jadi ikutan kesel dah","2040779171178401812","","","in","","0","0","0","https://x.com/kejoraseruni/status/2040779171178401812","1745072145980694529","kejoraseruni"
"2040778563834810732","2026-04-05T13:08:20.000Z","0","Ohmygodddd, really IGRS? Who the fuck are you, kenapa sih gak dibayarin aja penggunanya, jangan gamenya yang dibayarin jadi orang orang pada gak bisa main beberapa game","2040778563834810732","","","in","","0","0","0","https://x.com/Zahran31157/status/2040778563834810732","1953730006913556480","Zahran31157"
"2040711367498580121","2026-04-05T13:07:57.000Z","0","@HarrisCainee HAHAHHAHAHAHA KETAWA BANGET😭😭😭 berdasarkan igrs😭😭😭😭 lolll","2040778471069413422","","HarrisCainee","in","","0","0","0","https://x.com/dubaicuwicookie/status/2040778471069413422","2030397115978170368","dubaicuwicookie"
"2040684902866411853","2026-04-05T13:06:57.000Z","0","@Vyschl1 @RRDelusi Bot steam itu bang, yang no 2... Harapan saya semoga normal aja nantinya jangan ada not fit for distribution.

Kalau yang dari igrs resmi masih sedikit, di website nya aja game susah di cari, mana sampah dan broken banget lagi halaman web nya 🤣 https://t.co/wohpPR07cL","2040778218719076789","https://pbs.twimg.com/media/HFJM97nbIAAs5ql.jpg","Vyschl1","in","","0","0","0","https://x.com/Alex_Brigz/status/2040778218719076789","969387143289233408","Alex_Brigz"
"2040684902866411853","2026-04-05T13:06:53.000Z","0","@RRDelusi SIA NYUEUN SISTEM KUMAHA, IGRS GOBLOG?
STEAM TAG GEUS JELAS AYA FLAGGING JANG SEXUAL CONTENT SIA BERE 3 TAHUN
GOBLOG LAIN","2040778199148433443","","RRDelusi","in","","0","0","0","https://x.com/00w011/status/2040778199148433443","906536719716986881","00w011"
"2040777663477125327","2026-04-05T13:04:45.000Z","0","बाराबंकी के हैदरगढ़ में स्मार्ट मीटर घोटाला!
SDO को आवेदन, पुराने मीटर का प्रमाण, IGRS व 1912 शिकायत के बाद भी बिल सही नहीं आम उपभोक्ता परेशान, विभाग चुप
क्या ऐसे ही होगा डिजिटल सिस्टम का सच?
@UPPCLLKO @UPGovt @dmbaraBanki
#SmartMeterScam #BijliBill #UPPCL #Barabanki #Haidergarh https://t.co/SrQ0SSZCDv","2040777663477125327","https://pbs.twimg.com/media/HFJMcejaUAEj78Z.jpg","","hi","","0","1","0","https://x.com/AnuragM20249428/status/2040777663477125327","1581690074747441152","AnuragM20249428"
"2040684902866411853","2026-04-05T13:04:31.000Z","0","@AlizarinBlue @RRDelusi Emang salah steam bang, bukan bela igrs, saya jiga benci, tp kali ini emang salah steam.

Cara 1 daftar ke igrs, cara 2 lewat steam rata"" berdasarkan feedback dan review game. https://t.co/e11QLkKqN8","2040777606262657325","https://pbs.twimg.com/media/HFJMac6aMAAOmUY.jpg","AlizarinBlue","in","","0","0","0","https://x.com/Alex_Brigz/status/2040777606262657325","969387143289233408","Alex_Brigz"
"2040704635128943030","2026-04-05T13:04:26.000Z","1","@mhuseinali Sistem internal mereka aja yang gak beres
Di steam jelas ada tag untuk sexual content buat game dewasa
Nah sistemnya igrs gimana kok ga peka sama tag steam sehingga game hentai dikasih 3+???","2040777583906963628","","mhuseinali","in","","0","0","0","https://x.com/00w011/status/2040777583906963628","906536719716986881","00w011"
"2040742891908374814","2026-04-05T13:02:56.000Z","0","@urbanaiben I've never heard of IGRS 😂😂","2040777207384080505","","urbanaiben","en","","0","1","0","https://x.com/lalaskibo/status/2040777207384080505","1793935338320121856","lalaskibo"
"2040777164363358719","2026-04-05T13:02:46.000Z","0","IGRS https://t.co/FTXQq9IBgg","2040777164363358719","https://pbs.twimg.com/media/HFJMAAHbgAA3pFA.png","","sl","","0","0","0","https://x.com/chudvette/status/2040777164363358719","1103836420857257986","chudvette"
"2040777108415553580","2026-04-05T13:02:33.000Z","24","IGRS ide yg bagus, tapi tolong itu banyak mismatching game sama ratingnya awokawok, barusan liat GTA rating 3+ teh gimana, buset😂

Ada lagi yg kena RC, Persona 5, ga masuk akal cuk. Perasaan tuh game ga ada unsur yg bisa dibilang red-flagged + grafisnya juga kids friendly.😂","2040777108415553580","","","in","","0","4","5","https://x.com/Lost_Ataraxia/status/2040777108415553580","1706739906750693376","Lost_Ataraxia"
"2040776979868451142","2026-04-05T13:02:02.000Z","928","Kita harus berisik soal IGRS. Inget dulu Paypal sempet di-ban sampai kita protes rame-rame? Yuk kita senggol terus issue ini supaya pemerintah tobat 🔥","2040776979868451142","","","in","","0","1","378","https://x.com/nuckyeah_/status/2040776979868451142","1294655281524166656","nuckyeah_"
"2040776973853810753","2026-04-05T13:02:01.000Z","2","IGRS is completely insane.
Lu orang yang ngerating abis make apaan anjg, nyawit pake pestisida?? game full violence 3+?????? https://t.co/Ir6XJuz1Qv","2040776973853810753","https://pbs.twimg.com/media/HFJJ2WAaIAA6uE-.png","","in","","0","1","0","https://x.com/Nymeryion/status/2040776973853810753","1544844246318215168","Nymeryion"
"2040684902866411853","2026-04-05T13:01:40.000Z","0","@Kunyah_renyah @RRDelusi Bukan bela igrs bang, saya juga benci... Tp itu yang ada otomatis dari steam berdasarkan user feedback dan review (yang kebanyakan ngawur), coba cek di google article steam cara nomor 2, tulis aja ""igrs steam"" biasanya paling atas","2040776886377435357","","Kunyah_renyah","in","","0","1","0","https://x.com/Alex_Brigz/status/2040776886377435357","969387143289233408","Alex_Brigz"
"2040776380892463206","2026-04-05T12:59:39.000Z","0","I KNEW IT CloverPIt get 18+ and it's should be 15 by IGRS standard hahahahha https://t.co/x57CEHshDb","2040776380892463206","https://pbs.twimg.com/media/HFJLF2mbAAE67Mc.jpg","","en","","0","0","0","https://x.com/H4ydon/status/2040776380892463206","1420063018939936771","H4ydon"
"2040776303226617961","2026-04-05T12:59:21.000Z","0","hadeuhh IGRS ga jelas","2040776303226617961","","","in","","0","0","0","https://x.com/Lifanterra/status/2040776303226617961","1569505891","Lifanterra"
"2040776272729850094","2026-04-05T12:59:13.000Z","1","(terlepas dr bahasan IGRS) kayaknya terlalu jujur nih yg ngisi buat The Chef's Shift. ""Illegal drugs"" memang ada di ceritanya, tapi ini drug fiksi yg ilegalnya dalam fiksi aja. ""Depiction of suicide"" juga gak on-screen

... tapi emang bener sih 16+. Mayan itu game isinya wkwk","2040776272729850094","","","in","","0","1","0","https://x.com/PseudoMonious/status/2040776272729850094","1862418884","PseudoMonious"
"2040776142987350245","2026-04-05T12:58:42.000Z","0","But is rated inappropriately by IGRS","2040776142987350245","","","en","","0","0","0","https://x.com/sutaduatiga/status/2040776142987350245","749476447803150336","sutaduatiga"
"2040776094765260974","2026-04-05T12:58:31.000Z","0","ts4 got rated ""not fit for distribution"" by igrs lmao","2040776094765260974","","","en","","0","1","0","https://x.com/feelingfluky/status/2040776094765260974","1933077347567296512","feelingfluky"
"2040762850751447083","2026-04-05T12:58:23.000Z","1","@Syndarrr03 @BudiBukanIntel Kalo untuk sekarang segitu tapi kalo ngikutin regulasi IGRS tuh harus ada kebijakan baru","2040776062553182549","","Syndarrr03","in","","0","0","0","https://x.com/haenetizen/status/2040776062553182549","1080020119","haenetizen"
"2040607663848034623","2026-04-05T12:58:17.000Z","4","@radityaris @Mangroxian Harusnya cuman kasih rating dan tanpa ada pemalakan sama sekali idealnya.

Tuntut supaya IGRS lebih professional untuk seperti ini, jangan dibubarin begitu aja.","2040776036133323217","","radityaris","in","","0","2","1","https://x.com/Lord_Mudcrab95/status/2040776036133323217","85068203","Lord_Mudcrab95"
"2040775971213857017","2026-04-05T12:58:01.000Z","0","Ini IGRS tolol bener","2040775971213857017","","","in","","0","0","0","https://x.com/_ZyZ_Z/status/2040775971213857017","1543451950100119552","_ZyZ_Z"
"2040710112923501023","2026-04-05T12:57:56.000Z","0","@MiskinTV_ Beli mahal mahal biar anak seneng, pas mau beli game kena IGRS jugak 😭😭","2040775950070341721","","MiskinTV_","in","","0","0","0","https://x.com/nikonikoknee_/status/2040775950070341721","1585819113028718592","nikonikoknee_"
"2040727652261417333","2026-04-05T12:57:52.000Z","1","@iPoopBased IGRS states that the game has 3+ rating","2040775930717884760","","iPoopBased","en","","0","0","0","https://x.com/mirfan_16/status/2040775930717884760","407516753","mirfan_16"
"2040773983927210098","2026-04-05T12:55:57.000Z","1","@UGM_FESS @LaksitoLintung IGRS Gnya gooner","2040775449383715020","","UGM_FESS","in","","0","0","0","https://x.com/AkuilaOpo/status/2040775449383715020","1615936703751127041","AkuilaOpo"
"2040775389010866683","2026-04-05T12:55:43.000Z","0","oh, ternyata KOMDONGO itu bikin IGRS untuk gooning.

IGRS (Indonesia Gooning Rating System), ckp tw aj 😁","2040775389010866683","","","in","","0","0","0","https://x.com/01nm2_/status/2040775389010866683","1677842828670697472","01nm2_"
"2040775374347661496","2026-04-05T12:55:39.000Z","0","with whats happening to steam (IGRS) we for real masuk surga jalur dizalimi pemerintah","2040775374347661496","","","in","","0","0","0","https://x.com/Kritzkrieg__/status/2040775374347661496","1444563196254167046","Kritzkrieg__"
"2040775346799440263","2026-04-05T12:55:33.000Z","1","I think igrs stands for indonesia gooners raring system atp....","2040775346799440263","","","en","","0","0","0","https://x.com/reinardstar/status/2040775346799440263","1216053606085840896","reinardstar"
"2040775275190026473","2026-04-05T12:55:16.000Z","0","IGRS IS DOOOGGGSHIIITTTTTTT","2040775275190026473","","","en","","0","0","0","https://x.com/impulsivelymee/status/2040775275190026473","1798277904960528384","impulsivelymee"
"2040775120860705132","2026-04-05T12:54:39.000Z","0","Would be funny if some angry gamers decided to dox people at komdigi because of the igrs stuff","2040775120860705132","","","en","","0","0","0","https://x.com/BukanKennyG/status/2040775120860705132","332040256","BukanKennyG"
"2040775031450636606","2026-04-05T12:54:17.000Z","1","Lempar tanggung jawabnya ke steam? dari awal ngapain lo bikin IGRS? oh iya biar keliatan kerja gitu ya","2040775031450636606","","","in","","0","0","0","https://x.com/hakeruuu/status/2040775031450636606","105481350","hakeruuu"
"2040774910096908675","2026-04-05T12:53:48.000Z","4","Our game is currently rated 13+ by IGRS
#gameindonesia #igrs https://t.co/JiGZZFLLGf","2040774910096908675","https://pbs.twimg.com/media/HFJJs8oaYAAZpmK.jpg","","en","","0","0","0","https://x.com/NicknationGames/status/2040774910096908675","864087663741030404","NicknationGames"
"2040771378841104471","2026-04-05T12:53:40.000Z","0","@aniblogsan52394 Trus ? Hubungannya sama harga apa ? Data ekonomi tuh mayoritasnya udh publik, ahli ekonomi tu ngitungin terus tiap hari (kurleb la). Hubungannya sama IGRS apa ? ini tuh beda masalah","2040774872666873898","","aniblogsan52394","in","","0","1","0","https://x.com/Al38819917/status/2040774872666873898","1054540018927071232","Al38819917"
"2040738476317143134","2026-04-05T12:52:33.000Z","0","@KrowThornes Semakin Abang liat igrs semakin Abang muak dan marah sendiri yang ada mending buka yang lain bang daripada liat kelakuan pemerintah yang selalu buat elus dada astaghfirullah","2040774592370032975","","KrowThornes","in","","0","0","0","https://x.com/boy_qalam/status/2040774592370032975","1417850282994638849","boy_qalam"
"2040774457133056337","2026-04-05T12:52:00.000Z","0","You see, IGRS consists nothing but the dimwitted old-fart boomer that knows nothing about technology","2040774457133056337","","","en","","0","0","0","https://x.com/A11Kiky/status/2040774457133056337","1535004593897504768","A11Kiky"
"2040774376354623844","2026-04-05T12:51:41.000Z","0","We need to send those people (Komdongo and IGRS) to the Warzone for Battle Royale Quads. Map: Strait of Hormuz.","2040774376354623844","","","en","","0","0","0","https://x.com/Mirwanovich/status/2040774376354623844","62414938","Mirwanovich"
"2040659301661045133","2026-04-05T12:51:21.000Z","0","@zidnyman @kemkomdigi Merusak bgt emang IGRS mending nyaman di human review full gameplay dia wkwk","2040774291873284484","","zidnyman","in","","0","0","0","https://x.com/RodzaAkbar_JpId/status/2040774291873284484","1699779695838199808","RodzaAkbar_JpId"
"2040774270759113014","2026-04-05T12:51:16.000Z","0","IGRS is so stupid, like ESRB is a thing.  Kalo lu mau kerja @komdigi, mening lu edukasi tu para ortu yg gaptek soal ESRB ini, lewat iklan, postingan, berita, or something... Use the media for ur gain, like u always do. Dan itu JAUH lebih gampang daripada ngerating game satu-satu.","2040774270759113014","","","in","","0","0","0","https://x.com/Gif_Said/status/2040774270759113014","1542887551723196416","Gif_Said"
"2040613949981552776","2026-04-05T12:50:38.000Z","0","@gagahmei IGRS kknya ke semua ja","2040774110918398286","","gagahmei","in","","0","0","0","https://x.com/pajarsidik_/status/2040774110918398286","333245547","pajarsidik_"
"2040773998544580882","2026-04-05T12:50:11.000Z","2","Indonesia's Ministry of Communication and Digital Affairs used their so called IGRS (Indonesia Game Rating System) and falsely labelled each games on Steam
They released a statement hours later, telling that the false labels were autogenerated, which pretty much telling that they","2040773998544580882","","","en","","0","1","0","https://x.com/FlwrmnShiragiku/status/2040773998544580882","1527855127159533568","FlwrmnShiragiku"
"2040773853304201647","2026-04-05T12:49:37.000Z","0","Ini steam bisa ngegugat igrs gk si njir","2040773853304201647","","","in","","0","0","0","https://x.com/reinardstar/status/2040773853304201647","1216053606085840896","reinardstar"
"2040773691827724638","2026-04-05T12:48:58.000Z","0","igrs
ini gue rating sendiri","2040773691827724638","","","in","","0","0","0","https://x.com/hejokayang/status/2040773691827724638","1148552528180592640","hejokayang"
"2040773642381099093","2026-04-05T12:48:46.000Z","0","Mampus besok masuk kantor dengan segala perkara IGRS ini😵‍💫","2040773642381099093","","","in","","0","0","0","https://x.com/kopeyy/status/2040773642381099093","53292450","kopeyy"
"2040773532020515189","2026-04-05T12:48:20.000Z","0","IGRS is whack
Call of Duty got 3+
While CS2 got 18+","2040773532020515189","","","en","","0","0","0","https://x.com/itsD_037/status/2040773532020515189","2757405062","itsD_037"
"2040704635128943030","2026-04-05T12:47:58.000Z","0","@mhuseinali Kalau konsol bagaimana bro iya kali igrs juga kena","2040773441205493864","","mhuseinali","in","","0","0","0","https://x.com/MJRTiger123/status/2040773441205493864","1937245580","MJRTiger123"
"2040773375157756134","2026-04-05T12:47:44.000Z","0","की धमकी - तत्काल कार्यवाही की मांग।
महोदय, प्रार्थी अलाउद्दीन से दाखिल-खारिज के बदले रिश्वत मांगी जा रही है। शिकायत करने पर लेखपाल जान से मारने की धमकी दे रहा है। प्रार्थी के पास ऑडियो साक्ष्य मौजूद है। कृपया संज्ञान लें।
शिकायत संख्या: IGRS 40014326014304
स्थान: पिलखना, अलीगढ़","2040773382808215934","","YaseenA22005575","hi","","0","0","0","https://x.com/YaseenA22005575/status/2040773382808215934","1534912263517523968","YaseenA22005575"
"2040773349559955882","2026-04-05T12:47:36.000Z","0","IGRS is such a fucking joke","2040773349559955882","","","en","","0","0","0","https://x.com/kopikasir/status/2040773349559955882","1312337912084590592","kopikasir"
"2040772386635788389","2026-04-05T12:43:47.000Z","0","Rating IGRS tuh aneh njir, Anak umur 3 tahun mana yang udh punya akun steam dan maen gta di pc 🗿
/jk","2040772386635788389","","","in","","0","0","0","https://x.com/13_zae/status/2040772386635788389","1268044957253689345","13_zae"
"2040751083321274482","2026-04-05T12:43:17.000Z","1","@No1Real0 We can never win bro as long as the anime onlys continue to dominate otaku spaces. Also what's this IGRS","2040772260282376481","","No1Real0","en","","0","1","0","https://x.com/Homuboil7/status/2040772260282376481","1595323291073359872","Homuboil7"
"2040772193211277402","2026-04-05T12:43:01.000Z","0","Wkwkwk IGRS QUONTL","2040772193211277402","","","in","","0","0","0","https://x.com/ruangKoosongg/status/2040772193211277402","1439527647143292928","ruangKoosongg"
"2040772159480775069","2026-04-05T12:42:53.000Z","0","IGRS KONTOL
KOMDIGI MEMEK","2040772159480775069","","","in","","0","0","0","https://x.com/DokutahLianSyah/status/2040772159480775069","1419991676311855104","DokutahLianSyah"
"2040772098034123065","2026-04-05T12:42:38.000Z","0","Sampah banget web IGRS, gajelas.","2040772098034123065","","","in","","0","0","0","https://x.com/Noireism/status/2040772098034123065","1129434764904095744","Noireism"
"2040772039271936238","2026-04-05T12:42:24.000Z","602","Ya Coretax, ya IGRS. Deploy belom siap tapi dipaksain. yang kena imbasnya ya rakyat jelata macem kita ini.","2040772039271936238","","","in","","1","2","285","https://x.com/ShaniBudi/status/2040772039271936238","43553349","ShaniBudi"
"2040772025883767025","2026-04-05T12:42:21.000Z","1","IGRS dan semua org yg ngeacc can go rot in hell","2040772025883767025","","","in","","0","0","0","https://x.com/cesyii_/status/2040772025883767025","1843207083925336064","cesyii_"
"2040772017784488347","2026-04-05T12:42:19.000Z","0","mau belajar buat ujian jadi ga mood gara-gara igrs slop ini","2040772017784488347","","","in","","0","1","0","https://x.com/awkwardsodium/status/2040772017784488347","1002213263529033728","awkwardsodium"
"2040771965120852399","2026-04-05T12:42:06.000Z","18","IGRS !ml 18+ wkwkw https://t.co/PdM2eegkyH","2040771965120852399","https://pbs.twimg.com/media/HFJHSLsbsAAo2XI.jpg","","in","","1","1","1","https://x.com/basemole/status/2040771965120852399","475145182","basemole"
"2040771906308383117","2026-04-05T12:41:52.000Z","0","Tiba tiba kebayang igrs ngasih rating love and deepspace 3+ 🙂🙂🙂","2040771906308383117","","","in","","0","0","0","https://x.com/inabujank/status/2040771906308383117","1918091458202222593","inabujank"
"2040261923883884845","2026-04-05T12:41:25.000Z","0","@f1speed_indo udah liat rating F1 25 yg dikasih lemabaga IGRS by komdigi min ? 😆 https://t.co/KCLQhZCctj","2040771792797831608","https://pbs.twimg.com/media/HFJHBQ2aIAAG2wi.jpg","f1speed_indo","in","","0","0","0","https://x.com/nomnom382/status/2040771792797831608","2030781692840173568","nomnom382"
"2040607663848034623","2026-04-05T12:40:56.000Z","2","@Christyandi_R @Lord_Mudcrab95 Yang elu sebutin (ESRB &amp; CERO) itu juridiksi khusus hanya beredar di negara masing2 btw (in this case Amerika Utara &amp; Jepang) Klo IARC iya itu internasional standar buat negara yg belum punya rating board until IGRS ada.

Klo dijual di indo berarti itu game impor bukan resmi.","2040771668218662914","","Christyandi_R","in","","0","1","0","https://x.com/DaniSplatKing/status/2040771668218662914","412144926","DaniSplatKing"
"2040771533011046746","2026-04-05T12:40:23.000Z","34","Sebuah insight menarik tentang IGRS. 

Dulu katanya program ini bakal mengakomodasi perkembangan industri game lokal karena ""katanya"" diisi anak² muda. Eksekusinya?  arah gak jelas, menutup ruang ekspresi, dan sekali lagi, malah menghambat perkembangan industri game lokal https://t.co/nWKYJRxT9U","2040771533011046746","https://pbs.twimg.com/media/HFJG4vTa0AA7WxC.jpg","","in","","2","5","14","https://x.com/xenoshroomer/status/2040771533011046746","1792933098683826176","xenoshroomer"
"2040770990104596810","2026-04-05T12:38:14.000Z","0","Tolol banget emang IGRS ini !!","2040770990104596810","","","in","","0","0","0","https://x.com/gillsevensense/status/2040770990104596810","1555238112","gillsevensense"
"2040770863658861012","2026-04-05T12:37:44.000Z","0","we're so back to game piracy with this IGRS shit","2040770863658861012","","","en","","0","0","0","https://x.com/tioammar/status/2040770863658861012","24481728","tioammar"
"2040770804661817815","2026-04-05T12:37:30.000Z","0","Isi tlku klo g Fox Mccloud yah kegoblokan Komdigi dan IGRS, idk whether to feel aroused or offended 🙂‍↕️.","2040770804661817815","","","in","","0","0","0","https://x.com/kuda_melenting/status/2040770804661817815","1879831722713604096","kuda_melenting"
"2040707677148561663","2026-04-05T12:35:15.000Z","1","@kerissakti @anda_winata Rated E by ESRB but got 18+ from IGRS
Rated M by ESRB but got 3+ from IGRS
What's that if not stupid?
Just look around Twitter, the screenshot is everywhere","2040770240616018056","","kerissakti","en","","0","0","0","https://x.com/samminustakes/status/2040770240616018056","1809528642197942274","samminustakes"
"2040770099230208043","2026-04-05T12:34:41.000Z","0","Btw ini yg kena IGRS game di PC aja kan ya? Kalau di PS store apakah kena juga?","2040770099230208043","","","in","","0","0","0","https://x.com/NurdienAsslm/status/2040770099230208043","522728958","NurdienAsslm"
"2040770068179755395","2026-04-05T12:34:34.000Z","0","saatnya main game rekomendasi negara IGRS https://t.co/UwHX0Lj2XM","2040770068179755395","https://pbs.twimg.com/media/HFJAv1HbcAEXq0I.jpg","","in","","0","0","0","https://x.com/kenjay_/status/2040770068179755395","969526741604614144","kenjay_"
"2040543737261293855","2026-04-05T12:32:37.000Z","2","@nurfaishal9 @ChouSenka lebih tepatnya steam “harus” ngikut rating IGRS wkwkwkwk

ini detail soal game nasih game yg kena RC

https://t.co/DXIB20Mpip","2040769577882362017","","nurfaishal9","in","","0","0","1","https://x.com/AneshMadyantara/status/2040769577882362017","1805890316907757568","AneshMadyantara"
"2040769367382864029","2026-04-05T12:31:47.000Z","0","Aldo pasti udah napsu banget pengin mantat2in sm goblok2in Komdigi/IGRS","2040769367382864029","","","in","","0","0","0","https://x.com/8isul/status/2040769367382864029","1648958309851082752","8isul"
"2040769324349268189","2026-04-05T12:31:37.000Z","0","Farming Simulator Dapat Rating IGRS 18+ &amp; The Sims 4 RC?! THAT'S FUCKING IT! I'M LEAVING RAINYNESIA/LIGHTNINGNESIA/THUNDERNESIA FOR FUCK'S SAKE! MOVE TO BRISBANE ANY FUCKING TIME! https://t.co/VKR7bzaEHO","2040769324349268189","https://pbs.twimg.com/media/HFJE4pkagAIHwvl.jpg","","en","","0","0","0","https://x.com/Yafie_A_Raihan/status/2040769324349268189","1379738074242932737","Yafie_A_Raihan"
"2040769264404300267","2026-04-05T12:31:22.000Z","2","IGRS 🤝 Coretax
Sistem blm matang tpi udh publish","2040769264404300267","","","in","","0","0","0","https://x.com/makanindomie3/status/2040769264404300267","1401438728267046920","makanindomie3"
"2040769232372404510","2026-04-05T12:31:15.000Z","0","IGRS ini kok aku liat ada celah untuk dipungli

""bayar dulu bos nanti gw kasih rating ijo""","2040769232372404510","","","in","","0","1","0","https://x.com/susahberaq/status/2040769232372404510","895331197","susahberaq"
"2040645711650509022","2026-04-05T12:29:14.000Z","0","@rayrestufauzi IGRS alias INDONESIAN GOONERS RATING SYSTEM emang anj","2040768727453708779","","rayrestufauzi","in","","0","0","0","https://x.com/inimahjapran/status/2040768727453708779","1803251055469502464","inimahjapran"
"2040768499426197625","2026-04-05T12:29:12.000Z","0","Mass: what sins did they commit?
IGRS: being woke.","2040768718821892296","","Religuary","en","","0","0","0","https://x.com/Religuary/status/2040768718821892296","1902882460381351938","Religuary"
"2040632610339369214","2026-04-05T12:28:21.000Z","0","@AimyuuNao What's IGRS?","2040768502362214890","","AimyuuNao","en","","0","1","0","https://x.com/VincDigiArt/status/2040768502362214890","1438473105622519809","VincDigiArt"
"2040768442480070866","2026-04-05T12:28:06.000Z","0","Batalin IGRS ga anjing
Udah ada PEGI ama ESRB gausah ikut ikutan, kalo mau korup mah ngomong aja anjing @kemkomdigi","2040768442480070866","","","in","","0","0","0","https://x.com/0p_py/status/2040768442480070866","1487885105888915456","0p_py"
"2040768319142445080","2026-04-05T12:27:37.000Z","0","Never put IGRS on Nintendo eShop, PlayStation Store, and Xbox Microsoft Store.
They're not ready yet.","2040768319142445080","","","en","","0","0","0","https://x.com/allaamnaufal20/status/2040768319142445080","1589575016165027840","allaamnaufal20"
"2040768305439609105","2026-04-05T12:27:34.000Z","0","IGRS: I guess rating bro
Is Persona illegal now Indonesia? https://t.co/mHuhu6QeS7","2040768305439609105","https://pbs.twimg.com/media/HFJD9VAaMAAXHlp.jpg","","en","","0","0","0","https://x.com/Iezhar7th/status/2040768305439609105","2001078491371200515","Iezhar7th"
"2040766941925961934","2026-04-05T12:27:09.000Z","0","Da sanction yang memadai Dan IGRS nga terlalu di implementasikan ke video game yang masuk jika dilihat permen 2016 itu (kek mereka cuman mau infokan bahwa nih Indo at least udh punya rating system sendiri)

Makanya baru naik 2026 masalahnya yah karena emg baru kerasa impactnya","2040768200292667897","","SircuTrito","in","","0","1","0","https://x.com/SircuTrito/status/2040768200292667897","1033571380803993600","SircuTrito"
"2040768187567165476","2026-04-05T12:27:06.000Z","8","Aku ngerti sama yang dilakuin IGRS ini dan sebenernya gpp yak kalo ada rating"" umur gitu mah, cuman targetnya ada beberapa yang Miss gitu + untuk konfirmasi umur misal pake KTP agar mikir juga dan yang pasti pliss IGRS jangan dikit dikit blokar blokir blokar blokir, cape beud 🥲","2040768187567165476","","","in","","0","2","0","https://x.com/Neibiiru/status/2040768187567165476","1799006085971640320","Neibiiru"
"2040640458263785754","2026-04-05T12:26:41.000Z","1","@reynoldtyb Gua yakin juga para petani atau bajak laut bakal ramai kalau ada beberapa game yang mereka inginkan di prohibited sama igrs di steam","2040768085133779419","","reynoldtyb","in","","0","1","0","https://x.com/LazyrevilLeona/status/2040768085133779419","1947300766890496000","LazyrevilLeona"
"2040766941925961934","2026-04-05T12:25:03.000Z","0","Lihan itu sekitaran 2 tahun.

Kenapa ada masa peralihan?? Yah emg karena ini termasuk besar keinginan kominfo di permen baru yaitu bener bener nge implementasikan IGRS ke banyak Gaming platform dunia termasuk steam.

Permen 2016 itu lack in those karena emg nga a-","2040767670971412787","","SircuTrito","in","","1","1","0","https://x.com/SircuTrito/status/2040767670971412787","1033571380803993600","SircuTrito"
"2040767645990137895","2026-04-05T12:24:57.000Z","0","IGRS kontol","2040767645990137895","","","sl","","0","0","0","https://x.com/Ihsanmp/status/2040767645990137895","106362783","Ihsanmp"
"2040767379349938274","2026-04-05T12:23:53.000Z","0","Ga ada hubungan sama IGRS, tapi masih soal game.
Pernah magang di sebuah studio game. Waktu itu, saya sempat main ke SMA saya dulu bareng beberapa teman. Ketemu lah kami dengan seorang guru, udah cukup sepuh, tapi kami ga pernah liat dia waktu masih sekolah. Kayaknya baru. (cont)","2040767379349938274","","","in","","0","1","0","https://x.com/setsundere/status/2040767379349938274","1273950541526122496","setsundere"
"2040767304552853530","2026-04-05T12:23:35.000Z","0","IGRS KONTOL","2040767304552853530","","","sl","","0","0","0","https://x.com/0p_py/status/2040767304552853530","1487885105888915456","0p_py"
"2040758868536701027","2026-04-05T12:23:32.000Z","0","""Politik sangat ngaruh di hidup kita termasuk game makanya kita harus melek politik"" well buat kasus IGRS ini masalahnya beyond politic sih, karena mau komdiginya Windah Basudara pun kalau isinya boomer semua ya sama aja, toh mereka kan gak ""dipilih"" kita.","2040767292783677940","","garmenputus","in","","0","0","0","https://x.com/garmenputus/status/2040767292783677940","39967114","garmenputus"
"2040767191373787147","2026-04-05T12:23:08.000Z","1","""ayo dek... main game edukasi yok..""
""gamau papa... ga diverif igrs""

""ngentod yok, udh diverif igrs""
""gas. top / bottom?""

anjing banget yallah","2040767191373787147","","","in","","0","0","0","https://x.com/eesu_ace/status/2040767191373787147","1444162510693617670","eesu_ace"
