conversation_id_str,created_at,favorite_count,full_text,id_str,image_url,in_reply_to_screen_name,lang,location,quote_count,reply_count,retweet_count,tweet_url,user_id_str,username,word_count_lang_source,detected_lang,language_filter_reason,is_language_noise,clean_text,identified_spam_words,is_spam,is_reply,text_length,word_count,is_short_noise,engagement_score,low_engagement_flag,content_dup_score,lexical_similarity_score,posting_freq_per_hour,temporal_burst_score,account_age_hours,unique_users_in_window,sna_out_deg,sna_in_deg,sna_betweenness,sna_clustering,cluster_id,is_coordinated,semantic_dup_score,semantic_similarity_score,pca_x,pca_y,annotation_id,manual_label,buzzer_prob,buzzer_flag,buzzer_label,dominant_topic,topic_probability,prob_topic_0,prob_topic_1,prob_topic_2
2040940952106524909,2026-04-05 23:53:36+00:00,1,"IGRS di Steam Tuai Protes, Komdigi: Bukan Rating Resmi https://t.co/u6X0YSFcHE",2040940952106524909,,,in,,0,0,0,https://x.com/detikinet/status/2040940952106524909,135815019,detikinet,13,id,keep_id_anchor,False,igrs di steam tuai protes komdigi bukan rating resmi,[],0,0,52,9,0,1,1,1.0,0.0173,1,0.3333333333333333,11.507777777777777,86,0.0,0.0,0.0,0.0,-1,0,1.0000004,0.36745396,-0.12649019,0.39948604,14,-1,0.93372864,1,Buzzer,2,0.8628542821704044,0.07031924409825532,0.06682647373134026,0.8628542821704044
2040645711650509022,2026-04-05 23:43:00+00:00,0,"@rayrestufauzi Rating IGRS di Steam sekarang banyak yang masih data awal/selfdeclare dan itu  belum final, itu mengingatkan kita untuk melindungi pemain muda agar tidak terjerumus hal hal yang tidak baik. Tolong diperbaiki lagi IGRS sistemnya agar lebih stabil.",2040938286655627302,,rayrestufauzi,in,,0,3,0,https://x.com/andybalala19/status/2040938286655627302,1399951844000997378,andybalala19,39,id,keep_id_anchor,False,rating igrs di steam sekarang banyak yang masih data awal self declare dan itu belum final itu mengingatkan kita untuk melindungi pemain muda agar tidak terjerumus hal hal yang tidak baik tolong diperbaiki lagi igrs sistemnya agar lebih stabil,[],0,1,243,39,0,3,0,0.6437,0.0373,4,0.6666666666666666,3.713611111111111,86,5.0,0.0,0.0,0.0,1,1,0.94714737,0.4517325,-1.245884,-0.30552554,28,-1,0.9988514,1,Buzzer,0,0.9235361581151522,0.9235361581151522,0.039352970053139084,0.03711087183170865
2040936913104970110,2026-04-05 23:37:33+00:00,0,"Terkait dinamika IGRS dan kebijakan rating gim di platform Steam, rilis pers resmi berikut ini dapat menjadi referensi informasi yang valid untuk kita semua. https://t.co/vkZGKkmOiN",2040936913104970110,,,in,,0,0,0,https://x.com/Alfiatunisah/status/2040936913104970110,1753385506531160064,Alfiatunisah,28,id,keep_id_anchor,False,terkait dinamika igrs dan kebijakan rating game di platform steam rilis pers resmi berikut ini dapat menjadi referensi informasi yang valid untuk kita semua,[],0,0,156,24,0,0,1,0.3762,0.0157,1,1.0,11.240277777777777,86,0.0,0.0,0.0,0.0,1,0,0.8984697,0.411539,-1.1718043,-0.19357206,36,-1,0.9042737,1,Buzzer,2,0.6659315807622671,0.16699987273892478,0.16706854649880812,0.6659315807622671
2040934839306833973,2026-04-05 23:29:19+00:00,0,"Sedang ramai soal IGRS dan rating game di Steam? Ini siaran pers resmi dari Kemkomdigi, boleh dibaca biar paham duduk perkaranya :

https://t.co/TKpyJwC560",2040934839306833973,,,in,,0,0,0,https://x.com/anggtakhsturia/status/2040934839306833973,1826219760583106560,anggtakhsturia,25,id,keep_id_anchor,False,sedang ramai soal igrs dan rating game di steam ini siaran pers resmi dari kemkomdigi boleh dibaca biar paham duduk perkaranya,[],0,0,126,21,0,0,1,0.5799,0.015,1,1.0,11.103055555555555,86,0.0,0.0,0.0,0.0,1,0,0.8657713,0.4527899,-0.26366562,0.06933696,47,-1,0.96661925,1,Buzzer,0,0.6716199952644337,0.6716199952644337,0.04181700584843405,0.28656299888713227
2040933157017698679,2026-04-05 23:22:37+00:00,0,"Untuk yang mengikuti isu IGRS &amp; sistem rating di Steam, penjelasan resminya sudah dirilis di sini. Mungkin bisa jadi referensi awal sebelum diskusi lebih lanjut:
https://t.co/5L3JruWt2h",2040933157017698679,,,in,,0,0,0,https://x.com/Extra7399/status/2040933157017698679,1943906190968467456,Extra7399,29,id,keep_id_anchor,False,untuk yang mengikuti isu igrs sistem rating di steam penjelasan resminya sudah dirilis di sini mungkin bisa jadi referensi awal sebelum diskusi lebih lanjut,[],0,0,156,24,0,0,1,0.604,0.0135,1,1.0,10.991388888888888,86,0.0,0.0,0.0,0.0,1,0,0.9237424,0.39334497,-0.9874892,0.1519341,57,-1,0.9872465,1,Buzzer,2,0.9024717417799735,0.049702058348069414,0.047826199871957166,0.9024717417799735
2040933055498764387,2026-04-05 23:22:13+00:00,0,"Ada siaran pers resmi tentang IGRS &amp; rating gim di Steam,
Mari sahabat semua kita baca &amp; cek dulu sebelum kita berpendapat lebih jauh.

https://t.co/JhIz9ebfAt",2040933055498764387,,,in,,0,0,0,https://x.com/SPayanadi/status/2040933055498764387,1944372493642555392,SPayanadi,28,id,keep_id_anchor,False,ada siaran pers resmi tentang igrs rating game di steam mari sahabat semua kita baca cek dulu sebelum kita berpendapat lebih jauh,[],0,0,129,22,0,0,1,0.5693,0.0163,1,1.0,10.984722222222222,86,0.0,0.0,0.0,0.0,1,0,0.9236231,0.48303893,-0.91412,0.0017359179,58,-1,0.9946567,1,Buzzer,2,0.8332278196018846,0.08339041577668221,0.08338176462143307,0.8332278196018846
2040927759313285500,2026-04-05 23:01:11+00:00,0,"Guys kalian kalo mau debat soal IGRS ke mana‑mana, sebaiknya baca dulu siaran pers resminya di sini : https://t.co/GpPA5N09Ev",2040927759313285500,,,in,,0,0,0,https://x.com/ilikeAK_47/status/2040927759313285500,1733448474425966592,ilikeAK_47,22,id,keep_id_anchor,False,guys kalian kalau mau debat soal igrs ke mana mana sebaiknya baca dulu siaran pers resminya di sini,[],0,0,99,18,0,0,1,0.9376,0.0158,1,1.0,10.634166666666667,86,0.0,0.0,0.0,0.0,2,1,0.9581189,0.2901494,0.5181893,0.25115848,94,-1,0.9771741,1,Buzzer,0,0.8330740285965658,0.8330740285965658,0.0834386712767203,0.08348730012671388
2040922534414295491,2026-04-05 22:40:25+00:00,0,Siaran pers resmi mengenai sistem rating game dan IGRS di Steam. Silakan cek informasinya terlebih dahulu sebelum berpendapat lebih lanjut https://t.co/avHZxWMiga,2040922534414295491,,,in,,0,2,0,https://x.com/yolaisabella/status/2040922534414295491,2010156786146521091,yolaisabella,24,id,keep_id_anchor,False,siaran pers resmi mengenai sistem rating game dan igrs di steam silakan cek informasinya terlebih dahulu sebelum berpendapat lebih lanjut,[],0,0,137,20,0,2,0,0.5668,0.0177,1,1.0,10.288055555555555,49,0.0,0.0,0.0,0.0,1,0,0.9282067,0.41844037,-1.1364472,-0.059827283,111,-1,0.99214524,1,Buzzer,2,0.8887306564766803,0.05563398397576804,0.05563535954755171,0.8887306564766803
2040921002411217379,2026-04-05 22:34:20+00:00,0,"Agar pembahasan soal IGRS &amp; rating gim di Steam tetap berdasarkan informasi yang jelas, berikut siaran pers resminya. Bisa dibaca dulu sebagai referensi: https://t.co/paK6ZEowsP",2040921002411217379,,,in,,0,0,0,https://x.com/sunshin53314704/status/2040921002411217379,1321816076515119106,sunshin53314704,27,id,keep_id_anchor,False,agar pembahasan soal igrs rating game di steam tetap berdasarkan informasi yang jelas berikut siaran pers resminya bisa dibaca dulu sebagai referensi,[],0,0,149,22,0,0,1,0.48,0.0154,1,1.0,10.186666666666667,49,0.0,0.0,0.0,0.0,1,0,0.9180511,0.42054412,-1.5499786,-0.05832023,117,-1,0.98809963,1,Buzzer,0,0.6664918875110217,0.6664918875110217,0.1667385875391622,0.16676952494981614
2040920805895491812,2026-04-05 22:33:33+00:00,0,"Jangan sampai salah informasi ini link resmisoal IGRS &amp; rating gim di Steam, https://t.co/Tmr6tL02hh",2040920805895491812,,,in,,0,0,0,https://x.com/etisulastr17672/status/2040920805895491812,1890397706763591680,etisulastr17672,17,id,keep_id_anchor,False,jangan sampai salah informasi ini link resmisoal igrs rating game di steam,[],0,0,74,12,0,0,1,0.4181,0.0121,1,1.0,10.17361111111111,49,0.0,0.0,0.0,0.0,1,0,0.8919585,0.42776796,-1.2203505,0.19489129,119,-1,0.85324115,1,Buzzer,0,0.3333333333333333,0.3333333333333333,0.3333333333333333,0.3333333333333333
2040918773444890964,2026-04-05 22:25:28+00:00,0,"‘Informasi ini betul resmi masalah IGRS &amp; rating gim di Steam, bisa jadi referensi biar info yang beredar lebih lengkap dan valid serta akurat kebenarannya  maka silahkan dicek di [link]’https://t.co/lpaabY1u8P",2040918773444890964,,,in,,0,0,0,https://x.com/Bambang65635601/status/2040918773444890964,1642534328155635713,Bambang65635601,34,id,keep_id_anchor,False,informasi ini betul resmi masalah igrs rating game di steam bisa jadi referensi biar info yang beredar lebih lengkap dan valid serta akurat kebenarannya maka silahkan dicek di link,[],0,0,180,29,0,0,1,0.5986,0.0113,1,1.0,10.03888888888889,49,0.0,0.0,0.0,0.0,1,0,0.8942218,0.43844733,-1.4505141,-0.058996882,128,-1,0.9724963,1,Buzzer,2,0.6060663704995705,0.3268292530766223,0.06710437642380718,0.6060663704995705
2040645711650509022,2026-04-05 22:21:33+00:00,0,"@rayrestufauzi Rating IGRS yang muncul di Steam sekarang banyak yang masih tahap awal(self-declare dari developer) jadi belum final,masih bisa berubah setelah proses verifikasi lebih lanjut.Tujuannya buat melindungi pemain muda dan menata ekosistem game di Indonesia supaya lebih jelas dan sehat",2040917787506561414,,rayrestufauzi,in,,0,2,0,https://x.com/NganjukSun23590/status/2040917787506561414,1949393136725442560,NganjukSun23590,44,id,keep_id_anchor,False,rating igrs yang muncul di steam sekarang banyak yang masih tahap awal self declare dari developer jadi belum final masih bisa berubah setelah proses verifikasi lebih lanjut tujuannya buat melindungi pemain muda dan menata ekosistem game di indonesia supaya lebih jelas dan sehat,[],0,1,279,43,0,2,0,0.6153,0.0312,4,0.8,3.8466666666666667,49,4.0,0.0,0.0,0.0,1,1,0.9064754,0.4334221,-1.5122688,-0.14595258,136,-1,0.9975841,1,Buzzer,1,0.9576242479061726,0.021251193605871223,0.9576242479061726,0.021124558487956187
2040917346865520978,2026-04-05 22:19:48+00:00,0,"Buat kalian Sebelum debat soal IGRS ke mana‑mana, mungkin oke baca dulu siaran pers resminya di sini ya guys https://t.co/yhg91A43dY",2040917346865520978,,,in,,0,0,0,https://x.com/kerjosurvey/status/2040917346865520978,1778567152892850177,kerjosurvey,24,id,keep_id_anchor,False,buat kalian sebelum debat soal igrs ke mana mana mungkin oke baca dulu siaran pers resminya di sini ya guys,[],0,0,107,20,0,0,1,0.9539,0.0141,1,1.0,9.944444444444445,49,0.0,0.0,0.0,0.0,2,1,0.9581189,0.30673525,0.632169,0.23829822,139,-1,0.9062096,1,Buzzer,0,0.8664449696483161,0.8664449696483161,0.06675726723366938,0.06679776311801451
2040915601267531776,2026-04-05 22:12:52+00:00,0,"Ini yang ditunggu tunggu beritanya, rilis resmi soal IGRS &amp; rating gim di Steam, 👇👇👇
https://t.co/mZ77I23ZQv",2040915601267531776,,,in,,0,0,0,https://x.com/triedhi888/status/2040915601267531776,3197788399,triedhi888,18,id,keep_id_anchor,False,ini yang ditunggu tunggu beritanya rilis resmi soal igrs rating game di steam,[],0,0,77,13,0,0,1,0.4519,0.0068,1,1.0,9.828888888888889,49,0.0,0.0,0.0,0.0,1,0,0.91005963,0.43871617,-1.2685479,0.44042858,141,-1,0.91764975,1,Buzzer,2,0.7774487373919741,0.11128561083678977,0.11126565177123623,0.7774487373919741
2040911360482243019,2026-04-05 21:56:01+00:00,0,"Buat yang penasaran soal status rating IGRS di Steam, ini penjelasan resmi dari Kemkomdigi. Lebih baik simak dulu informasinya supaya lebih jelas Kemkomdigi: Rating Gim di Steam Bukan Rating Resmi, Berpotensi Langgar Ketentuan di Indonesia https://t.co/LdbXZOYxwF https://t.co/a5Isa8UjMT",2040911360482243019,https://pbs.twimg.com/media/HFLGD0HaUAA3M7q.jpg,,in,,0,0,0,https://x.com/EvyNurlaili/status/2040911360482243019,778966932594667522,EvyNurlaili,43,id,keep_id_anchor,False,buat yang penasaran soal status rating igrs di steam ini penjelasan resmi dari kemkomdigi lebih baik simak dulu informasinya supaya lebih jelas kemkomdigi rating game di steam bukan rating resmi berpotensi langgar ketentuan di indonesia,[],0,0,236,35,0,0,1,1.0,0.0137,1,1.0,9.548055555555555,29,0.0,0.0,0.0,0.0,1,1,1.0000001,0.4404381,-0.8784458,-0.032382887,152,-1,0.9113509,1,Buzzer,0,0.9604269988855508,0.9604269988855508,0.01970283747294027,0.01987016364150886
2040911112456253689,2026-04-05 21:55:02+00:00,0,"Buat yang mengikuti isu IGRS dan sistem rating di Steam, penjelasan resmi sudah dirilis. Silakan cek dulu sebagai referensi awal: https://t.co/0RPAcEQ8zO",2040911112456253689,,,in,,0,0,0,https://x.com/odeng9222/status/2040911112456253689,1715201476203851776,odeng9222,24,id,keep_id_anchor,False,buat yang mengikuti isu igrs dan sistem rating di steam penjelasan resmi sudah dirilis silakan cek dulu sebagai referensi awal,[],0,0,126,20,0,0,1,0.604,0.0153,1,1.0,9.531666666666666,29,0.0,0.0,0.0,0.0,1,0,0.91560125,0.37513924,-0.9743233,0.37917697,154,-1,0.9926319,1,Buzzer,0,0.8857900275650032,0.8857900275650032,0.04806084433721283,0.06614912809778402
2040906403485987243,2026-04-05 21:36:19+00:00,0,Informasi resmi terkait sistem IGRS dan rating gim di Steam sudah dirilis. Yuk baca dulu isinya supaya pandangannya jadi lebih jelas https://t.co/073fR083UQ,2040906403485987243,,,in,,0,0,0,https://x.com/arsiamalia/status/2040906403485987243,2026965292442898432,arsiamalia,25,id,keep_id_anchor,False,informasi resmi terkait sistem igrs dan rating game di steam sudah dirilis yuk baca dulu isinya supaya pandangannya jadi lebih jelas,[],0,0,132,21,0,0,1,0.4566,0.0147,1,1.0,9.219722222222222,29,0.0,0.0,0.0,0.0,1,0,0.92528725,0.43459797,-1.281297,0.15330677,165,-1,0.9822925,1,Buzzer,2,0.8874645923239654,0.05691616231114877,0.05561924536488592,0.8874645923239654
2040905844490186859,2026-04-05 21:34:06+00:00,0,"Buat yang ngikutin rame IGRS &amp; rating gim di Steam, penjelasan resminya ada di sini, boleh jadi bahan baca dulu: https://t.co/YHh9eqmPS2",2040905844490186859,,,in,,0,0,0,https://x.com/MohQym68316/status/2040905844490186859,2027985007986544640,MohQym68316,24,id,keep_id_anchor,False,buat yang ngikutin rame igrs rating game di steam penjelasan resminya ada di sini boleh jadi bahan baca dulu,[],0,0,108,19,0,0,1,0.8088,0.0111,1,1.0,9.182777777777778,29,0.0,0.0,0.0,0.0,1,1,0.9335116,0.48532686,-1.0558133,-0.02851533,167,-1,0.9748122,1,Buzzer,2,0.9045194103244226,0.04776322907977013,0.04771736059580721,0.9045194103244226
2040873434775965871,2026-04-05 19:25:19+00:00,0,"Buat yang ngikutin ramenya IGRS &amp; rating gim di Steam, sebelum berdebat baiknya baca penjelasan resminya dulu ya..
https://t.co/NPrgHwDRAw",2040873434775965871,,,in,,0,0,0,https://x.com/delik_store/status/2040873434775965871,732576888619556864,delik_store,22,id,keep_id_anchor,False,buat yang ngikutin ramenya igrs rating game di steam sebelum berdebat baiknya baca penjelasan resminya dulu ya,[],0,0,110,17,0,0,1,0.4159,0.0109,1,1.0,7.036388888888889,25,0.0,0.0,0.0,0.0,1,0,0.90917313,0.51997256,-0.21784736,-0.21780287,206,-1,0.97233486,1,Buzzer,0,0.3333333333333333,0.3333333333333333,0.3333333333333333,0.3333333333333333
2040869715892224106,2026-04-05 19:10:32+00:00,0,"Indonesia Game Rating System (IGRS) di sejumlah game platform Steam bukan hasil klasifikasi resmi yang diverifikasi oleh pemerintah Indonesia?

Penjelasan/siaran pers resmi tentang IGRS &amp; rating gim di Steam, berikut info lebih lanjut, simak baik baik!
https://t.co/8XTuYCZJTK",2040869715892224106,,,in,,0,0,0,https://x.com/dapa442/status/2040869715892224106,1635908833636646912,dapa442,41,id,keep_id_anchor,False,indonesia game rating system igrs di sejumlah game platform steam bukan hasil klasifikasi resmi yang diverifikasi oleh pemerintah indonesia penjelasan siaran pers resmi tentang igrs rating game di steam berikut info lebih lanjut simak baik baik,[],0,0,244,36,0,0,1,0.5715,0.0295,1,1.0,6.79,25,0.0,0.0,0.0,0.0,1,0,0.9086136,0.40997842,-1.8659286,0.21035649,214,-1,0.98518616,1,Buzzer,2,0.904679916329799,0.04765731527862445,0.04766276839157648,0.904679916329799
2040867765255610418,2026-04-05 19:02:47+00:00,1,"Penjelasan resmi terkait IGRS dan tampilan rating gim di Steam sudah dirilis. Bisa dibaca dulu untuk menambah konteks sebelum menarik kesimpulan: 

https://t.co/VTRC9YAJsA https://t.co/sJfNCeqEye",2040867765255610418,https://pbs.twimg.com/media/HFKeS_Ca4AAEuEx.jpg,,in,,0,1,0,https://x.com/refiandryy/status/2040867765255610418,482012192,refiandryy,29,id,keep_id_anchor,False,penjelasan resmi terkait igrs dan tampilan rating game di steam sudah dirilis bisa dibaca dulu untuk menambah konteks sebelum menarik kesimpulan,[],0,0,144,21,0,2,0,0.7847,0.0138,1,1.0,6.660833333333334,25,0.0,0.0,0.0,0.0,1,0,0.93953824,0.4061089,-1.4222547,-0.1448306,221,-1,0.990324,1,Buzzer,2,0.8644869200601081,0.06875686771884698,0.06675621222104496,0.8644869200601081
2040862120179577320,2026-04-05 18:40:21+00:00,0,"Buat yang penasaran soal status rating IGRS di Steam, ini penjelasan resmi dari Kemkomdigi. Lebih baik simak dulu informasinya supaya lebih jelas Kemkomdigi: Rating Gim di Steam Bukan Rating Resmi, Berpotensi Langgar Ketentuan di Indonesia https://t.co/rSNQn71m1K… https://t.co/vnIHRbnbQl",2040862120179577320,https://pbs.twimg.com/media/HFKZR2ha4AAEUTB.jpg,,in,,0,0,0,https://x.com/Inara234/status/2040862120179577320,1912703815100649472,Inara234,43,id,keep_id_anchor,False,buat yang penasaran soal status rating igrs di steam ini penjelasan resmi dari kemkomdigi lebih baik simak dulu informasinya supaya lebih jelas kemkomdigi rating game di steam bukan rating resmi berpotensi langgar ketentuan di indonesia,[],0,0,236,35,0,0,1,1.0,0.0137,1,1.0,6.286944444444444,34,0.0,0.0,0.0,0.0,1,1,1.0000001,0.4404381,-0.8784458,-0.032382887,241,-1,0.9113509,1,Buzzer,0,0.9604269988855508,0.9604269988855508,0.01970283747294027,0.01987016364150886
2040852722501759358,2026-04-05 18:03:00+00:00,0,"""IGRS dan rating gim di Steam sedang jadi topik hangat! 🌟 Cek dulu penjelasan resmi di sini sebelum kita bahas lebih lanjut: 
https://t.co/8CV667dBth",2040852722501759358,,,in,,0,0,0,https://x.com/Nisarahman2327/status/2040852722501759358,1861372663010336774,Nisarahman2327,25,id,keep_id_anchor,False,igrs dan rating game di steam sedang jadi topik hangat cek dulu penjelasan resmi di sini sebelum kita bahas lebih lanjut,[],0,0,120,21,0,0,1,0.6626,0.017,2,0.6666666666666666,5.5313888888888885,34,1.0,0.0,0.0,0.0,1,0,0.9646963,0.47582042,-1.1668717,-0.3345894,260,-1,0.9972262,1,Buzzer,0,0.3333333333333333,0.3333333333333333,0.3333333333333333,0.3333333333333333
2040851505843216537,2026-04-05 17:58:10+00:00,0,"Daripada debat panjang soal IGRS tanpa arah, yuk luangkan waktu sebentar untuk baca siaran pers resminya dulu. Supaya obrolan kita lebih jelas dan berisi https://t.co/aG5tpTFsr0",2040851505843216537,,,in,,0,0,0,https://x.com/AdhietyaTh33187/status/2040851505843216537,2018322737417306112,AdhietyaTh33187,28,id,keep_id_anchor,False,daripada debat panjang soal igrs tanpa arah yuk luangkan waktu sebentar untuk baca siaran pers resminya dulu supaya obrolan kita lebih jelas dan berisi,[],0,0,151,24,0,0,1,0.7368,0.0154,2,1.0,5.583888888888889,74,0.0,0.0,0.0,0.0,2,0,0.8739115,0.28139997,0.8856604,-0.16474119,263,-1,0.9369701,1,Buzzer,0,0.7776272977421064,0.7776272977421064,0.1111699357416345,0.1112027665162592
2040851478240460941,2026-04-05 17:58:04+00:00,0,"yang kemarin kepo banget sama IGRS &amp; rating gim di Steam, bisa dibaca  penjelasan resminya ada di sini yaa https://t.co/T39r0VCLN9",2040851478240460941,,,in,,0,0,0,https://x.com/nrlfadila_/status/2040851478240460941,1004042648607383557,nrlfadila_,23,id,keep_id_anchor,False,yang kemarin kepo banget sama igrs rating game di steam bisa dibaca penjelasan resminya ada di sini yaa,[],0,0,103,18,0,0,1,0.4796,0.0114,1,1.0,5.582222222222223,74,0.0,0.0,0.0,0.0,1,0,0.8937913,0.48572338,-0.5393751,-0.05547359,264,-1,0.8875885,1,Buzzer,2,0.6663160938111284,0.16682411463679114,0.1668597915520803,0.6663160938111284
2040619090038194329,2026-04-05 17:56:05+00:00,0,"@kerissakti ""IGRS di Steam emang lagi bingungin ya, guys 😅. Tapi kayaknya sistemnya masih dalam penyesuaian, perlu waktu buat lebih stabil. Yang penting, semoga Valve bisa jelasin lebih rinci dan transparan tentang kriteria ratingnya, biar kita semua ngerti 🤑. Keep improving, Steam!",2040850979596460447,,kerissakti,in,,0,0,0,https://x.com/Nisarahman2327/status/2040850979596460447,1861372663010336774,Nisarahman2327,40,id,keep_id_anchor,False,igrs di steam emang lagi bingungin ya guys tapi kayaknya sistemnya masih dalam penyesuaian perlu waktu buat lebih stabil yang penting semoga valve bisa jelasin lebih rinci dan transparan tentang kriteria ratingnya biar kita semua ngerti keep improving steam,[],0,1,257,39,0,0,1,1.0,0.0156,2,0.6666666666666666,5.5313888888888885,74,1.0,0.0,0.0,0.0,1,1,1.0000001,0.3721,-0.6044833,-0.3656226,267,-1,0.9599752,1,Buzzer,1,0.962782760082868,0.018584582268541563,0.962782760082868,0.018632657648590414
2040619090038194329,2026-04-05 17:55:01+00:00,0,"@kerissakti ""IGRS di Steam emang lagi bingungin ya, guys 😅. Tapi kayaknya sistemnya masih dalam penyesuaian, perlu waktu buat lebih stabil. Yang penting, semoga Valve bisa jelasin lebih rinci dan transparan tentang kriteria ratingnya, biar kita semua ngerti 🤑. Keep improving, Steam! 💪",2040850712935170319,,kerissakti,in,,0,1,0,https://x.com/Nisarahman2327/status/2040850712935170319,1861372663010336774,Nisarahman2327,40,id,keep_id_anchor,False,igrs di steam emang lagi bingungin ya guys tapi kayaknya sistemnya masih dalam penyesuaian perlu waktu buat lebih stabil yang penting semoga valve bisa jelasin lebih rinci dan transparan tentang kriteria ratingnya biar kita semua ngerti keep improving steam,[],0,1,257,39,0,1,1,1.0,0.0156,2,0.6666666666666666,5.5313888888888885,74,1.0,0.0,0.0,0.0,1,1,1.0000001,0.3721,-0.6044833,-0.3656226,269,-1,0.9599752,1,Buzzer,1,0.962782760082868,0.018584582268541563,0.962782760082868,0.018632657648590414
2040850568676257919,2026-04-05 17:54:27+00:00,0,"Buat yang mengikuti rame IGRS &amp; rating gim di Steam, berikut ini penjelasan resminya di sini, silakan dibaca-baca dulu: https://t.co/0B133jbQ9N",2040850568676257919,,,in,,0,0,0,https://x.com/mrplent21/status/2040850568676257919,233180657,mrplent21,24,id,keep_id_anchor,False,buat yang mengikuti rame igrs rating game di steam berikut ini penjelasan resminya di sini silakan dibaca baca dulu,[],0,0,115,19,0,0,1,0.5709,0.0137,1,1.0,5.521944444444444,74,0.0,0.0,0.0,0.0,1,0,0.93017316,0.47330043,-0.9750193,0.09830035,271,-1,0.9932499,1,Buzzer,2,0.8330587328809801,0.08349868174468095,0.08344258537433893,0.8330587328809801
2040850238089666860,2026-04-05 17:53:08+00:00,0,"Buat yang lagi mengikuti diskusi soal IGRS dan rating gim di Steam, ada penjelasan resminya di sini, mungkin bisa dibaca dulu biar konteksnya lebih jelas: 
https://t.co/gDHcVJ2ufu",2040850238089666860,,,in,,0,0,0,https://x.com/EndiD21883/status/2040850238089666860,1899432576496091136,EndiD21883,29,id,keep_id_anchor,False,buat yang lagi mengikuti diskusi soal igrs dan rating game di steam ada penjelasan resminya di sini mungkin bisa dibaca dulu biar konteksnya lebih jelas,[],0,0,152,25,0,0,1,0.5045,0.0143,2,1.0,5.468055555555556,74,1.0,0.0,0.0,0.0,1,0,0.9462447,0.4642595,-1.0353571,-0.26328424,273,-1,0.989707,1,Buzzer,2,0.8647255460856672,0.0684767049308662,0.06679774898346666,0.8647255460856672
2040479018034630743,2026-04-05 17:51:13+00:00,0,"@cryofantasia Jujur saja tampilan rating IGRS di Steam sekarang memang bikin banyak orang bingung, tapi karena ini masih fase penyesuaian, mungkin yang paling penting sekarang adalah penjelasan rutin, transparansi kriteria, dan perbaikan bertahap supaya publik bisa ikut memahami prosesnya.",2040849755249824118,,cryofantasia,in,,0,8,0,https://x.com/EndiD21883/status/2040849755249824118,1899432576496091136,EndiD21883,39,id,keep_id_anchor,False,jujur saja tampilan rating igrs di steam sekarang memang bikin banyak orang bingung tapi karena ini masih fase penyesuaian mungkin yang paling penting sekarang adalah penjelasan rutin transparansi kriteria dan perbaikan bertahap supaya publik bisa ikut memahami prosesnya,[],0,1,271,38,0,8,0,0.7017,0.0164,2,1.0,5.468055555555556,74,1.0,0.0,0.0,0.0,1,0,0.9485592,0.4118979,-1.0178845,-0.45929596,274,-1,0.9979145,1,Buzzer,2,0.9006729055752412,0.04586225411126446,0.053464840313494445,0.9006729055752412
2040849073255911744,2026-04-05 17:48:30+00:00,0,"Sebelum debat soal IGRS ke mana‑mana, baca dulu siaran pers resminya di sini: https://t.co/ttpo9m78KN https://t.co/Ves7SqPIRI",2040849073255911744,https://pbs.twimg.com/media/HFKNaqjasAAdCo7.jpg,,in,,0,0,0,https://x.com/KomariahKo26005/status/2040849073255911744,1958367524581732352,KomariahKo26005,22,id,keep_id_anchor,False,sebelum debat soal igrs ke mana mana baca dulu siaran pers resminya di sini,[],0,0,75,14,0,0,1,1.0,0.0157,1,1.0,5.422777777777778,74,0.0,0.0,0.0,0.0,2,1,0.9137209,0.2749321,0.538154,0.20972832,276,-1,0.93188864,1,Buzzer,0,0.8330740285965658,0.8330740285965658,0.0834386712767203,0.08348730012671388
2040848036734411145,2026-04-05 17:44:23+00:00,0,"Ini penjelasan resmi terkait IGRS dan sistem rating gim di Steam, bisa dicek dulu sebagai referensi sebelum menilai lebih jauh
https://t.co/E1dL49ojo1",2040848036734411145,,,in,,0,0,0,https://x.com/RizkyArdia29527/status/2040848036734411145,1710042400415236096,RizkyArdia29527,24,id,keep_id_anchor,False,ini penjelasan resmi terkait igrs dan sistem rating game di steam bisa dicek dulu sebagai referensi sebelum menilai lebih jauh,[],0,0,126,20,0,0,1,0.5896,0.0155,1,1.0,5.354166666666667,74,0.0,0.0,0.0,0.0,1,0,0.9510437,0.4245659,-1.56585,-0.34029263,282,-1,0.993236,1,Buzzer,2,0.8887779558019455,0.055609294010102624,0.05561275018795186,0.8887779558019455
2040579308373332239,2026-04-05 17:36:16+00:00,0,"@ezash Kekhawatiran soal dampak regulasi ini sangat valid, makanya kita perlu kawal agar sistem IGRS yang baru ini segera diperbaiki teknisnya dan lebih transparan informasinya supaya tidak terus membingungkan",2040845994674495856,,ezash,in,,0,0,0,https://x.com/ikaikuikok/status/2040845994674495856,620724276,ikaikuikok,29,id,keep_id_anchor,False,kekhawatiran soal dampak regulasi ini sangat valid makanya kita perlu kawal agar sistem igrs yang baru ini segera diperbaiki teknisnya dan lebih transparan informasinya supaya tidak terus membingungkan,[],0,1,201,28,0,0,1,0.457,0.015,2,0.6666666666666666,3.713888888888889,74,2.0,0.0,0.0,0.0,-1,0,0.86431193,0.2833937,-0.64189506,-0.1474117,292,-1,0.8576151,1,Buzzer,0,0.3333333333333333,0.3333333333333333,0.3333333333333333,0.3333333333333333
2040845384252313651,2026-04-05 17:33:51+00:00,1,"Penjelasan resmi terkait IGRS dan sistem rating gim di Steam sudah dirilis dan bisa jadi rujukan yang lebih jelas. Sebaiknya dibaca dulu sebelum menarik kesimpulan lebih jauh: 
https://t.co/j5XWVDwm3u",2040845384252313651,,,in,,0,0,0,https://x.com/Reejanuari/status/2040845384252313651,1282300795342303232,Reejanuari,31,id,keep_id_anchor,False,penjelasan resmi terkait igrs dan sistem rating game di steam sudah dirilis dan bisa jadi rujukan yang lebih jelas sebaiknya dibaca dulu sebelum menarik kesimpulan lebih jauh,[],0,0,174,27,0,1,1,0.7847,0.0164,1,1.0,5.1786111111111115,74,0.0,0.0,0.0,0.0,1,0,0.9485138,0.43242103,-1.4313923,-0.2169644,293,-1,0.99378526,1,Buzzer,2,0.9037528930556394,0.048576774169563255,0.04767033277479732,0.9037528930556394
2040491792295186826,2026-04-05 17:23:33+00:00,0,"@badakmeledak_ Info yang beredar, rating IGRS di Steam sekarang sebagian masih tahap awal/selfdeclare dan belum final. Harapannya nanti setelah dikurasi bisa lebih akurat sesuai kelompok usia pemain.",2040842791769772093,,badakmeledak_,in,,0,0,0,https://x.com/DazzZulia/status/2040842791769772093,1706181116791795712,DazzZulia,28,id,keep_id_anchor,False,info yang beredar rating igrs di steam sekarang sebagian masih tahap awal self declare dan belum final harapannya nanti setelah dikurasi bisa lebih akurat sesuai kelompok usia pemain,[],0,1,182,28,0,0,1,0.5375,0.0254,2,0.5,3.4133333333333336,74,3.0,0.0,0.0,0.0,1,1,0.8647488,0.4080048,-1.4447997,0.031634603,297,-1,0.9894533,1,Buzzer,1,0.8821757813339625,0.06221943866567253,0.8821757813339625,0.05560478000036498
2040645711650509022,2026-04-05 17:21:54+00:00,0,"@rayrestufauzi Sejauh ini yang terlihat di Steam katanya masih banyak yang berupa input awal (selfdeclare), jadi belum hasil kurasi final dari IGRS. Semoga nanti saat sudah final bisa lebih objektif dan sesuai dengan target usia pemain.",2040842375799730570,,rayrestufauzi,in,,0,1,0,https://x.com/DazzZulia/status/2040842375799730570,1706181116791795712,DazzZulia,36,id,keep_id_anchor,False,sejauh ini yang terlihat di steam katanya masih banyak yang berupa input awal self declare jadi belum hasil kurasi final dari igrs semoga nanti saat sudah final bisa lebih objektif dan sesuai dengan target usia pemain,[],0,1,217,36,0,1,1,0.4927,0.0213,2,0.5,3.4133333333333336,74,3.0,0.0,0.0,0.0,1,1,0.8387089,0.37761837,-0.529791,-0.4685808,298,-1,0.94809395,1,Buzzer,1,0.7584435606766978,0.13001433377593283,0.7584435606766978,0.1115421055473693
2040841528244109547,2026-04-05 17:18:31+00:00,0,"Buat yang lagi bahas IGRS &amp; rating gim di Steam, ini ada siaran pers resminya, coba cek dulu ya
https://t.co/H5I1r4UepX",2040841528244109547,,,in,,0,0,0,https://x.com/AbcDef38782297/status/2040841528244109547,1580001297410846720,AbcDef38782297,23,id,keep_id_anchor,False,buat yang lagi bahas igrs rating game di steam ini ada siaran pers resminya coba cek dulu ya,[],0,0,92,18,0,0,1,0.5746,0.0155,1,1.0,4.923055555555556,74,0.0,0.0,0.0,0.0,1,0,0.9236231,0.4571276,-0.8158436,0.0995639,304,-1,0.99703133,1,Buzzer,0,0.8664979127296837,0.8664979127296837,0.06674768977426009,0.06675439749605624
2040841309402087498,2026-04-05 17:17:39+00:00,0,"Buat yang butuh referensi soal isu IGRS dan rating di Steam, ini penjelasan resminya sudah dirilis. Mungkin baik dibaca dulu biar informasinya lebih lengkap: https://t.co/4T2jvsG71A…",2040841309402087498,,,in,,0,0,0,https://x.com/lina_fajri737/status/2040841309402087498,1693505473830678529,lina_fajri737,28,id,keep_id_anchor,False,buat yang butuh referensi soal isu igrs dan rating di steam ini penjelasan resminya sudah dirilis mungkin baik dibaca dulu biar informasinya lebih lengkap,[],0,0,154,24,0,0,1,1.0,0.0131,1,1.0,4.908611111111111,74,0.0,0.0,0.0,0.0,1,1,0.9999999,0.40412664,-0.6990093,0.4528689,309,-1,0.8611599,1,Buzzer,2,0.9392581729765357,0.03036418290934294,0.030377644114121402,0.9392581729765357
2040685239228653915,2026-04-05 17:11:04+00:00,0,"@iPoopBased Niatnya mungkin bagus, tapi implementasi rating IGRS di Steam saat ini masih belum mudah dipahami. Perlu penjelasan yang lebih terbuka biar publik nggak salah tafsir",2040839653230809323,,iPoopBased,in,,0,0,0,https://x.com/Deewwiiiii/status/2040839653230809323,1171267827736571904,Deewwiiiii,26,id,keep_id_anchor,False,niatnya mungkin bagus tapi implementasi rating igrs di steam saat ini masih belum mudah dipahami perlu penjelasan yang lebih terbuka biar publik tidak salah tafsir,[],0,1,163,25,0,0,1,0.2477,0.0267,7,0.7,3.183611111111111,74,9.0,0.0,0.0,0.027777777777777776,1,1,0.8852247,0.42878246,-1.1414976,-0.3201409,323,-1,0.9885039,1,Buzzer,2,0.777030177213162,0.11141709578086223,0.11155272700597572,0.777030177213162
2040579308373332239,2026-04-05 17:08:09+00:00,0,"@ezash ""Bener banget, politik dan regulasi emang ngaruh ke hidup kita, jadi wajar kalo banyak yang penasaran. Mungkin IGRS bisa lebih transparan dan rapi lagi, biar kita semua lebih paham. Sistem baru emang butuh waktu, tapi perbaikan dan penjelasan yang jelas pasti lebih membantu🔥""",2040838918489456697,,ezash,in,,0,0,0,https://x.com/Ginanadia67421/status/2040838918489456697,1715676531035635712,Ginanadia67421,44,id,keep_id_anchor,False,benar banget politik dan regulasi emang ngaruh ke hidup kita jadi wajar kalau banyak yang penasaran mungkin igrs bisa lebih transparan dan rapi lagi biar kita semua lebih paham sistem baru emang butuh waktu tapi perbaikan dan penjelasan yang jelas pasti lebih membantu,[],0,1,268,43,0,0,1,0.4029,0.0177,3,0.75,4.029166666666667,74,3.0,0.0,0.0,0.0,3,1,0.84752953,0.24911106,0.50099266,-1.088876,326,-1,0.88412786,1,Buzzer,0,0.3333333333333333,0.3333333333333333,0.3333333333333333,0.3333333333333333
2040579308373332239,2026-04-05 17:07:06+00:00,0,"@ezash Wajar kalau isu politik dan regulasi bikin resah, tapi justru karena itu sistem kayak IGRS perlu dibenahi secara teknis dan dijelasin lebih transparan, karena namanya juga sistem baru pasti masih butuh waktu buat rapi.",2040838653099073725,,ezash,in,,0,1,0,https://x.com/PutriRahma32820/status/2040838653099073725,1908370125050568704,PutriRahma32820,35,id,keep_id_anchor,False,wajar kalau isu politik dan regulasi bikin resah tapi justru karena itu sistem seperti igrs perlu dibenahi secara teknis dan dijelasin lebih transparan karena namanya juga sistem baru pasti masih butuh waktu buat rapi,[],0,1,217,34,0,1,1,0.4825,0.0191,5,0.8333333333333334,3.6463888888888887,74,5.0,0.0,0.0,0.0,3,1,0.88185763,0.3078156,-0.011342275,-0.6809939,329,-1,0.9350036,1,Buzzer,0,0.3333333333333333,0.3333333333333333,0.3333333333333333,0.3333333333333333
2040684902866411853,2026-04-05 17:04:39+00:00,0,"@RRDelusi Kalau tidak salah yang muncul di Steam itu banyak yang masih data awal dari sistem self-declare developer, jadi belum tentu rating final dari IGRS. Memang di tahap awal biasanya masih ada penyesuaian, tujuan utamanya sebenarnya supaya ada panduan umur dan melindungi pemain muda",2040838036456640839,,RRDelusi,in,,0,5,0,https://x.com/yani09842577669/status/2040838036456640839,1930164158227722241,yani09842577669,45,id,keep_id_anchor,False,kalau tidak salah yang muncul di steam itu banyak yang masih data awal dari sistem self declare developer jadi belum tentu rating final dari igrs memang di tahap awal biasanya masih ada penyesuaian tujuan utamanya sebenarnya supaya ada panduan umur dan melindungi pemain muda,[],0,1,275,44,0,5,0,0.54,0.039,2,1.0,4.6627777777777775,74,1.0,0.0,0.0,0.0,1,0,0.9114841,0.39489785,-1.2207271,-0.5976157,334,-1,0.9926311,1,Buzzer,1,0.5335287520838479,0.4160865090298576,0.5335287520838479,0.05038473888629456
2040837893791617226,2026-04-05 17:04:05+00:00,0,"Buat yang mengikuti isu rating gim di Steam dan IGRS, penjelasan resmi sudah dirilis. Sebaiknya dibaca dulu biar dapat gambaran utuh https://t.co/dHJl301M73",2040837893791617226,,,in,,0,0,0,https://x.com/Florestone16736/status/2040837893791617226,2009593598195666944,Florestone16736,25,id,keep_id_anchor,False,buat yang mengikuti isu rating game di steam dan igrs penjelasan resmi sudah dirilis sebaiknya dibaca dulu biar dapat gambaran utuh,[],0,0,131,21,0,0,1,0.628,0.0127,2,1.0,4.645,74,1.0,0.0,0.0,0.0,1,0,0.9202864,0.4790414,-0.42229915,-0.2022514,337,-1,0.99304813,1,Buzzer,2,0.6332278246841269,0.33634071980207275,0.030431455513800432,0.6332278246841269
2040837596113473569,2026-04-05 17:02:54+00:00,0,"Biar diskusi soal IGRS &amp; rating gim di Steam lebih lengkap, ada siaran pers resmi yang menjelaskan konteksnya. Silakan dibaca dulu di sini: 
https://t.co/ktb0fsIdZv",2040837596113473569,,,in,,0,1,0,https://x.com/yani09842577669/status/2040837596113473569,1930164158227722241,yani09842577669,27,id,keep_id_anchor,False,biar diskusi soal igrs rating game di steam lebih lengkap ada siaran pers resmi yang menjelaskan konteksnya silakan dibaca dulu di sini,[],0,0,135,22,0,1,1,0.7017,0.0186,2,1.0,4.6627777777777775,74,1.0,0.0,0.0,0.0,1,0,0.9406271,0.45113084,-1.3495046,0.09650336,339,-1,0.987954,1,Buzzer,2,0.8635768037117493,0.06963142280549595,0.06679177348275477,0.8635768037117493
2040837372775178540,2026-04-05 17:02:01+00:00,0,"Agar diskursus mengenai klasifikasi gim lebih berimbang, silakan simak siaran pers resmi terkait IGRS dan kebijakan rating di Steam melalui tautan ini. Yuk, baca dulu detailnya: 
https://t.co/0JRqz9XkXf…
#IGRS #SteamRating #IndustriGim #AkuSukaDiHumilateCeweYangLebihTua",2040837372775178540,,,in,,0,1,1,https://x.com/mniirtjak/status/2040837372775178540,1617165458440081408,mniirtjak,34,id,keep_id_anchor,False,agar diskursus mengenai klasifikasi game lebih berimbang silakan simak siaran pers resmi terkait igrs dan kebijakan rating di steam melalui tautan ini yuk baca dulu detailnya igrs steamrating industrigim akusukadihumilateceweyanglebihtua,[],0,0,237,30,0,2,0,1.0,0.0154,1,1.0,4.648055555555556,74,0.0,0.0,0.0,0.0,1,1,0.9868238,0.41540876,-0.69102955,-0.46406874,342,-1,0.954272,1,Buzzer,2,0.9606851041925333,0.019652799085997822,0.01966209672146903,0.9606851041925333
2040579308373332239,2026-04-05 17:01:52+00:00,0,"@ezash Gue paham kok keresahan soal politik dan regulasi itu valid, justru karena itu sistem kayak IGRS perlu terus dibenahi dan dijelasin lebih terbuka, karena wajar kalau di fase awal masih banyak yang belum rapi dan butuh waktu buat disempurnakan.",2040837334762156529,,ezash,in,,0,0,0,https://x.com/rpramestaa12/status/2040837334762156529,227248005,rpramestaa12,40,id,keep_id_anchor,False,saya paham kok keresahan soal politik dan regulasi itu valid justru karena itu sistem seperti igrs perlu terus dibenahi dan dijelasin lebih terbuka karena wajar kalau di fase awal masih banyak yang belum rapi dan butuh waktu buat disempurnakan,[],0,1,243,39,0,0,1,0.4825,0.0179,4,0.6666666666666666,3.430277777777778,74,5.0,0.0,0.0,0.0,3,1,0.88185763,0.30034003,-0.0626052,-0.5629459,344,-1,0.975998,1,Buzzer,1,0.6637931479227771,0.16928546524063692,0.6637931479227771,0.16692138683658592
2040579308373332239,2026-04-05 17:00:47+00:00,0,"@ezash Dari sisi pengguna, sistem rating IGRS di Steam sekarang masih terasa kurang jelas. Tapi kalau ini bagian dari proses, semoga ada evaluasi dan penyempurnaan yang konsisten",2040837061977210995,,ezash,in,,0,0,0,https://x.com/Deewwiiiii/status/2040837061977210995,1171267827736571904,Deewwiiiii,27,id,keep_id_anchor,False,dari sisi pengguna sistem rating igrs di steam sekarang masih terasa kurang jelas tapi kalau ini bagian dari proses semoga ada evaluasi dan penyempurnaan yang konsisten,[],0,1,168,26,0,0,1,1.0,0.0109,7,0.7,3.183611111111111,74,9.0,0.0,0.0,0.027777777777777776,1,1,0.99999976,0.42299807,-1.5749254,-0.08311799,347,-1,0.9747131,1,Buzzer,2,0.9255303904940487,0.03717424797952698,0.03729536152642426,0.9255303904940487
2040835934028222620,2026-04-05 16:56:18+00:00,0,"""Perlu klarifikasi tentang IGRS dan rating gim di Steam? Saran aku, cek siaran pers resmi ini dulu biar lebih paham dan dapat gambaran lengkap sebelum ikut diskusi. Info lengkapnya ada di sini: 
https://t.co/QkyzRkCBfi",2040835934028222620,,,in,,0,0,0,https://x.com/Tessa44ut/status/2040835934028222620,2008760662961647625,Tessa44ut,36,id,keep_id_anchor,False,perlu klarifikasi tentang igrs dan rating game di steam saran aku cek siaran pers resmi ini dulu biar lebih paham dan dapat gambaran lengkap sebelum ikut diskusi info lengkapnya ada di sini,[],0,0,189,32,0,0,1,0.4714,0.0187,1,0.5,4.552777777777778,116,1.0,0.0,0.0,0.0,1,0,0.92648107,0.4390107,-0.9952762,0.10273376,356,-1,0.9860071,1,Buzzer,2,0.6664918290283179,0.1667979436512266,0.16671022732045543,0.6664918290283179
2040834717029896600,2026-04-05 16:51:28+00:00,0,"Agar diskursus mengenai klasifikasi gim lebih berimbang, silakan simak siaran pers resmi terkait IGRS dan kebijakan rating di Steam melalui tautan ini. Yuk, baca dulu detailnya: 
https://t.co/BzxWABh2of
#IGRS #SteamRating #IndustriGim",2040834717029896600,,,in,,0,3,0,https://x.com/Bagus_Media7/status/2040834717029896600,1641667244244733953,Bagus_Media7,33,id,keep_id_anchor,False,agar diskursus mengenai klasifikasi game lebih berimbang silakan simak siaran pers resmi terkait igrs dan kebijakan rating di steam melalui tautan ini yuk baca dulu detailnya igrs steamrating industrigim,[],0,0,203,29,0,3,0,1.0,0.0154,2,1.0,4.472222222222222,116,1.0,0.0,0.0,0.0,1,1,0.9868238,0.41771272,-0.8247485,-0.39905635,363,-1,0.97735184,1,Buzzer,2,0.9606851041925333,0.019652799085997822,0.01966209672146903,0.9606851041925333
2040834535492063587,2026-04-05 16:50:44+00:00,0,"https://t.co/qwttGoCnY5
""IGRS dan rating gim di Steam jadi hot topic? Baca penjelasan resmi di sini dulu biar gak salah paham.",2040834535492063587,,,in,,0,2,0,https://x.com/IraAsri325610/status/2040834535492063587,1972267683854069760,IraAsri325610,23,id,keep_id_anchor,False,igrs dan rating game di steam jadi hot topic baca penjelasan resmi di sini dulu biar tidak salah paham,[],0,0,102,19,0,2,0,0.5658,0.0217,1,0.5,4.46,116,1.0,0.0,0.0,0.0,1,0,0.9646963,0.48906586,-0.92314655,-0.40737453,365,-1,0.9833301,1,Buzzer,0,0.7767565490628183,0.7767565490628183,0.11153866708463736,0.11170478385254434
2040834519906005405,2026-04-05 16:50:41+00:00,0,"Yuk kita simak penjelasan/siaran pers resmi tentang IGRS &amp; rating gim di Steam di link berikut 
https://t.co/udO8E2wrsE",2040834519906005405,,,in,,0,0,0,https://x.com/Bbiyaku/status/2040834519906005405,1912342691763154944,Bbiyaku,21,id,keep_id_anchor,False,yuk kita simak penjelasan siaran pers resmi tentang igrs rating game di steam di link berikut,[],0,0,93,16,0,0,1,0.6551,0.0173,1,1.0,4.4591666666666665,116,0.0,0.0,0.0,0.0,1,0,0.9652399,0.45790836,-1.1708447,0.11758252,366,-1,0.9965892,1,Buzzer,2,0.886843377776501,0.057495998414352,0.05566062380914694,0.886843377776501
2040834455724785868,2026-04-05 16:50:25+00:00,0,"https://t.co/Sc1iOATufe
Untuk yang sedang ikut bahas tentang IGRS dan rating game di Steam, yuk cek rilis resmi dari pihak terkait di sini dulu ya, jadi informasi yang kita dapetin lebih jelas dan akurat",2040834455724785868,,,in,,0,0,0,https://x.com/Fatiyazean/status/2040834455724785868,1936732324785467392,Fatiyazean,36,id,keep_id_anchor,False,untuk yang sedang ikut bahas tentang igrs dan rating game di steam yuk cek rilis resmi dari pihak terkait di sini dulu ya jadi informasi yang kita dapetin lebih jelas dan akurat,[],0,0,177,32,0,0,1,0.4875,0.0141,2,0.6666666666666666,4.380833333333333,116,2.0,0.0,0.0,0.0,1,1,0.9138006,0.47082862,-0.8217452,-0.18191747,368,-1,0.99464524,1,Buzzer,0,0.6659138234304489,0.6659138234304489,0.16716504376603286,0.16692113280351822
2040834046473941222,2026-04-05 16:48:48+00:00,0,"Buat yang butuh referensi soal isu IGRS dan rating di Steam, ini penjelasan resminya sudah dirilis. Mungkin baik dibaca dulu biar informasinya lebih lengkap: https://t.co/FQwzAZE5VF",2040834046473941222,,,in,,0,0,0,https://x.com/PPopurii/status/2040834046473941222,1860168566009630720,PPopurii,28,id,keep_id_anchor,False,buat yang butuh referensi soal isu igrs dan rating di steam ini penjelasan resminya sudah dirilis mungkin baik dibaca dulu biar informasinya lebih lengkap,[],0,0,154,24,0,0,1,1.0,0.0131,1,1.0,4.427777777777778,116,0.0,0.0,0.0,0.0,1,1,0.9999999,0.40412664,-0.6990093,0.4528689,370,-1,0.8611599,1,Buzzer,2,0.9392581729765357,0.03036418290934294,0.030377644114121402,0.9392581729765357
2040833559301325185,2026-04-05 16:46:52+00:00,1,"Penjelasan resmi terkait IGRS dan rating gim di Steam sudah tersedia. Sebaiknya cek dulu informasinya sebelum menarik kesimpulan lebih jauh: https://t.co/3CmI0xCyEQ
#IGRS #Steam #RatingGim #SiaranPers #LiterasiDigital",2040833559301325185,,,in,,0,1,0,https://x.com/stefanyreza2000/status/2040833559301325185,1861260662514819074,stefanyreza2000,29,id,keep_id_anchor,False,penjelasan resmi terkait igrs dan rating game di steam sudah tersedia sebaiknya cek dulu informasinya sebelum menarik kesimpulan lebih jauh igrs steam ratinggim siaranpers literasidigital,[],0,0,187,25,0,2,0,0.6334,0.0131,1,1.0,4.395555555555555,116,0.0,0.0,0.0,0.0,1,0,0.918834,0.45170906,-1.3206868,-0.10681913,374,-1,0.99614465,1,Buzzer,2,0.8645053329906048,0.06874725236829479,0.06674741464110043,0.8645053329906048
2040833381064450344,2026-04-05 16:46:09+00:00,0,"Ini penjelasan/siaran pers resmi soal IGRS &amp; rating gim di Steam, mungkin bisa dibaca dulu sebelum berpendapat lebih jauh https://t.co/eiH9EiJBaa",2040833381064450344,,,in,,0,0,0,https://x.com/yuka_riza/status/2040833381064450344,1809286535126347777,yuka_riza,24,id,keep_id_anchor,False,ini penjelasan siaran pers resmi soal igrs rating game di steam mungkin bisa dibaca dulu sebelum berpendapat lebih jauh,[],0,0,119,19,0,0,1,0.6551,0.0174,1,1.0,4.383611111111111,116,0.0,0.0,0.0,0.0,1,0,0.9529735,0.47776183,-1.2612087,-0.058265734,376,-1,0.9965312,1,Buzzer,2,0.8888083460787317,0.05559542838995203,0.05559622553131629,0.8888083460787317
2040443737466405115,2026-04-05 16:45:59+00:00,0,"@mog_mediaa Yang penting diketahui nih, rating IGRS di Steam banyak masih data awal/self-declare belum final, tujuan utamanya lindungi pemain muda dan menata ekosistem game, jadi wajar aja kalau fase awal masih perlu disesuaikan bareng.",2040833338144104954,,mog_mediaa,in,,0,1,0,https://x.com/Fatiyazean/status/2040833338144104954,1936732324785467392,Fatiyazean,36,id,keep_id_anchor,False,yang penting diketahui ini rating igrs di steam banyak masih data awal self declare belum final tujuan utamanya lindungi pemain muda dan menata ekosistem game jadi wajar aja kalau fase awal masih perlu disesuaikan bareng,[],0,1,220,35,0,1,1,0.7423,0.0287,2,0.6666666666666666,4.380833333333333,116,2.0,0.0,0.0,0.0,1,1,0.95791554,0.4405956,-1.3644279,-0.6546598,380,-1,0.9968966,1,Buzzer,1,0.7367605899494156,0.24561605072781093,0.7367605899494156,0.017623359322773577
2040443737466405115,2026-04-05 16:45:36+00:00,0,"@mog_mediaa rating IGRS di Steam saat ini masih banyak yang bersifat awal/self-declare dan belum final, jadi wajar kalau terlihat belum konsisten.tujuannya melindungi pemain muda dan menata ekosistem game.",2040833241675104319,,mog_mediaa,in,,0,0,0,https://x.com/NganjukSun23590/status/2040833241675104319,1949393136725442560,NganjukSun23590,31,id,keep_id_anchor,False,rating igrs di steam saat ini masih banyak yang bersifat awal self declare dan belum final jadi wajar kalau terlihat belum konsisten tujuannya melindungi pemain muda dan menata ekosistem game,[],0,1,191,30,0,0,1,0.6442,0.028,4,0.8,3.8466666666666667,116,4.0,0.0,0.0,0.0,1,1,0.96498,0.46069872,-1.3517671,-0.5780267,381,-1,0.9984263,1,Buzzer,1,0.535469598413732,0.43878193380119357,0.535469598413732,0.02574846778507448
2040443737466405115,2026-04-05 16:45:27+00:00,0,"@mog_mediaa Sebagai tambahan informasi, rating IGRS yang tampil di Steam saat ini banyak yang masih tahap awal/self-declare sehingga kemungkinan masih akan diperjelas seiring prosesnya.",2040833204555534697,,mog_mediaa,in,,0,0,0,https://x.com/Alizazaina94321/status/2040833204555534697,1735829180502405120,Alizazaina94321,26,id,keep_id_anchor,False,sebagai tambahan informasi rating igrs yang tampil di steam saat ini banyak yang masih tahap awal self declare sehingga kemungkinan masih akan diperjelas seiring prosesnya,[],0,1,171,25,0,0,1,0.434,0.0184,6,1.0,3.9175,116,5.0,0.0,0.0,0.0,1,1,0.9051088,0.3890268,-1.4175156,0.12289828,382,-1,0.9833487,1,Buzzer,1,0.8665243308995318,0.06672263013090528,0.8665243308995318,0.06675303896956282
2040443737466405115,2026-04-05 16:42:49+00:00,0,@mog_mediaa Aku mau menjelaskan sistem IGRS yang ada di Steam sekarang itu datanya bersifat awal atau prototipe tujuannya dibuat seperti ini adalah melindungi pemain muda dari filter permainan yang tidak benar yang belum sesuai dengan usia mereka.,2040832542757331194,,mog_mediaa,in,,0,0,0,https://x.com/andybalala19/status/2040832542757331194,1399951844000997378,andybalala19,37,id,keep_id_anchor,False,aku mau menjelaskan sistem igrs yang ada di steam sekarang itu datanya bersifat awal atau prototipe tujuannya dibuat seperti ini adalah melindungi pemain muda dari filter permainan yang tidak benar yang belum sesuai dengan usia mereka,[],0,1,234,36,0,0,1,0.4171,0.0224,4,0.6666666666666666,3.713611111111111,116,5.0,0.0,0.0,0.0,1,1,0.8541065,0.39220634,-0.9793708,-0.7741899,386,-1,0.99182934,1,Buzzer,1,0.7715314968937969,0.11716307190931864,0.7715314968937969,0.11130543119688448
2040443737466405115,2026-04-05 16:42:12+00:00,0,"@mog_mediaa Banyak yang lihat rating IGRS di Steam terus langsung kaget, padahal sebagian besar itu masih self-declare dari developer, jadi belum final dan masih bisa berubah.",2040832385470853490,,mog_mediaa,in,,0,0,0,https://x.com/dwi_wahyu007/status/2040832385470853490,498967058,dwi_wahyu007,27,id,keep_id_anchor,False,banyak yang lihat rating igrs di steam terus langsung kaget padahal sebagian besar itu masih self declare dari developer jadi belum final dan masih bisa berubah,[],0,1,160,26,0,0,1,0.5062,0.0252,1,1.0,4.317777777777778,116,1.0,0.0,0.0,0.0,1,0,0.94541967,0.40495586,-1.2759128,-0.063457645,388,-1,0.97571,1,Buzzer,1,0.9022941972373754,0.049974706712636846,0.9022941972373754,0.04773109604998772
2040443737466405115,2026-04-05 16:42:08+00:00,0,"@mog_mediaa IGRS di Steam sekarang banyak yang masih data awal/selfdeclare dan belum final, atau mengingatkan bahwa niat utamanya adalah melindungi pemain muda dan menata ekosistem game, sehingga wajar kalau di fase awal masih ada hal yang perlu disesuaikan dan diperjelas bersama.",2040832370098704523,,mog_mediaa,in,,0,0,0,https://x.com/noviarguna72100/status/2040832370098704523,2004965320587706370,noviarguna72100,42,id,keep_id_anchor,False,igrs di steam sekarang banyak yang masih data awal self declare dan belum final atau mengingatkan bahwa niat utamanya adalah melindungi pemain muda dan menata ekosistem game sehingga wajar kalau di fase awal masih ada hal yang perlu disesuaikan dan diperjelas bersama,[],0,1,267,42,0,0,1,1.0,0.0277,6,0.6666666666666666,3.2152777777777777,116,7.0,0.0,0.0,0.0,1,1,0.9978963,0.40945697,-1.1078815,-0.4780638,389,-1,0.9952425,1,Buzzer,1,0.8609748494530589,0.12041621723109443,0.8609748494530589,0.018608933315846742
2040443737466405115,2026-04-05 16:41:54+00:00,1,"@mog_mediaa IGRS di Steam itu masih banyak yang pakai data awal/self-declare jadi belum final, dan memang tujuannya buat lindungi pemain muda sekaligus ngerapihin ekosistem game, jadi wajar kalau di fase awal masih ada yang perlu disesuaikan bareng.",2040832312699678855,,mog_mediaa,in,,0,0,0,https://x.com/rpramestaa12/status/2040832312699678855,227248005,rpramestaa12,39,id,keep_id_anchor,False,igrs di steam itu masih banyak yang pakai data awal self declare jadi belum final dan memang tujuannya buat lindungi pemain muda sekaligus ngerapihin ekosistem game jadi wajar kalau di fase awal masih ada yang perlu disesuaikan bareng,[],0,1,234,38,0,1,1,0.7423,0.0281,4,0.6666666666666666,3.430277777777778,116,5.0,0.0,0.0,0.0,1,1,0.96376437,0.411599,-1.0058765,-0.7498775,391,-1,0.9987544,1,Buzzer,1,0.9306880553080017,0.04144737435874658,0.9306880553080017,0.02786457033325172
2040443737466405115,2026-04-05 16:41:51+00:00,0,@mog_mediaa Perlu dipahami kalau rating IGRS di Steam belum final dan masih tahap laporan awal untuk merapikan ekosistem gim agar lebih aman bagi anak-anak,2040832297872879670,,mog_mediaa,in,,0,0,0,https://x.com/carapaklek/status/2040832297872879670,230755427,carapaklek,25,id,keep_id_anchor,False,perlu dipahami kalau rating igrs di steam belum final dan masih tahap laporan awal untuk merapikan ekosistem game agar lebih aman bagi anak anak,[],0,1,144,24,0,0,1,1.0,0.0207,7,0.7777777777777778,3.303611111111111,116,8.0,0.0,0.0,0.0,1,1,0.99999964,0.4558667,-1.2833748,-0.629762,392,-1,0.9925327,1,Buzzer,1,0.9436127256331301,0.02823735004529445,0.9436127256331301,0.028149924321575294
2040443737466405115,2026-04-05 16:41:14+00:00,0,"@mog_mediaa Banyak yang belum tahu, rating IGRS di Steam saat ini sebagian masih data awal/self-declare dan belum final, jadi wajar kalau masih ada yang perlu disempurnakan sambil tetap fokus ke tujuan utamanya melindungi pemain muda.",2040832145082692037,,mog_mediaa,in,,0,0,0,https://x.com/Adiety333/status/2040832145082692037,1202870884165242880,Adiety333,37,id,keep_id_anchor,False,banyak yang belum tahu rating igrs di steam saat ini sebagian masih data awal self declare dan belum final jadi wajar kalau masih ada yang perlu disempurnakan sambil tetap fokus ke tujuan utamanya melindungi pemain muda,[],0,1,219,36,0,0,1,0.6536,0.0315,5,0.8333333333333334,3.651666666666667,116,5.0,0.0,0.0,0.0,1,1,0.95701987,0.43026963,-1.2730488,-0.54604495,395,-1,0.9985285,1,Buzzer,0,0.9415196434066466,0.9415196434066466,0.03056954111729649,0.027910815476056835
2040443737466405115,2026-04-05 16:41:14+00:00,0,"@mog_mediaa Sedikit meluruskan, rating IGRS yang muncul di Steam saat ini masih banyak yang berupa data awal/self-declare, jadi wajar kalau masih ada penyesuaian sambil tetap fokus melindungi pemain muda.",2040832142121549893,,mog_mediaa,in,,0,0,0,https://x.com/MRidhonew16179/status/2040832142121549893,1923899742062510083,MRidhonew16179,31,id,keep_id_anchor,False,sedikit meluruskan rating igrs yang muncul di steam saat ini masih banyak yang berupa data awal self declare jadi wajar kalau masih ada penyesuaian sambil tetap fokus melindungi pemain muda,[],0,1,189,30,0,0,1,0.6311,0.0289,4,0.8,3.336388888888889,116,4.0,0.0,0.0,0.0,1,1,0.9730226,0.43213272,-1.0615666,-0.7587954,396,-1,0.99840003,1,Buzzer,0,0.9185479517389767,0.9185479517389767,0.0424371566797322,0.039014891581291
2040443737466405115,2026-04-05 16:40:52+00:00,0,"@mog_mediaa Perlu diingat, sistem rating IGRS di Steam ini masih tahap penyesuaian dan sebagian datanya belum final, jadi lebih baik dipahami dulu konteksnya karena tujuannya memang untuk menata ekosistem game dan menjaga pemain usia muda.",2040832050870255917,,mog_mediaa,in,,0,0,0,https://x.com/PutriRahma32820/status/2040832050870255917,1908370125050568704,PutriRahma32820,35,id,keep_id_anchor,False,perlu diingat sistem rating igrs di steam ini masih tahap penyesuaian dan sebagian datanya belum final jadi lebih baik dipahami dulu konteksnya karena tujuannya memang untuk menata ekosistem game dan menjaga pemain usia muda,[],0,1,224,34,0,0,1,0.4163,0.0248,5,0.8333333333333334,3.6463888888888887,116,5.0,0.0,0.0,0.0,1,1,0.9025804,0.43825355,-1.3386825,-0.7348107,398,-1,0.99721694,1,Buzzer,1,0.6575338188246599,0.2715697479837848,0.6575338188246599,0.07089643319155527
2040491792295186826,2026-04-05 16:40:40+00:00,0,"@badakmeledak_ Rating IGRS di Steam masih dalam proses, banyak yang self-declare dan belum final. Niatnya baik, lindungi pemain muda dan tata ekosistem game, yuk sama-sama paham.",2040832000475775131,,badakmeledak_,in,,0,0,0,https://x.com/rahayu49384/status/2040832000475775131,1911651578336985088,rahayu49384,28,id,keep_id_anchor,False,rating igrs di steam masih dalam proses banyak yang self declare dan belum final niatnya baik lindungi pemain muda dan tata ekosistem game yuk sama sama paham,[],0,1,158,27,0,0,1,0.6311,0.0276,6,1.0,3.855,116,5.0,0.0,0.0,0.0,1,1,0.9533112,0.48051873,-1.3769941,-0.40809795,400,-1,0.997165,1,Buzzer,0,0.7160445608744793,0.7160445608744793,0.07741497078491162,0.20654046834060902
2040582308789694688,2026-04-05 16:40:30+00:00,0,@junwatu rating IGRS di Steam kayak nya masih data awal dan belum final jadi wajar saja kalo masih butuh proses penyesuaian biar ekosistem game lebih baik lg,2040831960101302684,,junwatu,in,,0,0,0,https://x.com/Dadangsutrisn0/status/2040831960101302684,1748686169800658944,Dadangsutrisn0,27,id,keep_id_anchor,False,rating igrs di steam seperti nya masih data awal dan belum final jadi wajar saja kalau masih butuh proses penyesuaian biar ekosistem game lebih baik lg,[],0,1,151,26,0,0,1,0.4847,0.0259,2,1.0,4.164722222222222,116,2.0,0.0,0.0,0.0,1,1,0.915678,0.42960647,-1.299647,-0.7448592,401,-1,0.9878655,1,Buzzer,0,0.9006327050769376,0.9006327050769376,0.04909368947311122,0.050273605449951055
2040645711650509022,2026-04-05 16:38:51+00:00,0,"@rayrestufauzi Santai dulu guys, banyak rating IGRS di Steam masih data awal/self-declare, jadi belum final. Fokus ke niat baiknya, melindungi pemain muda dan ekosistem game. Wajar ada penyesuaian di fase awal, kita sama-sama belajar 😊.",2040831543569174658,,rayrestufauzi,in,,0,5,0,https://x.com/rahayu49384/status/2040831543569174658,1911651578336985088,rahayu49384,37,id,keep_id_anchor,False,santai dulu guys banyak rating igrs di steam masih data awal self declare jadi belum final fokus ke niat baiknya melindungi pemain muda dan ekosistem game wajar ada penyesuaian di fase awal kita sama sama belajar,[],0,1,212,36,0,5,0,0.6666,0.0289,6,1.0,3.855,116,5.0,0.0,0.0,0.0,1,1,0.95316935,0.4609433,-0.85647243,-1.0199298,405,-1,0.9977871,1,Buzzer,0,0.7947409360953619,0.7947409360953619,0.17182675595645666,0.033432307948181555
2040582308789694688,2026-04-05 16:37:54+00:00,0,"@junwatu Perlu dilihat juga bahwa sebagian rating IGRS di Steam masih berbasis deklarasi awal developer dan belum final, karena sistem ini masih dalam proses penyesuaian.",2040831304993054877,,junwatu,in,,0,1,0,https://x.com/Alizazaina94321/status/2040831304993054877,1735829180502405120,Alizazaina94321,25,id,keep_id_anchor,False,perlu dilihat juga bahwa sebagian rating igrs di steam masih berbasis deklarasi awal developer dan belum final karena sistem ini masih dalam proses penyesuaian,[],0,1,159,24,0,1,1,0.5851,0.0231,6,1.0,3.9175,116,5.0,0.0,0.0,0.0,1,1,0.91742,0.34665215,-1.7417042,0.15693839,407,-1,0.9612052,1,Buzzer,1,0.7714453324681398,0.11135185537423509,0.7714453324681398,0.11720281215762508
2040831202576498958,2026-04-05 16:37:30+00:00,0,"Kalau lagi ngikutin diskusi soal rating gim di Steam dan IGRS, ada rilis resmi yang menjelaskan posisinya. Mungkin bisa dibaca dulu untuk melengkapi informasi: https://t.co/IVY4RhX3JQ",2040831202576498958,,,in,,0,0,0,https://x.com/bobbymenra/status/2040831202576498958,1901532304541208576,bobbymenra,28,id,keep_id_anchor,False,kalau lagi ngikutin diskusi soal rating game di steam dan igrs ada rilis resmi yang menjelaskan posisinya mungkin bisa dibaca dulu untuk melengkapi informasi,[],0,0,157,24,0,0,1,0.4875,0.0118,2,1.0,4.239444444444445,116,1.0,0.0,0.0,0.0,1,0,0.92528725,0.43862346,-1.3996643,-0.12835428,408,-1,0.99389476,1,Buzzer,0,0.8253381285280714,0.8253381285280714,0.08364010174466345,0.09102176972726513
2040645711650509022,2026-04-05 16:37:01+00:00,0,"@rayrestufauzi Kalau mengikuti mekanismenya, sebagian rating IGRS di Steam saat ini masih self-declare dan belum hasil penilaian akhir, karena sistemnya memang masih berkembang untuk penataan ekosistem game.",2040831081159835822,,rayrestufauzi,in,,0,0,0,https://x.com/Alizazaina94321/status/2040831081159835822,1735829180502405120,Alizazaina94321,28,id,keep_id_anchor,False,kalau mengikuti mekanismenya sebagian rating igrs di steam saat ini masih self declare dan belum hasil penilaian akhir karena sistemnya memang masih berkembang untuk penataan ekosistem game,[],0,1,189,27,0,0,1,0.439,0.0219,6,1.0,3.9175,116,5.0,0.0,0.0,0.0,1,1,0.8716819,0.4259156,-1.2061137,-0.55866265,409,-1,0.99320143,1,Buzzer,1,0.8809050028390458,0.06333456460290367,0.8809050028390458,0.05576043255805045
2040831037966815612,2026-04-05 16:36:50+00:00,0,"Buat kalian yang ngikutin rame IGRS &amp; rating gim di Steam, penjelasannya boleh di baca dulu siaran pers resminya.
biar info yang beredar lebih lengkap : 

https://t.co/8re0L94arj",2040831037966815612,,,in,,0,0,0,https://x.com/FitriyaniT15600/status/2040831037966815612,1755945409435033600,FitriyaniT15600,29,id,keep_id_anchor,False,buat kalian yang ngikutin rame igrs rating game di steam penjelasannya boleh di baca dulu siaran pers resminya biar info yang beredar lebih lengkap,[],0,0,147,24,0,0,1,0.4592,0.0164,1,1.0,4.2283333333333335,116,0.0,0.0,0.0,0.0,1,0,0.93386424,0.45909718,-0.9215118,0.20729165,410,-1,0.99471825,1,Buzzer,0,0.6445774151159074,0.6445774151159074,0.04185298979215924,0.31356959509193333
2040491792295186826,2026-04-05 16:35:14+00:00,0,"@badakmeledak_ Sedikit konteks saja, rating IGRS yang muncul di Steam sekarang banyak yang masih deklarasi awal dari developer, jadi kemungkinan masih akan disempurnakan karena tujuannya memang untuk panduan usia pemain.",2040830633623409031,,badakmeledak_,in,,0,0,0,https://x.com/Ginanadia67421/status/2040830633623409031,1715676531035635712,Ginanadia67421,30,id,keep_id_anchor,False,sedikit konteks saja rating igrs yang muncul di steam sekarang banyak yang masih deklarasi awal dari developer jadi kemungkinan masih akan disempurnakan karena tujuannya memang untuk panduan usia pemain,[],0,1,202,29,0,0,1,0.3631,0.0159,3,0.75,4.029166666666667,116,3.0,0.0,0.0,0.0,1,1,0.9018359,0.4211659,-1.2415422,-0.51884747,414,-1,0.9925068,1,Buzzer,0,0.7664071362444981,0.7664071362444981,0.12214639899020076,0.1114464647653011
2040830628602810528,2026-04-05 16:35:13+00:00,0,"Buat yang lagi mengikuti isu IGRS dan rating gim di Steam, ini ada siaran pers resmi yang menjelaskan konteksnya. Bisa dibaca dulu biar dapat gambaran yang lebih utuh: https://t.co/7oUselpRmm",2040830628602810528,,,in,,0,0,0,https://x.com/rinimaulida008/status/2040830628602810528,1864930724761186304,rinimaulida008,32,id,keep_id_anchor,False,buat yang lagi mengikuti isu igrs dan rating game di steam ini ada siaran pers resmi yang menjelaskan konteksnya bisa dibaca dulu biar dapat gambaran yang lebih utuh,[],0,0,165,28,0,0,1,0.628,0.0155,2,1.0,4.171388888888889,116,1.0,0.0,0.0,0.0,1,0,0.94243294,0.41249207,-0.68522155,-0.14163248,415,-1,0.9973097,1,Buzzer,0,0.763995648473865,0.763995648473865,0.03039177749406608,0.2056125740320689
2040830581450428585,2026-04-05 16:35:02+00:00,1,"Berikut adalah pesannya:
Pahami dulu aturan IGRS dan rating gim di Steam lewat siaran pers resmi ini. Ada baiknya baca informasinya sampai tuntas sebelum berpendapat lebih jauh.
https://t.co/0WZENiHplO 
#IGRS #Steam #GameRating",2040830581450428585,,,in,,0,0,0,https://x.com/DinaPur468/status/2040830581450428585,1558856424054456320,DinaPur468,34,id,keep_id_anchor,False,berikut adalah pesannya pahami dulu aturan igrs dan rating game di steam lewat siaran pers resmi ini ada baiknya baca informasinya sampai tuntas sebelum berpendapat lebih jauh igrs steam gamerating,[],0,0,197,30,0,1,1,0.5282,0.0157,2,1.0,4.198333333333333,116,1.0,0.0,0.0,0.0,1,0,0.87445164,0.46205962,-0.8580476,-0.16321541,416,-1,0.98085517,1,Buzzer,0,0.6655900005782862,0.6655900005782862,0.06680728408832382,0.26760271533339003
2040830524365885841,2026-04-05 16:34:48+00:00,0,"Banyak yang bahas rating gim di Steam dan IGRS. Wajar kalau muncul pertanyaan di kalangan gamer dan developer saat ini.

Rating di Steam untuk Indonesia bukan resmi pemerintah. Rating resmi pakai IGRS sesuai aturan yang berlaku di Indonesia.

Penjelasan:
https://t.co/znTzTjoAIL",2040830524365885841,,,in,,0,0,0,https://x.com/bantalkusam_id/status/2040830524365885841,1435291689581641731,bantalkusam_id,43,id,keep_id_anchor,False,banyak yang bahas rating game di steam dan igrs wajar kalau muncul pertanyaan di kalangan gamer dan developer saat ini rating di steam untuk indonesia bukan resmi pemerintah rating resmi pakai igrs sesuai aturan yang berlaku di indonesia penjelasan,[],0,0,248,39,0,0,1,0.4613,0.0248,3,1.0,4.194444444444445,116,0.0,0.0,0.0,0.0,1,0,0.9086136,0.4350879,-1.6394595,-0.35811737,417,-1,0.9811137,1,Buzzer,1,0.768414216640865,0.17940406273504847,0.768414216640865,0.05218172062408662
2040645711650509022,2026-04-05 16:34:33+00:00,0,"@rayrestufauzi Sedikit konteks, rating IGRS yang sekarang terlihat masih banyak yang belum final karena masih fase awal penyesuaian sistem untuk melindungi pemain muda.",2040830461845582153,,rayrestufauzi,in,,0,1,0,https://x.com/JancokAsu893230/status/2040830461845582153,1793661894408155136,JancokAsu893230,23,id,keep_id_anchor,False,sedikit konteks rating igrs yang sekarang terlihat masih banyak yang belum final karena masih fase awal penyesuaian sistem untuk melindungi pemain muda,[],0,1,151,22,0,1,1,0.4582,0.0262,5,0.8333333333333334,3.366388888888889,116,5.0,0.0,0.0,0.0,1,1,0.92080414,0.42125198,-1.2130722,-0.40489167,419,-1,0.9983859,1,Buzzer,1,0.510990574653708,0.062394684370585346,0.510990574653708,0.4266147409757066
2040645711650509022,2026-04-05 16:34:01+00:00,0,"@rayrestufauzi Perlu diingat juga, banyak rating IGRS di Steam saat ini masih berupa data awal atau self-declare dari developer, jadi belum semuanya final karena sistemnya masih dalam tahap penyesuaian untuk perlindungan pemain muda.",2040830326344429609,,rayrestufauzi,in,,0,1,0,https://x.com/Ginanadia67421/status/2040830326344429609,1715676531035635712,Ginanadia67421,34,id,keep_id_anchor,False,perlu diingat juga banyak rating igrs di steam saat ini masih berupa data awal atau self declare dari developer jadi belum semuanya final karena sistemnya masih dalam tahap penyesuaian untuk perlindungan pemain muda,[],0,1,215,33,0,1,1,0.5994,0.0313,3,0.75,4.029166666666667,116,3.0,0.0,0.0,0.0,1,1,0.920461,0.42737058,-1.4165175,-0.3622492,420,-1,0.9985678,1,Buzzer,0,0.5546710322307016,0.5546710322307016,0.4149248705019745,0.03040409726732377
2040640511946686843,2026-04-05 16:33:25+00:00,0,"@kukuhya Sedikit meluruskan ya, rating IGRS yang muncul di Steam itu banyak yang masih tahap awal/self declare dari developer, jadi belum final sepenuhnya. Wajar kalau sekarang masih ada yang terasa kurang pas, karena memang lagi proses penyesuaian.",2040830175815065683,,kukuhya,in,,1,6,0,https://x.com/rinimaulida008/status/2040830175815065683,1864930724761186304,rinimaulida008,38,id,keep_id_anchor,False,sedikit meluruskan ya rating igrs yang muncul di steam itu banyak yang masih tahap awal self declare dari developer jadi belum final sepenuhnya wajar kalau sekarang masih ada yang terasa kurang pas karena memang lagi proses penyesuaian,[],0,1,235,37,0,7,0,0.6822,0.0288,2,1.0,4.171388888888889,116,1.0,0.0,0.0,0.0,1,0,0.970326,0.4037575,-0.8086677,-0.508155,422,-1,0.99222225,1,Buzzer,1,0.9322871455074736,0.03430429076417825,0.9322871455074736,0.0334085637283482
2040645711650509022,2026-04-05 16:33:12+00:00,0,"@rayrestufauzi Sedikit meluruskan, rating IGRS yang tampil di Steam saat ini banyak yang masih data awal/self-declare dan belum final, jadi wajar kalau masih ada yang disesuaikan sambil tetap fokus melindungi pemain muda.",2040830120458588227,,rayrestufauzi,in,,0,1,0,https://x.com/MRidhonew16179/status/2040830120458588227,1923899742062510083,MRidhonew16179,34,id,keep_id_anchor,False,sedikit meluruskan rating igrs yang tampil di steam saat ini banyak yang masih data awal self declare dan belum final jadi wajar kalau masih ada yang disesuaikan sambil tetap fokus melindungi pemain muda,[],0,1,203,33,0,1,1,0.6536,0.0307,4,0.8,3.336388888888889,116,4.0,0.0,0.0,0.0,1,1,0.9730226,0.44810805,-1.2027532,-0.47781065,423,-1,0.9987066,1,Buzzer,0,0.6407650070865136,0.6407650070865136,0.33266963170393676,0.026565361209549505
2040491792295186826,2026-04-05 16:33:08+00:00,0,"@badakmeledak_ Dari sisi pengguna, sistem rating IGRS di Steam sekarang masih terasa kurang jelas. Tapi kalau ini bagian dari proses, semoga ada evaluasi dan penyempurnaan yang konsisten",2040830106801959007,,badakmeledak_,in,,0,0,0,https://x.com/Deewwiiiii/status/2040830106801959007,1171267827736571904,Deewwiiiii,27,id,keep_id_anchor,False,dari sisi pengguna sistem rating igrs di steam sekarang masih terasa kurang jelas tapi kalau ini bagian dari proses semoga ada evaluasi dan penyempurnaan yang konsisten,[],0,1,168,26,0,0,1,1.0,0.0109,7,0.7,3.183611111111111,116,9.0,0.0,0.0,0.027777777777777776,1,1,0.99999976,0.42299807,-1.5749254,-0.08311799,425,-1,0.9747131,1,Buzzer,2,0.9255303904940487,0.03717424797952698,0.03729536152642426,0.9255303904940487
2040645711650509022,2026-04-05 16:32:38+00:00,0,@rayrestufauzi Perlu dipahami kalau rating IGRS di Steam belum final dan masih tahap laporan awal untuk merapikan ekosistem gim agar lebih aman bagi anak-anak.,2040829981249745336,,rayrestufauzi,in,,0,1,0,https://x.com/carapaklek/status/2040829981249745336,230755427,carapaklek,25,id,keep_id_anchor,False,perlu dipahami kalau rating igrs di steam belum final dan masih tahap laporan awal untuk merapikan ekosistem game agar lebih aman bagi anak anak,[],0,1,144,24,0,1,1,1.0,0.0207,7,0.7777777777777778,3.303611111111111,116,8.0,0.0,0.0,0.0,1,1,0.99999964,0.4558667,-1.2833748,-0.629762,429,-1,0.9925327,1,Buzzer,1,0.9436127256331301,0.02823735004529445,0.9436127256331301,0.028149924321575294
2040491792295186826,2026-04-05 16:32:28+00:00,0,"@badakmeledak_ Sedikit info, rating IGRS di Steam saat ini banyak yang masih tahap awal/self declare, jadi belum final dan masih proses penyesuaian.",2040829935313641590,,badakmeledak_,in,,0,0,0,https://x.com/AlinGibroez/status/2040829935313641590,1768240865703800832,AlinGibroez,23,id,keep_id_anchor,False,sedikit info rating igrs di steam saat ini banyak yang masih tahap awal self declare jadi belum final dan masih proses penyesuaian,[],0,1,130,22,0,0,1,0.5375,0.0285,5,0.8333333333333334,3.2808333333333333,116,5.0,0.0,0.0,0.1,1,1,0.91827637,0.38614297,-1.2701541,0.015598339,431,-1,0.997561,1,Buzzer,1,0.9223619468807431,0.03973120474171571,0.9223619468807431,0.03790684837754103
2040645711650509022,2026-04-05 16:32:25+00:00,0,@rayrestufauzi Wajar kalau publik bingung dengan sistem rating IGRS di Steam sekarang,2040829926233018625,,rayrestufauzi,in,,0,0,0,https://x.com/Deewwiiiii/status/2040829926233018625,1171267827736571904,Deewwiiiii,12,id,keep_id_anchor,False,wajar kalau publik bingung dengan sistem rating igrs di steam sekarang,[],0,1,70,11,0,0,1,0.3676,0.0136,7,0.7,3.183611111111111,116,9.0,0.0,0.0,0.027777777777777776,1,1,0.85481983,0.4532641,-1.1786848,-0.32706836,432,-1,0.96610194,1,Buzzer,0,0.3333333333333333,0.3333333333333333,0.3333333333333333,0.3333333333333333
2040645711650509022,2026-04-05 16:32:19+00:00,0,"@rayrestufauzi IGRS di Steam itu sekarang masih banyak yang berbasis data awal/self-declare jadi belum final, jadi wajar kalau masih ada penyesuaian, apalagi tujuan utamanya kan buat lindungi pemain muda dan bikin ekosistem game lebih rapi 👍",2040829901209735602,,rayrestufauzi,in,,0,1,0,https://x.com/rpramestaa12/status/2040829901209735602,227248005,rpramestaa12,37,id,keep_id_anchor,False,igrs di steam itu sekarang masih banyak yang berbasis data awal self declare jadi belum final jadi wajar kalau masih ada penyesuaian apalagi tujuan utamanya kan buat lindungi pemain muda dan bikin ekosistem game lebih rapi,[],0,1,222,36,0,1,1,0.5749,0.0286,4,0.6666666666666666,3.430277777777778,116,5.0,0.0,0.0,0.0,1,1,0.9500342,0.42675313,-0.8525967,-0.9197792,433,-1,0.9985606,1,Buzzer,0,0.9599994283126215,0.9599994283126215,0.02031038359297192,0.0196901880944066
2040645711650509022,2026-04-05 16:31:54+00:00,0,"@rayrestufauzi Sekadar info, rating IGRS di Steam saat ini banyak yang masih tahap awal/self-declare jadi belum final, dan memang tujuannya buat perlindungan pemain muda serta penataan ekosistem, jadi wajar kalau masih butuh penyesuaian",2040829796125647093,,rayrestufauzi,in,,0,6,0,https://x.com/dvrtlngi/status/2040829796125647093,1597430218230497280,dvrtlngi,35,id,keep_id_anchor,False,sekadar info rating igrs di steam saat ini banyak yang masih tahap awal self declare jadi belum final dan memang tujuannya buat perlindungan pemain muda serta penataan ekosistem jadi wajar kalau masih butuh penyesuaian,[],0,1,218,34,0,6,0,0.6416,0.0269,4,1.0,3.6775,116,3.0,0.0,0.0,0.0,1,1,0.9354407,0.4370423,-1.0279821,-0.5606327,435,-1,0.9977952,1,Buzzer,1,0.9541555237120004,0.023423248660164875,0.9541555237120004,0.022421227627834692
2040645711650509022,2026-04-05 16:31:47+00:00,0,"@rayrestufauzi Perlu diluruskan, yang tampil di Steam itu sebagian masih data awal IGRS, wajar kalau belum sepenuhnya akurat karena masih tahap pengembangan.",2040829764072837481,,rayrestufauzi,in,,0,1,0,https://x.com/AlinGibroez/status/2040829764072837481,1768240865703800832,AlinGibroez,22,id,keep_id_anchor,False,perlu diluruskan yang tampil di steam itu sebagian masih data awal igrs wajar kalau belum sepenuhnya akurat karena masih tahap pengembangan,[],0,1,139,21,0,1,1,0.6144,0.02,5,0.8333333333333334,3.2808333333333333,116,5.0,0.0,0.0,0.1,1,1,0.8457847,0.32532182,-0.7174094,-0.37321672,436,-1,0.9396118,1,Buzzer,2,0.827346624867211,0.08582384559230964,0.08682952954047929,0.827346624867211
2040645711650509022,2026-04-05 16:31:34+00:00,0,"@rayrestufauzi Bantu luruskan ya, rating IGRS di Steam itu kebanyakan masih data awal atau self-declare yang belum final, jadi wajar kalau masih ada penyesuaian di fase awal ini demi niat baik menata ekosistem game dan melindungi pemain muda kita.",2040829710268338595,,rayrestufauzi,in,,0,1,0,https://x.com/dh74169970/status/2040829710268338595,1758767777320689664,dh74169970,40,id,keep_id_anchor,False,bantu luruskan ya rating igrs di steam itu kebanyakan masih data awal atau self declare yang belum final jadi wajar kalau masih ada penyesuaian di fase awal ini demi niat baik menata ekosistem game dan melindungi pemain muda kita,[],0,1,229,39,0,1,1,0.6276,0.0326,3,1.0,3.846388888888889,116,3.0,0.0,0.0,0.0,1,1,0.95316935,0.4305188,-1.1725967,-0.8761915,437,-1,0.99811363,1,Buzzer,0,0.8640039003664023,0.8640039003664023,0.11026204904790436,0.02573405058569336
2040645711650509022,2026-04-05 16:31:29+00:00,0,"@rayrestufauzi Sebenernya rating IGRS di Steam sekarang banyak yang masih tahap awal/self-declare dan belum final, jadi wajar kalau masih ada yang membingungkan karena ini juga bagian dari upaya melindungi pemain muda dan penyesuaian sistem ke depan.",2040829689598709963,,rayrestufauzi,in,,0,1,0,https://x.com/Adiety333/status/2040829689598709963,1202870884165242880,Adiety333,38,id,keep_id_anchor,False,sebenernya rating igrs di steam sekarang banyak yang masih tahap awal self declare dan belum final jadi wajar kalau masih ada yang membingungkan karena ini juga bagian dari upaya melindungi pemain muda dan penyesuaian sistem ke depan,[],0,1,233,37,0,1,1,0.5464,0.0317,5,0.8333333333333334,3.651666666666667,116,5.0,0.0,0.0,0.0,1,1,0.9340826,0.46724844,-0.92298883,-0.44843835,438,-1,0.99842995,1,Buzzer,1,0.5570668484855595,0.40583826530112843,0.5570668484855595,0.03709488621331204
2040582308789694688,2026-04-05 16:31:19+00:00,0,"@junwatu Iya langkah yg dilakukan komdigi sangat tepat,melindungi pemain muda dan menata ekosistem game, sehingga wajar kalau di fase awal masih ada hal yang perlu disesuaikan dan diperjelas bersama. Sebenarnya sistem IGRS data awalnya blm selesai atau sempurna",2040829647852888139,,junwatu,in,,0,0,0,https://x.com/Ranti130920/status/2040829647852888139,1855364957027876864,Ranti130920,39,id,keep_id_anchor,False,iya langkah yang dilakukan komdigi sangat tepat melindungi pemain muda dan menata ekosistem game sehingga wajar kalau di fase awal masih ada hal yang perlu disesuaikan dan diperjelas bersama sebenarnya sistem igrs data awalnya belum selesai atau sempurna,[],0,1,254,38,0,0,1,0.6816,0.0245,3,0.75,3.870277777777778,116,3.0,0.0,0.0,0.0,-1,0,0.8160366,0.36617297,-0.42567018,-0.63410187,439,-1,0.9642928,1,Buzzer,1,0.9328566881877972,0.03375459067909174,0.9328566881877972,0.03338872113311096
2040645711650509022,2026-04-05 16:31:16+00:00,0,"@rayrestufauzi IGRS di Steam sekarang banyak yang masih data awal/selfdeclare dan belum final, sekaligus mengingatkan bahwa niat utamanya adalah melindungi pemain muda dan menata ekosistem game, sehingga wajar kalau di fase awal masih ada hal yang perlu disesuaikan dan diperjelas bersama.",2040829636226212229,,rayrestufauzi,in,,0,1,0,https://x.com/noviarguna72100/status/2040829636226212229,2004965320587706370,noviarguna72100,42,id,keep_id_anchor,False,igrs di steam sekarang banyak yang masih data awal self declare dan belum final sekaligus mengingatkan bahwa niat utamanya adalah melindungi pemain muda dan menata ekosistem game sehingga wajar kalau di fase awal masih ada hal yang perlu disesuaikan dan diperjelas bersama,[],0,1,272,42,0,1,1,1.0,0.0277,6,0.6666666666666666,3.2152777777777777,116,7.0,0.0,0.0,0.0,1,1,1.0000004,0.4021979,-1.119015,-0.43936014,440,-1,0.9940236,1,Buzzer,1,0.8609748494530589,0.12041621723109443,0.8609748494530589,0.018608933315846742
2040645711650509022,2026-04-05 16:31:08+00:00,0,"@rayrestufauzi Perlu dipahami dulu kalau rating IGRS yang muncul saat ini sebagian masih data awal dari developer, jadi belum final, dan memang lagi proses pembenahan supaya ke depannya lebih jelas sekaligus tetap menjaga keamanan pemain muda.",2040829600478199927,,rayrestufauzi,in,,0,1,0,https://x.com/PutriRahma32820/status/2040829600478199927,1908370125050568704,PutriRahma32820,36,id,keep_id_anchor,False,perlu dipahami dulu kalau rating igrs yang muncul saat ini sebagian masih data awal dari developer jadi belum final dan memang lagi proses pembenahan supaya ke depannya lebih jelas sekaligus tetap menjaga keamanan pemain muda,[],0,1,225,35,0,1,1,0.5104,0.0255,5,0.8333333333333334,3.6463888888888887,116,5.0,0.0,0.0,0.0,1,1,0.9123367,0.41815388,-1.3225783,-0.35145387,441,-1,0.9981329,1,Buzzer,1,0.8573230376558505,0.07124191895026202,0.8573230376558505,0.07143504339388744
2040829495079481683,2026-04-05 16:30:43+00:00,1,"Lagi ramai soal IGRS dan rating gim di Steam. Ada siaran pers resmi yang menjelaskan konteksnya. Mungkin baik dibaca dulu sebelum menilai lebih jauh: https://t.co/6Kb8p6PzNz
#IGRS #Steam #GameIndonesia #InfoGame #GamingID",2040829495079481683,,,in,,0,0,0,https://x.com/ZaskiaZask2031/status/2040829495079481683,1809101659647455232,ZaskiaZask2031,33,id,keep_id_anchor,False,lagi ramai soal igrs dan rating game di steam ada siaran pers resmi yang menjelaskan konteksnya mungkin baik dibaca dulu sebelum menilai lebih jauh igrs steam gameindonesia infogame gamingid,[],0,0,190,29,0,1,1,0.5567,0.0132,2,1.0,4.054444444444444,116,1.0,0.0,0.0,0.0,1,0,0.8979522,0.4413526,-1.3997248,-0.383699,442,-1,0.97751087,1,Buzzer,0,0.7003735706480341,0.7003735706480341,0.047770369957553495,0.25185605939441236
2040479018034630743,2026-04-05 16:30:34+00:00,0,"@cryofantasia Dari sudut pandang pengguna, sistem rating IGRS di Steam saat ini belum terlalu mudah dipahami. Wajar kalau muncul pertanyaan. Semoga ke depan ada komunikasi yang lebih jelas soal standar penilaiannya.",2040829457938907596,,cryofantasia,in,,0,0,0,https://x.com/Alizazaina94321/status/2040829457938907596,1735829180502405120,Alizazaina94321,31,id,keep_id_anchor,False,dari sudut pandang pengguna sistem rating igrs di steam saat ini belum terlalu mudah dipahami wajar kalau muncul pertanyaan semoga ke depan ada komunikasi yang lebih jelas soal standar penilaiannya,[],0,1,197,30,0,0,1,0.3291,0.013,6,1.0,3.9175,116,5.0,0.0,0.0,0.0,1,1,0.8852247,0.43457225,-1.2987577,-0.32370782,443,-1,0.9691619,1,Buzzer,2,0.7772183549421919,0.1113596293441228,0.11142201571368525,0.7772183549421919
2040684902866411853,2026-04-05 16:30:11+00:00,0,"@RRDelusi Biar gak salah paham, sebenarnya wajar kok kalau di awal fase rilis gini masih banyak rating yang belum pas di Steam. Dari rilis resminya, data yang muncul sekarang itu sebagian besar masih self-declare dari sistem internal, jadi belum melalui proses verifikasi resmi dari IGRS.",2040829360660480352,,RRDelusi,in,,0,0,0,https://x.com/rpramestaa12/status/2040829360660480352,227248005,rpramestaa12,46,id,keep_id_anchor,False,biar tidak salah paham sebenarnya wajar kok kalau di awal fase rilis gini masih banyak rating yang belum pas di steam dari rilis resminya data yang muncul sekarang itu sebagian besar masih self declare dari sistem internal jadi belum melalui proses verifikasi resmi dari igrs,[],0,1,275,45,0,0,1,0.4797,0.0379,4,0.6666666666666666,3.430277777777778,116,5.0,0.0,0.0,0.0,1,1,0.8434117,0.3849033,-0.940736,-0.25610813,445,-1,0.9885296,1,Buzzer,0,0.8645241559628462,0.8645241559628462,0.06850241723122602,0.06697342680592794
2040829296277889471,2026-04-05 16:29:55+00:00,0,"https://t.co/QYa3jybeLe Lagi ramai bahas IGRS dan rating gim di Steam, ini ada penjelasan resmi yang bisa jadi rujukan biar lebih paham konteksnya. Mungkin bisa disimak dulu sebelum menarik kesimpulan",2040829296277889471,,,in,,0,0,0,https://x.com/NganjukSun23590/status/2040829296277889471,1949393136725442560,NganjukSun23590,32,id,keep_id_anchor,False,lagi ramai bahas igrs dan rating game di steam ini ada penjelasan resmi yang bisa jadi rujukan biar lebih paham konteksnya mungkin bisa disimak dulu sebelum menarik kesimpulan,[],0,0,175,28,0,0,1,0.5689,0.0156,4,0.8,3.8466666666666667,116,4.0,0.0,0.0,0.0,1,1,0.9369527,0.43619812,-1.0442924,-0.5667691,446,-1,0.9988171,1,Buzzer,0,0.5522414326810082,0.5522414326810082,0.055774035897014615,0.3919845314219771
2040582308789694688,2026-04-05 16:29:26+00:00,0,"@junwatu Jadi rating yang kita lihat sekarang belum hasil akhirnya ya, soalnya masih fase awal implementasi IGRS. Wajar banget kalau ada yang belum pas, karena tujuannya kan lagi disusun biar ekosistem gim nasional makin teratur dan aman! 👍",2040829174555054400,,junwatu,in,,0,0,0,https://x.com/VinaAmelia33281/status/2040829174555054400,1861041909810221056,VinaAmelia33281,37,id,keep_id_anchor,False,jadi rating yang kita lihat sekarang belum hasil akhirnya ya soalnya masih fase awal implementasi igrs wajar banget kalau ada yang belum pas karena tujuannya kan lagi disusun biar ekosistem game nasional makin teratur dan aman,[],0,1,226,36,0,0,1,0.6895,0.0207,3,1.0,3.9030555555555555,116,3.0,0.0,0.0,0.0,1,1,0.89115703,0.447209,-1.1528091,-0.51167977,447,-1,0.99388665,1,Buzzer,2,0.9248903106804421,0.03795944577857499,0.03715024354098285,0.9248903106804421
2040479018034630743,2026-04-05 16:28:59+00:00,0,@cryofantasia Harus diakui bahwa memang tampil rating IGRS di steam bagi banyak orang sangat membingungkan tapi perlu diketahui bahwa sistem ya sedang dalam masa penyesuaian dan butuh waktu,2040829062541881495,,cryofantasia,in,,0,0,0,https://x.com/Alvaro734877/status/2040829062541881495,1959905943480877056,Alvaro734877,28,id,keep_id_anchor,False,harus diakui bahwa memang tampil rating igrs di steam bagi banyak orang sangat membingungkan tapi perlu diketahui bahwa sistem ya sedang dalam masa penyesuaian dan butuh waktu,[],0,1,175,27,0,0,1,0.8778,0.0128,4,1.0,3.7683333333333335,116,4.0,0.0,0.0,0.0,1,1,0.98153555,0.42424324,-0.78456396,-0.42235565,450,-1,0.9892875,1,Buzzer,1,0.8883361612956225,0.055757680562637926,0.8883361612956225,0.055906158141739506
2040582308789694688,2026-04-05 16:28:45+00:00,0,"@junwatu Tmpilan rating IGRS di Steam sekarang memang membingungkan bagi banyak orang, namun menekankan bahwa sistemnya sedang dalam masa penyesuaian dan perlu waktu",2040829001040859370,,junwatu,in,,0,0,0,https://x.com/noviarguna72100/status/2040829001040859370,2004965320587706370,noviarguna72100,23,id,keep_id_anchor,False,tmpilan rating igrs di steam sekarang memang membingungkan bagi banyak orang namun menekankan bahwa sistemnya sedang dalam masa penyesuaian dan perlu waktu,[],0,1,155,22,0,0,1,0.4437,0.0111,6,0.6666666666666666,3.2152777777777777,116,7.0,0.0,0.0,0.0,1,1,0.957374,0.39590287,-0.6279711,-0.63486594,451,-1,0.9946794,1,Buzzer,0,0.3333333333333333,0.3333333333333333,0.3333333333333333,0.3333333333333333
2040828994510315936,2026-04-05 16:28:43+00:00,0,"https://t.co/BQMt0d3LRd
Sebelum ambil kesimpulan soal sistem rating IGRS di Steam, ada baiknya lihat dulu penjelasan resminya supaya konteksnya lebih lengkap",2040828994510315936,,,in,,0,0,0,https://x.com/hilyazu/status/2040828994510315936,1811992986022211584,hilyazu,23,id,keep_id_anchor,False,sebelum ambil kesimpulan soal sistem rating igrs di steam ada baiknya lihat dulu penjelasan resminya supaya konteksnya lebih lengkap,[],0,0,132,19,0,0,1,0.7613,0.0132,4,0.8,3.976111111111111,116,4.0,0.0,0.0,0.0,1,1,0.8879705,0.39982453,-1.1653408,0.13743512,452,-1,0.98944086,1,Buzzer,0,0.3333333333333333,0.3333333333333333,0.3333333333333333,0.3333333333333333
2040582308789694688,2026-04-05 16:27:46+00:00,0,"@junwatu Biar nggak salah paham, rating IGRS di Steam itu kebanyakan masih data awal atau self-declare, jadi belum final. Wajar banget kalau di fase awal ini masih butuh penyesuaian demi melindungi pemain muda kita",2040828752587108620,,junwatu,in,,0,0,0,https://x.com/carapaklek/status/2040828752587108620,230755427,carapaklek,35,id,keep_id_anchor,False,biar tidak salah paham rating igrs di steam itu kebanyakan masih data awal atau self declare jadi belum final wajar banget kalau di fase awal ini masih butuh penyesuaian demi melindungi pemain muda kita,[],0,1,202,34,0,0,1,0.6151,0.0379,7,0.7777777777777778,3.303611111111111,116,8.0,0.0,0.0,0.0,1,1,0.9404818,0.43527094,-0.9461418,-0.67813534,453,-1,0.9984559,1,Buzzer,0,0.9483436208520217,0.9483436208520217,0.02932892776604763,0.02232745138193057
2040582308789694688,2026-04-05 16:27:41+00:00,0,"@junwatu Sistem rating IGRS di Steam memang butuh waktu untuk adaptasi, tapi yang penting adalah komitmen untuk terus memperbaikinya. Harus ada komunikasi yang lebih jelas dan transparan dari pihak terkait biar pengguna nggak cuma sekedar ""ditunggu aja"".",2040828732806775267,,junwatu,in,,0,0,0,https://x.com/rahayu49384/status/2040828732806775267,1911651578336985088,rahayu49384,37,id,keep_id_anchor,False,sistem rating igrs di steam memang butuh waktu untuk adaptasi tapi yang penting adalah komitmen untuk terus memperbaikinya harus ada komunikasi yang lebih jelas dan transparan dari pihak terkait biar pengguna tidak cuma sekedar ditunggu aja,[],0,1,240,36,0,0,1,0.2687,0.019,6,1.0,3.855,116,5.0,0.0,0.0,0.0,1,1,0.8587795,0.3987981,-1.290011,-0.28086525,454,-1,0.97152495,1,Buzzer,0,0.3333333333333333,0.3333333333333333,0.3333333333333333,0.3333333333333333
2040582308789694688,2026-04-05 16:27:13+00:00,0,"@junwatu Rating IGRS di Steam sekarang banyak yang masih data awal/selfdeclare dan belum final, niat utama dalam membuat sistem IGRS ini melindungi pemain muda yang belum cukup umur untuk memainkan game ini. Tolonglah Komdigi buat sistem IGRS lebih baik dan benar lagi agar semua senang.",2040828616486064310,,junwatu,in,,0,0,0,https://x.com/andybalala19/status/2040828616486064310,1399951844000997378,andybalala19,46,id,keep_id_anchor,False,rating igrs di steam sekarang banyak yang masih data awal self declare dan belum final niat utama dalam membuat sistem igrs ini melindungi pemain muda yang belum cukup umur untuk memainkan game ini tolonglah komdigi buat sistem igrs lebih baik dan benar lagi agar semua senang,[],0,1,276,46,0,0,1,0.5998,0.0349,4,0.6666666666666666,3.713611111111111,116,5.0,0.0,0.0,0.0,1,1,0.90352124,0.46418363,-1.2192377,-0.21623997,455,-1,0.99679476,1,Buzzer,0,0.9178304325619092,0.9178304325619092,0.04376924168665157,0.03840032575143912
2040582308789694688,2026-04-05 16:26:44+00:00,0,@junwatu Tampilan IGRS di Steam memang masih data awal dan belum final. Sangat wajar kalo diawal masih butuh penyesuaian kan memang tujuan nya untuk melindungi pemain muda dan menata games2,2040828495094538738,,junwatu,in,,0,0,0,https://x.com/Emmeliachr59881/status/2040828495094538738,2018339489492643840,Emmeliachr59881,30,id,keep_id_anchor,False,tampilan igrs di steam memang masih data awal dan belum final sangat wajar kalau diawal masih butuh penyesuaian kan memang tujuan nya untuk melindungi pemain muda dan menata games,[],0,1,179,29,0,0,1,0.5487,0.0268,1,0.5,3.5033333333333334,116,1.0,0.0,0.0,0.0,1,0,0.9097849,0.4029798,-0.7443016,-0.9026328,456,-1,0.99140877,1,Buzzer,1,0.6525365775018069,0.29828966927106093,0.6525365775018069,0.04917375322713209
2040582308789694688,2026-04-05 16:26:27+00:00,0,"@junwatu Perlu diingat juga, tujuan utama IGRS ini untuk melindungi pemain muda dan menata ekosistem game supaya lebih sehat. Jadi proses awal spt ini memang butuh waktu untuk penyempurnaan😀",2040828421652332625,,junwatu,in,,0,0,0,https://x.com/ayoitsmoy/status/2040828421652332625,1411105269757595652,ayoitsmoy,29,id,keep_id_anchor,False,perlu diingat juga tujuan utama igrs ini untuk melindungi pemain muda dan menata ekosistem game supaya lebih sehat jadi proses awal spt ini memang butuh waktu untuk penyempurnaan,[],0,1,178,28,0,0,1,0.4542,0.0132,3,0.75,3.3136111111111113,116,3.0,0.0,0.0,0.0,-1,0,0.8160366,0.3273208,-0.2763474,-1.1299943,458,-1,0.93848103,1,Buzzer,1,0.877842672753403,0.06640010280633195,0.877842672753403,0.05575722444026507
2040684902866411853,2026-04-05 16:26:24+00:00,0,"@RRDelusi Kuy ahh Santai dulu say, rating IGRS di Steam itu masih banyak yang data awal/self-declare, belum final. Tujuannya juga buat lindungi gamer muda dan benahin ekosistem. Wajar kalau masih disempurnakan.
#proteccionjuvenil #industriajuegos #clasificacionjuegos #ecosistemagaming #inf",2040828410260520969,,RRDelusi,in,,0,1,0,https://x.com/ZaskiaZask2031/status/2040828410260520969,1809101659647455232,ZaskiaZask2031,38,id,keep_id_anchor,False,kuy ahh santai dulu say rating igrs di steam itu masih banyak yang data awal self declare belum final tujuannya juga buat lindungi gamer muda dan benahin ekosistem wajar kalau masih disempurnakan proteccionjuvenil industriajuegos clasificacionjuegos ecosistemagaming inf,[],0,1,270,37,0,1,1,0.5945,0.0271,2,1.0,4.054444444444444,116,1.0,0.0,0.0,0.0,1,0,0.9197799,0.4745607,-1.049213,-0.7604171,460,-1,0.9845717,1,Buzzer,0,0.5291662727084617,0.5291662727084617,0.4403448829797685,0.030488844311769795
2040479018034630743,2026-04-05 16:26:01+00:00,0,"@cryofantasia Tampilan rating IGRS di Steam emang bikin banyak orang bingung, tapi harus diakui sistemnya masih dalam proses penyesuaian. Harap maklum kalau masih ada hal yang perlu diperbaiki,",2040828312340300201,,cryofantasia,in,,0,0,0,https://x.com/rahayu49384/status/2040828312340300201,1911651578336985088,rahayu49384,28,id,keep_id_anchor,False,tampilan rating igrs di steam emang bikin banyak orang bingung tapi harus diakui sistemnya masih dalam proses penyesuaian harap maklum kalau masih ada hal yang perlu diperbaiki,[],0,1,176,27,0,0,1,0.406,0.0205,6,1.0,3.855,116,5.0,0.0,0.0,0.0,1,1,0.89662975,0.4373872,-1.3586341,0.13341363,463,-1,0.9937682,1,Buzzer,2,0.8222979179808647,0.0860177866407735,0.09168429537836183,0.8222979179808647
2040619090038194329,2026-04-05 16:25:31+00:00,0,"@kerissakti Sekadar info aja nih, rating di Steam sekarang masih dalam proses awal penerapan IGRS, jadi belum final banget. Wajar sih kalau ada yang belum pas, karena lagi dibangun biar ekosistem gim di Indonesia makin rapi dan terlindungi dengan baik!",2040828188151132542,,kerissakti,in,,0,20,0,https://x.com/VinaAmelia33281/status/2040828188151132542,1861041909810221056,VinaAmelia33281,40,id,keep_id_anchor,False,sekadar info aja ini rating di steam sekarang masih dalam proses awal penerapan igrs jadi belum final banget wajar sih kalau ada yang belum pas karena lagi dibangun biar ekosistem game di indonesia makin rapi dan terlindungi dengan baik,[],0,1,236,39,0,20,0,0.4683,0.024,3,1.0,3.9030555555555555,116,3.0,0.0,0.0,0.0,1,1,0.86967766,0.45329693,-0.8781144,-0.52948064,466,-1,0.9944659,1,Buzzer,2,0.5904382689161523,0.36377761583214246,0.04578411525170534,0.5904382689161523
2040619090038194329,2026-04-05 16:25:22+00:00,0,"@kerissakti Harus diakui kalau tampilan rating IGRS di Steam saat ini memang bikin bingung dan memicu banyak pertanyaan di komunitas. Tapi kalau dilihat secara objektif, ini sepertinya masih tahap penyesuaian sistem yang butuh waktu untuk sinkron.",2040828148967944609,,kerissakti,in,,0,1,0,https://x.com/ikaikuikok/status/2040828148967944609,620724276,ikaikuikok,36,id,keep_id_anchor,False,harus diakui kalau tampilan rating igrs di steam saat ini memang bikin bingung dan memicu banyak pertanyaan di komunitas tapi kalau dilihat secara objektif ini sepertinya masih tahap penyesuaian sistem yang butuh waktu untuk sinkron,[],0,1,232,35,0,1,1,0.5278,0.0164,2,0.6666666666666666,3.713888888888889,116,2.0,0.0,0.0,0.0,1,1,0.9128815,0.43720242,-0.8697294,-0.5602281,467,-1,0.99806565,1,Buzzer,1,0.816862840705966,0.09189834257897525,0.816862840705966,0.09123881671505872
2040828148963840410,2026-04-05 16:25:22+00:00,0,"Timeline lg penuh soal IGRS &amp; rating gim di Steam. Byk yg kesal. Tapi penting lihat konteks &amp; info resmi biar protesnya tepat.
Info: rating di Steam untuk Indonesia bukan rating resmi pemerintah. Rating resmi pakai IGRS, idealnya buat batas umur pemain, bukan sekadar blokir gim",2040828148963840410,,,in,,0,0,0,https://x.com/BosRQ_/status/2040828148963840410,1395017327750508545,BosRQ_,46,id,keep_id_anchor,False,timeline lg penuh soal igrs rating game di steam byk yang kesal tapi penting lihat konteks info resmi biar protesnya tepat info rating di steam untuk indonesia bukan rating resmi pemerintah rating resmi pakai igrs idealnya buat batas umur pemain bukan sekadar blokir game,[],0,0,271,44,0,0,1,0.5364,0.0215,3,1.0,4.037222222222222,116,0.0,0.0,0.0,0.0,1,0,0.90115905,0.45093483,-1.2349305,-0.18715458,468,-1,0.8858451,1,Buzzer,1,0.6450762131561286,0.30323379280219365,0.6450762131561286,0.05168999404167773
2040479018034630743,2026-04-05 16:25:16+00:00,0,"@cryofantasia Jujur tampilan rating IGRS di Steam saat ini memang masih cukup membingungkan buat banyak orang. Tapi kalau memang masih masa penyesuaian, mungkin yang paling penting sekarang adalah update penjelasan yang rutin dan transparansi soal kriterianya",2040828124028665876,,cryofantasia,in,,0,0,0,https://x.com/JancokAsu893230/status/2040828124028665876,1793661894408155136,JancokAsu893230,36,id,keep_id_anchor,False,jujur tampilan rating igrs di steam saat ini memang masih cukup membingungkan buat banyak orang tapi kalau memang masih masa penyesuaian mungkin yang paling penting sekarang adalah update penjelasan yang rutin dan transparansi soal kriterianya,[],0,1,243,35,0,0,1,1.0,0.0153,5,0.8333333333333334,3.366388888888889,116,5.0,0.0,0.0,0.0,1,1,0.9999999,0.43088037,-1.1405174,-0.2724982,469,-1,0.9861966,1,Buzzer,1,0.9433287202895856,0.028515911303458256,0.9433287202895856,0.028155368406956288
2040828029031919997,2026-04-05 16:24:53+00:00,0,"Kalau mengikuti diskusi tentang IGRS dan rating gim di Steam, ada siaran pers resmi yang menjelaskan konteksnya. Bisa dicek dulu di sini:
https://t.co/ung7RZzOMG",2040828029031919997,,,in,,0,1,0,https://x.com/Ginanadia67421/status/2040828029031919997,1715676531035635712,Ginanadia67421,26,id,keep_id_anchor,False,kalau mengikuti diskusi tentang igrs dan rating game di steam ada siaran pers resmi yang menjelaskan konteksnya bisa dicek dulu di sini,[],0,0,135,22,0,1,1,0.7017,0.0153,3,0.75,4.029166666666667,116,3.0,0.0,0.0,0.0,1,1,0.94243294,0.43986243,-0.8385505,-0.3284526,470,-1,0.9988255,1,Buzzer,2,0.5385388493267651,0.4137103353646971,0.04775081530853779,0.5385388493267651
2040479018034630743,2026-04-05 16:24:49+00:00,0,"@cryofantasia Wajar jika banyak yang mempertanyakan rating IGRS yang muncul di Steam sekarang karena informasinya masih simpang siur. Sebagai langkah perbaikan berkelanjutan, transparansi mengenai indikator penilaian sangat diperlukan agar masa transisi ini bisa dipahami dengan baik oleh gamer",2040828012850196961,,cryofantasia,in,,0,0,0,https://x.com/carapaklek/status/2040828012850196961,230755427,carapaklek,38,id,keep_id_anchor,False,wajar jika banyak yang mempertanyakan rating igrs yang muncul di steam sekarang karena informasinya masih simpang siur sebagai langkah perbaikan berkelanjutan transparansi mengenai indikator penilaian sangat diperlukan agar masa transisi ini bisa dipahami dengan baik oleh gamer,[],0,1,278,37,0,0,1,0.3291,0.0132,7,0.7777777777777778,3.303611111111111,116,8.0,0.0,0.0,0.0,1,1,0.8963289,0.46410248,-1.3367505,-0.6136582,471,-1,0.9840432,1,Buzzer,0,0.3333333333333333,0.3333333333333333,0.3333333333333333,0.3333333333333333
2040582308789694688,2026-04-05 16:24:46+00:00,0,"@junwatu IGRS di Steam sekarang banyak yang masih data awal/selfdeclare dan belum final, sekaligus mengingatkan bahwa niat utamanya adalah melindungi pemain muda dan menata ekosistem game, sehingga wajar kalau di fase awal masih ada hal yang perlu disesuaikan dan diperjelas bersama.",2040827997792670142,,junwatu,in,,0,0,0,https://x.com/noviarguna72100/status/2040827997792670142,2004965320587706370,noviarguna72100,42,id,keep_id_anchor,False,igrs di steam sekarang banyak yang masih data awal self declare dan belum final sekaligus mengingatkan bahwa niat utamanya adalah melindungi pemain muda dan menata ekosistem game sehingga wajar kalau di fase awal masih ada hal yang perlu disesuaikan dan diperjelas bersama,[],0,1,272,42,0,0,1,1.0,0.0277,6,0.6666666666666666,3.2152777777777777,116,7.0,0.0,0.0,0.0,1,1,1.0000004,0.4021979,-1.119015,-0.43936014,472,-1,0.9940236,1,Buzzer,1,0.8609748494530589,0.12041621723109443,0.8609748494530589,0.018608933315846742
2040619090038194329,2026-04-05 16:24:43+00:00,0,"@kerissakti Jujur tampilan rating IGRS di Steam saat ini memang masih cukup membingungkan buat banyak orang. Tapi kalau memang masih masa penyesuaian, mungkin yang paling penting sekarang adalah update penjelasan yang rutin dan transparansi soal kriterianya.",2040827988313510317,,kerissakti,in,,0,2,0,https://x.com/JancokAsu893230/status/2040827988313510317,1793661894408155136,JancokAsu893230,36,id,keep_id_anchor,False,jujur tampilan rating igrs di steam saat ini memang masih cukup membingungkan buat banyak orang tapi kalau memang masih masa penyesuaian mungkin yang paling penting sekarang adalah update penjelasan yang rutin dan transparansi soal kriterianya,[],0,1,243,35,0,2,0,1.0,0.0153,5,0.8333333333333334,3.366388888888889,116,5.0,0.0,0.0,0.0,1,1,0.9999999,0.43088037,-1.1405174,-0.2724982,473,-1,0.9861966,1,Buzzer,1,0.9433287202895856,0.028515911303458256,0.9433287202895856,0.028155368406956288
2040619090038194329,2026-04-05 16:24:43+00:00,0,@kerissakti Harus diakui bahwa memang tampilan rating IGRS di steam bagi banyak orang sangat membingungkan tapi perlu diketahui bahwa sistem ya sedang dalam masa penyesuaian dan butuh waktu,2040827987256586261,,kerissakti,in,,0,1,0,https://x.com/Alvaro734877/status/2040827987256586261,1959905943480877056,Alvaro734877,28,id,keep_id_anchor,False,harus diakui bahwa memang tampilan rating igrs di steam bagi banyak orang sangat membingungkan tapi perlu diketahui bahwa sistem ya sedang dalam masa penyesuaian dan butuh waktu,[],0,1,177,27,0,1,1,0.8778,0.0134,4,1.0,3.7683333333333335,116,4.0,0.0,0.0,0.0,1,1,0.98153555,0.41958803,-0.662761,-0.47425362,474,-1,0.99255604,1,Buzzer,1,0.9042893943262099,0.04779166946396885,0.9042893943262099,0.047918936209821184
2040582308789694688,2026-04-05 16:24:36+00:00,0,"@junwatu rating IGRS di Steam saat ini masih banyak yang tahap awal (self-declare), jadi belum final. Tujuannya untuk melindungi pemain muda dan menata ekosistem game, jadi wajar kalau di fase awal masih ada yang perlu disesuaikan dan diperjelas bersama.",2040827957527355903,,junwatu,in,,0,0,0,https://x.com/NganjukSun23590/status/2040827957527355903,1949393136725442560,NganjukSun23590,40,id,keep_id_anchor,False,rating igrs di steam saat ini masih banyak yang tahap awal self declare jadi belum final tujuannya untuk melindungi pemain muda dan menata ekosistem game jadi wajar kalau di fase awal masih ada yang perlu disesuaikan dan diperjelas bersama,[],0,1,239,39,0,0,1,0.8445,0.0287,4,0.8,3.8466666666666667,116,4.0,0.0,0.0,0.0,1,1,0.9782401,0.44583264,-1.3150076,-0.6998977,475,-1,0.99759126,1,Buzzer,1,0.9622963610302501,0.019155947074652027,0.9622963610302501,0.018547691895097754
2040619090038194329,2026-04-05 16:24:35+00:00,0,@kerissakti rating IGRS yang tampil di Steam itu banyak yang masih tahap pengembangan jadi belum terselelsaikan sepenuhnya Memang lagi proses perbaikan wajar kalau masih ada yang belum pias dengan hasilnya.,2040827954012578193,,kerissakti,in,,0,1,0,https://x.com/ssigitpermana98/status/2040827954012578193,1865958130552811520,ssigitpermana98,30,id,keep_id_anchor,False,rating igrs yang tampil di steam itu banyak yang masih tahap pengembangan jadi belum terselelsaikan sepenuhnya memang lagi proses perbaikan wajar kalau masih ada yang belum pias dengan hasilnya,[],0,1,193,29,0,1,1,0.6144,0.0226,1,1.0,4.024166666666667,116,1.0,0.0,0.0,0.0,1,0,0.8703263,0.3912197,-1.0840517,-0.23167643,476,-1,0.8981513,1,Buzzer,1,0.8624530622122455,0.06685944761673993,0.8624530622122455,0.07068749017101468
2040479018034630743,2026-04-05 16:21:50+00:00,0,"@cryofantasia Jujur aja, tampilan rating IGRS di Steam sekarang emang masih bikin bingung buat banyak orang. Tapi kalau dilihat, ini lagi fase penyesuaian jadi wajar belum rapi—yang penting ke depan perlu update penjelasan yang rutin, transparansi kriteria, dan perbaikan terus biar makin jelas",2040827260517945362,,cryofantasia,in,,0,0,0,https://x.com/dvrtlngi/status/2040827260517945362,1597430218230497280,dvrtlngi,44,id,keep_id_anchor,False,jujur aja tampilan rating igrs di steam sekarang emang masih bikin bingung buat banyak orang tapi kalau dilihat ini lagi fase penyesuaian jadi wajar belum rapi yang penting ke depan perlu update penjelasan yang rutin transparansi kriteria dan perbaikan terus biar makin jelas,[],0,1,275,43,0,0,1,0.7017,0.0213,4,1.0,3.6775,116,3.0,0.0,0.0,0.0,1,1,0.94939333,0.41756418,-0.61930937,-0.58161193,477,-1,0.9978187,1,Buzzer,0,0.908513223709713,0.908513223709713,0.04590607692190632,0.04558069936838076
2040640511946686843,2026-04-05 16:21:47+00:00,0,"@kukuhya Sedikit meluruskan ya, rating IGRS yg muncul di Steam sekarang bnyk yg masih bersifat data awal/self-declare dari developer, jadi belum semuanya final. Memang masih tahap penyesuaian sambil dirapikan",2040827249059066314,,kukuhya,in,,0,2,0,https://x.com/ayoitsmoy/status/2040827249059066314,1411105269757595652,ayoitsmoy,31,id,keep_id_anchor,False,sedikit meluruskan ya rating igrs yang muncul di steam sekarang bnyk yang masih bersifat data awal self declare dari developer jadi belum semuanya final memang masih tahap penyesuaian sambil dirapikan,[],0,1,200,30,0,2,0,0.5994,0.027,3,0.75,3.3136111111111113,116,3.0,0.0,0.0,0.0,1,1,0.9529487,0.39910224,-1.1170452,0.019634057,479,-1,0.99892384,1,Buzzer,1,0.8826737626887896,0.08018950301193441,0.8826737626887896,0.037136734299276095
2040479018034630743,2026-04-05 16:21:42+00:00,0,"@cryofantasia Wajar sih kalau banyak yang masih bingung lihat rating IGRS di Steam sekarang, karena tampilannya memang belum terlalu familiar buat sebagian pemain. Tapi menurut saya ini masih tahap penyesuaian, jadi memang butuh waktu supaya orang makin paham sistemnya.",2040827229236818067,,cryofantasia,in,,0,0,0,https://x.com/hilyazu/status/2040827229236818067,1811992986022211584,hilyazu,39,id,keep_id_anchor,False,wajar sih kalau banyak yang masih bingung lihat rating igrs di steam sekarang karena tampilannya memang belum terlalu familiar buat sebagian pemain tapi menurut saya ini masih tahap penyesuaian jadi memang butuh waktu supaya orang makin paham sistemnya,[],0,1,252,38,0,0,1,0.4276,0.0264,4,0.8,3.976111111111111,116,4.0,0.0,0.0,0.0,1,1,0.91003376,0.45667967,-0.7994154,-0.6916868,480,-1,0.9979394,1,Buzzer,0,0.7706686821745772,0.7706686821745772,0.11758017724415312,0.11175114058126971
2040619090038194329,2026-04-05 16:21:40+00:00,0,"@kerissakti Jujur, tampilan rating IGRS di Steam saat ini memang cukup membingungkan bagi banyak pengguna. Tapi karena masih tahap penyesuaian, mungkin perlu waktu—yang penting ke depan penjelasannya lebih rutin dan transparan.",2040827219396931679,,kerissakti,in,,0,1,0,https://x.com/Alizazaina94321/status/2040827219396931679,1735829180502405120,Alizazaina94321,32,id,keep_id_anchor,False,jujur tampilan rating igrs di steam saat ini memang cukup membingungkan bagi banyak pengguna tapi karena masih tahap penyesuaian mungkin perlu waktu yang penting ke depan penjelasannya lebih rutin dan transparan,[],0,1,211,31,0,1,1,0.4867,0.0142,6,1.0,3.9175,116,5.0,0.0,0.0,0.0,1,1,0.9448793,0.4205579,-1.0923327,-0.40061465,481,-1,0.9962365,1,Buzzer,0,0.7503963516886992,0.7503963516886992,0.13483227867046746,0.11477136964083329
2040582308789694688,2026-04-05 16:21:39+00:00,0,"@junwatu Banyak yang salah paham soal rating IGRS di Steam, dan itu kelihatan dari tampilannya yang belum intuitif",2040827213990567945,,junwatu,in,,0,0,0,https://x.com/Deewwiiiii/status/2040827213990567945,1171267827736571904,Deewwiiiii,18,id,keep_id_anchor,False,banyak yang salah paham soal rating igrs di steam dan itu kelihatan dari tampilannya yang belum intuitif,[],0,1,104,17,0,0,1,0.4877,0.016,7,0.7,3.183611111111111,116,9.0,0.0,0.0,0.027777777777777776,1,1,0.8158221,0.41159767,-0.99547595,-0.18958978,482,-1,0.99128515,1,Buzzer,0,0.7766031411399901,0.7766031411399901,0.11159023982630269,0.11180661903370732
2040619090038194329,2026-04-05 16:21:36+00:00,0,"@kerissakti Jujur tampilan rating IGRS di Steam saat ini memang masih cukup membingungkan buat banyak orang. Tapi kalau memang masih masa penyesuaian, mungkin yang paling penting sekarang adalah update penjelasan yang rutin dan transparansi soal kriterianya.",2040827201625661554,,kerissakti,in,,0,1,0,https://x.com/MRidhonew16179/status/2040827201625661554,1923899742062510083,MRidhonew16179,36,id,keep_id_anchor,False,jujur tampilan rating igrs di steam saat ini memang masih cukup membingungkan buat banyak orang tapi kalau memang masih masa penyesuaian mungkin yang paling penting sekarang adalah update penjelasan yang rutin dan transparansi soal kriterianya,[],0,1,243,35,0,1,1,1.0,0.0153,4,0.8,3.336388888888889,116,4.0,0.0,0.0,0.0,1,1,0.9999999,0.43088037,-1.1405174,-0.2724982,483,-1,0.9861966,1,Buzzer,1,0.9433287202895856,0.028515911303458256,0.9433287202895856,0.028155368406956288
2040619090038194329,2026-04-05 16:21:23+00:00,0,"@kerissakti Sekadar meluruskan konteksnya, rating yang kita lihat sekarang di Steam itu belum hasil akhir karena masih fase awal penerapan IGRS. Wajar kalau ada yang kelihatan belum pas, karena memang tujuannya sedang merapikan ekosistem gim nasional agar lebih terlindungi.",2040827149675004000,,kerissakti,in,,0,2,0,https://x.com/carapaklek/status/2040827149675004000,230755427,carapaklek,39,id,keep_id_anchor,False,sekadar meluruskan konteksnya rating yang kita lihat sekarang di steam itu belum hasil akhir karena masih fase awal penerapan igrs wajar kalau ada yang kelihatan belum pas karena memang tujuannya sedang merapikan ekosistem game nasional agar lebih terlindungi,[],0,1,259,38,0,2,0,0.6895,0.0177,7,0.7777777777777778,3.303611111111111,116,8.0,0.0,0.0,0.0,1,1,0.89115703,0.48050916,-0.6967267,-0.9254072,485,-1,0.9962872,1,Buzzer,2,0.924087116939183,0.03773224522273577,0.03818063783808127,0.924087116939183
2040827118746300792,2026-04-05 16:21:17+00:00,0,"Teman teman yang ngikutin rame IGRS &amp; rating gim di Steam, penjelasan resminya ada di sini, boleh jadi bahan baca dulu, linknya yang udh saya sematkan diatas ya☝️",2040827123288662525,,Ranti130920,in,,0,0,0,https://x.com/Ranti130920/status/2040827123288662525,1855364957027876864,Ranti130920,28,id,keep_id_anchor,False,teman teman yang ngikutin rame igrs rating game di steam penjelasan resminya ada di sini boleh jadi bahan baca dulu linknya yang sudah saya sematkan diatas ya,[],0,1,158,27,0,0,1,0.8088,0.0096,3,0.75,3.870277777777778,116,3.0,0.0,0.0,0.0,1,1,0.93017316,0.47741002,-0.7671082,0.22162507,486,-1,0.9824233,1,Buzzer,2,0.9045194103244226,0.04776322907977013,0.04771736059580721,0.9045194103244226
2040619090038194329,2026-04-05 16:21:16+00:00,0,@kerissakti Rating IGRS di Steam saat ini memang membingungkan &amp; butuh penyesuaian. Penting ada transparansi kriteria &amp; perbaikan rutin agar sistem makin akurat. 🎮✨,2040827120642056562,,kerissakti,in,,0,0,0,https://x.com/dh74169970/status/2040827120642056562,1758767777320689664,dh74169970,23,id,keep_id_anchor,False,rating igrs di steam saat ini memang membingungkan butuh penyesuaian penting ada transparansi kriteria perbaikan rutin agar sistem makin akurat,[],0,1,143,20,0,0,1,0.6324,0.01,3,1.0,3.846388888888889,116,3.0,0.0,0.0,0.0,1,1,0.90666556,0.3678151,-1.3565547,-0.35580295,487,-1,0.94634914,1,Buzzer,2,0.6584226709284454,0.17432509994307455,0.16725222912848012,0.6584226709284454
2040619090038194329,2026-04-05 16:20:58+00:00,0,"@kerissakti Jujur aja tampilan rating IGRS di Steam sekarang masih bikin bingung banyak orang. Tapi kalau ini memang lagi tahap penyesuaian, ya wajar butuh waktu",2040827044381220891,,kerissakti,in,,0,1,0,https://x.com/Deewwiiiii/status/2040827044381220891,1171267827736571904,Deewwiiiii,25,id,keep_id_anchor,False,jujur aja tampilan rating igrs di steam sekarang masih bikin bingung banyak orang tapi kalau ini memang lagi tahap penyesuaian ya wajar butuh waktu,[],0,1,147,24,0,1,1,0.5278,0.0189,7,0.7,3.183611111111111,116,9.0,0.0,0.0,0.027777777777777776,1,1,0.91003376,0.44444385,-0.4571659,-0.62335503,488,-1,0.9978388,1,Buzzer,0,0.8524025133984556,0.8524025133984556,0.07961989540157817,0.06797759119996603
2040619090038194329,2026-04-05 16:20:55+00:00,0,"@kerissakti Sedikit meluruskan ya, rating IGRS yang tampil di Steam itu banyak yang masih tahap awal/self declare dari developer, jadi belum final. Memang lagi proses penyesuaian, wajar kalau masih ada yang belum pas.",2040827031349538861,,kerissakti,in,,0,1,0,https://x.com/AlinGibroez/status/2040827031349538861,1768240865703800832,AlinGibroez,34,id,keep_id_anchor,False,sedikit meluruskan ya rating igrs yang tampil di steam itu banyak yang masih tahap awal self declare dari developer jadi belum final memang lagi proses penyesuaian wajar kalau masih ada yang belum pas,[],0,1,200,33,0,1,1,1.0,0.0284,5,0.8333333333333334,3.2808333333333333,116,5.0,0.0,0.0,0.1,1,1,1.0,0.4121436,-1.0783886,-0.2806063,489,-1,0.9935887,1,Buzzer,1,0.9554963293083859,0.02224572446961696,0.9554963293083859,0.022257946221997258
2040826745990045726,2026-04-05 16:19:47+00:00,0,"https://t.co/6mYW2tgLkA
Buat yang lagi ramai bahas IGRS dan rating gim di Steam, mungkin perlu cek dulu penjelasan resminya biar lebih paham konteksnya. Ada info penting tentang proses dan tujuannya,",2040826745990045726,,,in,,0,2,0,https://x.com/rahayu49384/status/2040826745990045726,1911651578336985088,rahayu49384,32,id,keep_id_anchor,False,buat yang lagi ramai bahas igrs dan rating game di steam mungkin perlu cek dulu penjelasan resminya biar lebih paham konteksnya ada info penting tentang proses dan tujuannya,[],0,0,173,28,0,2,0,0.5689,0.0168,6,1.0,3.855,116,5.0,0.0,0.0,0.0,1,1,0.93045616,0.44001496,-1.1730711,-0.4395585,490,-1,0.9990552,1,Buzzer,0,0.8610841450269806,0.8610841450269806,0.06690273012102105,0.07201312485199837
2040826498224206129,2026-04-05 16:18:48+00:00,0,"Waspada! Kemkomdigi tegaskan rating IGRS di Steam saat ini bukan rating resmi pemerintah. Klarifikasi segera dilakukan kepada pihak Steam untuk memastikan klasifikasi gim sesuai dengan aturan pelindungan anak di Indonesia. 🎮🚫

#GameRating https://t.co/2y6S1k1gwt",2040826498224206129,https://pbs.twimg.com/media/HFJ44WgaQAEEp71.jpg,,in,,0,1,0,https://x.com/indonesiago_id/status/2040826498224206129,1166311360898072577,indonesiago_id,35,id,keep_id_anchor,False,waspada kemkomdigi tegaskan rating igrs di steam saat ini bukan rating resmi pemerintah klarifikasi segera dilakukan kepada pihak steam untuk memastikan klasifikasi game sesuai dengan aturan pelindungan anak di indonesia gamerating,[],0,0,231,31,0,1,1,0.5965,0.0224,2,1.0,3.9277777777777776,116,0.0,0.0,0.0,0.0,1,0,0.9243113,0.425262,-1.4138293,-0.087792896,493,-1,0.9778187,1,Buzzer,0,0.7689754319223056,0.7689754319223056,0.11207884412699143,0.11894572395070306
2040826341390794987,2026-04-05 16:18:11+00:00,0,"Sedang ramai dibahas soal IGRS dan sistem rating gim di Steam. Ada penjelasan resmi yang bisa dibaca dulu supaya informasinya lebih lengkap: 
https://t.co/7Yp6142gOJ",2040826341390794987,,,in,,0,0,0,https://x.com/Alizazaina94321/status/2040826341390794987,1735829180502405120,Alizazaina94321,26,id,keep_id_anchor,False,sedang ramai dibahas soal igrs dan sistem rating game di steam ada penjelasan resmi yang bisa dibaca dulu supaya informasinya lebih lengkap,[],0,0,139,22,0,0,1,0.4057,0.0152,6,1.0,3.9175,116,5.0,0.0,0.0,0.0,1,1,0.9388064,0.43933907,-1.4495891,-0.34728462,495,-1,0.99733317,1,Buzzer,2,0.8331432376850225,0.08344274134557798,0.08341402096939952,0.8331432376850225
2040684902866411853,2026-04-05 16:17:19+00:00,0,"@RRDelusi Berdasarkan info yang ada, IGRS di Steam sekarang masih dalam tahap awal nih, jadi datanya belum final banget. Masih banyak yang baru deklarasi awal dari developernya. Tujuannya sih biar sistem ratingnya makin jelas dan aman buat semua kalangan usia",2040826124255862994,,RRDelusi,in,,0,0,0,https://x.com/VinaAmelia33281/status/2040826124255862994,1861041909810221056,VinaAmelia33281,40,id,keep_id_anchor,False,berdasarkan info yang ada igrs di steam sekarang masih dalam tahap awal ini jadi datanya belum final banget masih banyak yang baru deklarasi awal dari developernya tujuannya sih biar sistem ratingnya makin jelas dan aman buat semua kalangan usia,[],0,1,245,39,0,0,1,0.6756,0.0232,3,1.0,3.9030555555555555,116,3.0,0.0,0.0,0.0,1,1,0.95821214,0.40653798,-1.0506089,-0.23881495,497,-1,0.99860555,1,Buzzer,0,0.8492094567817526,0.8492094567817526,0.07868327695030816,0.07210726626793917
2040684902866411853,2026-04-05 16:17:18+00:00,0,"@RRDelusi Kalau ngikutin infonya, IGRS di Steam sekarang lagi dalam tahap awal implementasi, jadi datanya belum final ya. Banyak yang masih berupa deklarasi awal dari developer. Tujuannya sih bagus banget, biar sistem rating-nya jadi lebih jelas, aman, dan nyaman buat semua kalangan usia",2040826119491068144,,RRDelusi,in,,0,0,0,https://x.com/ReisaAmeli42101/status/2040826119491068144,1987461075345063937,ReisaAmeli42101,44,id,keep_id_anchor,False,kalau ngikutin infonya igrs di steam sekarang lagi dalam tahap awal implementasi jadi datanya belum final ya banyak yang masih berupa deklarasi awal dari developer tujuannya sih bagus banget biar sistem rating nya jadi lebih jelas aman dan nyaman buat semua kalangan usia,[],0,1,271,43,0,0,1,0.7113,0.021,1,1.0,3.9027777777777777,116,1.0,0.0,0.0,0.0,1,0,0.96593696,0.36350334,-1.224534,-0.10721651,498,-1,0.9640484,1,Buzzer,0,0.9220843063633655,0.9220843063633655,0.03955491898789619,0.03836077464873833
2040640511946686843,2026-04-05 16:15:21+00:00,0,"@kukuhya Sebenarnya IGRS di Steam sekarang banyak yang masih data awal/selfdeclare dan belum final,serta melindungi pemain muda, dari ekosistem yg bermasalah ,kerja komdigi udh tepat itu",2040825631508967442,,kukuhya,in,,0,2,0,https://x.com/Ranti130920/status/2040825631508967442,1855364957027876864,Ranti130920,28,id,keep_id_anchor,False,sebenarnya igrs di steam sekarang banyak yang masih data awal self declare dan belum final serta melindungi pemain muda dari ekosistem yang bermasalah kerja komdigi sudah tepat itu,[],0,1,180,28,0,2,0,0.6666,0.034,3,0.75,3.870277777777778,116,3.0,0.0,0.0,0.0,1,1,0.9210035,0.41467866,-0.63513094,-0.25142252,499,-1,0.99877256,1,Buzzer,0,0.9234890084543033,0.9234890084543033,0.03937895698500831,0.03713203456068845
2040684902866411853,2026-04-05 16:14:26+00:00,0,"@RRDelusi Guys, santai dulu. Banyak yang salah paham soal rating IGRS di Steam. Ini bukan soal sensor atau kebebasan, tapi tentang melindungi pemain muda dan bikin ekosistem game lebih sehat. Banyak rating yang masih data awal/self-declare, jadi belum final. Ayo fokus ke niat baiknya",2040825400591540442,,RRDelusi,in,,0,1,0,https://x.com/rahayu49384/status/2040825400591540442,1911651578336985088,rahayu49384,46,id,keep_id_anchor,False,guys santai dulu banyak yang salah paham soal rating igrs di steam ini bukan soal sensor atau kebebasan tapi tentang melindungi pemain muda dan bikin ekosistem game lebih sehat banyak rating yang masih data awal self declare jadi belum final ayo fokus ke niat baiknya,[],0,1,267,45,0,1,1,0.6459,0.0295,6,1.0,3.855,116,5.0,0.0,0.0,0.0,1,1,0.8900138,0.46347576,-0.97430813,-0.9110002,501,-1,0.99395543,1,Buzzer,0,0.9475355238835964,0.9475355238835964,0.026751302589963853,0.025713173526439738
2040684902866411853,2026-04-05 16:14:08+00:00,0,"@RRDelusi Izin bantu jelasin ya, rating IGRS yang muncul di Steam itu rata-rata masih self-declare atau data awal, jadi belum final. Wajar banget kalau di awal ini masih ada penyesuaian, karena tujuan utamanya kan buat melindungi gamer usia muda dan ngerapiin ekosistem gim kita supaya aman",2040825323798093970,,RRDelusi,in,,0,0,0,https://x.com/carapaklek/status/2040825323798093970,230755427,carapaklek,48,id,keep_id_anchor,False,izin bantu jelasin ya rating igrs yang muncul di steam itu rata rata masih self declare atau data awal jadi belum final wajar banget kalau di awal ini masih ada penyesuaian karena tujuan utamanya kan buat melindungi gamer usia muda dan ngerapiin ekosistem game kita supaya aman,[],0,1,277,47,0,0,1,0.535,0.027,7,0.7777777777777778,3.303611111111111,116,8.0,0.0,0.0,0.0,1,1,0.92879695,0.44832945,-1.0238006,-1.079972,502,-1,0.99836224,1,Buzzer,0,0.9510916238745383,0.9510916238745383,0.025009164152298646,0.023899211973163043
2040684902866411853,2026-04-05 16:13:56+00:00,0,"@RRDelusi Perlu diluruskan, rating IGRS di Steam sekarang masih tahap awal (self-declare), jadi belum final. Tujuannya buat melindungi pemain muda dan menata ekosistem game. Wajar kalau di awal masih ada yang perlu disesuaikan",2040825274212995494,,RRDelusi,in,,0,0,0,https://x.com/NganjukSun23590/status/2040825274212995494,1949393136725442560,NganjukSun23590,34,id,keep_id_anchor,False,perlu diluruskan rating igrs di steam sekarang masih tahap awal self declare jadi belum final tujuannya buat melindungi pemain muda dan menata ekosistem game wajar kalau di awal masih ada yang perlu disesuaikan,[],0,1,210,33,0,0,1,0.8445,0.0295,4,0.8,3.8466666666666667,116,4.0,0.0,0.0,0.0,1,1,0.9782401,0.4604583,-1.2263657,-0.7161109,503,-1,0.9970462,1,Buzzer,1,0.9574987420949781,0.021635630093171567,0.9574987420949781,0.020865627811850338
2040684902866411853,2026-04-05 16:13:55+00:00,0,"@RRDelusi Gemini berkata Rating IGRS di Steam masih data awal/self-declare, belum final. Wajar ada penyesuaian demi ekosistem game sehat &amp; lindungi pemain muda. 
Yuk kawal! 🎮✨",2040825267145556139,,RRDelusi,in,,0,0,0,https://x.com/dh74169970/status/2040825267145556139,1758767777320689664,dh74169970,27,id,keep_id_anchor,False,gemini berkata rating igrs di steam masih data awal self declare belum final wajar ada penyesuaian demi ekosistem game sehat lindungi pemain muda yuk kawal,[],0,1,155,25,0,0,1,0.6311,0.0283,3,1.0,3.846388888888889,116,3.0,0.0,0.0,0.0,1,1,0.88042766,0.4410873,-0.93204063,-0.53112906,504,-1,0.9955857,1,Buzzer,0,0.9238069878971068,0.9238069878971068,0.039101150458846594,0.0370918616440466
2040684902866411853,2026-04-05 16:13:02+00:00,0,"@RRDelusi Sedikit meluruskan ya, yg muncul di Steam soal rating IGRS itu banyak yg masih tahap awal/self-declare dr developer, jd blm semuanya final. Tujuan utamanya buat perlindungan pemain muda &amp; penataan ekosistem game, jd wajar kalo di fase awal masih ada yg perlu disempurnakan bareng²",2040825046198030725,,RRDelusi,in,,0,0,0,https://x.com/dvrtlngi/status/2040825046198030725,1597430218230497280,dvrtlngi,47,id,keep_id_anchor,False,sedikit meluruskan ya yang muncul di steam soal rating igrs itu banyak yang masih tahap awal self declare dari developer jd belum semuanya final tujuan utamanya buat perlindungan pemain muda penataan ekosistem game jd wajar kalau di fase awal masih ada yang perlu disempurnakan bareng,[],0,1,284,45,0,0,1,0.4964,0.0243,4,1.0,3.6775,116,3.0,0.0,0.0,0.0,1,1,0.9334223,0.4506286,-0.8805559,-0.82493293,506,-1,0.99747497,1,Buzzer,1,0.9442550740546418,0.027908468816036074,0.9442550740546418,0.027836457129321965
2040684902866411853,2026-04-05 16:13:02+00:00,0,@RRDelusi Kalo menurut saya sih rating IGRS di Steam sekarang banyak yang masih data jadi masih belum sepenuhnya valid..,2040825046080667658,,RRDelusi,in,,0,0,0,https://x.com/SidikHamdani96/status/2040825046080667658,1699734556553932800,SidikHamdani96,19,id,keep_id_anchor,False,kalau menurut saya sih rating igrs di steam sekarang banyak yang masih data jadi masih belum sepenuhnya valid,[],0,1,109,18,0,0,1,1.0,0.0199,3,1.0,3.661111111111111,116,2.0,0.0,0.0,0.0,1,1,0.9999999,0.40938222,-1.2421439,-0.1605062,507,-1,0.96837693,1,Buzzer,0,0.8886774705163704,0.8886774705163704,0.05564374464121233,0.055678784842417325
2040640511946686843,2026-04-05 16:12:43+00:00,0,@kukuhya mungkin masih banyak kejanggalan Rating IGRS yg terlihat di Steam...itu karna masih banyak data awal dan belum final hingga masih banyak yg harus disesuaikan..intinya kan utk melindungi pemain muda dan menata ekosistem game....semuanya butuh proses,2040824968381108471,,kukuhya,in,,0,2,0,https://x.com/mintozaki75/status/2040824968381108471,1761381895903059968,mintozaki75,39,id,keep_id_anchor,False,mungkin masih banyak kejanggalan rating igrs yang terlihat di steam itu karna masih banyak data awal dan belum final hingga masih banyak yang harus disesuaikan intinya kan untuk melindungi pemain muda dan menata ekosistem game semuanya butuh proses,[],0,1,248,38,0,2,0,0.5285,0.028,3,1.0,3.826388888888889,116,2.0,0.0,0.0,0.0,1,1,0.9079288,0.45667267,-0.99388826,-0.9569872,508,-1,0.9946485,1,Buzzer,1,0.9136298329815902,0.04385144168435397,0.9136298329815902,0.04251872533405589
2040684902866411853,2026-04-05 16:12:22+00:00,0,"@RRDelusi Perlu diingat, rating IGRS di Steam yang sekarang banyak masih tahap awal/self-declare dari developer, jadi belum final. Tujuannya juga bagus kok, buat lindungi pemain muda dan benahin ekosistem game, jadi wajar kalau di awal masih ada yang perlu disesuaikan.",2040824879990354316,,RRDelusi,in,,0,0,0,https://x.com/PutriRahma32820/status/2040824879990354316,1908370125050568704,PutriRahma32820,42,id,keep_id_anchor,False,perlu diingat rating igrs di steam yang sekarang banyak masih tahap awal self declare dari developer jadi belum final tujuannya juga bagus kok buat lindungi pemain muda dan benahin ekosistem game jadi wajar kalau di awal masih ada yang perlu disesuaikan,[],0,1,253,41,0,0,1,0.6709,0.0297,5,0.8333333333333334,3.6463888888888887,116,5.0,0.0,0.0,0.0,1,1,0.942474,0.4491329,-1.2630091,-0.77911365,509,-1,0.99871576,1,Buzzer,1,0.9483621652000858,0.02595205541177063,0.9483621652000858,0.025685779388143627
2040684902866411853,2026-04-05 16:12:16+00:00,0,"@RRDelusi Rating IGRS yang kelihatan di Steam itu banyak yang masih data awal/selfdeclare, belum final. Wajar kalau sekarang ada yang belum pas, lagi proses disesuaikan dulu.",2040824855063564392,,RRDelusi,in,,0,1,0,https://x.com/noviarguna72100/status/2040824855063564392,2004965320587706370,noviarguna72100,27,id,keep_id_anchor,False,rating igrs yang kelihatan di steam itu banyak yang masih data awal self declare belum final wajar kalau sekarang ada yang belum pas lagi proses disesuaikan dulu,[],0,1,161,27,0,1,1,0.9288,0.029,6,0.6666666666666666,3.2152777777777777,116,7.0,0.0,0.0,0.0,1,1,0.9815091,0.40797493,-1.2523075,-0.15565738,511,-1,0.9977189,1,Buzzer,0,0.9382193109947153,0.9382193109947153,0.030961310727286154,0.030819378277998355
2040684902866411853,2026-04-05 16:12:12+00:00,0,"@RRDelusi Sedikit meluruskan ya, rating IGRS yang sekarang terlihat di Steam masih banyak yang sifatnya data awal dari self-declare, jadi belum final. Wajar kalau di fase awal masih ada yang perlu disesuaikan sambil sistemnya dirapikan bersama.",2040824837040665066,,RRDelusi,in,,0,0,0,https://x.com/JancokAsu893230/status/2040824837040665066,1793661894408155136,JancokAsu893230,37,id,keep_id_anchor,False,sedikit meluruskan ya rating igrs yang sekarang terlihat di steam masih banyak yang sifatnya data awal dari self declare jadi belum final wajar kalau di fase awal masih ada yang perlu disesuaikan sambil sistemnya dirapikan bersama,[],0,1,230,36,0,0,1,0.5635,0.0267,5,0.8333333333333334,3.366388888888889,116,5.0,0.0,0.0,0.0,1,1,0.9444276,0.41344514,-1.0891143,-0.2076517,512,-1,0.9987393,1,Buzzer,0,0.5500550987538113,0.5500550987538113,0.4127763130013992,0.03716858824478946
2040684902866411853,2026-04-05 16:12:03+00:00,0,"@RRDelusi Sedikit meluruskan ya, rating IGRS yang tampil di Steam itu banyak yang masih tahap awal/self declare dari developer, jadi belum final. Memang lagi proses penyesuaian, wajar kalau masih ada yang belum pas.",2040824799723930021,,RRDelusi,in,,0,0,0,https://x.com/AlinGibroez/status/2040824799723930021,1768240865703800832,AlinGibroez,34,id,keep_id_anchor,False,sedikit meluruskan ya rating igrs yang tampil di steam itu banyak yang masih tahap awal self declare dari developer jadi belum final memang lagi proses penyesuaian wajar kalau masih ada yang belum pas,[],0,1,200,33,0,0,1,1.0,0.0284,5,0.8333333333333334,3.2808333333333333,116,5.0,0.0,0.0,0.1,1,1,1.0,0.4121436,-1.0783886,-0.2806063,515,-1,0.9935887,1,Buzzer,1,0.9554963293083859,0.02224572446961696,0.9554963293083859,0.022257946221997258
2040684902866411853,2026-04-05 16:11:57+00:00,0,"@RRDelusi Sebagian rating IGRS di Steam saat ini masih bersifat sementara karena diisi sendiri dulu oleh developer. Ini memang proses awal, dan tujuannya jelas buat perlindungan pemain muda, jadi kalau masih ada yang belum pas, itu hal yang wajar dan bisa diperbaiki bareng.",2040824776021975507,,RRDelusi,in,,0,1,0,https://x.com/Adiety333/status/2040824776021975507,1202870884165242880,Adiety333,43,id,keep_id_anchor,False,sebagian rating igrs di steam saat ini masih bersifat sementara karena diisi sendiri dulu oleh developer ini memang proses awal dan tujuannya jelas buat perlindungan pemain muda jadi kalau masih ada yang belum pas itu hal yang wajar dan bisa diperbaiki bareng,[],0,1,259,42,0,1,1,0.5017,0.0218,5,0.8333333333333334,3.651666666666667,116,5.0,0.0,0.0,0.0,1,1,0.9120573,0.415508,-1.3180962,-0.28630486,516,-1,0.99815196,1,Buzzer,1,0.8659677469991665,0.06720203350735354,0.8659677469991665,0.06683021949347996
2040684902866411853,2026-04-05 16:11:43+00:00,0,"@RRDelusi Rating IGRS di Steam itu masih self-assessment (data awal), jadi belum hasil akhir. Sekarang lagi proses review dan penyesuaian secara bertahap supaya sesuai sama isinya. Mohon maklum kalau sekarang masih banyak yang belum tepat.",2040824717498806396,,RRDelusi,in,,0,0,0,https://x.com/Alvaro734877/status/2040824717498806396,1959905943480877056,Alvaro734877,36,id,keep_id_anchor,False,rating igrs di steam itu masih self assessment data awal jadi belum hasil akhir sekarang lagi proses review dan penyesuaian secara bertahap supaya sesuai sama isinya mohon maklum kalau sekarang masih banyak yang belum tepat,[],0,1,223,35,0,0,1,0.4896,0.0251,4,1.0,3.7683333333333335,116,4.0,0.0,0.0,0.0,1,1,0.8747734,0.339385,-1.5261637,-0.04817461,519,-1,0.9663271,1,Buzzer,1,0.7627485575102252,0.12556427239426526,0.7627485575102252,0.1116871700955096
2040684902866411853,2026-04-05 16:11:40+00:00,0,"@RRDelusi Supaya nggak simpang siur, ini tersedia siaran pers resmi tentang IGRS dan sistem rating di Steam",2040824703066255600,,RRDelusi,in,,0,0,0,https://x.com/Deewwiiiii/status/2040824703066255600,1171267827736571904,Deewwiiiii,17,id,keep_id_anchor,False,supaya tidak simpang siur ini tersedia siaran pers resmi tentang igrs dan sistem rating di steam,[],0,1,96,16,0,0,1,0.5522,0.0282,7,0.7,3.183611111111111,116,9.0,0.0,0.0,0.027777777777777776,1,1,0.8181304,0.3780589,-0.8263547,0.13631149,520,-1,0.98350567,1,Buzzer,2,0.8330830809436324,0.08345431683615885,0.08346260222020882,0.8330830809436324
2040684902866411853,2026-04-05 16:11:27+00:00,0,"@RRDelusi Kalau dilihat sekarang, rating IGRS di Steam itu masih banyak yang sifatnya self-declare dari developer, jadi belum final sepenuhnya. Memang masih fase penyesuaian",2040824647785333123,,RRDelusi,in,,0,0,0,https://x.com/indahsarii54648/status/2040824647785333123,2014319527950188544,indahsarii54648,25,id,keep_id_anchor,False,kalau dilihat sekarang rating igrs di steam itu masih banyak yang sifatnya self declare dari developer jadi belum final sepenuhnya memang masih fase penyesuaian,[],0,1,160,24,0,0,1,0.5148,0.0255,3,0.75,3.257222222222222,116,3.0,0.0,0.0,0.0,1,1,0.94541967,0.38937876,-1.2533772,-0.14763527,521,-1,0.99772435,1,Buzzer,1,0.903523751848467,0.047879235515800096,0.903523751848467,0.04859701263573299
2040684902866411853,2026-04-05 16:10:59+00:00,0,"@RRDelusi Kalau ngikutin infonya, IGRS di Steam sekarang masih dalam tahap awal implementasi, jadi datanya belum sepenuhnya final. Banyak yang masih deklarasi awal dari developer. Tujuan besarnya kan buat sistem rating yang lebih jelas dan aman buat semua umur.",2040824532404166816,,RRDelusi,in,,0,1,0,https://x.com/Giskaelvina/status/2040824532404166816,1741124901568991232,Giskaelvina,39,id,keep_id_anchor,False,kalau ngikutin infonya igrs di steam sekarang masih dalam tahap awal implementasi jadi datanya belum sepenuhnya final banyak yang masih deklarasi awal dari developer tujuan besarnya kan buat sistem rating yang lebih jelas dan aman buat semua umur,[],0,1,246,38,0,1,1,0.7113,0.0222,2,0.6666666666666666,3.551388888888889,116,2.0,0.0,0.0,0.0,1,1,0.96593696,0.37300536,-1.3128026,-0.16149941,524,-1,0.9898594,1,Buzzer,0,0.8885511989062015,0.8885511989062015,0.05569706085942986,0.05575174023436862
2040640511946686843,2026-04-05 16:10:30+00:00,0,"@kukuhya Kalau lagi ngikutin isu IGRS &amp; rating gim di Steam, mungkin bisa lihat dulu rilis resminya sebagai bahan pertimbangan",2040824410890977324,,kukuhya,in,,0,2,0,https://x.com/Deewwiiiii/status/2040824410890977324,1171267827736571904,Deewwiiiii,20,id,keep_id_anchor,False,kalau lagi ngikutin isu igrs rating game di steam mungkin bisa lihat dulu rilis resminya sebagai bahan pertimbangan,[],0,1,115,18,0,2,0,0.5108,0.0087,7,0.7,3.183611111111111,116,9.0,0.0,0.0,0.027777777777777776,1,1,0.9251292,0.46994045,-1.488654,-0.2398208,525,-1,0.9678955,1,Buzzer,0,0.6661866385017476,0.6661866385017476,0.16684098177023152,0.16697237972802081
2040824268280541251,2026-04-05 16:09:56+00:00,0,"https://t.co/QqDiuUT0d3

Kalo menurut saya sih rating IGRS di Steam sekarang banyak yang masih data jadi masih belum sepenuhnya valid..",2040824268280541251,,,in,,0,0,0,https://x.com/SidikHamdani96/status/2040824268280541251,1699734556553932800,SidikHamdani96,22,id,keep_id_anchor,False,kalau menurut saya sih rating igrs di steam sekarang banyak yang masih data jadi masih belum sepenuhnya valid,[],0,0,109,18,0,0,1,1.0,0.0199,3,1.0,3.661111111111111,116,2.0,0.0,0.0,0.0,1,1,0.9999999,0.40938222,-1.2421439,-0.1605062,527,-1,0.96837693,1,Buzzer,0,0.8886774705163704,0.8886774705163704,0.05564374464121233,0.055678784842417325
2040640511946686843,2026-04-05 16:09:14+00:00,0,"@kukuhya Sedikit meluruskan, rating IGRS yang muncul di Steam sekarang kebanyakan data awal/self-declare, jadi memang belum final. Lagi proses penyesuaian kok, wajar kalau ada yang terasa nggak pas sekarang. Nanti akan disesuaikan lagi sama verifikasi resmi.",2040824090123174204,,kukuhya,in,,0,2,0,https://x.com/Alvaro734877/status/2040824090123174204,1959905943480877056,Alvaro734877,38,id,keep_id_anchor,False,sedikit meluruskan rating igrs yang muncul di steam sekarang kebanyakan data awal self declare jadi memang belum final lagi proses penyesuaian kok wajar kalau ada yang terasa tidak pas sekarang nanti akan disesuaikan lagi sama verifikasi resmi,[],0,1,243,37,0,2,0,0.5095,0.0294,4,1.0,3.7683333333333335,116,4.0,0.0,0.0,0.0,1,1,0.92844427,0.380528,-0.9894391,-0.27895564,528,-1,0.9966079,1,Buzzer,1,0.756770369264146,0.20146540538708674,0.756770369264146,0.04176422534876724
2040640511946686843,2026-04-05 16:08:05+00:00,0,"@kukuhya Sedikit klarifikasi, rating IGRS di Steam itu banyak yang masih self-declare, jadi belum final. Wajar kalau masih ada yang belum pas. Ini lagi fase penyesuaian, tujuannya buat perlindungan pemain muda dan penataan ekosistem. Kalau ada yang janggal, kemungkinan masih perbaikan",2040823801127293001,,kukuhya,in,,0,5,0,https://x.com/rpramestaa12/status/2040823801127293001,227248005,rpramestaa12,42,id,keep_id_anchor,False,sedikit klarifikasi rating igrs di steam itu banyak yang masih self declare jadi belum final wajar kalau masih ada yang belum pas ini lagi fase penyesuaian tujuannya buat perlindungan pemain muda dan penataan ekosistem kalau ada yang janggal kemungkinan masih perbaikan,[],0,1,269,41,0,5,0,0.6416,0.0307,4,0.6666666666666666,3.430277777777778,116,5.0,0.0,0.0,0.0,1,1,0.9251847,0.4276417,-0.7225576,-0.70443267,532,-1,0.99858284,1,Buzzer,1,0.627120255608164,0.3489992543503659,0.627120255608164,0.023880490041469984
2040823267393777766,2026-04-05 16:05:58+00:00,0,"Agar mendapatkan gambaran yang lebih utuh mengenai regulasi IGRS dan kebijakan rating gim di Steam, silakan simak poin-poin dalam siaran pers resmi Kemkomdigi berikut ini sebagai referensi sebelum berdiskusi lebih lanjut
https://t.co/7N3XKKKoPz",2040823267393777766,,,in,,0,0,0,https://x.com/ikaikuikok/status/2040823267393777766,620724276,ikaikuikok,36,id,keep_id_anchor,False,agar mendapatkan gambaran yang lebih utuh mengenai regulasi igrs dan kebijakan rating game di steam silakan simak poin poin dalam siaran pers resmi kemkomdigi berikut ini sebagai referensi sebelum berdiskusi lebih lanjut,[],0,0,220,32,0,0,1,0.3946,0.0139,2,0.6666666666666666,3.713888888888889,116,2.0,0.0,0.0,0.0,1,1,0.88035274,0.44776994,-0.80459106,-0.16873333,539,-1,0.9731414,1,Buzzer,2,0.8664045729106671,0.0668130724786616,0.06678235461067135,0.8664045729106671
2040640511946686843,2026-04-05 16:05:57+00:00,0,"@kukuhya Aku mau sedikit klarifikasi, rating IGRS yang kelihatan di Steam itu banyak yang masih data awal/selfdeclare, belum final. Sekarang belum ada yang betul-betul pas di Sistem Rating Game di Indonesia sekarang. IGRS dibuat untuk mewadahi semua game yang beredar di Indonesia sekarang",2040823263258186207,,kukuhya,in,,0,5,0,https://x.com/andybalala19/status/2040823263258186207,1399951844000997378,andybalala19,45,id,keep_id_anchor,False,aku mau sedikit klarifikasi rating igrs yang kelihatan di steam itu banyak yang masih data awal self declare belum final sekarang belum ada yang betul betul pas di sistem rating game di indonesia sekarang igrs dibuat untuk mewadahi semua game yang beredar di indonesia sekarang,[],0,1,277,45,0,5,0,0.6913,0.0341,4,0.6666666666666666,3.713611111111111,116,5.0,0.0,0.0,0.0,1,1,0.8816502,0.42301455,-1.4328494,0.23845337,540,-1,0.9962483,1,Buzzer,0,0.7955163865983188,0.7955163865983188,0.043209520969887893,0.1612740924317934
2040640511946686843,2026-04-05 16:03:55+00:00,0,"@kukuhya Sedikit klarifikasi, rating IGRS yang kelihatan di Steam itu banyak yang masih data awal/selfdeclare, belum final. Wajar kalau sekarang ada yang belum pas, lagi proses disesuaikan dulu.",2040822750768681075,,kukuhya,in,,0,2,0,https://x.com/noviarguna72100/status/2040822750768681075,2004965320587706370,noviarguna72100,29,id,keep_id_anchor,False,sedikit klarifikasi rating igrs yang kelihatan di steam itu banyak yang masih data awal self declare belum final wajar kalau sekarang ada yang belum pas lagi proses disesuaikan dulu,[],0,1,181,29,0,2,0,0.9288,0.0283,6,0.6666666666666666,3.2152777777777777,116,7.0,0.0,0.0,0.0,1,1,0.9815091,0.4045054,-1.0639479,-0.27361706,542,-1,0.997769,1,Buzzer,0,0.9434611538817067,0.9434611538817067,0.02832830491363444,0.028210541204658872
2040822737284083780,2026-04-05 16:03:51+00:00,0,"Ini penjelasan resmi terkait IGRS dan sistem rating gim di Steam, mungkin bisa dibaca dulu biar gambaran lebih utuh sebelum menilai :
https://t.co/9dD0sNzUdw",2040822737284083780,,,in,,0,0,0,https://x.com/PutriRahma32820/status/2040822737284083780,1908370125050568704,PutriRahma32820,25,id,keep_id_anchor,False,ini penjelasan resmi terkait igrs dan sistem rating game di steam mungkin bisa dibaca dulu biar gambaran lebih utuh sebelum menilai,[],0,0,131,21,0,0,1,0.5962,0.0158,5,0.8333333333333334,3.6463888888888887,116,5.0,0.0,0.0,0.0,1,1,0.9510437,0.45645085,-1.3712778,-0.17658837,543,-1,0.9990345,1,Buzzer,2,0.9155946704938238,0.04268931105121249,0.04171601845496369,0.9155946704938238
2040822717910601987,2026-04-05 16:03:47+00:00,0,"Lagi ramai bahas IGRS &amp; rating gim di Steam, ini ada rilis resmi yang jelasin konteksnya. Mungkin bisa dibaca dulu biar dapat gambaran utuh sebelum lanjut diskusi:

https://t.co/Bhm3pN6VAk",2040822717910601987,,,in,,0,0,0,https://x.com/dvrtlngi/status/2040822717910601987,1597430218230497280,dvrtlngi,31,id,keep_id_anchor,False,lagi ramai bahas igrs rating game di steam ini ada rilis resmi yang jelasin konteksnya mungkin bisa dibaca dulu biar dapat gambaran utuh sebelum lanjut diskusi,[],0,0,159,26,0,0,1,0.5926,0.0122,4,1.0,3.6775,116,3.0,0.0,0.0,0.0,1,1,0.9381759,0.4445744,-1.3974886,0.14097963,544,-1,0.9984584,1,Buzzer,0,0.9126649679708959,0.9126649679708959,0.041802637198522646,0.045532394830581455
2040640511946686843,2026-04-05 16:03:35+00:00,1,"@kukuhya Coba bantu luruskan ya, sebenarnya rating IGRS yang muncul di Steam itu mayoritas masih bersifat self-declare atau data awal saja, jadi memang belum hasil final. Kita perlu maklum karena ini masih tahap transisi agar ekosistem gim kita lebih tertata dan pemain di bawah umur aman.",2040822668820402334,,kukuhya,in,,0,7,0,https://x.com/carapaklek/status/2040822668820402334,230755427,carapaklek,47,id,keep_id_anchor,False,coba bantu luruskan ya sebenarnya rating igrs yang muncul di steam itu mayoritas masih bersifat self declare atau data awal saja jadi memang belum hasil final kita perlu maklum karena ini masih tahap transisi agar ekosistem game kita lebih tertata dan pemain di bawah umur aman,[],0,1,277,46,0,8,0,0.4896,0.0257,7,0.7777777777777778,3.303611111111111,116,8.0,0.0,0.0,0.0,1,1,0.92983675,0.46852142,-1.2051119,-0.75653756,545,-1,0.9975866,1,Buzzer,0,0.902940791912876,0.902940791912876,0.04918310907771729,0.047876099009406585
2040822576076005856,2026-04-05 16:03:13+00:00,0,"Sudah ada siaran pers resminya soal IGRS &amp; rating gim di Steam, ada baiknya cek dulu supaya informasinya lebih lengkap:
https://t.co/fyQ8yxJm10",2040822576076005856,,,in,,0,1,0,https://x.com/Adiety333/status/2040822576076005856,1202870884165242880,Adiety333,24,id,keep_id_anchor,False,sudah ada siaran pers resminya soal igrs rating game di steam ada baiknya cek dulu supaya informasinya lebih lengkap,[],0,0,116,19,0,1,1,0.5131,0.0139,5,0.8333333333333334,3.651666666666667,116,5.0,0.0,0.0,0.0,1,1,0.93348926,0.43163207,-1.2516814,0.092292905,546,-1,0.9965624,1,Buzzer,0,0.7364867293029256,0.7364867293029256,0.11150760677725823,0.15200566391981613
2040640511946686843,2026-04-05 16:02:48+00:00,0,@kukuhya Kalo menurut saya sih rating IGRS di Steam sekarang banyak yang masih data jadi masih belum sepenuhnya valid..,2040822471704850776,,kukuhya,in,,0,1,0,https://x.com/SidikHamdani96/status/2040822471704850776,1699734556553932800,SidikHamdani96,19,id,keep_id_anchor,False,kalau menurut saya sih rating igrs di steam sekarang banyak yang masih data jadi masih belum sepenuhnya valid,[],0,1,109,18,0,1,1,1.0,0.0199,3,1.0,3.661111111111111,116,2.0,0.0,0.0,0.0,1,1,0.9999999,0.40938222,-1.2421439,-0.1605062,548,-1,0.96837693,1,Buzzer,0,0.8886774705163704,0.8886774705163704,0.05564374464121233,0.055678784842417325
2040640511946686843,2026-04-05 16:02:33+00:00,0,"@kukuhya Sedikit info, rating IGRS yang muncul saat ini masih banyak yang berasal dari deklarasi awal dan masih terus disesuaikan. Namanya juga fase transisi sistem, jadi wajar kalau masih ada yang perlu diperjelas sambil tetap fokus ke perlindungan pemain muda.",2040822409557934415,,kukuhya,in,,0,4,0,https://x.com/JancokAsu893230/status/2040822409557934415,1793661894408155136,JancokAsu893230,40,id,keep_id_anchor,False,sedikit info rating igrs yang muncul saat ini masih banyak yang berasal dari deklarasi awal dan masih terus disesuaikan namanya juga fase transisi sistem jadi wajar kalau masih ada yang perlu diperjelas sambil tetap fokus ke perlindungan pemain muda,[],0,1,249,39,0,4,0,0.4343,0.0242,5,0.8333333333333334,3.366388888888889,116,5.0,0.0,0.0,0.0,1,1,0.92080414,0.40777215,-1.2751744,-0.22214383,549,-1,0.99836904,1,Buzzer,1,0.7646493408489581,0.12401527506723387,0.7646493408489581,0.11133538408380812
2040640511946686843,2026-04-05 16:02:14+00:00,0,"@kukuhya Sekadar klarifikasi, rating IGRS di Steam sekarang masih banyak yang self-declare dan belum final. Wajar kalau belum rapi, ini masih tahap penyesuaian demi perlindungan pemain muda.",2040822329232785870,,kukuhya,in,,0,1,0,https://x.com/Adiety333/status/2040822329232785870,1202870884165242880,Adiety333,28,id,keep_id_anchor,False,sekadar klarifikasi rating igrs di steam sekarang masih banyak yang self declare dan belum final wajar kalau belum rapi ini masih tahap penyesuaian demi perlindungan pemain muda,[],0,1,177,27,0,1,1,0.624,0.0306,5,0.8333333333333334,3.651666666666667,116,5.0,0.0,0.0,0.0,1,1,0.9271908,0.4531123,-0.81094164,-0.62007904,551,-1,0.99880755,1,Buzzer,0,0.9431127723820762,0.9431127723820762,0.031158028529350422,0.02572919908857325
2040640511946686843,2026-04-05 16:02:10+00:00,0,"@kukuhya Buat yang lagi mengikuti isu IGRS dan rating gim di Steam, sudah ada penjelasan resminya yang bisa dijadikan referensi. Coba cek dulu sebelum ambil kesimpulan",2040822312149324220,,kukuhya,in,,0,1,0,https://x.com/asep2b/status/2040822312149324220,1807589868232687616,asep2b,26,id,keep_id_anchor,False,buat yang lagi mengikuti isu igrs dan rating game di steam sudah ada penjelasan resminya yang bisa dijadikan referensi coba cek dulu sebelum ambil kesimpulan,[],0,1,157,25,0,1,1,0.4645,0.0116,1,0.5,3.4166666666666665,116,1.0,0.0,0.0,0.0,1,0,0.9343042,0.44282,-1.1117513,-0.55227935,553,-1,0.9933723,1,Buzzer,0,0.8631227960179881,0.8631227960179881,0.06676763402233378,0.0701095699596781
2040640511946686843,2026-04-05 16:01:55+00:00,0,"@kukuhya Yang muncul di Steam saat ini masih data awal IGRS, jadi belum sepenuhnya akurat. Lagi proses penyesuaian, tujuannya biar sistem rating ke depan lebih jelas dan melindungi pemain.",2040822247821283713,,kukuhya,in,,0,4,0,https://x.com/PutriRahma32820/status/2040822247821283713,1908370125050568704,PutriRahma32820,29,id,keep_id_anchor,False,yang muncul di steam saat ini masih data awal igrs jadi belum sepenuhnya akurat lagi proses penyesuaian tujuannya biar sistem rating ke depan lebih jelas dan melindungi pemain,[],0,1,175,28,0,4,0,0.3723,0.0243,5,0.8333333333333334,3.6463888888888887,116,5.0,0.0,0.0,0.0,1,1,0.8733833,0.42122117,-1.2107731,-0.47142994,554,-1,0.9950138,1,Buzzer,2,0.882354747032777,0.05895382027399506,0.05869143269322795,0.882354747032777
2040640511946686843,2026-04-05 16:01:32+00:00,0,"@kukuhya Sedikit meluruskan ya, rating IGRS yang sekarang muncul di Steam banyak yang masih berbasis data awal dari self-declare, jadi belum bisa dianggap final. Di tahap awal seperti ini wajar kalau masih ada yang perlu dirapikan sambil menyesuaikan sistem dan masukan dari pengguna.",2040822151633330673,,kukuhya,in,,0,1,0,https://x.com/MRidhonew16179/status/2040822151633330673,1923899742062510083,MRidhonew16179,44,id,keep_id_anchor,False,sedikit meluruskan ya rating igrs yang sekarang muncul di steam banyak yang masih berbasis data awal dari self declare jadi belum bisa dianggap final di tahap awal seperti ini wajar kalau masih ada yang perlu dirapikan sambil menyesuaikan sistem dan masukan dari pengguna,[],0,1,271,43,0,1,1,0.507,0.0257,4,0.8,3.336388888888889,116,4.0,0.0,0.0,0.0,1,1,0.93041205,0.4161139,-0.9847501,-0.20399481,556,-1,0.9981184,1,Buzzer,0,0.8999860436977126,0.8999860436977126,0.05224175491570207,0.0477722013865854
2040640511946686843,2026-04-05 16:01:30+00:00,0,"@kukuhya Perlu diingat, rating IGRS di Steam sekarang itu belum semuanya hasil verifikasi akhir, masih banyak yang data awal. Sistemnya juga baru jalan, jadi wajar kalau masih ada yang perlu dibenahi.",2040822143051764043,,kukuhya,in,,0,1,0,https://x.com/AlinGibroez/status/2040822143051764043,1768240865703800832,AlinGibroez,31,id,keep_id_anchor,False,perlu diingat rating igrs di steam sekarang itu belum semuanya hasil verifikasi akhir masih banyak yang data awal sistemnya juga baru jalan jadi wajar kalau masih ada yang perlu dibenahi,[],0,1,186,30,0,1,1,0.3659,0.0225,5,0.8333333333333334,3.2808333333333333,116,5.0,0.0,0.0,0.1,1,1,0.8989959,0.41587287,-0.9683919,-0.2959712,557,-1,0.9927141,1,Buzzer,0,0.3333333333333333,0.3333333333333333,0.3333333333333333,0.3333333333333333
2040640511946686843,2026-04-05 16:01:04+00:00,0,"@kukuhya Untuk yang mengikuti isu IGRS &amp; rating gim di Steam, sudah ada penjelasan resmi yang bisa jadi acuan. Silakan cek dulu sebelum menarik kesimpulan.",2040822036243861890,,kukuhya,in,,0,2,0,https://x.com/Giskaelvina/status/2040822036243861890,1741124901568991232,Giskaelvina,25,id,keep_id_anchor,False,untuk yang mengikuti isu igrs rating game di steam sudah ada penjelasan resmi yang bisa jadi acuan silakan cek dulu sebelum menarik kesimpulan,[],0,1,142,23,0,2,0,1.0,0.0123,2,0.6666666666666666,3.551388888888889,116,2.0,0.0,0.0,0.0,1,1,0.9999999,0.47962722,-1.1682829,-0.4077949,558,-1,0.96487945,1,Buzzer,0,0.9387148476152422,0.9387148476152422,0.03036259348938966,0.030922558895368102
2040820816536011229,2026-04-05 15:56:13+00:00,0,"Untuk yang mengikuti isu IGRS &amp; rating gim di Steam, sudah ada penjelasan resmi yang bisa jadi acuan. Silakan cek dulu sebelum menarik kesimpulan
https://t.co/9hljlSwxT7",2040820816536011229,,,in,,0,0,0,https://x.com/Giskaelvina/status/2040820816536011229,1741124901568991232,Giskaelvina,28,id,keep_id_anchor,False,untuk yang mengikuti isu igrs rating game di steam sudah ada penjelasan resmi yang bisa jadi acuan silakan cek dulu sebelum menarik kesimpulan,[],0,0,142,23,0,0,1,1.0,0.0123,2,0.6666666666666666,3.551388888888889,105,2.0,0.0,0.0,0.0,1,1,0.9999999,0.47962722,-1.1682829,-0.4077949,570,-1,0.96487945,1,Buzzer,0,0.9387148476152422,0.9387148476152422,0.03036259348938966,0.030922558895368102
2040820088388116841,2026-04-05 15:53:20+00:00,0,"Kita harus baca dulu siaran pers resmi nya,sebelum debat soal IGRS kemana2.
Buat yg malas nyari ini link nya saya lampirkan https://t.co/m8dXvwJljb",2040820088388116841,,,in,,0,0,0,https://x.com/Emmeliachr59881/status/2040820088388116841,2018339489492643840,Emmeliachr59881,26,id,keep_id_anchor,False,kita harus baca dulu siaran pers resmi nya sebelum debat soal igrs kemana buat yang malas nyari ini link nya saya lampirkan,[],0,0,123,22,0,0,1,0.6666,0.017,1,0.5,3.5033333333333334,105,1.0,0.0,0.0,0.0,2,0,0.8952223,0.2738254,0.8228661,0.01287535,575,-1,0.886282,1,Buzzer,2,0.4451858077656608,0.44359789791320814,0.11121629432113103,0.4451858077656608
2040818986733232256,2026-04-05 15:48:57+00:00,0,"Isu IGRS &amp; rating gim di Steam lagi jadi perhatian, dan sudah ada penjelasan resmi yang dirilis. Bisa jadi bahan pertimbangan sebelum beropini: https://t.co/Nv6dTHMkBj",2040818986733232256,,,in,,0,0,0,https://x.com/rpramestaa12/status/2040818986733232256,227248005,rpramestaa12,27,id,keep_id_anchor,False,isu igrs rating game di steam lagi jadi perhatian dan sudah ada penjelasan resmi yang dirilis bisa jadi bahan pertimbangan sebelum beropini,[],0,0,139,22,0,0,1,0.568,0.0114,4,0.6666666666666666,3.430277777777778,105,5.0,0.0,0.0,0.0,1,1,0.9351561,0.46591628,-1.4686015,-0.36393812,581,-1,0.99785596,1,Buzzer,0,0.7773661480499253,0.7773661480499253,0.11127285998560417,0.1113609919644706
2040818780423799089,2026-04-05 15:48:08+00:00,0,"Diskusi soal IGRS dan rating gim di Steam lagi ramai, tapi ada baiknya lihat dulu siaran pers resminya biar lebih lengkap. Bisa dibaca di sini:

https://t.co/G2DGxdtOW9",2040818780423799089,,,in,,0,0,0,https://x.com/asep2b/status/2040818780423799089,1807589868232687616,asep2b,29,id,keep_id_anchor,False,diskusi soal igrs dan rating game di steam lagi ramai tapi ada baiknya lihat dulu siaran pers resminya biar lebih lengkap bisa dibaca di sini,[],0,0,141,25,0,0,1,0.5131,0.0171,1,0.5,3.4166666666666665,105,1.0,0.0,0.0,0.0,1,0,0.93381524,0.46105888,-0.92377496,0.059557214,586,-1,0.99528027,1,Buzzer,0,0.825568395653912,0.825568395653912,0.08354574048377046,0.09088586386231748
2040818730746417639,2026-04-05 15:47:56+00:00,0,"Buat yang lagi bahas IGRS &amp; rating gim di Steam, ini ada siaran pers resminya sebagai penjelasan. Bisa dicek dulu sebelum ambil kesimpulan: https://t.co/eDNu36BqBB",2040818730746417639,,,in,,0,0,0,https://x.com/DazzZulia/status/2040818730746417639,1706181116791795712,DazzZulia,27,id,keep_id_anchor,False,buat yang lagi bahas igrs rating game di steam ini ada siaran pers resminya sebagai penjelasan bisa dicek dulu sebelum ambil kesimpulan,[],0,0,135,22,0,0,1,0.783,0.0149,2,0.5,3.4133333333333336,105,3.0,0.0,0.0,0.0,1,1,0.96638745,0.47555715,-1.0511156,-0.19258691,587,-1,0.996088,1,Buzzer,0,0.8664979127296837,0.8664979127296837,0.06674768977426009,0.06675439749605624
2040818579369869345,2026-04-05 15:47:20+00:00,0,"Untuk menghindari debat soal IGRS ngalor-ngidul, sebaiknya  baca dulu siaran pers resminya di sini: [link]’ https://t.co/gVAc7gb8NC",2040818579369869345,https://pbs.twimg.com/media/HFJvrkvbsAEI4pG.jpg,,in,,0,0,0,https://x.com/sbjagal74/status/2040818579369869345,1779033654402105344,sbjagal74,20,id,keep_id_anchor,False,untuk menghindari debat soal igrs ngalor ngidul sebaiknya baca dulu siaran pers resminya di sini link,[],0,0,101,16,0,0,1,0.8281,0.0172,1,1.0,3.4033333333333333,105,0.0,0.0,0.0,0.0,2,1,0.8952223,0.27679834,0.9140842,0.025204465,590,-1,0.8934554,1,Buzzer,0,0.7776272977421064,0.7776272977421064,0.1111699357416345,0.1112027665162592
2040818023381217365,2026-04-05 15:45:07+00:00,0,"Biar informasinya lebih utuh, ada penjelasan resmi soal IGRS dan rating gim di Steam yang bisa dicek dulu sebelum kasih opini lebih jauh nih linknya ya https://t.co/2BdMQlbh4v",2040818023381217365,,,in,,0,0,0,https://x.com/JancokAsu893230/status/2040818023381217365,1793661894408155136,JancokAsu893230,30,id,keep_id_anchor,False,biar informasinya lebih utuh ada penjelasan resmi soal igrs dan rating game di steam yang bisa dicek dulu sebelum kasih opini lebih jauh ini linknya ya,[],0,0,151,26,0,0,1,0.3445,0.0136,5,0.8333333333333334,3.366388888888889,105,5.0,0.0,0.0,0.0,1,1,0.94127953,0.49272063,-0.81669754,-0.1729922,593,-1,0.98764986,1,Buzzer,2,0.833109952453312,0.08343527647354737,0.08345477107314068,0.833109952453312
2040817962387706142,2026-04-05 15:44:53+00:00,0,"Ada baiknya, Sebelum debat soal IGRS ke mana‑mana, mungkin oke baca dulu siaran pers resminya di sini:
https://t.co/A5XPhz2geK",2040817962387706142,,,in,,0,0,0,https://x.com/marufin865168/status/2040817962387706142,1927634483739820032,marufin865168,22,id,keep_id_anchor,False,ada baiknya sebelum debat soal igrs ke mana mana mungkin oke baca dulu siaran pers resminya di sini,[],0,0,99,18,0,0,1,0.9527,0.014,1,1.0,3.3625,105,0.0,0.0,0.0,0.0,2,1,0.9186771,0.29182023,0.3412306,-0.06622352,594,-1,0.9400003,1,Buzzer,0,0.8664449696483161,0.8664449696483161,0.06675726723366938,0.06679776311801451
2040817566969741754,2026-04-05 15:43:19+00:00,0,"Kalau mau lihat penjelasan yang lebih lengkap, siaran pers resmi terkait IGRS &amp; rating gim di Steam bisa dibaca dulu lewat link berikut ya : https://t.co/iSS6BZBiLf",2040817566969741754,,,in,,0,0,0,https://x.com/MRidhonew16179/status/2040817566969741754,1923899742062510083,MRidhonew16179,28,id,keep_id_anchor,False,kalau mau lihat penjelasan yang lebih lengkap siaran pers resmi terkait igrs rating game di steam bisa dibaca dulu lewat link berikut ya,[],0,0,136,23,0,0,1,0.5139,0.0195,4,0.8,3.336388888888889,105,4.0,0.0,0.0,0.0,1,1,0.9652399,0.46222785,-1.0786014,0.14947999,597,-1,0.9970577,1,Buzzer,2,0.9046566153836195,0.047668560762398386,0.04767482385398207,0.9046566153836195
2040817465564057853,2026-04-05 15:42:55+00:00,0,"Buat kalian sebelum debat soal IGRS ke mana‑mana, lebih baik kalian baca dulu siaran pers resminya di sini
https://t.co/iIz1hY4PUb https://t.co/u4H1m3bYOG",2040817465564057853,https://pbs.twimg.com/media/HFJwq2raUAAmggp.jpg,,in,,0,0,0,https://x.com/Reonyree/status/2040817465564057853,1228522727058788352,Reonyree,27,id,keep_id_anchor,False,buat kalian sebelum debat soal igrs ke mana mana lebih baik kalian baca dulu siaran pers resminya di sini,[],0,0,105,19,0,0,1,1.0,0.0157,1,1.0,3.3297222222222222,105,0.0,0.0,0.0,0.0,2,1,0.9517131,0.26788625,0.67457443,0.010301584,600,-1,0.90776056,1,Buzzer,0,0.8330740285965658,0.8330740285965658,0.0834386712767203,0.08348730012671388
2040817222311088128,2026-04-05 15:41:57+00:00,0,Ini merupakan penjelasan/siaran pers resmi terkait IGRS dan sistem rating gim di Steam. Sebaiknya baca atau cek terlebih dahulu informasinya sebelum membentuk opini lebih lanjut : https://t.co/NtGQ7GAEm9,2040817222311088128,,,in,,0,0,0,https://x.com/ayoitsmoy/status/2040817222311088128,1411105269757595652,ayoitsmoy,30,id,keep_id_anchor,False,ini merupakan penjelasan siaran pers resmi terkait igrs dan sistem rating game di steam sebaiknya baca atau cek terlebih dahulu informasinya sebelum membentuk opini lebih lanjut,[],0,0,177,26,0,0,1,0.5668,0.0213,3,0.75,3.3136111111111113,105,3.0,0.0,0.0,0.0,1,1,0.88254845,0.4121449,-1.0094898,-0.36490375,603,-1,0.9959811,1,Buzzer,2,0.9046900633876269,0.04765628968921566,0.047653646923157454,0.9046900633876269
2040817219538731437,2026-04-05 15:41:56+00:00,0,"Boleh dibaca sampe selesai ya guys ini penjelasan/siaran pers resmi tentang IGRS &amp; rating gim di Steam,  baiknya cross check dulu baru komentar ya guys  https://t.co/gEYxyL88H8",2040817219538731437,,,in,,0,0,0,https://x.com/racunserudotcom/status/2040817219538731437,1942393825168875522,racunserudotcom,30,id,keep_id_anchor,False,boleh dibaca sampe selesai ya guys ini penjelasan siaran pers resmi tentang igrs rating game di steam baiknya cross check dulu baru komentar ya guys,[],0,0,148,25,0,0,1,0.5896,0.0157,1,0.5,3.3133333333333335,105,1.0,0.0,0.0,0.0,1,0,0.90726733,0.4711871,-0.48073408,0.20441744,604,-1,0.9966131,1,Buzzer,2,0.8880609731869238,0.056319697997250284,0.05561932881582601,0.8880609731869238
2040817071425298904,2026-04-05 15:41:21+00:00,0,Informasi resmi mengenai regulasi rating gim Steam menurut standar IGRS sudah tersedia di laman Komdigi. Mari kita pahami dulu duduk perkaranya melalui rilis ini supaya diskusi kita tetap berdasar pada data yang valid: https://t.co/VAOLohoF0o,2040817071425298904,,,in,,0,0,0,https://x.com/carapaklek/status/2040817071425298904,230755427,carapaklek,37,id,keep_id_anchor,False,informasi resmi mengenai regulasi rating game steam menurut standar igrs sudah tersedia di laman komdigi mari kita pahami dulu duduk perkaranya melalui rilis ini supaya diskusi kita tetap berdasar pada data yang valid,[],0,0,217,33,0,0,1,0.3149,0.014,7,0.7777777777777778,3.303611111111111,105,8.0,0.0,0.0,0.0,1,1,0.8904904,0.41893077,-1.423943,-0.26100972,605,-1,0.9768053,1,Buzzer,0,0.3333333333333333,0.3333333333333333,0.3333333333333333,0.3333333333333333
2040816951333912987,2026-04-05 15:40:52+00:00,0,"FYI guys! 📰 Ini penjelasan resmi tentang IGRS &amp; rating gim di Steam. Cek dulu sebelum ngomong lebih jauh, ya! 😉 
https://t.co/QiSzj4nCaw
#IGRS
#Steam
#RatingGim",2040816951333912987,,,in,,0,0,0,https://x.com/annisanurf23196/status/2040816951333912987,1628760857743351808,annisanurf23196,26,id,keep_id_anchor,False,fyi guys ini penjelasan resmi tentang igrs rating game di steam cek dulu sebelum ngomong lebih jauh ya igrs steam ratinggim,[],0,0,123,21,0,0,1,0.6626,0.0138,1,1.0,3.2955555555555556,105,0.0,0.0,0.0,0.0,1,0,0.90917313,0.50134265,-0.6426558,-0.1772072,606,-1,0.9903453,1,Buzzer,2,0.8307452562855439,0.08576554163791575,0.08348920207654041,0.8307452562855439
2040816729807626521,2026-04-05 15:39:59+00:00,0,"Lagi ramai soal IGRS &amp; rating gim di Steam, ini ada siaran pers resminya buat jadi referensi awal. Silakan cek dulu sebelum menarik kesimpulan: [link]
https://t.co/8mo08zNuM0",2040816729807626521,,,in,,0,0,0,https://x.com/AlinGibroez/status/2040816729807626521,1768240865703800832,AlinGibroez,29,id,keep_id_anchor,False,lagi ramai soal igrs rating game di steam ini ada siaran pers resminya buat jadi referensi awal silakan cek dulu sebelum menarik kesimpulan link,[],0,0,144,24,0,0,1,0.513,0.0137,5,0.8333333333333334,3.2808333333333333,105,5.0,0.0,0.0,0.1,1,1,0.9480512,0.456417,-1.2211876,0.16169204,610,-1,0.99790895,1,Buzzer,0,0.9164968407414389,0.9164968407414389,0.04173358259380854,0.04176957666475259
2040816371832090652,2026-04-05 15:38:34+00:00,0,"Untuk yang ingin tahu penjelasan resmi terkait IGRS &amp; rating gim di Steam, informasinya sudah dirilis. Bisa dibaca dulu di sini: [https://t.co/MGZVQEnnsP] https://t.co/cVboYfJTxe",2040816371832090652,https://pbs.twimg.com/media/HFJvrItagAA1B1A.jpg,,in,,0,0,0,https://x.com/indahsarii54648/status/2040816371832090652,2014319527950188544,indahsarii54648,29,id,keep_id_anchor,False,untuk yang ingin tahu penjelasan resmi terkait igrs rating game di steam informasinya sudah dirilis bisa dibaca dulu di sini,[],0,0,124,20,0,0,1,0.7025,0.0139,3,0.75,3.257222222222222,105,3.0,0.0,0.0,0.0,1,1,0.93386424,0.45171753,-1.4697195,0.28807673,614,-1,0.99868935,1,Buzzer,2,0.866533732403803,0.06672648782041161,0.06673977977578532,0.866533732403803
2040816155158614167,2026-04-05 15:37:42+00:00,0,"Sebaiknya Sebelum debat soal IGRS tanpa ada acuan, baiknya baca dulu siaran pers resminya di sini
https://t.co/FlsroWPFlk",2040816155158614167,,,in,,0,4,0,https://x.com/tauvik1212/status/2040816155158614167,1901604356807692288,tauvik1212,20,id,keep_id_anchor,False,sebaiknya sebelum debat soal igrs tanpa ada acuan baiknya baca dulu siaran pers resminya di sini,[],0,0,96,16,0,4,0,0.7368,0.0147,1,0.5,3.242777777777778,105,1.0,0.0,0.0,0.0,2,0,0.91637194,0.30361444,0.7127706,0.0040342133,616,-1,0.9126028,1,Buzzer,0,0.7776272977421064,0.7776272977421064,0.1111699357416345,0.1112027665162592
2040815738358055258,2026-04-05 15:36:03+00:00,0,"Inidia rilis resmi IGRS &amp; rating gim di Steam, bisa jadi referensi. Info yang beredar lebih lengkap:
https://t.co/jDqYWk0G15",2040815738358055258,,,in,,0,0,1,https://x.com/noviarguna72100/status/2040815738358055258,2004965320587706370,noviarguna72100,21,id,keep_id_anchor,False,inidia rilis resmi igrs rating game di steam bisa jadi referensi info yang beredar lebih lengkap,[],0,0,96,16,0,1,1,0.5986,0.0093,6,0.6666666666666666,3.2152777777777777,105,7.0,0.0,0.0,0.0,1,1,0.92881066,0.41156128,-1.7952267,0.26801404,624,-1,0.9793515,1,Buzzer,2,0.8622882111665354,0.07085627672349898,0.06685551210996564,0.8622882111665354
2040757110951322044,2026-04-05 15:35:36+00:00,0,"@kurawa Bukan rating resmi tapi ini ada arahan spesifikasi dari komdigi gak bro Kur?

Rating palsu atau arahan yang kurang jelas jadinya pihak steam mengkategorikan rating tersebut jadinya berantakan.

Melanggar hukum rating ini sebelum atau sesudah mengenai IGRS ini?

Kalau sebelum",2040815625443119186,,kurawa,in,,0,0,1,https://x.com/wijayawilliam31/status/2040815625443119186,1467809322813906944,wijayawilliam31,41,id,keep_id_anchor,False,bukan rating resmi tapi ini ada arahan spesifikasi dari komdigi tidak bro kur rating palsu atau arahan yang kurang jelas jadinya pihak steam mengkategorikan rating tersebut jadinya berantakan melanggar hukum rating ini sebelum atau sesudah mengenai igrs ini kalau sebelum,[],0,1,271,40,0,1,1,0.3153,0.0201,1,0.5,3.207777777777778,105,2.0,1.0,0.0,0.0,1,1,0.81526214,0.4032096,-0.78937405,-0.101225235,625,-1,0.85990983,1,Buzzer,0,0.6317112622657753,0.6317112622657753,0.16709424191590636,0.2011944958183184
2040815262203859076,2026-04-05 15:34:09+00:00,4,"Lagi ramai bahas IGRS &amp; rating gim di Steam, ini ada siaran pers resminya buat jadi referensi sebelum ambil kesimpulan. 
https://t.co/uhy793AJLw https://t.co/AkL2JXRYuB",2040815262203859076,https://pbs.twimg.com/media/HFJuqLPaoAApVYp.jpg,,in,,0,1,0,https://x.com/Deewwiiiii/status/2040815262203859076,1171267827736571904,Deewwiiiii,28,id,keep_id_anchor,False,lagi ramai bahas igrs rating game di steam ini ada siaran pers resminya buat jadi referensi sebelum ambil kesimpulan,[],0,0,116,19,0,5,0,0.783,0.0138,7,0.7,3.183611111111111,105,9.0,0.0,0.0,0.027777777777777776,1,1,0.96638745,0.45602477,-1.4073045,-0.08459317,629,-1,0.99752206,1,Buzzer,0,0.9045971023298247,0.9045971023298247,0.04769200576757357,0.04771089190260172
2040815222617997530,2026-04-05 15:34:00+00:00,1,"Biar makin paham duduk perkaranya, yuk simak dulu penjelasan resmi Kemkomdigi terkait aturan IGRS dan rating gim di Steam melalui tautan berikut. Baca selengkapnya sebelum lanjut berdiskusi ya: https://t.co/2MWr4LOoYW",2040815222617997530,,,in,,0,0,0,https://x.com/alwiiihasan/status/2040815222617997530,1115572398,alwiiihasan,32,id,keep_id_anchor,False,biar makin paham duduk perkaranya yuk simak dulu penjelasan resmi kemkomdigi terkait aturan igrs dan rating game di steam melalui tautan berikut baca selengkapnya sebelum lanjut berdiskusi ya,[],0,0,191,28,0,1,1,0.5799,0.0146,1,0.5,3.181111111111111,105,1.0,0.0,0.0,0.0,1,0,0.8543409,0.46185076,-0.12127365,0.0005967804,630,-1,0.8996893,1,Buzzer,0,0.8869124158362343,0.8869124158362343,0.05577955056630158,0.05730803359746408
2040814955398860887,2026-04-05 15:32:56+00:00,0,"Josss bgt dahhh Sebelum debat soal IGRS ke mana‑mana, mungkin oke baca dulu siaran pers resminya di sini yaaaa gaissssss https://t.co/ENTVnEdMkt biarrr jelassss",2040814955398860887,,,in,,0,0,0,https://x.com/Ryand2727/status/2040814955398860887,4855877484,Ryand2727,27,id,keep_id_anchor,False,josss banget dahhh sebelum debat soal igrs ke mana mana mungkin oke baca dulu siaran pers resminya di sini yaaaa gaissssss biarrr jelassss,[],0,0,138,23,0,0,1,0.9539,0.0139,1,1.0,3.1633333333333336,105,0.0,0.0,0.0,0.0,2,1,0.9098203,0.35169277,0.93133193,0.32934043,632,-1,0.9182326,1,Buzzer,0,0.8664449696483161,0.8664449696483161,0.06675726723366938,0.06679776311801451
2040463227902124480,2026-04-05 14:56:53+00:00,13,"@PHN316 Sekilas lihat akun sosmed IGRS isinya, 'resiko adiksi game pada anak', 'anak susah lepas dari gim', dan 'si kecil sibuk sama layar sendiri'. Sepertinya program ini dibuat oleh tim yang membenci game dan memang memiliki bias negatif.",2040805882808922290,,PHN316,in,,0,1,0,https://x.com/mpandu_nky/status/2040805882808922290,51931960,mpandu_nky,38,id,keep_id_anchor,False,sekilas lihat akun sosmed igrs isinya resiko adiksi game pada anak anak susah lepas dari game dan si kecil sibuk sama layar sendiri sepertinya program ini dibuat oleh tim yang membenci game dan memang memiliki bias negatif,[],0,1,222,37,0,14,0,0.3764,0.011,2,1.0,2.1755555555555555,59,2.0,0.0,0.0,0.0,1,1,0.87106407,0.42236733,-0.4887293,-0.7766075,677,-1,0.9243629,1,Buzzer,0,0.3333333333333333,0.3333333333333333,0.3333333333333333,0.3333333333333333
2040686995249533039,2026-04-05 14:33:40+00:00,0,"@AADGPodcast Melihat dari akun IG IGRS, kebanyakan isinya adalah tentang 'penanganan kecanduan gim', 'membatasi waktu main gim', dan 'jangan biarkan si kecil lihat layar terus'. Sepertinya memang program yang dirancang oleh orang-orang yang membenci game dan sudah punya bias negatif.",2040800040533574088,,AADGPodcast,in,,0,0,0,https://x.com/mpandu_nky/status/2040800040533574088,51931960,mpandu_nky,41,id,keep_id_anchor,False,melihat dari akun ig igrs kebanyakan isinya adalah tentang penanganan kecanduan game membatasi waktu main game dan jangan biarkan si kecil lihat layar terus sepertinya memang program yang dirancang oleh orang orang yang membenci game dan sudah punya bias negatif,[],0,1,262,40,0,0,1,0.3798,0.0159,2,1.0,2.1755555555555555,59,2.0,0.0,0.0,0.0,1,1,0.87106407,0.40081927,-0.82233566,-0.54678565,701,-1,0.98642504,1,Buzzer,0,0.3333333333333333,0.3333333333333333,0.3333333333333333,0.3333333333333333
2040782694477607250,2026-04-05 13:24:44+00:00,2,"1. Memang tugas Steam yang harus implementasi rating dan aturan dari IGRS. Tapi ngeliat dari sini, kayaknya IGRS maksa rating ini buat cepet rilis sebelum semuanya siap.
2. Mereka masih ga bahas soal Refused Classification buat ngeblokir game pake pasal karet.",2040782694477607250,,,in,,0,0,0,https://x.com/setsundere/status/2040782694477607250,1273950541526122496,setsundere,41,id,keep_id_anchor,False,memang tugas steam yang harus implementasi rating dan aturan dari igrs tapi ngeliat dari sini kayaknya igrs maksa rating ini buat cepet rilis sebelum semuanya siap mereka masih tidak bahas soal refused classification buat ngeblokir game pake pasal karet,[],0,0,253,39,0,2,0,0.3715,0.0168,1,0.5,0.0125,68,0.0,0.0,0.0,0.0,1,0,0.829972,0.46068308,-1.2500969,-0.46397668,786,-1,0.87918645,1,Buzzer,0,0.3333333333333333,0.3333333333333333,0.3333333333333333,0.3333333333333333
2041120779757400168,2026-04-07 20:06:09+00:00,0,"@ZonaKitten @Analyst_V2 Komdigi (Kementerian Komunikasi dan Digital Indonesia) baru-baru ini klarifikasi soal label rating IGRS (Indonesia Game Rating System) yang muncul di Steam. Ternyata, rating itu bukan resmi dari pemerintah, melainkan hasil self-declare publisher yang belum terverifikasi dan belum",2041608490175635909,,ZonaKitten,in,,0,0,1,https://x.com/grok/status/2041608490175635909,1720665183188922368,grok,41,id,keep_id_anchor,False,komdigi kementerian komunikasi dan digital indonesia baru baru ini klarifikasi soal label rating igrs indonesia game rating system yang muncul di steam ternyata rating itu bukan resmi dari pemerintah melainkan hasil self declare publisher yang belum terverifikasi dan belum,[],0,1,273,39,0,1,1,0.5305,0.0305,1,0.5,4.440555555555555,2,2.0,0.0,0.0,0.0,1,1,0.84234494,0.36368734,-1.3536527,0.16311885,903,-1,0.8793786,1,Buzzer,2,0.8314609295092289,0.08348036393706966,0.08505870655370143,0.8314609295092289
2041443426772893787,2026-04-07 09:10:15+00:00,0,"IGRS di Steam Tuai Protes, Komdigi: Bukan Rating Resmi https://t.co/MsUk64gXzY",2041443426772893787,,,in,,0,0,0,https://x.com/DokoMadeMo/status/2041443426772893787,30961653,DokoMadeMo,13,id,keep_id_anchor,False,igrs di steam tuai protes komdigi bukan rating resmi,[],0,0,52,9,0,0,1,1.0,0.0173,1,1.0,44.78527777777778,17,0.0,0.0,0.0,0.0,-1,0,1.0000004,0.36745396,-0.12649019,0.39948604,1074,-1,0.9307682,1,Buzzer,2,0.8628542821704044,0.07031924409825532,0.06682647373134026,0.8628542821704044
2041441001089413498,2026-04-07 09:00:37+00:00,0,"Halo, KawanPublik!

Kemkomdigi menegaskan rating IGRS yang muncul di Steam bukan klasifikasi resmi pemerintah.

Artinya, informasi tersebut belum tentu sesuai dengan standar yang berlaku di Indonesia.

#InfoPublik #PPTunas #Anak #Game #RatingGame https://t.co/7SdZhiWS4l",2041441001089413498,https://pbs.twimg.com/media/HFSnxNBbIAAhuZJ.jpg,,in,,0,2,0,https://x.com/InfoPublikIP/status/2041441001089413498,275580050,InfoPublikIP,35,id,keep_id_anchor,False,halo kawanpublik kemkomdigi menegaskan rating igrs yang muncul di steam bukan klasifikasi resmi pemerintah artinya informasi tersebut belum tentu sesuai dengan standar yang berlaku di indonesia infopublik pptunas anak game ratinggame,[],0,0,233,31,0,2,0,0.5549,0.0241,2,1.0,44.624722222222225,17,0.0,0.0,0.0,0.0,1,0,0.9243113,0.43509227,-1.1659038,0.048299037,1079,-1,0.98235035,1,Buzzer,0,0.3333333333333333,0.3333333333333333,0.3333333333333333,0.3333333333333333
2041394911262744657,2026-04-07 05:57:28+00:00,2,Indonesia Game Rating System (IGRS) diimplementasikan pada platform seperti Steam dengan tujuan utama untuk memberikan panduan yang jelas bagi konsumen mengenai kesesuaian konten gim dengan usia pengguna. Hal ini merupakan bagian dari regulasi pemerintah Indonesia untuk https://t.co/7yM5xXi3lO,2041394911262744657,https://pbs.twimg.com/media/HFR92ljbgAAVeBz.jpg,,in,,0,0,1,https://x.com/99propaganda/status/2041394911262744657,1427095335084515333,99propaganda,40,id,keep_id_anchor,False,indonesia game rating system igrs diimplementasikan pada platform seperti steam dengan tujuan utama untuk memberikan panduan yang jelas bagi konsumen mengenai kesesuaian konten game dengan usia pengguna hal ini merupakan bagian dari regulasi pemerintah indonesia untuk,[],0,0,268,36,0,3,0,0.3804,0.017,1,1.0,41.57222222222222,20,0.0,0.0,0.0,0.0,1,0,0.8718303,0.375927,-1.8908303,-0.12461929,1133,-1,0.87873095,1,Buzzer,2,0.7774855079907944,0.11123362571971361,0.11128086628949198,0.7774855079907944
2041120779757400168,2026-04-07 03:12:19+00:00,1,"@MoRifky @Analyst_V2 1. Komdigi gaya2an bikin sistem rating game sendiri, namanya IGRS.
2. Ada game di Steam (publisher game) yg ratingnya ngawur.
3. Komdigi cuci tangan dgn bilang itu rating palsu oleh Steam.
4. Netizen ribut",2041353347643703351,,MoRifky,in,,0,1,0,https://x.com/Baliho821/status/2041353347643703351,1509547156373667840,Baliho821,36,id,keep_id_anchor,False,komdigi gaya an bikin sistem rating game sendiri namanya igrs ada game di steam publisher game yang ratingnya ngawur komdigi cuci tangan dengan bilang itu rating palsu oleh steam netizen ribut,[],0,1,192,31,0,2,0,0.3557,0.0176,1,1.0,38.819722222222225,22,1.0,0.0,0.0,0.0,1,0,0.89251554,0.447302,-1.033934,-0.14482078,1191,-1,0.88567156,1,Buzzer,2,0.6664021246967416,0.16684937930530155,0.16674849599795677,0.6664021246967416
