Id,Label,username,max_buzzer_prob,mean_buzzer_prob,n_tweets,n_buzzer_tweets,content_dup_score_max,temporal_burst_score_max,sna_out_deg_max,sna_in_deg_max,posting_freq_per_hour_max,binary_label_gephi
00w011,00w011,00w011,0.0347413904964923,0.0184591226279735,2,0,0.6597,1.0,2.0,0.0,2.0,Non-Buzzer
01nm2_,01nm2_,01nm2_,0.7786880135536194,0.7786880135536194,1,0,0.771,1.0,0.0,0.0,1.0,Non-Buzzer
0p_py,0p_py,0p_py,0.1534432768821716,0.1053590178489685,2,0,1.0,0.5,0.0,0.0,1.0,Non-Buzzer
0xfrsmln,0xfrsmln,0xfrsmln,0.0043644928373396,0.0043644928373396,1,0,0.3849,1.0,1.0,0.0,1.0,Non-Buzzer
101107mma,101107mma,101107mma,0.002624369924888,0.002624369924888,1,0,0.2627,1.0,1.0,0.0,1.0,Non-Buzzer
13_zae,13_zae,13_zae,0.0052528232336044,0.0052528232336044,1,0,0.3214,1.0,0.0,0.0,1.0,Non-Buzzer
15sketsa,15sketsa,15sketsa,0.696821391582489,0.696821391582489,1,0,0.8293,1.0,0.0,0.0,1.0,Non-Buzzer
1RONiC_,1RONiC_,1RONiC_,0.0202856939285993,0.0202856939285993,1,0,0.2817,1.0,1.0,0.0,1.0,Non-Buzzer
1ladytypeofguy,1ladytypeofguy,1ladytypeofguy,0.0015169574180617,0.0015169574180617,1,0,0.3641,1.0,0.0,0.0,1.0,Non-Buzzer
1q5_nungha,1q5_nungha,1q5_nungha,0.0021723702084273,0.0021723702084273,1,0,0.4337,1.0,1.0,0.0,1.0,Non-Buzzer
3000inuniverse,3000inuniverse,3000inuniverse,0.0204718522727489,0.0204718522727489,1,0,0.5555,1.0,0.0,0.0,1.0,Non-Buzzer
386_hana,386_hana,386_hana,0.0011792313307523,0.0011792313307523,1,0,0.4726,1.0,0.0,0.0,1.0,Non-Buzzer
4wallsnet,4wallsnet,4wallsnet,0.0008138232515193,0.0008138232515193,1,0,0.3351,1.0,0.0,0.0,1.0,Non-Buzzer
5adnile8,5adnile8,5adnile8,0.2696665227413177,0.1383537501096725,2,0,0.6108,0.5,2.0,1.0,1.0,Non-Buzzer
8120_DAF,8120_DAF,8120_DAF,0.0176367796957492,0.0176367796957492,1,0,0.6978,1.0,0.0,0.0,1.0,Non-Buzzer
8issleekest,8issleekest,8issleekest,0.0015579521423205,0.0015579521423205,1,0,0.378,1.0,1.0,0.0,1.0,Non-Buzzer
8isul,8isul,8isul,0.0023138422984629,0.0023138422984629,1,0,0.351,1.0,0.0,0.0,1.0,Non-Buzzer
99propaganda,99propaganda,99propaganda,0.8787309527397156,0.8787309527397156,1,1,0.3804,1.0,0.0,0.0,1.0,Buzzer
A11Kiky,A11Kiky,A11Kiky,0.002525883493945,0.002525883493945,1,0,0.3713,1.0,0.0,0.0,1.0,Non-Buzzer
AHROOMEE,AHROOMEE,AHROOMEE,0.0512572638690471,0.0346305109560489,3,0,0.3898,1.0,0.0,0.0,3.0,Non-Buzzer
ALZgamin,ALZgamin,ALZgamin,0.00095596635947,0.00095596635947,1,0,0.359,1.0,0.0,0.0,1.0,Non-Buzzer
AbcDef38782297,AbcDef38782297,AbcDef38782297,0.9970313310623168,0.9970313310623168,1,1,0.5746,1.0,0.0,0.0,1.0,Buzzer
AbyanMakarim,AbyanMakarim,AbyanMakarim,0.0029080552048981,0.0029080552048981,1,0,0.307,1.0,0.0,0.0,1.0,Non-Buzzer
AchmadUmar17,AchmadUmar17,AchmadUmar17,0.0023472479078918,0.0023472479078918,1,0,0.3533,1.0,1.0,0.0,1.0,Non-Buzzer
AdhietyaTh33187,AdhietyaTh33187,AdhietyaTh33187,0.9369701147079468,0.4748617112636566,2,1,0.7368,1.0,0.0,0.0,2.0,Buzzer
Adiety333,Adiety333,Adiety333,0.9988075494766236,0.8341727256774902,6,5,0.6536,0.8333333333333334,5.0,0.0,5.0,Buzzer
AdityaPrasetyo_,AdityaPrasetyo_,AdityaPrasetyo_,0.0012155215954408,0.0012155215954408,1,0,0.7313,1.0,0.0,0.0,1.0,Non-Buzzer
AkuilaOpo,AkuilaOpo,AkuilaOpo,0.0299422070384025,0.0299422070384025,1,0,1.0,1.0,1.0,0.0,1.0,Non-Buzzer
AkunNomerRandom,AkunNomerRandom,AkunNomerRandom,0.0010440587066113,0.0010440587066113,1,0,0.4107,1.0,1.0,0.0,1.0,Non-Buzzer
Al38819917,Al38819917,Al38819917,0.0016762255690991,0.0016082180663943,2,0,0.3118,0.5,2.0,0.0,1.0,Non-Buzzer
AlFD_Fajarid,AlFD_Fajarid,AlFD_Fajarid,0.0357436761260032,0.0357436761260032,1,0,0.4819,1.0,0.0,0.0,1.0,Non-Buzzer
Al_Khuarizmi,Al_Khuarizmi,Al_Khuarizmi,0.0047695217654109,0.0047695217654109,1,0,0.3792,1.0,1.0,0.0,1.0,Non-Buzzer
Albert2844,Albert2844,Albert2844,0.0086543466895818,0.0076350481249392,2,0,1.0,1.0,1.0,0.0,2.0,Non-Buzzer
Alex_Brigz,Alex_Brigz,Alex_Brigz,0.1839533299207687,0.1102753356099128,3,0,0.628,1.0,3.0,1.0,3.0,Non-Buzzer
Alfiatunisah,Alfiatunisah,Alfiatunisah,0.9042736887931824,0.9042736887931824,1,1,0.3762,1.0,0.0,0.0,1.0,Buzzer
AlinGibroez,AlinGibroez,AlinGibroez,0.9979089498519896,0.9858288764953612,6,6,1.0,0.8333333333333334,5.0,0.0,5.0,Buzzer
Alizazaina94321,Alizazaina94321,Alizazaina94321,0.9973331689834596,0.9834144711494446,6,6,0.5851,1.0,5.0,0.0,6.0,Buzzer
Alvaro734877,Alvaro734877,Alvaro734877,0.9966078996658324,0.9861946105957032,4,4,0.8778,1.0,4.0,0.0,4.0,Buzzer
AlxndrieJeremia,AlxndrieJeremia,AlxndrieJeremia,0.0013162662507966,0.0013162662507966,1,0,0.3162,1.0,0.0,0.0,1.0,Non-Buzzer
Andiiian,Andiiian,Andiiian,0.0022608709987252,0.0022608709987252,1,0,0.266,1.0,0.0,0.0,1.0,Non-Buzzer
AndiniPutr79305,AndiniPutr79305,AndiniPutr79305,0.0071272975765168,0.0071272975765168,1,0,0.3866,1.0,0.0,0.0,1.0,Non-Buzzer
Andradeva001,Andradeva001,Andradeva001,0.0293321255594491,0.0293321255594491,1,0,1.0,1.0,1.0,0.0,1.0,Non-Buzzer
AneshMadyantara,AneshMadyantara,AneshMadyantara,0.0145441750064492,0.008003918454051,2,0,0.7955,0.5,1.0,0.0,1.0,Non-Buzzer
Angelina_S_S,Angelina_S_S,Angelina_S_S,0.0021324190311133,0.0021145010832697,2,0,0.4337,0.5,0.0,0.0,1.0,Non-Buzzer
AnimindoNet,AnimindoNet,AnimindoNet,0.2875075340270996,0.1449331939220428,2,0,0.4881,0.5,0.0,0.0,1.0,Non-Buzzer
AoOkami5,AoOkami5,AoOkami5,0.0029551465995609,0.0029551465995609,1,0,0.5225,1.0,1.0,0.0,1.0,Non-Buzzer
Apanjelio,Apanjelio,Apanjelio,0.0123064247891306,0.0123064247891306,1,0,0.4953,1.0,0.0,0.0,1.0,Non-Buzzer
Aprilia_wiji,Aprilia_wiji,Aprilia_wiji,0.0011710050748661,0.0011710050748661,1,0,0.511,1.0,0.0,0.0,1.0,Non-Buzzer
Arachnic_,Arachnic_,Arachnic_,0.0037890034727752,0.0037890034727752,1,0,0.4199,1.0,0.0,0.0,1.0,Non-Buzzer
Arazoors,Arazoors,Arazoors,0.0091143902391195,0.0091143902391195,1,0,0.6389,1.0,1.0,0.0,1.0,Non-Buzzer
AriefPurs,AriefPurs,AriefPurs,0.0015103840269148,0.0015103840269148,1,0,0.2514,1.0,0.0,0.0,1.0,Non-Buzzer
Arii765,Arii765,Arii765,0.0043267253786325,0.0029212525114417,2,0,0.413,0.5,1.0,2.0,1.0,Non-Buzzer
Arkanwoilah,Arkanwoilah,Arkanwoilah,0.0400314591825008,0.0400314591825008,1,0,1.0,1.0,0.0,0.0,1.0,Non-Buzzer
Asep_Shelby,Asep_Shelby,Asep_Shelby,0.0022924991790205,0.0022924991790205,1,0,0.2976,1.0,1.0,0.0,1.0,Non-Buzzer
AsthiSagitta,AsthiSagitta,AsthiSagitta,0.0185364298522472,0.0185364298522472,1,0,0.4491,1.0,0.0,0.0,1.0,Non-Buzzer
AthallahriqMS,AthallahriqMS,AthallahriqMS,0.0025077322497963,0.0025077322497963,1,0,0.6157,1.0,1.0,1.0,1.0,Non-Buzzer
AtsuMaru_o7,AtsuMaru_o7,AtsuMaru_o7,0.0011358524207025,0.0011358524207025,1,0,0.6987,1.0,0.0,0.0,1.0,Non-Buzzer
AudhikaH68309,AudhikaH68309,AudhikaH68309,0.0008459995733574,0.0008459995733574,1,0,0.2657,1.0,0.0,0.0,1.0,Non-Buzzer
AzaelKyoukoCh,AzaelKyoukoCh,AzaelKyoukoCh,0.0041088289581239,0.0041088289581239,1,0,0.4447,1.0,0.0,0.0,1.0,Non-Buzzer
Bagus_Media7,Bagus_Media7,Bagus_Media7,0.9773518443107604,0.5730338096618652,2,1,1.0,1.0,1.0,0.0,2.0,Buzzer
Baliho821,Baliho821,Baliho821,0.8856715559959412,0.8856715559959412,1,1,0.3557,1.0,1.0,0.0,1.0,Buzzer
Bambang65635601,Bambang65635601,Bambang65635601,0.9724962711334229,0.9724962711334229,1,1,0.5986,1.0,0.0,0.0,1.0,Buzzer
Barri_2410,Barri_2410,Barri_2410,0.0136796366423368,0.0136796366423368,1,0,0.4697,1.0,1.0,0.0,1.0,Non-Buzzer
BatasAir,BatasAir,BatasAir,0.0026512583717703,0.0026512583717703,1,0,0.8368,1.0,1.0,0.0,1.0,Non-Buzzer
BauPity70gBalik,BauPity70gBalik,BauPity70gBalik,0.0015328249428421,0.0015328249428421,1,0,0.4137,1.0,0.0,0.0,1.0,Non-Buzzer
Bbiyaku,Bbiyaku,Bbiyaku,0.996589183807373,0.996589183807373,1,1,0.6551,1.0,0.0,0.0,1.0,Buzzer
Beckerzine,Beckerzine,Beckerzine,0.0016318844864144,0.0016318844864144,1,0,0.4041,1.0,1.0,0.0,1.0,Non-Buzzer
BerhakProtes,BerhakProtes,BerhakProtes,0.0007979353540576,0.0007979353540576,1,0,0.3274,1.0,0.0,0.0,1.0,Non-Buzzer
Betspr,Betspr,Betspr,0.0011619759025052,0.0011619759025052,1,0,0.5624,1.0,0.0,0.0,1.0,Non-Buzzer
BigABust7,BigABust7,BigABust7,0.0016313601518049,0.0016313601518049,1,0,0.3572,1.0,0.0,0.0,1.0,Non-Buzzer
BoGameDo,BoGameDo,BoGameDo,0.0024798738304525,0.0024798738304525,1,0,0.3607,1.0,0.0,0.0,1.0,Non-Buzzer
BosRQ_,BosRQ_,BosRQ_,0.8858451247215271,0.4713102281093597,3,1,0.5364,1.0,0.0,0.0,3.0,Buzzer
Bram_no3,Bram_no3,Bram_no3,0.0528364591300487,0.021713251248002,3,0,0.7044,0.3333333333333333,3.0,5.0,1.0,Non-Buzzer
BriantAditya,BriantAditya,BriantAditya,0.0042992755770683,0.0042992755770683,1,0,0.4638,1.0,0.0,0.0,1.0,Non-Buzzer
BudiBukanIntel,BudiBukanIntel,BudiBukanIntel,0.0083477655425667,0.0083477655425667,1,0,1.0,1.0,1.0,4.0,1.0,Non-Buzzer
BukanKennyG,BukanKennyG,BukanKennyG,0.0016271447530016,0.0016271447530016,1,0,0.3011,1.0,0.0,0.0,1.0,Non-Buzzer
BurningCoffee0,BurningCoffee0,BurningCoffee0,0.0445365607738494,0.02828367985785,3,0,0.5678,0.3333333333333333,3.0,1.0,1.0,Non-Buzzer
BusterBorrr,BusterBorrr,BusterBorrr,0.0008866881253197,0.0008866881253197,1,0,0.4033,1.0,0.0,0.0,1.0,Non-Buzzer
CDWolfReal,CDWolfReal,CDWolfReal,0.0026688524521887,0.0026688524521887,1,0,0.4756,1.0,1.0,0.0,1.0,Non-Buzzer
CNNIndonesia,CNNIndonesia,CNNIndonesia,0.4321346879005432,0.4321346879005432,1,0,1.0,1.0,0.0,0.0,1.0,Non-Buzzer
Cak_Alail,Cak_Alail,Cak_Alail,0.0012609420809894,0.0012609420809894,1,0,0.4223,1.0,0.0,0.0,1.0,Non-Buzzer
CakraKjaerbye,CakraKjaerbye,CakraKjaerbye,0.0049133538268506,0.0029313832055777,2,0,0.4475,1.0,0.0,0.0,2.0,Non-Buzzer
Cameliatty,Cameliatty,Cameliatty,0.0014309597900137,0.0014309597900137,1,0,0.3449,1.0,1.0,0.0,1.0,Non-Buzzer
Capt_Gizmodon,Capt_Gizmodon,Capt_Gizmodon,0.0034968692343682,0.0034968692343682,1,0,0.2676,1.0,1.0,0.0,1.0,Non-Buzzer
CekrekPaklek,CekrekPaklek,CekrekPaklek,0.0009409496560692,0.0009409496560692,1,0,0.4094,1.0,1.0,0.0,1.0,Non-Buzzer
Chichi_X_Mune,Chichi_X_Mune,Chichi_X_Mune,0.0012908825883641,0.0012908825883641,1,0,0.3544,1.0,0.0,0.0,1.0,Non-Buzzer
ChouSenka,ChouSenka,ChouSenka,0.1026933193206787,0.1026933193206787,1,0,0.4437,1.0,1.0,3.0,1.0,Non-Buzzer
Christyandi_R,Christyandi_R,Christyandi_R,0.0017000812804326,0.0017000812804326,1,0,0.3528,1.0,1.0,1.0,1.0,Non-Buzzer
Claey_simpuru,Claey_simpuru,Claey_simpuru,0.004338217433542,0.004338217433542,1,0,0.2807,1.0,1.0,0.0,1.0,Non-Buzzer
Claudio_sigit,Claudio_sigit,Claudio_sigit,0.0021883691661059,0.0021883691661059,1,0,0.7352,1.0,1.0,0.0,1.0,Non-Buzzer
CorySakti28011,CorySakti28011,CorySakti28011,0.0011277447920292,0.0011277447920292,1,0,0.5678,1.0,0.0,1.0,1.0,Non-Buzzer
CuntofMadrid,CuntofMadrid,CuntofMadrid,0.0127671482041478,0.0103380428627133,2,0,0.6987,0.5,1.0,0.0,1.0,Non-Buzzer
Cyanbluuu_,Cyanbluuu_,Cyanbluuu_,0.0008857601787894,0.0008857601787894,1,0,0.0,1.0,0.0,0.0,1.0,Non-Buzzer
Cyanpile007,Cyanpile007,Cyanpile007,0.0011277447920292,0.0011277447920292,1,0,0.5653,1.0,0.0,0.0,1.0,Non-Buzzer
Cyclops_Ray,Cyclops_Ray,Cyclops_Ray,0.0056962170638144,0.0040716156363487,3,0,0.511,0.6666666666666666,2.0,0.0,2.0,Non-Buzzer
DPanglewai15679,DPanglewai15679,DPanglewai15679,0.0016535004833713,0.0016535004833713,1,0,0.2856,1.0,1.0,0.0,1.0,Non-Buzzer
DViolett_,DViolett_,DViolett_,0.0262733679264783,0.0226060673594474,2,0,0.5888,1.0,0.0,0.0,2.0,Non-Buzzer
Dadangsutrisn0,Dadangsutrisn0,Dadangsutrisn0,0.9878655076026917,0.4962465763092041,2,1,0.4847,1.0,2.0,0.0,2.0,Buzzer
DaniSplatKing,DaniSplatKing,DaniSplatKing,0.0757031217217445,0.0400619283318519,5,0,0.3753,0.8,3.0,0.0,4.0,Non-Buzzer
DaunBawang17,DaunBawang17,DaunBawang17,0.0132471965625882,0.0132471965625882,1,0,0.4605,1.0,1.0,0.0,1.0,Non-Buzzer
DazzZulia,DazzZulia,DazzZulia,0.9960880279541016,0.7374567985534668,4,3,0.783,0.5,3.0,0.0,2.0,Buzzer
Deewwiiiii,Deewwiiiii,Deewwiiiii,0.9978387951850892,0.8848347663879395,10,9,1.0,0.7,9.0,0.0,7.0,Buzzer
Delazdukedom,Delazdukedom,Delazdukedom,0.0018232412403449,0.0018232412403449,1,0,0.3182,1.0,1.0,0.0,1.0,Non-Buzzer
DimasRamdhan_,DimasRamdhan_,DimasRamdhan_,0.0023273949045687,0.0023273949045687,1,0,0.2764,1.0,0.0,1.0,1.0,Non-Buzzer
DinaPur468,DinaPur468,DinaPur468,0.9808551669120787,0.9072771072387696,2,1,0.6324,1.0,1.0,0.0,2.0,Buzzer
DokoMadeMo,DokoMadeMo,DokoMadeMo,0.9307681918144226,0.9307681918144226,1,1,1.0,1.0,0.0,0.0,1.0,Buzzer
DokutahLianSyah,DokutahLianSyah,DokutahLianSyah,0.1901894807815551,0.0450260862708091,5,0,0.8302,0.4,2.0,0.0,2.0,Non-Buzzer
Duren___,Duren___,Duren___,0.0016357945278286,0.0016357945278286,1,0,0.4619,1.0,0.0,0.0,1.0,Non-Buzzer
Echwazz,Echwazz,Echwazz,0.0007972277817316,0.0007972277817316,1,0,0.3063,1.0,0.0,0.0,1.0,Non-Buzzer
Ekokucayy,Ekokucayy,Ekokucayy,0.0013149625156074,0.0013149625156074,1,0,0.5972,1.0,1.0,0.0,1.0,Non-Buzzer
EliasSanSan,EliasSanSan,EliasSanSan,0.0100084617733955,0.0070539456792175,6,0,0.3772,0.6666666666666666,1.0,1.0,4.0,Non-Buzzer
EmbyGarvail,EmbyGarvail,EmbyGarvail,0.0065145539119839,0.0065145539119839,1,0,0.4278,1.0,0.0,0.0,1.0,Non-Buzzer
EmilleMaiki,EmilleMaiki,EmilleMaiki,0.0011975020170211,0.0011975020170211,1,0,0.3395,1.0,0.0,0.0,1.0,Non-Buzzer
Emmeliachr59881,Emmeliachr59881,Emmeliachr59881,0.9914087653160096,0.93884539604187,2,2,0.6666,0.5,1.0,0.0,1.0,Buzzer
EmpireTimu23003,EmpireTimu23003,EmpireTimu23003,0.0008674745331518,0.0008674745331518,1,0,0.2462,1.0,1.0,0.0,1.0,Non-Buzzer
EndiD21883,EndiD21883,EndiD21883,0.997914493083954,0.993810772895813,2,2,0.7017,1.0,1.0,0.0,2.0,Buzzer
ErvinBalboa089,ErvinBalboa089,ErvinBalboa089,0.0352358147501945,0.0352358147501945,1,0,0.4898,1.0,1.0,0.0,1.0,Non-Buzzer
EulaSimp69,EulaSimp69,EulaSimp69,0.0083006406202912,0.0083006406202912,1,0,0.4332,1.0,1.0,0.0,1.0,Non-Buzzer
EvyNurlaili,EvyNurlaili,EvyNurlaili,0.9113509058952332,0.9113509058952332,1,1,1.0,1.0,0.0,0.0,1.0,Buzzer
Excyde_,Excyde_,Excyde_,0.0121960397809743,0.006682816427201,2,0,0.3316,1.0,2.0,0.0,2.0,Non-Buzzer
Extra7399,Extra7399,Extra7399,0.9872465133666992,0.9872465133666992,1,1,0.604,1.0,0.0,0.0,1.0,Buzzer
FKRSM_,FKRSM_,FKRSM_,0.0221397429704666,0.0221397429704666,1,0,0.4762,1.0,0.0,0.0,1.0,Non-Buzzer
FaeezEmpire,FaeezEmpire,FaeezEmpire,0.0220870152115821,0.0125715639442205,2,0,0.6978,0.5,1.0,0.0,1.0,Non-Buzzer
FahrezaMahendr,FahrezaMahendr,FahrezaMahendr,0.0121311247348785,0.0121311247348785,1,0,0.6335,1.0,1.0,0.0,1.0,Non-Buzzer
FareyDonch501,FareyDonch501,FareyDonch501,0.0088037829846143,0.0088037829846143,1,0,0.502,1.0,1.0,0.0,1.0,Non-Buzzer
FarrelFranqois,FarrelFranqois,FarrelFranqois,0.0018358572851866,0.0018358572851866,1,0,0.2417,1.0,1.0,0.0,1.0,Non-Buzzer
Fatiyazean,Fatiyazean,Fatiyazean,0.9968966245651244,0.6648826003074646,3,2,0.7423,0.6666666666666666,2.0,0.0,2.0,Buzzer
Ferdians789,Ferdians789,Ferdians789,0.0036414912901818,0.0036414912901818,1,0,0.282,1.0,0.0,0.0,1.0,Non-Buzzer
FilekRhino45516,FilekRhino45516,FilekRhino45516,0.6158434152603149,0.6158434152603149,1,0,1.0,1.0,1.0,0.0,1.0,Non-Buzzer
Firmandanny,Firmandanny,Firmandanny,0.0039750174619257,0.0039750174619257,1,0,0.3184,1.0,0.0,0.0,1.0,Non-Buzzer
FitriyaniT15600,FitriyaniT15600,FitriyaniT15600,0.9947182536125184,0.9947182536125184,1,1,0.4592,1.0,0.0,0.0,1.0,Buzzer
Florestone16736,Florestone16736,Florestone16736,0.993048131465912,0.8768974542617798,2,1,1.0,1.0,1.0,0.0,2.0,Buzzer
FlwrmnShiragiku,FlwrmnShiragiku,FlwrmnShiragiku,0.031481709331274,0.031481709331274,1,0,0.4715,1.0,0.0,0.0,1.0,Non-Buzzer
GOALIATHH,GOALIATHH,GOALIATHH,0.0011966684833168,0.0011966684833168,1,0,0.3012,1.0,1.0,0.0,1.0,Non-Buzzer
GamerwkID,GamerwkID,GamerwkID,0.0092945974320173,0.0092945974320173,1,0,0.431,1.0,0.0,0.0,1.0,Non-Buzzer
GemaShowIndo,GemaShowIndo,GemaShowIndo,0.0020564054138958,0.001639180467464,3,0,0.456,0.6666666666666666,1.0,4.0,2.0,Non-Buzzer
GhamerXYZ,GhamerXYZ,GhamerXYZ,0.0040935832075774,0.0040935832075774,1,0,0.4715,1.0,1.0,0.0,1.0,Non-Buzzer
GhaneshRM,GhaneshRM,GhaneshRM,0.0136596299707889,0.0136596299707889,1,0,0.6229,1.0,1.0,0.0,1.0,Non-Buzzer
Gif_Said,Gif_Said,Gif_Said,0.004182418808341,0.0026875550393015,2,0,0.3336,0.5,0.0,0.0,1.0,Non-Buzzer
Ginanadia67421,Ginanadia67421,Ginanadia67421,0.9988254904747008,0.9685069918632508,4,4,0.7017,0.75,3.0,0.0,3.0,Buzzer
Giskaelvina,Giskaelvina,Giskaelvina,0.989859402179718,0.973206102848053,3,3,1.0,0.6666666666666666,2.0,0.0,2.0,Buzzer
GlazedLight,GlazedLight,GlazedLight,0.0029188180342316,0.0029188180342316,1,0,0.3746,1.0,0.0,0.0,1.0,Non-Buzzer
GojoIrengg,GojoIrengg,GojoIrengg,0.0322812125086784,0.0322812125086784,1,0,0.5657,1.0,1.0,0.0,1.0,Non-Buzzer
Greywing20,Greywing20,Greywing20,0.0064006396569311,0.0064006396569311,1,0,0.5446,1.0,1.0,0.0,1.0,Non-Buzzer
H4ydon,H4ydon,H4ydon,0.0026804003864526,0.0019317310070618,2,0,0.2937,0.5,0.0,0.0,1.0,Non-Buzzer
HGrezex,HGrezex,HGrezex,0.0022885969374328,0.0022885969374328,1,0,0.3087,1.0,1.0,0.0,1.0,Non-Buzzer
HSBITTA,HSBITTA,HSBITTA,0.6223242282867432,0.6223242282867432,2,0,1.0,1.0,0.0,0.0,2.0,Non-Buzzer
HaYoYo86,HaYoYo86,HaYoYo86,0.0271577518433332,0.0271577518433332,1,0,0.2681,1.0,0.0,0.0,1.0,Non-Buzzer
HabibiFuad,HabibiFuad,HabibiFuad,0.0023138422984629,0.0023138422984629,1,0,0.3403,1.0,0.0,0.0,1.0,Non-Buzzer
HaniB1220,HaniB1220,HaniB1220,0.0081813484430313,0.0081813484430313,1,0,0.6019,1.0,0.0,0.0,1.0,Non-Buzzer
HarishChengaiah,HarishChengaiah,HarishChengaiah,0.0014870959566906,0.0014870959566906,1,0,0.367,1.0,1.0,0.0,1.0,Non-Buzzer
Harurowrr,Harurowrr,Harurowrr,0.4651711583137512,0.4651711583137512,1,0,0.4633,1.0,1.0,0.0,1.0,Non-Buzzer
Hay_yatto9,Hay_yatto9,Hay_yatto9,0.0025735581293702,0.0025735581293702,1,0,0.3537,1.0,0.0,0.0,1.0,Non-Buzzer
Hey_Ivan,Hey_Ivan,Hey_Ivan,0.0019065239466726,0.0019065239466726,1,0,0.3546,1.0,0.0,0.0,1.0,Non-Buzzer
HilalBilal,HilalBilal,HilalBilal,0.0015881116269156,0.0015881116269156,1,0,0.3201,1.0,1.0,0.0,1.0,Non-Buzzer
HlfBloodPr1nce,HlfBloodPr1nce,HlfBloodPr1nce,0.002554022707045,0.002554022707045,1,0,0.3282,1.0,0.0,0.0,1.0,Non-Buzzer
HollowMelody_1,HollowMelody_1,HollowMelody_1,0.0066042179241776,0.0066042179241776,1,0,0.4882,1.0,0.0,0.0,1.0,Non-Buzzer
Homuboil7,Homuboil7,Homuboil7,0.0072138682007789,0.0072138682007789,1,0,0.4506,1.0,1.0,0.0,1.0,Non-Buzzer
Hoomanine,Hoomanine,Hoomanine,0.0017851908924058,0.0017851908924058,1,0,0.3588,1.0,0.0,0.0,1.0,Non-Buzzer
Howie3D,Howie3D,Howie3D,0.3163614869117737,0.1677011400461197,2,0,0.4457,0.5,0.0,0.0,1.0,Non-Buzzer
IBigbal,IBigbal,IBigbal,0.0015832991339266,0.0015832991339266,1,0,0.4597,1.0,0.0,0.0,1.0,Non-Buzzer
IKKIttebayo,IKKIttebayo,IKKIttebayo,0.002677266485989,0.002677266485989,1,0,0.4788,1.0,1.0,0.0,1.0,Non-Buzzer
Iezhar7th,Iezhar7th,Iezhar7th,0.0009872640948742,0.0009872640948742,1,0,0.3703,1.0,0.0,0.0,1.0,Non-Buzzer
Ilhammlnn_,Ilhammlnn_,Ilhammlnn_,0.001133031444624,0.001133031444624,1,0,0.776,1.0,0.0,0.0,1.0,Non-Buzzer
Inara234,Inara234,Inara234,0.9113509058952332,0.9113509058952332,1,1,1.0,1.0,0.0,0.0,1.0,Buzzer
Indie_S_Orilly,Indie_S_Orilly,Indie_S_Orilly,0.0688422545790672,0.025198133662343,4,0,0.3871,0.5,3.0,2.0,2.0,Non-Buzzer
InfoPublikIP,InfoPublikIP,InfoPublikIP,0.9823503494262696,0.4924705028533935,2,1,0.5549,1.0,0.0,0.0,2.0,Buzzer
IntanAyuArimbi,IntanAyuArimbi,IntanAyuArimbi,0.0009921484161168,0.0009921484161168,1,0,0.4169,1.0,0.0,0.0,1.0,Non-Buzzer
Internetsurver,Internetsurver,Internetsurver,0.0047163856215775,0.0047163856215775,1,0,0.432,1.0,1.0,0.0,1.0,Non-Buzzer
Ioroiisme,Ioroiisme,Ioroiisme,0.0029819966293871,0.002014588098973,2,0,0.2907,1.0,0.0,0.0,2.0,Non-Buzzer
IraAsri325610,IraAsri325610,IraAsri325610,0.9833300709724426,0.4924797415733337,2,1,0.5658,0.5,1.0,0.0,1.0,Buzzer
IriandiBudyanto,IriandiBudyanto,IriandiBudyanto,0.0012155215954408,0.0012155215954408,1,0,0.6592,1.0,0.0,0.0,1.0,Non-Buzzer
ItsmeMauwi,ItsmeMauwi,ItsmeMauwi,0.0015303334221243,0.0015303334221243,1,0,0.3186,1.0,1.0,0.0,1.0,Non-Buzzer
IwanMuhRidwan,IwanMuhRidwan,IwanMuhRidwan,0.0029123041313141,0.0029123041313141,1,0,0.7671,1.0,1.0,0.0,1.0,Non-Buzzer
IzumoSarut7893,IzumoSarut7893,IzumoSarut7893,0.0125556290149688,0.0125556290149688,1,0,1.0,1.0,0.0,0.0,1.0,Non-Buzzer
JackieNoboru,JackieNoboru,JackieNoboru,0.0012854039669036,0.0012854039669036,1,0,0.6607,1.0,1.0,0.0,1.0,Non-Buzzer
JancokAsu893230,JancokAsu893230,JancokAsu893230,0.9987393021583556,0.99258953332901,6,6,1.0,0.8333333333333334,5.0,0.0,5.0,Buzzer
JauzaaATahar,JauzaaATahar,JauzaaATahar,0.0009379431139677,0.0009379431139677,1,0,0.2792,1.0,0.0,0.0,1.0,Non-Buzzer
Jiraz13,Jiraz13,Jiraz13,0.0041762110777199,0.0041762110777199,1,0,0.6229,1.0,1.0,0.0,1.0,Non-Buzzer
KEMO_HUNZ,KEMO_HUNZ,KEMO_HUNZ,0.0155248837545514,0.0091983703896403,2,0,0.2794,0.5,2.0,0.0,1.0,Non-Buzzer
KEVINNGW808,KEVINNGW808,KEVINNGW808,0.0137898968532681,0.0137898968532681,1,0,0.4446,1.0,0.0,0.0,1.0,Non-Buzzer
KRathalos97,KRathalos97,KRathalos97,0.0197354573756456,0.0197354573756456,1,0,0.3983,1.0,1.0,0.0,1.0,Non-Buzzer
KacangWalnut,KacangWalnut,KacangWalnut,0.001133031444624,0.001133031444624,1,0,0.7799,1.0,0.0,0.0,1.0,Non-Buzzer
KalanaraDika,KalanaraDika,KalanaraDika,0.0081735756248235,0.0081735756248235,1,0,0.2794,1.0,0.0,0.0,1.0,Non-Buzzer
KasetMu25909,KasetMu25909,KasetMu25909,0.0062345047481358,0.0062345047481358,1,0,0.7933,1.0,1.0,0.0,1.0,Non-Buzzer
Kayn77159766,Kayn77159766,Kayn77159766,0.2844231724739074,0.2844231724739074,1,0,0.714,1.0,1.0,0.0,1.0,Non-Buzzer
KenapaGwWNI,KenapaGwWNI,KenapaGwWNI,0.0035334122367203,0.0035334122367203,1,0,0.5509,1.0,1.0,0.0,1.0,Non-Buzzer
KenapeAje,KenapeAje,KenapeAje,0.0068162158131599,0.0068162158131599,1,0,0.3759,1.0,1.0,0.0,1.0,Non-Buzzer
Kentato_3,Kentato_3,Kentato_3,0.0026697195135056,0.0026697195135056,1,0,0.2388,1.0,1.0,0.0,1.0,Non-Buzzer
KholiqArRazan,KholiqArRazan,KholiqArRazan,0.0052468795329332,0.0052468795329332,1,0,0.3529,1.0,1.0,0.0,1.0,Non-Buzzer
KomariahKo26005,KomariahKo26005,KomariahKo26005,0.9318886399269104,0.9318886399269104,1,1,1.0,1.0,0.0,0.0,1.0,Buzzer
Kotaro_4844,Kotaro_4844,Kotaro_4844,0.0230072382837533,0.0230072382837533,1,0,0.8577,1.0,0.0,0.0,1.0,Non-Buzzer
KrispyWater5,KrispyWater5,KrispyWater5,0.0033324032556265,0.0033324032556265,1,0,0.3036,1.0,0.0,0.0,1.0,Non-Buzzer
Kritzkrieg__,Kritzkrieg__,Kritzkrieg__,0.0017698084702715,0.0017698084702715,1,0,0.3294,1.0,0.0,0.0,1.0,Non-Buzzer
KumekaGenzo77,KumekaGenzo77,KumekaGenzo77,0.198002204298973,0.0675056129693985,9,0,0.6653,1.0,1.0,0.0,9.0,Non-Buzzer
Kunyah_renyah,Kunyah_renyah,Kunyah_renyah,0.014445761218667,0.014445761218667,1,0,0.6662,1.0,1.0,1.0,1.0,Non-Buzzer
KuppaKingu_,KuppaKingu_,KuppaKingu_,0.0011405629338696,0.0011405629338696,1,0,0.3382,1.0,0.0,0.0,1.0,Non-Buzzer
Kurirputaw,Kurirputaw,Kurirputaw,0.002048309193924,0.002048309193924,1,0,0.3879,1.0,0.0,0.0,1.0,Non-Buzzer
KuroNoLace,KuroNoLace,KuroNoLace,0.0011817861814051,0.0011817861814051,1,0,0.3949,1.0,1.0,0.0,1.0,Non-Buzzer
KvnBhgs,KvnBhgs,KvnBhgs,0.0009373060893267,0.0009373060893267,1,0,0.3239,1.0,0.0,0.0,1.0,Non-Buzzer
Kyloren86166601,Kyloren86166601,Kyloren86166601,0.0083477655425667,0.0083477655425667,1,0,1.0,1.0,1.0,0.0,1.0,Non-Buzzer
LXVCXXXLIXLVI,LXVCXXXLIXLVI,LXVCXXXLIXLVI,0.0017675487324595,0.0017675487324595,1,0,0.3851,1.0,1.0,0.0,1.0,Non-Buzzer
LazyrevilLeona,LazyrevilLeona,LazyrevilLeona,0.0008051900076679,0.0008051900076679,1,0,0.3282,1.0,1.0,0.0,1.0,Non-Buzzer
Leefan_arashi,Leefan_arashi,Leefan_arashi,0.0268682911992073,0.0268682911992073,1,0,0.4696,1.0,0.0,0.0,1.0,Non-Buzzer
LewatTolJORR,LewatTolJORR,LewatTolJORR,0.002331365365535,0.002331365365535,1,0,0.3314,1.0,0.0,0.0,1.0,Non-Buzzer
Lidik58,Lidik58,Lidik58,0.0009146669181063,0.0008923022542148,2,0,0.4026,1.0,1.0,0.0,2.0,Non-Buzzer
Lie_Detektor,Lie_Detektor,Lie_Detektor,0.0011606219923123,0.0011606219923123,1,0,0.3377,1.0,1.0,0.0,1.0,Non-Buzzer
Lifanterra,Lifanterra,Lifanterra,0.0073895817622542,0.0073895817622542,1,0,1.0,1.0,0.0,0.0,1.0,Non-Buzzer
Lipssszzz____,Lipssszzz____,Lipssszzz____,0.2447212487459182,0.1892539858818054,2,0,0.595,0.5,2.0,0.0,1.0,Non-Buzzer
Lord_Mudcrab95,Lord_Mudcrab95,Lord_Mudcrab95,0.0014106056187301,0.0014106056187301,1,0,0.4712,1.0,1.0,1.0,1.0,Non-Buzzer
Lost_Ataraxia,Lost_Ataraxia,Lost_Ataraxia,0.0025045971851795,0.0025045971851795,1,0,0.3586,1.0,0.0,0.0,1.0,Non-Buzzer
Luthfimbaihaqi,Luthfimbaihaqi,Luthfimbaihaqi,0.0031938019674271,0.0031938019674271,1,0,0.2705,1.0,1.0,0.0,1.0,Non-Buzzer
MFRcapture,MFRcapture,MFRcapture,0.0068290112540125,0.0054679317399859,2,0,0.336,1.0,2.0,0.0,2.0,Non-Buzzer
MJRTiger123,MJRTiger123,MJRTiger123,0.0011353007284924,0.0011353007284924,1,0,0.2955,1.0,1.0,0.0,1.0,Non-Buzzer
MRidhonew16179,MRidhonew16179,MRidhonew16179,0.998706579208374,0.9956958889961244,5,5,1.0,0.8,4.0,0.0,4.0,Buzzer
Mahisa_Aspartam,Mahisa_Aspartam,Mahisa_Aspartam,0.0017691674875095,0.0017691674875095,1,0,0.2797,1.0,0.0,0.0,1.0,Non-Buzzer
MangAgus_10,MangAgus_10,MangAgus_10,0.0312224496155977,0.0312224496155977,1,0,0.4973,1.0,1.0,3.0,1.0,Non-Buzzer
Marchelmar3,Marchelmar3,Marchelmar3,0.0014844501856714,0.0014844501856714,1,0,0.388,1.0,0.0,0.0,1.0,Non-Buzzer
MasJawaNinja,MasJawaNinja,MasJawaNinja,0.5372166037559509,0.5372166037559509,1,0,0.368,1.0,1.0,0.0,1.0,Non-Buzzer
MengolianBeef,MengolianBeef,MengolianBeef,0.0024396507069468,0.0018004531739279,2,0,0.7982,1.0,1.0,0.0,2.0,Non-Buzzer
MerahLarva,MerahLarva,MerahLarva,0.0037929327227175,0.0037929327227175,1,0,0.5076,1.0,1.0,0.0,1.0,Non-Buzzer
Mercatman_,Mercatman_,Mercatman_,0.0058605493977665,0.0039273179136216,2,0,0.7171,0.5,2.0,0.0,1.0,Non-Buzzer
MillastoElhart,MillastoElhart,MillastoElhart,0.0012452079681679,0.0012452079681679,1,0,0.5482,1.0,0.0,0.0,1.0,Non-Buzzer
Mirwanovich,Mirwanovich,Mirwanovich,0.0083005623891949,0.0083005623891949,1,0,0.4444,1.0,0.0,0.0,1.0,Non-Buzzer
MistharOzhima,MistharOzhima,MistharOzhima,0.0017508593155071,0.0017508593155071,1,0,0.3656,1.0,1.0,0.0,1.0,Non-Buzzer
MohQym68316,MohQym68316,MohQym68316,0.9748122096061708,0.9748122096061708,1,1,0.8088,1.0,0.0,0.0,1.0,Buzzer
Mohha_haha,Mohha_haha,Mohha_haha,0.0306982696056365,0.0306982696056365,1,0,0.7313,1.0,1.0,0.0,1.0,Non-Buzzer
MrHighgrou79503,MrHighgrou79503,MrHighgrou79503,0.0012436001561582,0.0012436001561582,1,0,0.6095,1.0,1.0,1.0,1.0,Non-Buzzer
MuchBsyrry,MuchBsyrry,MuchBsyrry,0.1044308468699455,0.056098036468029,2,0,0.3198,0.5,0.0,0.0,1.0,Non-Buzzer
MyoKurt,MyoKurt,MyoKurt,0.0011560528073459,0.0011560528073459,1,0,0.625,1.0,1.0,0.0,1.0,Non-Buzzer
NSaysInX,NSaysInX,NSaysInX,0.0096003077924251,0.0096003077924251,1,0,1.0,1.0,1.0,0.0,1.0,Non-Buzzer
NUGreenFlag,NUGreenFlag,NUGreenFlag,0.004212372470647,0.004212372470647,1,0,0.531,1.0,1.0,0.0,1.0,Non-Buzzer
NVT58232209,NVT58232209,NVT58232209,0.0107812052592635,0.0072153387591242,2,0,0.523,1.0,1.0,0.0,2.0,Non-Buzzer
Naelep261,Naelep261,Naelep261,0.0017135040834546,0.0017135040834546,1,0,0.3897,1.0,1.0,0.0,1.0,Non-Buzzer
NavriW,NavriW,NavriW,0.0029857985209673,0.0029857985209673,1,0,0.3454,1.0,0.0,0.0,1.0,Non-Buzzer
Neibiiru,Neibiiru,Neibiiru,0.0032321526668965,0.0032321526668965,1,0,0.3617,1.0,0.0,0.0,1.0,Non-Buzzer
Neidhardtsensei,Neidhardtsensei,Neidhardtsensei,0.0008863182156346,0.0008863182156346,1,0,0.2553,1.0,1.0,0.0,1.0,Non-Buzzer
Neogen176,Neogen176,Neogen176,0.0096450364217162,0.0061814221553504,2,0,0.351,1.0,1.0,0.0,2.0,Non-Buzzer
Neoleone3,Neoleone3,Neoleone3,0.0025313002988696,0.0025313002988696,1,0,0.4007,1.0,0.0,0.0,1.0,Non-Buzzer
NganjukSun23590,NganjukSun23590,NganjukSun23590,0.9988170862197876,0.99789297580719,5,5,0.8445,0.8,4.0,0.0,4.0,Buzzer
NicknationGames,NicknationGames,NicknationGames,0.1640935391187667,0.1640935391187667,1,0,0.7087,1.0,0.0,1.0,1.0,Non-Buzzer
Nidech_E30,Nidech_E30,Nidech_E30,0.0040456000715494,0.0040456000715494,1,0,0.4506,1.0,1.0,0.0,1.0,Non-Buzzer
Nisarahman2327,Nisarahman2327,Nisarahman2327,0.9972261786460876,0.9723921418190002,3,3,1.0,0.6666666666666666,1.0,0.0,2.0,Buzzer
Noireism,Noireism,Noireism,0.0016516863834112,0.0016516863834112,1,0,0.4597,1.0,0.0,0.0,1.0,Non-Buzzer
NomerSi_ali,NomerSi_ali,NomerSi_ali,0.0100853675976395,0.0100853675976395,1,0,0.3657,1.0,1.0,0.0,1.0,Non-Buzzer
NovendraKesuma,NovendraKesuma,NovendraKesuma,0.0011969500919803,0.0011969500919803,1,0,0.2139,1.0,1.0,0.0,1.0,Non-Buzzer
NurdienAsslm,NurdienAsslm,NurdienAsslm,0.0016155743505805,0.0016155743505805,1,0,0.3778,1.0,0.0,0.0,1.0,Non-Buzzer
Nymeryion,Nymeryion,Nymeryion,0.0014398702187463,0.0014398702187463,1,0,0.3611,1.0,0.0,0.0,1.0,Non-Buzzer
ONarsen,ONarsen,ONarsen,0.0861260443925857,0.0861260443925857,1,0,0.3469,1.0,0.0,0.0,1.0,Non-Buzzer
ObiWan_Catnobi,ObiWan_Catnobi,ObiWan_Catnobi,0.010158690623939,0.010158690623939,1,0,0.44,1.0,0.0,0.0,1.0,Non-Buzzer
Official_Yanuar,Official_Yanuar,Official_Yanuar,0.082156591117382,0.082156591117382,1,0,0.4928,1.0,1.0,0.0,1.0,Non-Buzzer
OpiniRakyatID,OpiniRakyatID,OpiniRakyatID,0.0626336559653282,0.0323909446597099,2,0,0.7555,0.5,2.0,0.0,1.0,Non-Buzzer
Orang_Tuwa,Orang_Tuwa,Orang_Tuwa,0.0095822978764772,0.0095822978764772,1,0,0.625,1.0,0.0,0.0,1.0,Non-Buzzer
OrbitSyndrome,OrbitSyndrome,OrbitSyndrome,0.0051995939575135,0.0036701164208352,2,0,0.4294,0.5,2.0,0.0,1.0,Non-Buzzer
Otaku_Anime_Ind,Otaku_Anime_Ind,Otaku_Anime_Ind,0.0063240714371204,0.0063240714371204,1,0,0.4088,1.0,0.0,4.0,1.0,Non-Buzzer
OxygenSunshinee,OxygenSunshinee,OxygenSunshinee,0.0306009259074926,0.017869658768177,2,0,0.5877,1.0,0.0,0.0,2.0,Non-Buzzer
PCM56DAC,PCM56DAC,PCM56DAC,0.008861118927598,0.008861118927598,1,0,0.528,1.0,1.0,0.0,1.0,Non-Buzzer
PPopurii,PPopurii,PPopurii,0.8611599206924438,0.8611599206924438,1,1,1.0,1.0,0.0,0.0,1.0,Buzzer
Panathinatikos,Panathinatikos,Panathinatikos,0.0060413740575313,0.0060413740575313,1,0,0.3321,1.0,0.0,0.0,1.0,Non-Buzzer
ParkBowie,ParkBowie,ParkBowie,0.1324297338724136,0.1324297338724136,1,0,0.4226,1.0,1.0,0.0,1.0,Non-Buzzer
PaulERS89,PaulERS89,PaulERS89,0.021498505026102,0.021498505026102,1,0,0.2616,1.0,1.0,0.0,1.0,Non-Buzzer
Pintu_Macet,Pintu_Macet,Pintu_Macet,0.0032120172400027,0.0032120172400027,1,0,0.4278,1.0,0.0,0.0,1.0,Non-Buzzer
Pirangunter21,Pirangunter21,Pirangunter21,0.0036032674834132,0.0036032674834132,1,0,0.425,1.0,0.0,0.0,1.0,Non-Buzzer
Pito35386217,Pito35386217,Pito35386217,0.0022737181279808,0.0022737181279808,1,0,0.3433,1.0,1.0,0.0,1.0,Non-Buzzer
PseudoMonious,PseudoMonious,PseudoMonious,0.0015385155566036,0.0015385155566036,1,0,0.3452,1.0,0.0,0.0,1.0,Non-Buzzer
Psychelockes,Psychelockes,Psychelockes,0.0034541029017418,0.0034541029017418,1,0,0.2501,1.0,0.0,0.0,1.0,Non-Buzzer
PutriRahma32820,PutriRahma32820,PutriRahma32820,0.9990345239639282,0.9871862530708312,6,6,0.6709,0.8333333333333334,5.0,0.0,5.0,Buzzer
Qilogram2420,Qilogram2420,Qilogram2420,0.0707420036196708,0.0707420036196708,1,0,1.0,1.0,0.0,0.0,1.0,Non-Buzzer
R4ZESKY,R4ZESKY,R4ZESKY,0.0075884293764829,0.0075884293764829,1,0,0.5641,1.0,0.0,0.0,1.0,Non-Buzzer
Raaaxer,Raaaxer,Raaaxer,0.0177084002643823,0.0177084002643823,1,0,0.5888,1.0,0.0,0.0,1.0,Non-Buzzer
Rafi09210,Rafi09210,Rafi09210,0.0124265644699335,0.0061898040585219,3,0,0.4164,0.3333333333333333,1.0,0.0,1.0,Non-Buzzer
Rahman_Denim72,Rahman_Denim72,Rahman_Denim72,0.001228658366017,0.001228658366017,1,0,0.4895,1.0,0.0,0.0,1.0,Non-Buzzer
RaisShawer,RaisShawer,RaisShawer,0.0090658124536275,0.0057694348506629,2,0,0.4249,1.0,2.0,0.0,2.0,Non-Buzzer
RaisaFAl1329,RaisaFAl1329,RaisaFAl1329,0.0045235031284391,0.0045235031284391,1,0,0.3031,1.0,1.0,0.0,1.0,Non-Buzzer
Ranti130920,Ranti130920,Ranti130920,0.9987725615501404,0.7804502248764038,4,3,0.8088,0.75,3.0,0.0,3.0,Buzzer
RashkaLLC,RashkaLLC,RashkaLLC,0.0242209322750568,0.0242209322750568,1,0,0.6226,1.0,1.0,1.0,1.0,Non-Buzzer
RastianRizki,RastianRizki,RastianRizki,0.0018339559901505,0.0018339559901505,1,0,0.2915,1.0,1.0,0.0,1.0,Non-Buzzer
Ravness_,Ravness_,Ravness_,0.0016885043587535,0.0016885043587535,1,0,0.3684,1.0,1.0,0.0,1.0,Non-Buzzer
Raza420691,Raza420691,Raza420691,0.011389804072678,0.011389804072678,1,0,0.4929,1.0,0.0,0.0,1.0,Non-Buzzer
Red_Rackham87,Red_Rackham87,Red_Rackham87,0.0031748067121952,0.0031748067121952,1,0,0.4041,1.0,1.0,0.0,1.0,Non-Buzzer
Reejanuari,Reejanuari,Reejanuari,0.9937852621078492,0.9937852621078492,1,1,0.7847,1.0,0.0,0.0,1.0,Buzzer
Rei_OnZ,Rei_OnZ,Rei_OnZ,0.010303670540452,0.0064641386270523,2,0,0.5539,0.5,1.0,0.0,1.0,Non-Buzzer
ReisaAmeli42101,ReisaAmeli42101,ReisaAmeli42101,0.9640483856201172,0.9640483856201172,1,1,0.7113,1.0,1.0,0.0,1.0,Buzzer
Religuary,Religuary,Religuary,0.0015833082143217,0.0015833082143217,1,0,0.4312,1.0,0.0,0.0,1.0,Non-Buzzer
RenoArifigar,RenoArifigar,RenoArifigar,0.001282952260226,0.001282952260226,1,0,0.7955,1.0,0.0,0.0,1.0,Non-Buzzer
Reonyree,Reonyree,Reonyree,0.9077605605125428,0.9077605605125428,1,1,1.0,1.0,0.0,0.0,1.0,Buzzer
Reshidayu,Reshidayu,Reshidayu,0.0032221702858805,0.0032221702858805,1,0,0.5146,1.0,1.0,0.0,1.0,Non-Buzzer
RhendySpine,RhendySpine,RhendySpine,0.0020844968967139,0.0020844968967139,1,0,0.3367,1.0,1.0,0.0,1.0,Non-Buzzer
RiRuPizza,RiRuPizza,RiRuPizza,0.0678984597325325,0.0678984597325325,1,0,0.5208,1.0,0.0,0.0,1.0,Non-Buzzer
Ridho262,Ridho262,Ridho262,0.0038783412892371,0.0038783412892371,1,0,0.3114,1.0,0.0,0.0,1.0,Non-Buzzer
Rifqyhazard,Rifqyhazard,Rifqyhazard,0.0069836904294788,0.0069836904294788,1,0,0.4928,1.0,0.0,0.0,1.0,Non-Buzzer
Rikaa_key,Rikaa_key,Rikaa_key,0.0339106284081935,0.0339106284081935,1,0,0.5137,1.0,0.0,0.0,1.0,Non-Buzzer
Rinto_edy,Rinto_edy,Rinto_edy,0.0051809637807309,0.003426976269111,3,0,0.3871,0.6666666666666666,2.0,1.0,2.0,Non-Buzzer
RioCvn,RioCvn,RioCvn,0.0016872733831405,0.0016872733831405,1,0,0.406,1.0,1.0,0.0,1.0,Non-Buzzer
RizkiTomooo,RizkiTomooo,RizkiTomooo,0.0012136098230257,0.0012136098230257,1,0,0.7528,1.0,1.0,0.0,1.0,Non-Buzzer
RizkyArdia29527,RizkyArdia29527,RizkyArdia29527,0.993236005306244,0.993236005306244,1,1,0.5896,1.0,0.0,0.0,1.0,Buzzer
RoadsidePleb,RoadsidePleb,RoadsidePleb,0.0011797149199992,0.0011797149199992,1,0,0.6965,1.0,0.0,0.0,1.0,Non-Buzzer
RodzaAkbar_JpId,RodzaAkbar_JpId,RodzaAkbar_JpId,0.0592988841235637,0.0392675995826721,2,0,0.6603,0.5,2.0,0.0,1.0,Non-Buzzer
RosyiYi,RosyiYi,RosyiYi,0.0064607807435095,0.0064607807435095,1,0,0.5878,1.0,1.0,0.0,1.0,Non-Buzzer
RuuRirina,RuuRirina,RuuRirina,0.0226128753274679,0.0130463149398565,2,0,0.605,0.5,0.0,0.0,1.0,Non-Buzzer
Ryand2727,Ryand2727,Ryand2727,0.9182326197624208,0.9182326197624208,1,1,0.9539,1.0,0.0,0.0,1.0,Buzzer
SAHRY013,SAHRY013,SAHRY013,0.0120197683572769,0.0120197683572769,1,0,0.4866,1.0,1.0,0.0,1.0,Non-Buzzer
SEAGamethetic,SEAGamethetic,SEAGamethetic,0.002384383464232,0.002384383464232,1,0,0.3827,1.0,0.0,2.0,1.0,Non-Buzzer
SEdit2321840,SEdit2321840,SEdit2321840,0.0008044759742915,0.0008044759742915,1,0,0.2886,1.0,1.0,0.0,1.0,Non-Buzzer
SKspammer,SKspammer,SKspammer,0.0022333357483148,0.0022333357483148,1,0,0.5238,1.0,0.0,0.0,1.0,Non-Buzzer
SOLDIERB00y,SOLDIERB00y,SOLDIERB00y,0.0051790224388241,0.0051790224388241,1,0,0.5034,1.0,0.0,0.0,1.0,Non-Buzzer
SPayanadi,SPayanadi,SPayanadi,0.9946566820144652,0.9946566820144652,1,1,0.5693,1.0,0.0,0.0,1.0,Buzzer
SabethAnge12086,SabethAnge12086,SabethAnge12086,0.4229984879493713,0.4229984879493713,1,0,0.5161,1.0,0.0,0.0,1.0,Non-Buzzer
SageWoody46573,SageWoody46573,SageWoody46573,0.0018745029810816,0.0018745029810816,1,0,0.44,1.0,0.0,0.0,1.0,Non-Buzzer
SaintSpectra,SaintSpectra,SaintSpectra,0.0141576630994677,0.0141576630994677,1,0,0.4434,1.0,0.0,0.0,1.0,Non-Buzzer
Sanskertar,Sanskertar,Sanskertar,0.0019241065019741,0.0019241065019741,1,0,0.281,1.0,0.0,0.0,1.0,Non-Buzzer
Segagoreng1107,Segagoreng1107,Segagoreng1107,0.0137496897950768,0.0137496897950768,1,0,0.5431,1.0,1.0,0.0,1.0,Non-Buzzer
SenaRedo,SenaRedo,SenaRedo,0.2161922752857208,0.1087483912706375,2,0,0.4878,1.0,0.0,0.0,2.0,Non-Buzzer
SerMorningstar,SerMorningstar,SerMorningstar,0.2512970566749573,0.2512970566749573,1,0,0.3915,1.0,0.0,0.0,1.0,Non-Buzzer
Serenz0_,Serenz0_,Serenz0_,0.2265533208847046,0.2265533208847046,1,0,0.4706,1.0,0.0,0.0,1.0,Non-Buzzer
SetiawanGab,SetiawanGab,SetiawanGab,0.0088394312188029,0.0088394312188029,1,0,0.0,1.0,1.0,0.0,1.0,Non-Buzzer
SevensRoad77,SevensRoad77,SevensRoad77,0.0035132856573909,0.0035132856573909,1,0,0.406,1.0,1.0,0.0,1.0,Non-Buzzer
ShaniBudi,ShaniBudi,ShaniBudi,0.0029016039334237,0.0029016039334237,1,0,0.4305,1.0,0.0,2.0,1.0,Non-Buzzer
Shihan047,Shihan047,Shihan047,0.0043323496356606,0.0034224800765514,2,0,0.4107,1.0,1.0,0.0,2.0,Non-Buzzer
Shikikan_Neko08,Shikikan_Neko08,Shikikan_Neko08,0.0018490427173674,0.0018490427173674,1,0,0.3113,1.0,0.0,0.0,1.0,Non-Buzzer
ShinadeVT,ShinadeVT,ShinadeVT,0.0432516559958457,0.0432516559958457,1,0,0.4183,1.0,0.0,0.0,1.0,Non-Buzzer
Shirogatana_,Shirogatana_,Shirogatana_,0.0018635890446603,0.0018635890446603,1,0,0.3599,1.0,1.0,0.0,1.0,Non-Buzzer
ShoNakanoVtuber,ShoNakanoVtuber,ShoNakanoVtuber,0.6256678700447083,0.2596422135829925,3,0,0.4556,0.6666666666666666,1.0,0.0,2.0,Non-Buzzer
SidikHamdani96,SidikHamdani96,SidikHamdani96,0.9683769345283508,0.9683769345283508,3,3,1.0,1.0,2.0,0.0,3.0,Buzzer
Siestice,Siestice,Siestice,0.0007970214937813,0.0007970214937813,1,0,0.3483,1.0,1.0,0.0,1.0,Non-Buzzer
Sincan_cos,Sincan_cos,Sincan_cos,0.0073739779181778,0.0073739779181778,1,0,0.4633,1.0,0.0,0.0,1.0,Non-Buzzer
SircuTrito,SircuTrito,SircuTrito,0.0321936532855033,0.0170352794229984,2,0,0.3985,1.0,0.0,0.0,2.0,Non-Buzzer
Skalteer,Skalteer,Skalteer,0.0008857601787894,0.0008857601787894,1,0,0.0,1.0,0.0,0.0,1.0,Non-Buzzer
SorajimaAnzu,SorajimaAnzu,SorajimaAnzu,0.0033853785134851,0.0025342586450278,2,0,0.3591,0.5,0.0,0.0,1.0,Non-Buzzer
SoundOfYogi,SoundOfYogi,SoundOfYogi,0.0008568806224502,0.0008568806224502,1,0,0.2705,1.0,0.0,0.0,1.0,Non-Buzzer
Sunoo_dFox,Sunoo_dFox,Sunoo_dFox,0.0799335390329361,0.02841217815876,3,0,0.5733,1.0,2.0,0.0,3.0,Non-Buzzer
SuryanaAja13,SuryanaAja13,SuryanaAja13,0.8139176964759827,0.7788440585136414,2,0,0.4447,1.0,2.0,0.0,2.0,Non-Buzzer
Syarp29,Syarp29,Syarp29,0.0019794097170233,0.0019794097170233,1,0,0.2555,1.0,1.0,0.0,1.0,Non-Buzzer
SylentSevenstar,SylentSevenstar,SylentSevenstar,0.0310406610369682,0.0191796235740184,2,0,0.502,0.5,2.0,1.0,1.0,Non-Buzzer
TAdiwiguno,TAdiwiguno,TAdiwiguno,0.0015303334221243,0.0015303334221243,1,0,0.3231,1.0,1.0,0.0,1.0,Non-Buzzer
TarantikaA93671,TarantikaA93671,TarantikaA93671,0.1029939353466034,0.1029939353466034,1,0,0.3812,1.0,1.0,0.0,1.0,Non-Buzzer
Tessa44ut,Tessa44ut,Tessa44ut,0.9860070943832396,0.4940983653068542,2,1,0.4714,0.5,1.0,0.0,1.0,Buzzer
Tetrotir,Tetrotir,Tetrotir,0.0072614955715835,0.0072614955715835,1,0,0.3733,1.0,0.0,0.0,1.0,Non-Buzzer
The_Discomafia,The_Discomafia,The_Discomafia,0.0244142692536115,0.013161807321012,2,0,0.3423,0.5,2.0,0.0,1.0,Non-Buzzer
The_Takank,The_Takank,The_Takank,0.0013620586832985,0.0013620586832985,1,0,0.3161,1.0,1.0,0.0,1.0,Non-Buzzer
Thegood_fa,Thegood_fa,Thegood_fa,0.0154989752918481,0.0154989752918481,1,0,0.6372,1.0,1.0,0.0,1.0,Non-Buzzer
TirpitzRtx,TirpitzRtx,TirpitzRtx,0.0282631665468215,0.0282631665468215,1,0,1.0,1.0,1.0,1.0,1.0,Non-Buzzer
TirtoID,TirtoID,TirtoID,0.0015607391251251,0.0015607391251251,1,0,0.8111,1.0,0.0,0.0,1.0,Non-Buzzer
TouriHaganashi,TouriHaganashi,TouriHaganashi,0.0255065206438303,0.0255065206438303,1,0,0.3704,1.0,1.0,0.0,1.0,Non-Buzzer
Trixtar__,Trixtar__,Trixtar__,0.0022400761954486,0.0017163837328553,2,0,0.2822,0.5,0.0,0.0,1.0,Non-Buzzer
Tsuraracchi,Tsuraracchi,Tsuraracchi,0.0059132240712642,0.004924189299345,2,0,0.5862,1.0,0.0,0.0,2.0,Non-Buzzer
Turu748392,Turu748392,Turu748392,0.0021425813902169,0.0021425813902169,1,0,0.3814,1.0,1.0,0.0,1.0,Non-Buzzer
Undeirtale,Undeirtale,Undeirtale,0.0023040352389216,0.0023040352389216,1,0,0.2967,1.0,0.0,0.0,1.0,Non-Buzzer
VDzuri,VDzuri,VDzuri,0.0009072060929611,0.0009072060929611,1,0,0.3293,1.0,0.0,0.0,1.0,Non-Buzzer
VGTimes,VGTimes,VGTimes,0.0017397245392203,0.0017397245392203,1,0,0.2763,1.0,0.0,0.0,1.0,Non-Buzzer
ValentinoJ15345,ValentinoJ15345,ValentinoJ15345,0.0012349208118394,0.0012349208118394,1,0,0.4223,1.0,1.0,0.0,1.0,Non-Buzzer
Vanour394663,Vanour394663,Vanour394663,0.0018342355033382,0.0018342355033382,1,0,0.4652,1.0,0.0,0.0,1.0,Non-Buzzer
Vanverz,Vanverz,Vanverz,0.0034630813170224,0.0034630813170224,1,0,0.4874,1.0,0.0,0.0,1.0,Non-Buzzer
VelZeppelit,VelZeppelit,VelZeppelit,0.001065018470399,0.001065018470399,1,0,0.3099,1.0,0.0,0.0,1.0,Non-Buzzer
VinaAmelia33281,VinaAmelia33281,VinaAmelia33281,0.9986055493354796,0.995652675628662,3,3,0.6895,1.0,3.0,0.0,3.0,Buzzer
VincDigiArt,VincDigiArt,VincDigiArt,0.0170846357941627,0.0170846357941627,1,0,0.6226,1.0,1.0,0.0,1.0,Non-Buzzer
Voxastros,Voxastros,Voxastros,0.0019774155225604,0.0019774155225604,1,0,0.238,1.0,1.0,0.0,1.0,Non-Buzzer
WahyuAdiguna,WahyuAdiguna,WahyuAdiguna,0.0017251609824597,0.0017251609824597,1,0,0.4082,1.0,1.0,0.0,1.0,Non-Buzzer
WahyuAr19799578,WahyuAr19799578,WahyuAr19799578,0.0209753066301345,0.0209753066301345,1,0,0.467,1.0,1.0,0.0,1.0,Non-Buzzer
Whl_27,Whl_27,Whl_27,0.0012943847104907,0.0012943847104907,1,0,0.5232,1.0,1.0,0.0,1.0,Non-Buzzer
WibuPsikopatDes,WibuPsikopatDes,WibuPsikopatDes,0.1592506021261215,0.1592506021261215,1,0,1.0,1.0,1.0,0.0,1.0,Non-Buzzer
WitheredShulker,WitheredShulker,WitheredShulker,0.1640109568834304,0.1640109568834304,1,0,0.4754,1.0,0.0,0.0,1.0,Non-Buzzer
Xhareza,Xhareza,Xhareza,0.017315836623311,0.017315836623311,1,0,0.5603,1.0,0.0,0.0,1.0,Non-Buzzer
Y012KI,Y012KI,Y012KI,0.0014683755580335,0.0014683755580335,1,0,0.4597,1.0,1.0,0.0,1.0,Non-Buzzer
Yafie_A_Raihan,Yafie_A_Raihan,Yafie_A_Raihan,0.002175762085244,0.002175762085244,1,0,0.3749,1.0,0.0,0.0,1.0,Non-Buzzer
Yaitu12921776,Yaitu12921776,Yaitu12921776,0.0008353887242265,0.0008353887242265,1,0,0.3704,1.0,0.0,0.0,1.0,Non-Buzzer
YinkoKaelandra,YinkoKaelandra,YinkoKaelandra,0.0029202490113675,0.0024037011899054,3,0,0.5903,0.6666666666666666,1.0,0.0,2.0,Non-Buzzer
Youronlymeta,Youronlymeta,Youronlymeta,0.0008674745331518,0.0008674745331518,1,0,0.0,1.0,1.0,0.0,1.0,Non-Buzzer
YuriAndriyanto,YuriAndriyanto,YuriAndriyanto,0.0021434023510664,0.0021434023510664,1,0,0.2572,1.0,1.0,0.0,1.0,Non-Buzzer
YusrilEka411,YusrilEka411,YusrilEka411,0.2715842127799988,0.2715842127799988,1,0,0.5419,1.0,0.0,0.0,1.0,Non-Buzzer
Zahran31157,Zahran31157,Zahran31157,0.0049754260107874,0.0049754260107874,1,0,0.4162,1.0,0.0,0.0,1.0,Non-Buzzer
ZaskiaZask2031,ZaskiaZask2031,ZaskiaZask2031,0.9845716953277588,0.9810413122177124,2,2,0.5945,1.0,1.0,0.0,2.0,Buzzer
Zee_Takegami59,Zee_Takegami59,Zee_Takegami59,0.0027726225089281,0.0027726225089281,1,0,0.5638,1.0,0.0,0.0,1.0,Non-Buzzer
_16553,_16553,_16553,0.0015960002783685,0.0015960002783685,1,0,0.4264,1.0,0.0,0.0,1.0,Non-Buzzer
_RyanKu,_RyanKu,_RyanKu,0.0012210650602355,0.0012210650602355,1,0,0.3937,1.0,1.0,1.0,1.0,Non-Buzzer
_ZyZ_Z,_ZyZ_Z,_ZyZ_Z,0.0349881313741207,0.0349881313741207,1,0,1.0,1.0,0.0,0.0,1.0,Non-Buzzer
_________judd,_________judd,_________judd,0.0010844882344827,0.0010844882344827,1,0,0.34,1.0,1.0,0.0,1.0,Non-Buzzer
__byyyyyy,__byyyyyy,__byyyyyy,0.0378425493836402,0.0378425493836402,1,0,0.8302,1.0,0.0,0.0,1.0,Non-Buzzer
__hanaeruu,__hanaeruu,__hanaeruu,0.0019206501310691,0.0019206501310691,1,0,0.2975,1.0,0.0,0.0,1.0,Non-Buzzer
_aridean,_aridean,_aridean,0.0012155215954408,0.0012155215954408,1,0,0.7209,1.0,0.0,0.0,1.0,Non-Buzzer
_hendrasusanto,_hendrasusanto,_hendrasusanto,0.0290368869900703,0.0116156479343771,3,0,0.3384,0.6666666666666666,1.0,1.0,2.0,Non-Buzzer
_iorih,_iorih,_iorih,0.0027189531829208,0.0027189531829208,1,0,0.5778,1.0,0.0,0.0,1.0,Non-Buzzer
_jrblaze,_jrblaze,_jrblaze,0.001201513572596,0.001201513572596,1,0,0.6121,1.0,0.0,0.0,1.0,Non-Buzzer
_mabskuy,_mabskuy,_mabskuy,0.0020995771046727,0.0020995771046727,1,0,0.3367,1.0,1.0,0.0,1.0,Non-Buzzer
_sennav,_sennav,_sennav,0.0139680448919534,0.0076338783837854,2,0,0.5156,0.5,1.0,0.0,1.0,Non-Buzzer
abahgaming_,abahgaming_,abahgaming_,0.0026950584724545,0.0026950584724545,1,0,0.605,1.0,1.0,0.0,1.0,Non-Buzzer
absoluthardbass,absoluthardbass,absoluthardbass,0.0015626364620402,0.0015626364620402,1,0,0.4483,1.0,0.0,0.0,1.0,Non-Buzzer
abyts_,abyts_,abyts_,0.0010557993082329,0.0010557993082329,1,0,0.4133,1.0,0.0,0.0,1.0,Non-Buzzer
adangRP,adangRP,adangRP,0.0240470487624406,0.0240470487624406,1,0,0.5965,1.0,0.0,0.0,1.0,Non-Buzzer
addiwick,addiwick,addiwick,0.0009490443626418,0.0009490443626418,1,0,0.3719,1.0,0.0,0.0,1.0,Non-Buzzer
adi_wahyu35,adi_wahyu35,adi_wahyu35,0.6956725716590881,0.6956725716590881,1,0,0.2547,1.0,0.0,0.0,1.0,Non-Buzzer
adityamnugraha,adityamnugraha,adityamnugraha,0.0193636789917945,0.0193636789917945,1,0,0.0,1.0,0.0,0.0,1.0,Non-Buzzer
adiyaadiya,adiyaadiya,adiyaadiya,0.0047376886941492,0.0047376886941492,1,0,0.3083,1.0,0.0,0.0,1.0,Non-Buzzer
adnbwta,adnbwta,adnbwta,0.0091254478320479,0.0091254478320479,1,0,0.4619,1.0,1.0,0.0,1.0,Non-Buzzer
adrianchakab13,adrianchakab13,adrianchakab13,0.0039902934804558,0.0039902934804558,1,0,0.2616,1.0,0.0,0.0,1.0,Non-Buzzer
adzumanga,adzumanga,adzumanga,0.0172317270189523,0.0172317270189523,1,0,0.7798,1.0,0.0,0.0,1.0,Non-Buzzer
ah_azamuddin,ah_azamuddin,ah_azamuddin,0.0026363879442214,0.0026363879442214,1,0,0.3467,1.0,0.0,0.0,1.0,Non-Buzzer
ahmedfahrizal_,ahmedfahrizal_,ahmedfahrizal_,0.0322528630495071,0.0322528630495071,1,0,0.4189,1.0,0.0,0.0,1.0,Non-Buzzer
akunsiyahutt,akunsiyahutt,akunsiyahutt,0.0082185389474034,0.0082185389474034,1,0,0.5306,1.0,1.0,0.0,1.0,Non-Buzzer
albarmerik27,albarmerik27,albarmerik27,0.0036702258512377,0.0036702258512377,1,0,0.4606,1.0,1.0,0.0,1.0,Non-Buzzer
aliffurqonasdya,aliffurqonasdya,aliffurqonasdya,0.0015833082143217,0.0015833082143217,1,0,0.4298,1.0,0.0,0.0,1.0,Non-Buzzer
allaamnaufal20,allaamnaufal20,allaamnaufal20,0.0012484184699133,0.0012484184699133,1,0,0.4653,1.0,0.0,0.0,1.0,Non-Buzzer
allatonve,allatonve,allatonve,0.0058128894306719,0.0058128894306719,1,0,0.0,1.0,0.0,0.0,1.0,Non-Buzzer
alverizki,alverizki,alverizki,0.0032607119064778,0.0032607119064778,1,0,0.4938,1.0,1.0,0.0,1.0,Non-Buzzer
alwiiihasan,alwiiihasan,alwiiihasan,0.8996893167495728,0.7940068244934082,2,1,0.5799,0.5,1.0,0.0,1.0,Buzzer
ambaruw0,ambaruw0,ambaruw0,0.0009773741476237,0.0009773741476237,1,0,0.252,1.0,0.0,0.0,1.0,Non-Buzzer
anda_winata,anda_winata,anda_winata,0.062332559376955,0.0326083600521087,2,0,0.6455,1.0,1.0,1.0,2.0,Non-Buzzer
andikaGoGo86,andikaGoGo86,andikaGoGo86,0.0042008431628346,0.0042008431628346,1,0,0.2772,1.0,0.0,0.0,1.0,Non-Buzzer
andybalala19,andybalala19,andybalala19,0.9988514184951782,0.7196579575538635,6,4,0.7314,0.6666666666666666,5.0,0.0,4.0,Buzzer
anggtakhsturia,anggtakhsturia,anggtakhsturia,0.9666192531585692,0.9666192531585692,1,1,0.5799,1.0,0.0,0.0,1.0,Buzzer
annisanurf23196,annisanurf23196,annisanurf23196,0.990345299243927,0.990345299243927,1,1,0.6626,1.0,0.0,0.0,1.0,Buzzer
aomi__san,aomi__san,aomi__san,0.0061049819923937,0.0061049819923937,1,0,0.0,1.0,1.0,0.0,1.0,Non-Buzzer
ap398_,ap398_,ap398_,0.055526029318571,0.055526029318571,1,0,0.653,1.0,0.0,0.0,1.0,Non-Buzzer
ar_saptra,ar_saptra,ar_saptra,0.0011619759025052,0.0011619759025052,1,0,0.5638,1.0,0.0,0.0,1.0,Non-Buzzer
arcticmonsieur,arcticmonsieur,arcticmonsieur,0.0042049963958561,0.0042049963958561,1,0,0.4091,1.0,0.0,0.0,1.0,Non-Buzzer
ardhikaluth28,ardhikaluth28,ardhikaluth28,0.292778879404068,0.292778879404068,1,0,0.4213,1.0,1.0,0.0,1.0,Non-Buzzer
arekekesel,arekekesel,arekekesel,0.0018682790687307,0.0018682790687307,1,0,0.386,1.0,0.0,0.0,1.0,Non-Buzzer
aresterisk,aresterisk,aresterisk,0.001381630427204,0.001381630427204,1,0,0.4553,1.0,0.0,0.0,1.0,Non-Buzzer
ariesu__,ariesu__,ariesu__,0.0034439363516867,0.0034439363516867,1,0,0.4258,1.0,1.0,0.0,1.0,Non-Buzzer
ariomalv,ariomalv,ariomalv,0.0042349323630332,0.0042349323630332,1,0,0.3137,1.0,0.0,0.0,1.0,Non-Buzzer
arnoediad,arnoediad,arnoediad,0.019580353051424,0.019580353051424,1,0,0.4016,1.0,0.0,0.0,1.0,Non-Buzzer
arsiamalia,arsiamalia,arsiamalia,0.9822924733161926,0.9822924733161926,1,1,0.4566,1.0,0.0,0.0,1.0,Buzzer
arubigoreng,arubigoreng,arubigoreng,0.0013685452286154,0.0013685452286154,1,0,0.388,1.0,0.0,0.0,1.0,Non-Buzzer
aryabahar_,aryabahar_,aryabahar_,0.0042877518571913,0.0042877518571913,1,0,0.8306,1.0,0.0,0.0,1.0,Non-Buzzer
aryankushh,aryankushh,aryankushh,0.0008473501657135,0.0008473501657135,1,0,0.2702,1.0,1.0,0.0,1.0,Non-Buzzer
asep2b,asep2b,asep2b,0.9952802658081056,0.9943262934684752,2,2,0.5131,0.5,1.0,0.0,1.0,Buzzer
ashaabull,ashaabull,ashaabull,0.0149479284882545,0.0149479284882545,1,0,0.7038,1.0,0.0,0.0,1.0,Non-Buzzer
asheonlk,asheonlk,asheonlk,0.0030608519446104,0.0030608519446104,1,0,0.265,1.0,1.0,0.0,1.0,Non-Buzzer
asyi_i,asyi_i,asyi_i,0.004674557596445,0.004674557596445,1,0,0.2781,1.0,0.0,0.0,1.0,Non-Buzzer
atheon24,atheon24,atheon24,0.003258891403675,0.003258891403675,1,0,0.3447,1.0,0.0,0.0,1.0,Non-Buzzer
awkwardsodium,awkwardsodium,awkwardsodium,0.0037274840287864,0.0037274840287864,1,0,0.7209,1.0,0.0,0.0,1.0,Non-Buzzer
ayoitsmoy,ayoitsmoy,ayoitsmoy,0.9989238381385804,0.878030002117157,4,3,0.5994,0.75,3.0,0.0,3.0,Buzzer
azkiiofifteen96,azkiiofifteen96,azkiiofifteen96,0.003973598126322,0.003973598126322,1,0,0.0,1.0,1.0,0.0,1.0,Non-Buzzer
azmnesahi,azmnesahi,azmnesahi,0.0025943592190742,0.0025943592190742,1,0,0.4881,1.0,0.0,0.0,1.0,Non-Buzzer
azosarchive,azosarchive,azosarchive,0.0013708834303542,0.0013708834303542,1,0,0.3173,1.0,0.0,0.0,1.0,Non-Buzzer
azraelcode,azraelcode,azraelcode,0.0029679788276553,0.0029679788276553,1,0,0.4556,1.0,0.0,0.0,1.0,Non-Buzzer
azurestasera,azurestasera,azurestasera,0.0213169679045677,0.0121548809111118,2,0,0.4651,1.0,0.0,0.0,2.0,Non-Buzzer
b0nnysidharta,b0nnysidharta,b0nnysidharta,0.0011358524207025,0.0011358524207025,1,0,0.7002,1.0,0.0,0.0,1.0,Non-Buzzer
b3rsetubuh,b3rsetubuh,b3rsetubuh,0.0713300928473472,0.0713300928473472,1,0,0.3191,1.0,0.0,0.0,1.0,Non-Buzzer
badakmeledak_,badakmeledak_,badakmeledak_,0.0621290542185306,0.0326479561626911,2,0,0.4941,1.0,0.0,8.0,2.0,Non-Buzzer
bananaefootball,bananaefootball,bananaefootball,0.585833728313446,0.1383375227451324,7,0,0.7978,1.0,0.0,0.0,7.0,Non-Buzzer
bantalkusam_id,bantalkusam_id,bantalkusam_id,0.9811136722564696,0.4017020165920257,3,1,0.4613,1.0,0.0,0.0,3.0,Buzzer
basemole,basemole,basemole,0.0011619759025052,0.0011619759025052,1,0,0.6003,1.0,0.0,0.0,1.0,Non-Buzzer
bayiajaib,bayiajaib,bayiajaib,0.0236280430108308,0.0130929695442318,2,0,0.5146,1.0,1.0,1.0,2.0,Non-Buzzer
bayoeoe,bayoeoe,bayoeoe,0.004339228849858,0.004339228849858,1,0,0.0,1.0,1.0,0.0,1.0,Non-Buzzer
bebasdotid,bebasdotid,bebasdotid,0.0009207658004015,0.0009207658004015,1,0,0.2562,1.0,0.0,0.0,1.0,Non-Buzzer
bebeksnorkling,bebeksnorkling,bebeksnorkling,0.002324738074094,0.002324738074094,1,0,0.3733,1.0,0.0,0.0,1.0,Non-Buzzer
biruwahidhan,biruwahidhan,biruwahidhan,0.0008051900076679,0.0008051900076679,1,0,0.3227,1.0,1.0,0.0,1.0,Non-Buzzer
black_k00k33,black_k00k33,black_k00k33,0.0345740467309951,0.0345740467309951,1,0,0.3652,1.0,1.0,0.0,1.0,Non-Buzzer
bleubei,bleubei,bleubei,0.006025843322277,0.006025843322277,1,0,0.0,1.0,0.0,0.0,1.0,Non-Buzzer
blurkaebi,blurkaebi,blurkaebi,0.0010327213676646,0.0010327213676646,1,0,1.0,1.0,1.0,0.0,1.0,Non-Buzzer
bmawjy,bmawjy,bmawjy,0.2075877636671066,0.1120362132787704,2,0,0.3555,1.0,2.0,0.0,2.0,Non-Buzzer
bobbymenra,bobbymenra,bobbymenra,0.9938947558403016,0.5066749453544617,2,1,0.4896,1.0,1.0,0.0,2.0,Buzzer
bobihart,bobihart,bobihart,0.0021878611296415,0.0021878611296415,1,0,0.2476,1.0,1.0,0.0,1.0,Non-Buzzer
boiebe,boiebe,boiebe,0.001903667114675,0.001903667114675,1,0,0.2648,1.0,0.0,0.0,1.0,Non-Buzzer
boihitori,boihitori,boihitori,0.0011692418484017,0.0011692418484017,1,0,0.2606,1.0,1.0,0.0,1.0,Non-Buzzer
bonboninsegna,bonboninsegna,bonboninsegna,0.0019376489799469,0.0019376489799469,1,0,0.3201,1.0,1.0,0.0,1.0,Non-Buzzer
boy_qalam,boy_qalam,boy_qalam,0.0016367034986615,0.0016367034986615,1,0,0.4078,1.0,1.0,0.0,1.0,Non-Buzzer
boyguling,boyguling,boyguling,0.0017231223173439,0.0017231223173439,1,0,0.4363,1.0,0.0,0.0,1.0,Non-Buzzer
brandonsalim,brandonsalim,brandonsalim,0.0008711373666301,0.0008711373666301,1,0,0.4085,1.0,1.0,1.0,1.0,Non-Buzzer
brendybossun,brendybossun,brendybossun,0.0010803522309288,0.0010803522309288,1,0,0.3148,1.0,1.0,0.0,1.0,Non-Buzzer
bsrebahan,bsrebahan,bsrebahan,0.0750958174467086,0.0750958174467086,1,0,0.3454,1.0,1.0,0.0,1.0,Non-Buzzer
bttlen1x_,bttlen1x_,bttlen1x_,0.0035680432338267,0.0035680432338267,1,0,0.2464,1.0,0.0,0.0,1.0,Non-Buzzer
caelumphrince,caelumphrince,caelumphrince,0.0046687531284987,0.0046687531284987,1,0,0.2099,1.0,0.0,0.0,1.0,Non-Buzzer
calvadozze,calvadozze,calvadozze,0.0007970214937813,0.0007970214937813,1,0,0.3558,1.0,1.0,0.0,1.0,Non-Buzzer
carapaklek,carapaklek,carapaklek,0.9984558820724488,0.9116652011871338,9,8,1.0,0.7777777777777778,8.0,0.0,7.0,Buzzer
cesyii_,cesyii_,cesyii_,0.0023075917270034,0.0023075917270034,1,0,0.3719,1.0,0.0,0.0,1.0,Non-Buzzer
chaaphrodite,chaaphrodite,chaaphrodite,0.0281511209905147,0.0111971795558929,3,0,0.3896,0.6666666666666666,1.0,1.0,2.0,Non-Buzzer
cherrya72836061,cherrya72836061,cherrya72836061,0.011491535231471,0.0072366707026958,2,0,0.6303,1.0,0.0,0.0,2.0,Non-Buzzer
chikxge,chikxge,chikxge,0.0012068459764122,0.0012068459764122,1,0,0.5657,1.0,0.0,0.0,1.0,Non-Buzzer
choco_cookees,choco_cookees,choco_cookees,0.0008051900076679,0.0008051900076679,1,0,0.3274,1.0,1.0,0.0,1.0,Non-Buzzer
chrissdhon,chrissdhon,chrissdhon,0.0122123770415782,0.0122123770415782,1,0,0.0,1.0,0.0,0.0,1.0,Non-Buzzer
chudjawa,chudjawa,chudjawa,0.0141590209677815,0.0141590209677815,1,0,0.714,1.0,0.0,0.0,1.0,Non-Buzzer
chudvette,chudvette,chudvette,0.0067586568184196,0.0067586568184196,1,0,0.0,1.0,0.0,0.0,1.0,Non-Buzzer
cipicipacipi,cipicipacipi,cipicipacipi,0.0008214347762987,0.0008214347762987,1,0,0.3059,1.0,0.0,0.0,1.0,Non-Buzzer
ckfoakas,ckfoakas,ckfoakas,0.0025571305304765,0.0022395960986614,2,0,0.5638,1.0,1.0,0.0,2.0,Non-Buzzer
clarniva,clarniva,clarniva,0.0012479085708037,0.0012479085708037,1,0,0.6095,1.0,0.0,0.0,1.0,Non-Buzzer
clawhs02,clawhs02,clawhs02,0.0097611043602228,0.0061826552264392,3,0,0.3656,1.0,0.0,0.0,3.0,Non-Buzzer
cloplerr,cloplerr,cloplerr,0.0028164617251604,0.0028164617251604,1,0,0.6214,1.0,1.0,1.0,1.0,Non-Buzzer
cokudevu,cokudevu,cokudevu,0.0008857601787894,0.0008857601787894,1,0,0.0,1.0,0.0,0.0,1.0,Non-Buzzer
cookiesmaungga,cookiesmaungga,cookiesmaungga,0.0018745029810816,0.0018745029810816,1,0,0.4349,1.0,0.0,0.0,1.0,Non-Buzzer
cryofantasia,cryofantasia,cryofantasia,0.0032799369655549,0.0032799369655549,1,0,0.3469,1.0,1.0,12.0,1.0,Non-Buzzer
cryskabarchenow,cryskabarchenow,cryskabarchenow,0.0012354025384411,0.0012354025384411,1,0,0.3602,1.0,0.0,0.0,1.0,Non-Buzzer
cucunyaopah,cucunyaopah,cucunyaopah,0.0011862269602715,0.0011862269602715,1,0,0.653,1.0,1.0,0.0,1.0,Non-Buzzer
curiousfangs_,curiousfangs_,curiousfangs_,0.0055373436771333,0.0055373436771333,1,0,0.4472,1.0,0.0,0.0,1.0,Non-Buzzer
cutadh,cutadh,cutadh,0.0011619759025052,0.0011619759025052,1,0,0.5921,1.0,0.0,0.0,1.0,Non-Buzzer
cve20251202,cve20251202,cve20251202,0.0066167437471449,0.0062064351513981,2,0,0.4381,0.5,1.0,3.0,1.0,Non-Buzzer
d1rrtbagg,d1rrtbagg,d1rrtbagg,0.0177287496626377,0.0177287496626377,1,0,0.6163,1.0,0.0,0.0,1.0,Non-Buzzer
dabluewd,dabluewd,dabluewd,0.0024642832577228,0.0024642832577228,1,0,0.5144,1.0,0.0,0.0,1.0,Non-Buzzer
dadarjiwoo,dadarjiwoo,dadarjiwoo,0.0916616767644882,0.0916616767644882,1,0,0.7475,1.0,0.0,0.0,1.0,Non-Buzzer
dadarkeju,dadarkeju,dadarkeju,0.0035310557577759,0.0035310557577759,1,0,0.3546,1.0,0.0,0.0,1.0,Non-Buzzer
daejeong095,daejeong095,daejeong095,0.0012095528654754,0.0012095528654754,1,0,0.5225,1.0,1.0,0.0,1.0,Non-Buzzer
dafeennn,dafeennn,dafeennn,0.0085901338607072,0.0073807588778436,2,0,0.5849,1.0,0.0,0.0,2.0,Non-Buzzer
dandibudiman262,dandibudiman262,dandibudiman262,0.1590943783521652,0.1590943783521652,1,0,0.4444,1.0,1.0,0.0,1.0,Non-Buzzer
daniddarmawan15,daniddarmawan15,daniddarmawan15,0.0236148294061422,0.0236148294061422,1,0,0.6069,1.0,0.0,0.0,1.0,Non-Buzzer
danrrrrrrr,danrrrrrrr,danrrrrrrr,0.0985677614808082,0.0985677614808082,1,0,1.0,1.0,0.0,0.0,1.0,Non-Buzzer
dantexvergil999,dantexvergil999,dantexvergil999,0.7350360751152039,0.7350360751152039,1,0,0.5071,1.0,0.0,0.0,1.0,Non-Buzzer
dapa442,dapa442,dapa442,0.9851861596107484,0.9851861596107484,1,1,0.5715,1.0,0.0,0.0,1.0,Buzzer
darangsc,darangsc,darangsc,0.002298281295225,0.002298281295225,1,0,0.3274,1.0,0.0,0.0,1.0,Non-Buzzer
dayakdiluc,dayakdiluc,dayakdiluc,0.0039444621652364,0.0039444621652364,1,0,0.4483,1.0,0.0,0.0,1.0,Non-Buzzer
dazaaruu_,dazaaruu_,dazaaruu_,0.0365371331572532,0.0365371331572532,1,0,0.2515,1.0,0.0,0.0,1.0,Non-Buzzer
debugwithcare,debugwithcare,debugwithcare,0.0636386275291442,0.0636386275291442,1,0,0.5378,1.0,1.0,0.0,1.0,Non-Buzzer
deburiaria,deburiaria,deburiaria,0.0011310703121125,0.0011310703121125,1,0,0.3774,1.0,0.0,0.0,1.0,Non-Buzzer
dedirmdani,dedirmdani,dedirmdani,0.0025219302624464,0.0025219302624464,1,0,0.3073,1.0,0.0,0.0,1.0,Non-Buzzer
delik_store,delik_store,delik_store,0.9723348617553712,0.9723348617553712,1,1,0.4159,1.0,0.0,0.0,1.0,Buzzer
dennyrd,dennyrd,dennyrd,0.0194381345063447,0.0194381345063447,1,0,0.7528,1.0,1.0,0.0,1.0,Non-Buzzer
detikinet,detikinet,detikinet,0.9337286353111268,0.3138541877269745,3,1,1.0,0.3333333333333333,0.0,0.0,1.0,Buzzer
detikjatengcom,detikjatengcom,detikjatengcom,0.0332248471677303,0.0332248471677303,1,0,0.5135,1.0,0.0,0.0,1.0,Non-Buzzer
detoge,detoge,detoge,0.0012003330048173,0.0012003330048173,1,0,0.5191,1.0,0.0,0.0,1.0,Non-Buzzer
dh74169970,dh74169970,dh74169970,0.9981136322021484,0.9800161719322203,3,3,0.6324,1.0,3.0,0.0,3.0,Buzzer
dianasrirahay,dianasrirahay,dianasrirahay,0.8036391735076904,0.8036391735076904,1,0,0.6019,1.0,0.0,0.0,1.0,Non-Buzzer
dieformealice,dieformealice,dieformealice,0.0260893180966377,0.0260893180966377,1,0,0.7798,1.0,0.0,0.0,1.0,Non-Buzzer
dihydroxyestra,dihydroxyestra,dihydroxyestra,0.0013696684036403,0.0013696684036403,1,0,0.2803,1.0,0.0,0.0,1.0,Non-Buzzer
dombolord,dombolord,dombolord,0.0283309817314147,0.0283309817314147,1,0,0.4878,1.0,0.0,0.0,1.0,Non-Buzzer
donisuzaku,donisuzaku,donisuzaku,0.0024072348605841,0.0024072348605841,1,0,0.5587,1.0,1.0,0.0,1.0,Non-Buzzer
doraemo1v,doraemo1v,doraemo1v,0.0008041181135922,0.0008041181135922,1,0,0.2543,1.0,1.0,0.0,1.0,Non-Buzzer
dubaicuwicookie,dubaicuwicookie,dubaicuwicookie,0.001031776308082,0.001031776308082,1,0,0.3782,1.0,1.0,0.0,1.0,Non-Buzzer
dude_bukan,dude_bukan,dude_bukan,0.3648631572723388,0.3648631572723388,1,0,0.3596,1.0,0.0,0.0,1.0,Non-Buzzer
dvrtlngi,dvrtlngi,dvrtlngi,0.9984583854675292,0.997886836528778,4,4,0.7017,1.0,3.0,0.0,4.0,Buzzer
dvtrhx,dvtrhx,dvtrhx,0.0464247912168502,0.0464247912168502,1,0,0.5125,1.0,1.0,0.0,1.0,Non-Buzzer
dwi_wahyu007,dwi_wahyu007,dwi_wahyu007,0.9757099747657776,0.9757099747657776,1,1,0.5062,1.0,1.0,0.0,1.0,Buzzer
dwxnda,dwxnda,dwxnda,0.0021424652077257,0.0021424652077257,1,0,0.3572,1.0,0.0,0.0,1.0,Non-Buzzer
earlyguilty,earlyguilty,earlyguilty,0.0028767690528184,0.0028767690528184,1,0,0.4172,1.0,0.0,0.0,1.0,Non-Buzzer
eatalot23,eatalot23,eatalot23,0.0031954555306583,0.0031954555306583,1,0,0.3496,1.0,1.0,0.0,1.0,Non-Buzzer
ecco2kfarts,ecco2kfarts,ecco2kfarts,0.0008214347762987,0.0008214347762987,1,0,0.3099,1.0,0.0,0.0,1.0,Non-Buzzer
eepytome,eepytome,eepytome,0.001201513572596,0.001201513572596,1,0,0.6121,1.0,0.0,0.0,1.0,Non-Buzzer
eesu_ace,eesu_ace,eesu_ace,0.0025160918012261,0.0025160918012261,1,0,0.2211,1.0,0.0,0.0,1.0,Non-Buzzer
efenerr,efenerr,efenerr,0.002982088830322,0.002982088830322,1,0,0.3668,1.0,0.0,0.0,1.0,Non-Buzzer
effendiilham,effendiilham,effendiilham,0.0017969068139791,0.0017969068139791,1,0,0.432,1.0,0.0,0.0,1.0,Non-Buzzer
ekawicaksana,ekawicaksana,ekawicaksana,0.0059159263037145,0.0053802351467311,3,0,0.4644,0.3333333333333333,1.0,8.0,1.0,Non-Buzzer
eldidito,eldidito,eldidito,0.0009973366977646,0.0009973366977646,1,0,0.359,1.0,0.0,0.0,1.0,Non-Buzzer
emptyspacerant,emptyspacerant,emptyspacerant,0.0015652887523174,0.0015652887523174,1,0,0.3886,1.0,0.0,0.0,1.0,Non-Buzzer
emulapor,emulapor,emulapor,0.0067332754842936,0.0062606986612081,2,0,0.6021,0.5,0.0,0.0,1.0,Non-Buzzer
enilesram,enilesram,enilesram,0.0020913579501211,0.0020913579501211,1,0,0.2671,1.0,1.0,0.0,1.0,Non-Buzzer
enjzuu,enjzuu,enjzuu,0.0100417966023087,0.0100417966023087,1,0,0.5687,1.0,0.0,0.0,1.0,Non-Buzzer
eonoeonoe,eonoeonoe,eonoeonoe,0.0023749526590108,0.0017310478724539,2,0,0.4036,1.0,0.0,0.0,2.0,Non-Buzzer
erwinhbr9us,erwinhbr9us,erwinhbr9us,0.7212255597114563,0.7212255597114563,1,0,0.3866,1.0,0.0,0.0,1.0,Non-Buzzer
esbique_,esbique_,esbique_,0.0035256221890449,0.0035256221890449,1,0,0.3703,1.0,1.0,0.0,1.0,Non-Buzzer
esp_sevens,esp_sevens,esp_sevens,0.0099726654589176,0.0099726654589176,1,0,0.4866,1.0,0.0,0.0,1.0,Non-Buzzer
etisulastr17672,etisulastr17672,etisulastr17672,0.8532411456108093,0.8532411456108093,1,1,0.4181,1.0,0.0,0.0,1.0,Buzzer
exewriyan,exewriyan,exewriyan,0.0026904933620244,0.0026904933620244,1,0,0.3269,1.0,0.0,0.0,1.0,Non-Buzzer
fadhilnhaa,fadhilnhaa,fadhilnhaa,0.0090352399274706,0.0090352399274706,1,0,0.6668,1.0,1.0,0.0,1.0,Non-Buzzer
fareasy96,fareasy96,fareasy96,0.0467669554054737,0.0207194704562425,5,0,0.4357,0.4,3.0,2.0,2.0,Non-Buzzer
farkiw_,farkiw_,farkiw_,0.0009294535266235,0.0009294535266235,1,0,0.3754,1.0,1.0,0.0,1.0,Non-Buzzer
fathanmsatria,fathanmsatria,fathanmsatria,0.0033211600966751,0.0033211600966751,1,0,0.6662,1.0,1.0,0.0,1.0,Non-Buzzer
fayn57,fayn57,fayn57,0.0018885273020714,0.0018885273020714,1,0,0.2241,1.0,1.0,0.0,1.0,Non-Buzzer
feelingfluky,feelingfluky,feelingfluky,0.0042649423703551,0.0042649423703551,1,0,0.8368,1.0,0.0,0.0,1.0,Non-Buzzer
feliscxtus,feliscxtus,feliscxtus,0.0147813037037849,0.0147813037037849,1,0,0.7725,1.0,0.0,0.0,1.0,Non-Buzzer
feromonguy,feromonguy,feromonguy,0.0027502481825649,0.0027502481825649,1,0,0.4797,1.0,0.0,0.0,1.0,Non-Buzzer
ferrdihidayat,ferrdihidayat,ferrdihidayat,0.0058023915626108,0.0058023915626108,1,0,0.7287,1.0,1.0,0.0,1.0,Non-Buzzer
ferryandka,ferryandka,ferryandka,0.0037922949995845,0.0037922949995845,1,0,0.277,1.0,1.0,0.0,1.0,Non-Buzzer
ferrykoto,ferrykoto,ferrykoto,0.4639706611633301,0.2336019426584243,2,0,1.0,0.5,0.0,23.0,1.0,Non-Buzzer
fialamsyah,fialamsyah,fialamsyah,0.0048326244577765,0.0048326244577765,1,0,0.4221,1.0,0.0,0.0,1.0,Non-Buzzer
fibraaaay,fibraaaay,fibraaaay,0.0083477655425667,0.0083477655425667,1,0,1.0,1.0,1.0,0.0,1.0,Non-Buzzer
fireplayblaze,fireplayblaze,fireplayblaze,0.0048239291645586,0.0048239291645586,1,0,0.4605,1.0,0.0,0.0,1.0,Non-Buzzer
fizzzzyyyyyyy,fizzzzyyyyyyy,fizzzzyyyyyyy,0.0021384432911872,0.0020940084941685,2,0,0.3844,0.5,2.0,1.0,1.0,Non-Buzzer
fleurishism,fleurishism,fleurishism,0.0144244395196437,0.0144244395196437,1,0,0.469,1.0,0.0,0.0,1.0,Non-Buzzer
foolyyn,foolyyn,foolyyn,0.0029113725759088,0.0029113725759088,1,0,0.628,1.0,0.0,0.0,1.0,Non-Buzzer
foppy_7,foppy_7,foppy_7,0.0009716691565699,0.0009716691565699,1,0,0.381,1.0,1.0,0.0,1.0,Non-Buzzer
fragmentedraven,fragmentedraven,fragmentedraven,0.0125556290149688,0.0125556290149688,1,0,1.0,1.0,0.0,0.0,1.0,Non-Buzzer
fraviato,fraviato,fraviato,0.8426336646080017,0.4249162375926971,2,0,0.3312,0.5,2.0,1.0,1.0,Non-Buzzer
fredywaw,fredywaw,fredywaw,0.0238515306264162,0.0238515306264162,1,0,0.5522,1.0,0.0,0.0,1.0,Non-Buzzer
freqtions,freqtions,freqtions,0.0028488445095717,0.0028488445095717,1,0,0.3962,1.0,1.0,0.0,1.0,Non-Buzzer
freshsqueezeorg,freshsqueezeorg,freshsqueezeorg,0.6848065257072449,0.2396316081285476,3,0,0.447,0.3333333333333333,2.0,0.0,1.0,Non-Buzzer
fuckchmstry,fuckchmstry,fuckchmstry,0.3653451800346374,0.1308322250843048,3,0,0.448,0.6666666666666666,1.0,0.0,2.0,Non-Buzzer
futuretecnokrat,futuretecnokrat,futuretecnokrat,0.0588286630809307,0.0588286630809307,1,0,0.2637,1.0,0.0,0.0,1.0,Non-Buzzer
g00dfella__,g00dfella__,g00dfella__,0.0009277985664084,0.0009277985664084,1,0,0.361,1.0,0.0,0.0,1.0,Non-Buzzer
galih_dea,galih_dea,galih_dea,0.0023265823256224,0.0023265823256224,1,0,0.3148,1.0,0.0,0.0,1.0,Non-Buzzer
galtzarr,galtzarr,galtzarr,0.0235049221664667,0.0128582967445254,2,0,0.4457,1.0,0.0,0.0,2.0,Non-Buzzer
gaptekbet,gaptekbet,gaptekbet,0.0021395455114543,0.0021395455114543,1,0,0.3877,1.0,0.0,0.0,1.0,Non-Buzzer
garmenputus,garmenputus,garmenputus,0.0012506585335358,0.0012506585335358,1,0,0.5017,1.0,0.0,0.0,1.0,Non-Buzzer
gbfonry,gbfonry,gbfonry,0.004124270286411,0.004124270286411,1,0,0.0,1.0,1.0,0.0,1.0,Non-Buzzer
geicilikechips,geicilikechips,geicilikechips,0.0029080135282129,0.0029080135282129,1,0,0.2774,1.0,0.0,0.0,1.0,Non-Buzzer
gerbongbagasi,gerbongbagasi,gerbongbagasi,0.3416654765605926,0.3416654765605926,1,0,1.0,1.0,1.0,0.0,1.0,Non-Buzzer
gillsevensense,gillsevensense,gillsevensense,0.0231469459831714,0.0231469459831714,1,0,0.6607,1.0,0.0,0.0,1.0,Non-Buzzer
girumon16,girumon16,girumon16,0.0021536680869758,0.0021536680869758,1,0,0.7725,1.0,0.0,0.0,1.0,Non-Buzzer
godbusycanihelp,godbusycanihelp,godbusycanihelp,0.0013163471594452,0.0013163471594452,1,0,0.6158,1.0,0.0,0.0,1.0,Non-Buzzer
goeli3,goeli3,goeli3,0.0013607563450932,0.0013607563450932,1,0,0.3316,1.0,0.0,0.0,1.0,Non-Buzzer
goldensunfyre,goldensunfyre,goldensunfyre,0.0040364400483667,0.0040364400483667,1,0,0.4052,1.0,0.0,0.0,1.0,Non-Buzzer
grieuver,grieuver,grieuver,0.0034732476342469,0.0034732476342469,1,0,0.4928,1.0,0.0,0.0,1.0,Non-Buzzer
groflokash,groflokash,groflokash,0.0014845782425254,0.0014845782425254,1,0,0.3969,1.0,0.0,0.0,1.0,Non-Buzzer
grok,grok,grok,0.879378616809845,0.479360282421112,2,1,0.5305,0.5,2.0,0.0,1.0,Buzzer
gungdala,gungdala,gungdala,0.0010750520741567,0.0010750520741567,1,0,0.3823,1.0,0.0,0.0,1.0,Non-Buzzer
gunnersbald,gunnersbald,gunnersbald,0.0223803669214248,0.0189653392881155,2,0,0.5431,1.0,0.0,0.0,2.0,Non-Buzzer
gusaaarrr,gusaaarrr,gusaaarrr,0.0163761358708143,0.0163761358708143,1,0,0.531,1.0,1.0,0.0,1.0,Non-Buzzer
gygaamerta,gygaamerta,gygaamerta,0.0084473481401801,0.0062222983688116,2,0,0.5047,0.5,0.0,0.0,1.0,Non-Buzzer
hadehhalah,hadehhalah,hadehhalah,0.0011334345908835,0.0011334345908835,1,0,0.3712,1.0,1.0,0.0,1.0,Non-Buzzer
haenetizen,haenetizen,haenetizen,0.0007970214937813,0.0007970214937813,1,0,0.3362,1.0,1.0,0.0,1.0,Non-Buzzer
hakeruuu,hakeruuu,hakeruuu,0.2248888611793518,0.2248888611793518,1,0,0.5763,1.0,0.0,0.0,1.0,Non-Buzzer
hanadee_20,hanadee_20,hanadee_20,0.0211979076266288,0.0211979076266288,1,0,0.5877,1.0,0.0,0.0,1.0,Non-Buzzer
harist_ixcents,harist_ixcents,harist_ixcents,0.0166340842843055,0.006148774176836,4,0,0.3701,0.5,1.0,1.0,2.0,Non-Buzzer
haritstoteles_,haritstoteles_,haritstoteles_,0.0010448471875861,0.0010448471875861,1,0,0.4049,1.0,0.0,0.0,1.0,Non-Buzzer
hejokayang,hejokayang,hejokayang,0.0011483978014439,0.0011483978014439,1,0,0.0,1.0,0.0,0.0,1.0,Non-Buzzer
hhiimmeell,hhiimmeell,hhiimmeell,0.0008674745331518,0.0008674745331518,1,0,0.0,1.0,1.0,0.0,1.0,Non-Buzzer
hi_bagus,hi_bagus,hi_bagus,0.0018380903638899,0.0018380903638899,1,0,0.3518,1.0,1.0,0.0,1.0,Non-Buzzer
hilizme,hilizme,hilizme,0.0011676513822749,0.0011676513822749,1,0,0.3296,1.0,1.0,0.0,1.0,Non-Buzzer
hilyazu,hilyazu,hilyazu,0.99793940782547,0.5049821138381958,5,2,0.7613,0.8,4.0,0.0,4.0,Buzzer
hiseyyno,hiseyyno,hiseyyno,0.018991220742464,0.018991220742464,1,0,0.5726,1.0,0.0,0.0,1.0,Non-Buzzer
hklrzki,hklrzki,hklrzki,0.0052417372353374,0.0030762793030589,2,0,0.3828,1.0,1.0,0.0,2.0,Non-Buzzer
honglungitis,honglungitis,honglungitis,0.0097798537462949,0.0097798537462949,1,0,0.0,1.0,1.0,0.0,1.0,Non-Buzzer
hosjou,hosjou,hosjou,0.0054558194242417,0.0054558194242417,1,0,0.2524,1.0,0.0,0.0,1.0,Non-Buzzer
hotgamer132,hotgamer132,hotgamer132,0.0029857985209673,0.0029857985209673,1,0,0.3566,1.0,0.0,0.0,1.0,Non-Buzzer
hrdbacot,hrdbacot,hrdbacot,0.0058298148214817,0.0058298148214817,1,0,0.3782,1.0,1.0,0.0,1.0,Non-Buzzer
hrenyue,hrenyue,hrenyue,0.0190883316099643,0.0190883316099643,1,0,0.6665,1.0,0.0,0.0,1.0,Non-Buzzer
hydarnus,hydarnus,hydarnus,0.3665811419486999,0.1920145601034164,2,0,0.5321,0.5,0.0,0.0,1.0,Non-Buzzer
iSatrio,iSatrio,iSatrio,0.0009773741476237,0.0009773741476237,1,0,0.2261,1.0,0.0,0.0,1.0,Non-Buzzer
iam__stanis,iam__stanis,iam__stanis,0.0055834213271737,0.0055834213271737,1,0,0.6021,1.0,0.0,0.0,1.0,Non-Buzzer
iambayu48,iambayu48,iambayu48,0.002615975914523,0.002615975914523,1,0,0.3697,1.0,1.0,0.0,1.0,Non-Buzzer
ianalvan95,ianalvan95,ianalvan95,0.0055675376206636,0.0055675376206636,1,0,0.4357,1.0,1.0,0.0,1.0,Non-Buzzer
ianrswld,ianrswld,ianrswld,0.0689461827278137,0.0390915870666503,2,0,0.4157,0.5,1.0,0.0,1.0,Non-Buzzer
ibnukazuyal,ibnukazuyal,ibnukazuyal,0.0396975763142108,0.0204676557332277,4,0,0.4424,0.5,2.0,0.0,2.0,Non-Buzzer
ichaciing,ichaciing,ichaciing,0.0789063572883606,0.0789063572883606,1,0,0.3589,1.0,0.0,0.0,1.0,Non-Buzzer
idlanyer_erdna,idlanyer_erdna,idlanyer_erdna,0.8159705400466919,0.8159705400466919,1,0,0.435,1.0,0.0,0.0,1.0,Non-Buzzer
ikaikuikok,ikaikuikok,ikaikuikok,0.9980656504631042,0.9429407119750975,3,3,0.5278,0.6666666666666666,2.0,0.0,2.0,Buzzer
ikanhane,ikanhane,ikanhane,0.0028572999872267,0.0028572999872267,1,0,0.292,1.0,0.0,0.0,1.0,Non-Buzzer
ikanterbang663,ikanterbang663,ikanterbang663,0.0070365159772336,0.0070365159772336,1,0,0.4332,1.0,0.0,0.0,1.0,Non-Buzzer
ilikeAK_47,ilikeAK_47,ilikeAK_47,0.9771741032600404,0.9771741032600404,1,1,0.9376,1.0,0.0,0.0,1.0,Buzzer
imamanbru,imamanbru,imamanbru,0.0009866782929748,0.0009866782929748,1,0,0.3896,1.0,0.0,0.0,1.0,Non-Buzzer
impulsivelymee,impulsivelymee,impulsivelymee,0.0039474088698625,0.0039474088698625,1,0,1.0,1.0,0.0,0.0,1.0,Non-Buzzer
imthaitea,imthaitea,imthaitea,0.0009716691565699,0.0009716691565699,1,0,0.3879,1.0,1.0,0.0,1.0,Non-Buzzer
inabujank,inabujank,inabujank,0.0013701936695724,0.0013701936695724,1,0,0.9098,1.0,0.0,0.0,1.0,Non-Buzzer
indahsarii54648,indahsarii54648,indahsarii54648,0.998689353466034,0.515976071357727,4,2,0.7025,0.75,3.0,0.0,3.0,Buzzer
indomiegrgsate,indomiegrgsate,indomiegrgsate,0.0015421749558299,0.0015421749558299,1,0,0.2967,1.0,1.0,0.0,1.0,Non-Buzzer
indonesiago_id,indonesiago_id,indonesiago_id,0.977818727493286,0.4895870685577392,2,1,0.5965,1.0,0.0,0.0,2.0,Buzzer
inimahjapran,inimahjapran,inimahjapran,0.0894073620438575,0.0894073620438575,1,0,0.5353,1.0,1.0,0.0,1.0,Non-Buzzer
istrinyanaga,istrinyanaga,istrinyanaga,0.0361682511866092,0.0361682511866092,1,0,0.467,1.0,0.0,0.0,1.0,Non-Buzzer
istriphainon5,istriphainon5,istriphainon5,0.0015108451480045,0.0015108451480045,1,0,0.2719,1.0,1.0,0.0,1.0,Non-Buzzer
itsD_037,itsD_037,itsD_037,0.0015833082143217,0.0015833082143217,1,0,0.4298,1.0,0.0,0.0,1.0,Non-Buzzer
its_arleigh,its_arleigh,its_arleigh,0.0017155085224658,0.0017155085224658,1,0,0.447,1.0,1.0,0.0,1.0,Non-Buzzer
its_me_zhafran,its_me_zhafran,its_me_zhafran,0.0017514460487291,0.0017514460487291,1,0,0.3634,1.0,1.0,0.0,1.0,Non-Buzzer
itsfbpr89,itsfbpr89,itsfbpr89,0.0019357815617695,0.0019357815617695,1,0,0.3384,1.0,1.0,0.0,1.0,Non-Buzzer
itsgenky,itsgenky,itsgenky,0.0400314591825008,0.0400314591825008,1,0,1.0,1.0,0.0,0.0,1.0,Non-Buzzer
itskadeks,itskadeks,itskadeks,0.0008148001506924,0.0008148001506924,1,0,0.2736,1.0,0.0,0.0,1.0,Non-Buzzer
ivanws88,ivanws88,ivanws88,0.0076686358079314,0.0076686358079314,1,0,0.5029,1.0,1.0,0.0,1.0,Non-Buzzer
ivosdementia,ivosdementia,ivosdementia,0.0071735670790076,0.0071735670790076,1,0,0.455,1.0,0.0,0.0,1.0,Non-Buzzer
j1mboo23,j1mboo23,j1mboo23,0.0010764386970549,0.0010764386970549,1,0,0.5855,1.0,1.0,0.0,1.0,Non-Buzzer
jakasrinugraha4,jakasrinugraha4,jakasrinugraha4,0.0008857601787894,0.0008857601787894,1,0,0.0,1.0,0.0,0.0,1.0,Non-Buzzer
jamal8204,jamal8204,jamal8204,0.1376356035470962,0.1376356035470962,1,0,0.3141,1.0,1.0,0.0,1.0,Non-Buzzer
javafeedsss,javafeedsss,javafeedsss,0.0040675001218914,0.0036205884534865,2,0,0.4021,0.5,2.0,0.0,1.0,Non-Buzzer
jawapos,jawapos,jawapos,0.0016400924650952,0.0016400924650952,1,0,0.3576,1.0,0.0,0.0,1.0,Non-Buzzer
jayadiakbar_,jayadiakbar_,jayadiakbar_,0.0010381403844803,0.0010381403844803,1,0,0.3559,1.0,0.0,0.0,1.0,Non-Buzzer
jeki_the_pirate,jeki_the_pirate,jeki_the_pirate,0.0094120074063539,0.0094120074063539,1,0,0.3396,1.0,0.0,0.0,1.0,Non-Buzzer
jimans_,jimans_,jimans_,0.0011735220905393,0.0011735220905393,1,0,0.347,1.0,0.0,0.0,1.0,Non-Buzzer
jinowra,jinowra,jinowra,0.0008857601787894,0.0008857601787894,1,0,0.0,1.0,0.0,0.0,1.0,Non-Buzzer
jneejin,jneejin,jneejin,0.0033063073642551,0.0033063073642551,1,0,1.0,1.0,0.0,0.0,1.0,Non-Buzzer
joyminzip,joyminzip,joyminzip,0.0217331051826477,0.0217331051826477,1,0,0.4806,1.0,0.0,0.0,1.0,Non-Buzzer
kaikurogane25,kaikurogane25,kaikurogane25,0.0042192908003926,0.0029997900128364,3,0,0.4078,0.6666666666666666,0.0,0.0,2.0,Non-Buzzer
kaitou_kicks,kaitou_kicks,kaitou_kicks,0.0009122728952206,0.0009122728952206,1,0,0.2364,1.0,1.0,0.0,1.0,Non-Buzzer
kaiz_shikikan,kaiz_shikikan,kaiz_shikikan,0.001133031444624,0.001133031444624,1,0,0.7982,1.0,0.0,0.0,1.0,Non-Buzzer
kararynn,kararynn,kararynn,0.0019068071851506,0.0019068071851506,1,0,0.3069,1.0,0.0,0.0,1.0,Non-Buzzer
karz_sept,karz_sept,karz_sept,0.0209810473024845,0.011568333953619,2,0,0.373,1.0,2.0,0.0,2.0,Non-Buzzer
kazuugi,kazuugi,kazuugi,0.0015467022312805,0.0015467022312805,1,0,0.4199,1.0,0.0,0.0,1.0,Non-Buzzer
keisukeiblue,keisukeiblue,keisukeiblue,0.0045700706541538,0.0045700706541538,1,0,0.2834,1.0,1.0,0.0,1.0,Non-Buzzer
kejoraseruni,kejoraseruni,kejoraseruni,0.0024997531436383,0.0024997531436383,1,0,0.4,1.0,0.0,0.0,1.0,Non-Buzzer
kenarpramodana,kenarpramodana,kenarpramodana,0.011310857720673,0.011310857720673,1,0,0.6158,1.0,0.0,0.0,1.0,Non-Buzzer
kenjay_,kenjay_,kenjay_,0.0017571243224665,0.0017571243224665,1,0,0.4139,1.0,0.0,0.0,1.0,Non-Buzzer
kerissakti,kerissakti,kerissakti,0.187404453754425,0.1269323676824569,3,0,1.0,0.6666666666666666,2.0,24.0,2.0,Non-Buzzer
kerjosurvey,kerjosurvey,kerjosurvey,0.9062095880508424,0.9062095880508424,1,1,0.9539,1.0,0.0,0.0,1.0,Buzzer
kevinabscratch,kevinabscratch,kevinabscratch,0.0009774924255907,0.0009774924255907,1,0,0.0,1.0,1.0,0.0,1.0,Non-Buzzer
kikkawa_kinji84,kikkawa_kinji84,kikkawa_kinji84,0.0030892617069184,0.0030892617069184,1,0,0.2794,1.0,1.0,0.0,1.0,Non-Buzzer
kindahao,kindahao,kindahao,0.001242424477823,0.001242424477823,1,0,0.9098,1.0,0.0,0.0,1.0,Non-Buzzer
klawd___,klawd___,klawd___,0.0010947545524686,0.0010947545524686,1,0,0.3882,1.0,0.0,0.0,1.0,Non-Buzzer
knightmuro,knightmuro,knightmuro,0.0269993916153907,0.0216901060193777,2,0,0.4865,0.5,2.0,0.0,1.0,Non-Buzzer
koabenk,koabenk,koabenk,0.0012068459764122,0.0012068459764122,1,0,0.5687,1.0,0.0,0.0,1.0,Non-Buzzer
kocakterus88,kocakterus88,kocakterus88,0.0024366052821278,0.0024366052821278,1,0,0.357,1.0,0.0,0.0,1.0,Non-Buzzer
koounde,koounde,koounde,0.0306443031877279,0.0306443031877279,1,0,0.3063,1.0,0.0,0.0,1.0,Non-Buzzer
kopeyy,kopeyy,kopeyy,0.0008459995733574,0.0008459995733574,1,0,0.2559,1.0,0.0,0.0,1.0,Non-Buzzer
kopikasir,kopikasir,kopikasir,0.0230072382837533,0.0230072382837533,1,0,0.8577,1.0,0.0,0.0,1.0,Non-Buzzer
kopisusu73,kopisusu73,kopisusu73,0.0026851859875023,0.0026851859875023,1,0,0.7671,1.0,0.0,0.0,1.0,Non-Buzzer
krisnaardis,krisnaardis,krisnaardis,0.0011619759025052,0.0011619759025052,1,0,0.5862,1.0,0.0,0.0,1.0,Non-Buzzer
kuda_melenting,kuda_melenting,kuda_melenting,0.0021728023421019,0.0021728023421019,1,0,0.3885,1.0,0.0,0.0,1.0,Non-Buzzer
kukuhya,kukuhya,kukuhya,0.0147267244756221,0.0147267244756221,1,0,0.4833,1.0,0.0,28.0,1.0,Non-Buzzer
kurmiked,kurmiked,kurmiked,0.0011885642306879,0.0011885642306879,1,0,0.5499,1.0,1.0,0.0,1.0,Non-Buzzer
kusaritari,kusaritari,kusaritari,0.003335437271744,0.003335437271744,1,0,0.5246,1.0,1.0,0.0,1.0,Non-Buzzer
kyobiiii,kyobiiii,kyobiiii,0.0012730712769553,0.0012730712769553,1,0,0.4015,1.0,0.0,0.0,1.0,Non-Buzzer
lalaskibo,lalaskibo,lalaskibo,0.0007970214937813,0.0007970214937813,1,0,0.3606,1.0,1.0,0.0,1.0,Non-Buzzer
lancashire1878_,lancashire1878_,lancashire1878_,0.0010948871495202,0.0010948871495202,1,0,0.3881,1.0,1.0,1.0,1.0,Non-Buzzer
langitsenayan,langitsenayan,langitsenayan,0.0023148606996983,0.0023148606996983,1,0,0.4705,1.0,0.0,0.0,1.0,Non-Buzzer
leonthecatto,leonthecatto,leonthecatto,0.0069011119194328,0.0044283266179263,2,0,0.5475,0.5,1.0,0.0,1.0,Non-Buzzer
lezmanaandhika,lezmanaandhika,lezmanaandhika,0.0100880153477191,0.0100880153477191,1,0,0.4308,1.0,1.0,0.0,1.0,Non-Buzzer
lilwrenchz,lilwrenchz,lilwrenchz,0.0013991418527439,0.0013991418527439,1,0,0.7111,1.0,0.0,0.0,1.0,Non-Buzzer
lina_fajri737,lina_fajri737,lina_fajri737,0.8611599206924438,0.8611599206924438,1,1,1.0,1.0,0.0,0.0,1.0,Buzzer
luctvie,luctvie,luctvie,0.0018187229288741,0.0018187229288741,2,0,0.8165,0.5,0.0,0.0,1.0,Non-Buzzer
madeltangapung,madeltangapung,madeltangapung,0.0054569374769926,0.0044880108907818,2,0,0.4817,0.5,0.0,2.0,1.0,Non-Buzzer
madshiraa,madshiraa,madshiraa,0.0013685452286154,0.0013685452286154,1,0,0.3831,1.0,0.0,0.0,1.0,Non-Buzzer
makanindomie3,makanindomie3,makanindomie3,0.0059855366125702,0.0059855366125702,1,0,0.4305,1.0,0.0,0.0,1.0,Non-Buzzer
makominato,makominato,makominato,0.0011619759025052,0.0011619759025052,1,0,0.5778,1.0,0.0,0.0,1.0,Non-Buzzer
mamank_garoxz,mamank_garoxz,mamank_garoxz,0.0008674745331518,0.0008674745331518,1,0,0.0,1.0,1.0,0.0,1.0,Non-Buzzer
mamooarts,mamooarts,mamooarts,0.001832690089941,0.001832690089941,1,0,0.3228,1.0,0.0,0.0,1.0,Non-Buzzer
marcenalius,marcenalius,marcenalius,0.2536677420139313,0.2536677420139313,1,0,0.4775,1.0,1.0,0.0,1.0,Non-Buzzer
markucal,markucal,markucal,0.001133031444624,0.001133031444624,1,0,0.776,1.0,0.0,0.0,1.0,Non-Buzzer
martedws,martedws,martedws,0.0393216051161289,0.0393216051161289,1,0,0.6124,1.0,0.0,0.0,1.0,Non-Buzzer
marufin865168,marufin865168,marufin865168,0.940000295639038,0.940000295639038,1,1,0.9527,1.0,0.0,0.0,1.0,Buzzer
mas_ittou,mas_ittou,mas_ittou,0.0021335575729608,0.0021335575729608,1,0,0.2416,1.0,0.0,0.0,1.0,Non-Buzzer
mas_panas70450,mas_panas70450,mas_panas70450,0.0018237655749544,0.0018237655749544,1,0,0.338,1.0,0.0,0.0,1.0,Non-Buzzer
masgah_,masgah_,masgah_,0.8484617471694946,0.2918591499328613,3,0,0.5364,0.6666666666666666,0.0,0.0,2.0,Non-Buzzer
maulanazhrn,maulanazhrn,maulanazhrn,0.0109103983268141,0.0109103983268141,1,0,0.4439,1.0,0.0,0.0,1.0,Non-Buzzer
mediaindonesia,mediaindonesia,mediaindonesia,0.0025004227645695,0.0025004227645695,1,0,0.4148,1.0,0.0,0.0,1.0,Non-Buzzer
mefuri_k,mefuri_k,mefuri_k,0.0175038650631904,0.0175038650631904,1,0,0.4067,1.0,0.0,0.0,1.0,Non-Buzzer
meimeiajadeh,meimeiajadeh,meimeiajadeh,0.0064535336568951,0.0038707698695361,2,0,0.595,1.0,0.0,0.0,2.0,Non-Buzzer
melekmedia,melekmedia,melekmedia,0.0192828755825757,0.0093669993802905,3,0,0.4489,0.3333333333333333,0.0,0.0,1.0,Non-Buzzer
melonacake,melonacake,melonacake,0.00887315813452,0.00887315813452,1,0,0.6679,1.0,0.0,0.0,1.0,Non-Buzzer
mencaridaratan,mencaridaratan,mencaridaratan,0.0284481886774301,0.0162218492478132,2,0,0.6022,1.0,0.0,0.0,2.0,Non-Buzzer
mesheviksus2,mesheviksus2,mesheviksus2,0.0010611694306135,0.0010611694306135,1,0,0.3395,1.0,0.0,0.0,1.0,Non-Buzzer
mgyanm,mgyanm,mgyanm,0.0022533240262418,0.0022533240262418,1,0,0.3463,1.0,1.0,0.0,1.0,Non-Buzzer
mhn_ziziz,mhn_ziziz,mhn_ziziz,0.0021162279881536,0.0021162279881536,1,0,0.4754,1.0,0.0,0.0,1.0,Non-Buzzer
mhuseinali,mhuseinali,mhuseinali,0.001913379644975,0.001913379644975,1,0,0.2464,1.0,0.0,6.0,1.0,Non-Buzzer
minazuki_ame,minazuki_ame,minazuki_ame,0.0010196164948865,0.0010196164948865,1,0,0.2231,1.0,0.0,0.0,1.0,Non-Buzzer
mingdinkiw,mingdinkiw,mingdinkiw,0.0014923128765076,0.0014923128765076,1,0,0.2786,1.0,1.0,0.0,1.0,Non-Buzzer
mini_niwdir,mini_niwdir,mini_niwdir,0.0043612490408122,0.0043612490408122,1,0,0.2742,1.0,1.0,0.0,1.0,Non-Buzzer
mintozaki75,mintozaki75,mintozaki75,0.9946485161781312,0.7226817011833191,3,1,0.5565,1.0,2.0,0.0,3.0,Buzzer
mirasupermii,mirasupermii,mirasupermii,0.00272675184533,0.00272675184533,1,0,0.5888,1.0,0.0,0.0,1.0,Non-Buzzer
mirfan_16,mirfan_16,mirfan_16,0.0983563512563705,0.0983563512563705,1,0,0.4249,1.0,1.0,0.0,1.0,Non-Buzzer
misterx_9945613,misterx_9945613,misterx_9945613,0.0025477865710854,0.0024869400076568,2,0,0.4057,1.0,1.0,0.0,2.0,Non-Buzzer
miyoomiyoo7,miyoomiyoo7,miyoomiyoo7,0.0100105367600917,0.0100105367600917,1,0,0.5047,1.0,1.0,0.0,1.0,Non-Buzzer
mldlyc,mldlyc,mldlyc,0.0135515192523598,0.0135515192523598,1,0,0.4907,1.0,0.0,0.0,1.0,Non-Buzzer
mniirtjak,mniirtjak,mniirtjak,0.9542719721794128,0.9542719721794128,1,1,1.0,1.0,0.0,0.0,1.0,Buzzer
mochf_,mochf_,mochf_,0.2219427525997162,0.2219427525997162,1,0,0.4475,1.0,1.0,0.0,1.0,Non-Buzzer
mog_mediaa,mog_mediaa,mog_mediaa,0.0009245168184861,0.0009245168184861,1,0,0.2555,1.0,0.0,20.0,1.0,Non-Buzzer
monstreza,monstreza,monstreza,0.0008051900076679,0.0008051900076679,1,0,0.3173,1.0,1.0,0.0,1.0,Non-Buzzer
morpiggg,morpiggg,morpiggg,0.0058564115315675,0.0058564115315675,1,0,0.5562,1.0,1.0,0.0,1.0,Non-Buzzer
mpandu_nky,mpandu_nky,mpandu_nky,0.9864250421524048,0.9553939700126648,2,2,0.3798,1.0,2.0,0.0,2.0,Buzzer
mrplent21,mrplent21,mrplent21,0.9932498931884766,0.9932498931884766,1,1,0.5709,1.0,0.0,0.0,1.0,Buzzer
msl1896,msl1896,msl1896,0.0011692038970068,0.0011692038970068,1,0,0.2969,1.0,1.0,0.0,1.0,Non-Buzzer
mtiarasptika,mtiarasptika,mtiarasptika,0.0183526929467916,0.0183526929467916,1,0,0.7266,1.0,0.0,0.0,1.0,Non-Buzzer
mudha_asmara,mudha_asmara,mudha_asmara,0.0009657623595558,0.0009657623595558,1,0,0.3215,1.0,0.0,0.0,1.0,Non-Buzzer
myouiminskuy,myouiminskuy,myouiminskuy,0.0008857483044266,0.0008857483044266,1,0,0.3633,1.0,0.0,0.0,1.0,Non-Buzzer
myshawti,myshawti,myshawti,0.0086164437234401,0.0086164437234401,1,0,0.4279,1.0,0.0,0.0,1.0,Non-Buzzer
naarawikuY,naarawikuY,naarawikuY,0.0040544555522501,0.0040544555522501,1,0,0.2618,1.0,0.0,0.0,1.0,Non-Buzzer
nabawhy,nabawhy,nabawhy,0.0024724407121539,0.0024724407121539,1,0,0.3668,1.0,1.0,0.0,1.0,Non-Buzzer
naeraeirene,naeraeirene,naeraeirene,0.0008051900076679,0.0008051900076679,1,0,0.3295,1.0,1.0,1.0,1.0,Non-Buzzer
nakanom42,nakanom42,nakanom42,0.0065377159044146,0.0065377159044146,1,0,0.2305,1.0,0.0,0.0,1.0,Non-Buzzer
nanovond,nanovond,nanovond,0.0090529667213559,0.0084404740482568,2,0,0.328,0.5,0.0,0.0,1.0,Non-Buzzer
natsuhikoaki,natsuhikoaki,natsuhikoaki,0.0033747209236025,0.0033747209236025,1,0,0.4656,1.0,0.0,0.0,1.0,Non-Buzzer
naufalfauzan,naufalfauzan,naufalfauzan,0.1369630545377731,0.1369630545377731,1,0,0.5159,1.0,0.0,0.0,1.0,Non-Buzzer
nd_haryo,nd_haryo,nd_haryo,0.0050952425226569,0.0050952425226569,1,0,0.4184,1.0,1.0,1.0,1.0,Non-Buzzer
neitee,neitee,neitee,0.5840398073196411,0.2926496565341949,2,0,0.3735,0.5,1.0,0.0,1.0,Non-Buzzer
nenganchi,nenganchi,nenganchi,0.0067312414757907,0.0067312414757907,1,0,0.3344,1.0,1.0,0.0,1.0,Non-Buzzer
ngepetskuy,ngepetskuy,ngepetskuy,0.0021680840291082,0.0021680840291082,1,0,0.3625,1.0,0.0,0.0,1.0,Non-Buzzer
nhs_noctis,nhs_noctis,nhs_noctis,0.0010140631347894,0.0010140631347894,1,0,0.4048,1.0,0.0,0.0,1.0,Non-Buzzer
nikiritsu,nikiritsu,nikiritsu,0.0099378079175949,0.0099378079175949,1,0,0.5796,1.0,0.0,0.0,1.0,Non-Buzzer
nikonikoknee_,nikonikoknee_,nikonikoknee_,0.0048382459208369,0.0048382459208369,1,0,0.5972,1.0,1.0,0.0,1.0,Non-Buzzer
nipoonie,nipoonie,nipoonie,0.0197157133370637,0.010848244652152,2,0,0.6214,1.0,0.0,0.0,2.0,Non-Buzzer
no_octis,no_octis,no_octis,0.140452042222023,0.140452042222023,1,0,0.5384,1.0,0.0,0.0,1.0,Non-Buzzer
noircinder,noircinder,noircinder,0.0011703294003382,0.0011703294003382,1,0,0.6679,1.0,0.0,0.0,1.0,Non-Buzzer
nomnom382,nomnom382,nomnom382,0.0018155513098463,0.0018155513098463,1,0,0.3443,1.0,1.0,0.0,1.0,Non-Buzzer
nonmicin_,nonmicin_,nonmicin_,0.0952368676662445,0.0952368676662445,1,0,0.2801,1.0,1.0,0.0,1.0,Non-Buzzer
noone_n_nobody_,noone_n_nobody_,noone_n_nobody_,0.357174664735794,0.188861608505249,2,0,0.6978,0.5,2.0,0.0,1.0,Non-Buzzer
noviarguna72100,noviarguna72100,noviarguna72100,0.9977689981460572,0.7857537865638733,9,7,1.0,0.6666666666666666,7.0,0.0,6.0,Buzzer
novocannez,novocannez,novocannez,0.0028652942273765,0.0028652942273765,1,0,0.7287,1.0,0.0,0.0,1.0,Non-Buzzer
nrlfadila_,nrlfadila_,nrlfadila_,0.8875885009765625,0.8875885009765625,1,1,0.4796,1.0,0.0,0.0,1.0,Buzzer
nuckyeah_,nuckyeah_,nuckyeah_,0.0012068459764122,0.0012068459764122,1,0,0.5857,1.0,0.0,0.0,1.0,Non-Buzzer
nurizkaf96,nurizkaf96,nurizkaf96,0.005469269119203,0.005469269119203,1,0,0.3901,1.0,0.0,0.0,1.0,Non-Buzzer
odeng9222,odeng9222,odeng9222,0.9926319122314452,0.9926319122314452,1,1,0.604,1.0,0.0,0.0,1.0,Buzzer
ogyw1n,ogyw1n,ogyw1n,0.002641356550157,0.002641356550157,1,0,0.2907,1.0,0.0,0.0,1.0,Non-Buzzer
onyourtabs,onyourtabs,onyourtabs,0.0019485580269247,0.0019485580269247,1,0,0.3495,1.0,1.0,0.0,1.0,Non-Buzzer
opusabiemanyu23,opusabiemanyu23,opusabiemanyu23,0.827705979347229,0.827705979347229,1,0,0.7978,1.0,0.0,0.0,1.0,Non-Buzzer
orang_ngumpet,orang_ngumpet,orang_ngumpet,0.0268653165549039,0.0268653165549039,2,0,1.0,0.5,1.0,0.0,1.0,Non-Buzzer
orchaew,orchaew,orchaew,0.0076481034047901,0.0076481034047901,1,0,0.6389,1.0,0.0,0.0,1.0,Non-Buzzer
orpheuskaze,orpheuskaze,orpheuskaze,0.0019079153425991,0.0019079153425991,1,0,1.0,1.0,0.0,0.0,1.0,Non-Buzzer
oscartotango,oscartotango,oscartotango,0.0011792313307523,0.0011792313307523,1,0,0.4788,1.0,0.0,0.0,1.0,Non-Buzzer
p0litrick,p0litrick,p0litrick,0.7669126391410828,0.2938865721225738,3,0,0.7759,1.0,2.0,0.0,3.0,Non-Buzzer
paijokuro169599,paijokuro169599,paijokuro169599,0.6158434152603149,0.6158434152603149,1,0,1.0,1.0,1.0,0.0,1.0,Non-Buzzer
pajakocak,pajakocak,pajakocak,0.0011741213966161,0.0011741213966161,1,0,0.6146,1.0,1.0,0.0,1.0,Non-Buzzer
pajarsidik_,pajarsidik_,pajarsidik_,0.0128220589831471,0.0074869198724627,2,0,0.4358,0.5,1.0,0.0,1.0,Non-Buzzer
paling_anonim,paling_anonim,paling_anonim,0.0043066958896815,0.0043066958896815,1,0,0.4041,1.0,1.0,0.0,1.0,Non-Buzzer
pathethickidd,pathethickidd,pathethickidd,0.0153760304674506,0.0081371385604143,2,0,0.6794,1.0,0.0,0.0,2.0,Non-Buzzer
peter_parkour12,peter_parkour12,peter_parkour12,0.0573110915720462,0.024400545284152,3,0,0.628,1.0,0.0,0.0,3.0,Non-Buzzer
phoquebylife,phoquebylife,phoquebylife,0.0041333930566906,0.0041333930566906,1,0,0.3652,1.0,0.0,0.0,1.0,Non-Buzzer
pikachuasbun,pikachuasbun,pikachuasbun,0.0026319054886698,0.0026319054886698,1,0,0.3557,1.0,0.0,0.0,1.0,Non-Buzzer
pixelutep,pixelutep,pixelutep,0.0038863867521286,0.0038863867521286,1,0,0.6333,1.0,0.0,0.0,1.0,Non-Buzzer
pradeepk204,pradeepk204,pradeepk204,0.0007979353540576,0.0007979353540576,1,0,0.3209,1.0,0.0,0.0,1.0,Non-Buzzer
pretzelsyy,pretzelsyy,pretzelsyy,0.0009249282884411,0.0009249282884411,1,0,0.3108,1.0,0.0,0.0,1.0,Non-Buzzer
purityringgu,purityringgu,purityringgu,0.0865180790424346,0.0865180790424346,1,0,0.5988,1.0,1.0,0.0,1.0,Non-Buzzer
purwarupa3,purwarupa3,purwarupa3,0.0013504268135875,0.0013504268135875,1,0,0.3052,1.0,1.0,0.0,1.0,Non-Buzzer
quantaaa_,quantaaa_,quantaaa_,0.0056638089008629,0.0056638089008629,1,0,0.4447,1.0,1.0,0.0,1.0,Non-Buzzer
quatrevightdix,quatrevightdix,quatrevightdix,0.0031896147411316,0.0031896147411316,1,0,0.3109,1.0,0.0,0.0,1.0,Non-Buzzer
quis_alexi15970,quis_alexi15970,quis_alexi15970,0.0022475661244243,0.0022475661244243,1,0,0.2863,1.0,1.0,2.0,1.0,Non-Buzzer
r_oneand1,r_oneand1,r_oneand1,0.0020948080345988,0.0020948080345988,1,0,0.2892,1.0,0.0,0.0,1.0,Non-Buzzer
racunserudotcom,racunserudotcom,racunserudotcom,0.996613085269928,0.5058037042617798,2,1,0.5896,0.5,1.0,0.0,1.0,Buzzer
rahayu49384,rahayu49384,rahayu49384,0.9990552067756652,0.9922093749046326,6,6,0.6666,1.0,5.0,0.0,6.0,Buzzer
rahmi_syahid,rahmi_syahid,rahmi_syahid,0.0025235957000404,0.0025235957000404,1,0,0.7613,1.0,0.0,0.0,1.0,Non-Buzzer
rajesh_maliwal,rajesh_maliwal,rajesh_maliwal,0.001752542797476,0.001752542797476,1,0,0.381,1.0,1.0,0.0,1.0,Non-Buzzer
ramagedd0n,ramagedd0n,ramagedd0n,0.0096383979544043,0.0078343618661165,2,0,0.5796,0.5,1.0,0.0,1.0,Non-Buzzer
ranggaprp,ranggaprp,ranggaprp,0.0013078338233754,0.0013078338233754,1,0,0.3909,1.0,1.0,0.0,1.0,Non-Buzzer
ratihzatil1993,ratihzatil1993,ratihzatil1993,0.6228443384170532,0.6228443384170532,1,0,0.4237,1.0,1.0,0.0,1.0,Non-Buzzer
rayestu,rayestu,rayestu,0.0986534431576728,0.0521022751927375,2,0,0.3715,0.5,0.0,1.0,1.0,Non-Buzzer
rayzk46,rayzk46,rayzk46,0.0011470452882349,0.0011470452882349,1,0,0.5177,1.0,0.0,0.0,1.0,Non-Buzzer
rdagung_,rdagung_,rdagung_,0.0019357815617695,0.0019357815617695,1,0,0.3415,1.0,1.0,0.0,1.0,Non-Buzzer
refiandryy,refiandryy,refiandryy,0.9903240203857422,0.9903240203857422,1,1,0.7847,1.0,0.0,0.0,1.0,Buzzer
regredt,regredt,regredt,0.0029024744872003,0.0029024744872003,1,0,0.4649,1.0,0.0,0.0,1.0,Non-Buzzer
reiikooooooo,reiikooooooo,reiikooooooo,0.0044728238135576,0.0044728238135576,1,0,0.3275,1.0,0.0,0.0,1.0,Non-Buzzer
reinardstar,reinardstar,reinardstar,0.0995035842061042,0.0568824037909507,2,0,0.7475,1.0,0.0,0.0,2.0,Non-Buzzer
reinofmiracle,reinofmiracle,reinofmiracle,0.0038305961061269,0.0038305961061269,1,0,0.327,1.0,0.0,0.0,1.0,Non-Buzzer
rendrafrizal,rendrafrizal,rendrafrizal,0.0053211725316941,0.0040522655472159,2,0,0.528,1.0,1.0,0.0,2.0,Non-Buzzer
renggastoic,renggastoic,renggastoic,0.0015289774164557,0.0015289774164557,1,0,0.304,1.0,1.0,0.0,1.0,Non-Buzzer
reprimantum,reprimantum,reprimantum,0.0021857779938727,0.0021857779938727,1,0,0.3423,1.0,1.0,0.0,1.0,Non-Buzzer
rezatri07,rezatri07,rezatri07,0.0191204864531755,0.0191204864531755,1,0,0.2783,1.0,1.0,0.0,1.0,Non-Buzzer
rezimkeparatt,rezimkeparatt,rezimkeparatt,0.0025145725812762,0.0025145725812762,1,0,0.5269,1.0,0.0,0.0,1.0,Non-Buzzer
ridwanadit,ridwanadit,ridwanadit,0.0030249101109802,0.0030249101109802,1,0,0.2975,1.0,0.0,0.0,1.0,Non-Buzzer
rinimaulida008,rinimaulida008,rinimaulida008,0.997309684753418,0.9947659969329834,2,2,0.6822,1.0,1.0,0.0,2.0,Buzzer
risatonul,risatonul,risatonul,0.0018012372311204,0.0018012372311204,1,0,0.2432,1.0,0.0,0.0,1.0,Non-Buzzer
riverbenderr,riverbenderr,riverbenderr,0.0027485014870762,0.0027485014870762,1,0,0.5137,1.0,1.0,0.0,1.0,Non-Buzzer
riyoxreaper,riyoxreaper,riyoxreaper,0.0472680293023586,0.0472680293023586,1,0,0.3394,1.0,0.0,0.0,1.0,Non-Buzzer
rizaatta,rizaatta,rizaatta,0.0028454195708036,0.0028454195708036,1,0,0.6978,1.0,0.0,0.0,1.0,Non-Buzzer
rizkionalisme,rizkionalisme,rizkionalisme,0.0122692473232746,0.0070291873998939,2,0,0.3886,1.0,2.0,0.0,2.0,Non-Buzzer
rosyidsmile_net,rosyidsmile_net,rosyidsmile_net,0.04347974807024,0.04347974807024,1,0,0.3969,1.0,0.0,0.0,1.0,Non-Buzzer
rpr_zero2,rpr_zero2,rpr_zero2,0.0036688086111098,0.0036688086111098,1,0,0.3648,1.0,1.0,0.0,1.0,Non-Buzzer
rpramestaa12,rpramestaa12,rpramestaa12,0.998754382133484,0.9930469393730164,6,6,0.7423,0.6666666666666666,5.0,0.0,4.0,Buzzer
ruangKoosongg,ruangKoosongg,ruangKoosongg,0.0011703294003382,0.0011703294003382,1,0,0.7352,1.0,0.0,0.0,1.0,Non-Buzzer
rvbaharktik,rvbaharktik,rvbaharktik,0.0017892715986818,0.0017892715986818,1,0,0.3712,1.0,1.0,0.0,1.0,Non-Buzzer
ryoyabunap,ryoyabunap,ryoyabunap,0.0197229254990816,0.0197229254990816,1,0,0.5624,1.0,1.0,0.0,1.0,Non-Buzzer
rzyfzyfzyf,rzyfzyfzyf,rzyfzyfzyf,0.0013317308621481,0.0013317308621481,1,0,0.3747,1.0,0.0,0.0,1.0,Non-Buzzer
safriearr,safriearr,safriearr,0.0017636838601902,0.0017636838601902,1,0,0.3656,1.0,1.0,0.0,1.0,Non-Buzzer
salengkarden,salengkarden,salengkarden,0.0794310644268989,0.0794310644268989,1,0,0.8346,1.0,0.0,0.0,1.0,Non-Buzzer
salmontamago14,salmontamago14,salmontamago14,0.0008044759742915,0.0008044759742915,1,0,0.3121,1.0,1.0,0.0,1.0,Non-Buzzer
samarotsaha,samarotsaha,samarotsaha,0.0021735127083957,0.0021735127083957,1,0,0.253,1.0,0.0,0.0,1.0,Non-Buzzer
samminustakes,samminustakes,samminustakes,0.0023109589237719,0.0023109589237719,1,0,0.5986,1.0,1.0,0.0,1.0,Non-Buzzer
sarungwadymor,sarungwadymor,sarungwadymor,0.0012003330048173,0.0012003330048173,1,0,0.5215,1.0,0.0,0.0,1.0,Non-Buzzer
saxophonistkawe,saxophonistkawe,saxophonistkawe,0.0057788188569247,0.0057788188569247,1,0,0.5603,1.0,0.0,0.0,1.0,Non-Buzzer
sbjagal74,sbjagal74,sbjagal74,0.8934553861618042,0.8934553861618042,1,1,0.8281,1.0,0.0,0.0,1.0,Buzzer
scandal_dante,scandal_dante,scandal_dante,0.0028218505904078,0.0028218505904078,1,0,1.0,1.0,0.0,0.0,1.0,Non-Buzzer
scr3t1y,scr3t1y,scr3t1y,0.083305723965168,0.083305723965168,1,0,0.3891,1.0,1.0,0.0,1.0,Non-Buzzer
seigeenomeekata,seigeenomeekata,seigeenomeekata,0.0036758380010724,0.0036758380010724,1,0,0.3154,1.0,0.0,0.0,1.0,Non-Buzzer
sekarksh,sekarksh,sekarksh,0.0008857601787894,0.0008857601787894,1,0,0.0,1.0,0.0,0.0,1.0,Non-Buzzer
selaluPromo09,selaluPromo09,selaluPromo09,0.0013210161123424,0.0013210161123424,1,0,0.3994,1.0,0.0,0.0,1.0,Non-Buzzer
sennzebub,sennzebub,sennzebub,0.0017164561431854,0.0017164561431854,1,0,0.4521,1.0,0.0,0.0,1.0,Non-Buzzer
sentriellesche,sentriellesche,sentriellesche,0.0069167707115411,0.004456574562937,2,0,0.5061,0.5,1.0,0.0,1.0,Non-Buzzer
septimberrr,septimberrr,septimberrr,0.0008221638272516,0.0008221638272516,1,0,0.3202,1.0,0.0,0.0,1.0,Non-Buzzer
serafioz,serafioz,serafioz,0.0012345185969024,0.0012345185969024,1,0,0.6668,1.0,0.0,0.0,1.0,Non-Buzzer
setsundere,setsundere,setsundere,0.8791864514350891,0.4431181848049164,2,1,0.3715,0.5,0.0,0.0,1.0,Buzzer
shimoneta1601,shimoneta1601,shimoneta1601,0.2442576289176941,0.2442576289176941,1,0,0.3283,1.0,1.0,0.0,1.0,Non-Buzzer
shirota280,shirota280,shirota280,0.0011443729745224,0.0011443729745224,1,0,0.5587,1.0,1.0,0.0,1.0,Non-Buzzer
si4riNew,si4riNew,si4riNew,0.2666828632354736,0.2666828632354736,1,0,0.3145,1.0,1.0,0.0,1.0,Non-Buzzer
sikoom,sikoom,sikoom,0.0020055405329912,0.0020055405329912,1,0,0.2547,1.0,0.0,0.0,1.0,Non-Buzzer
sinyalkartuntv,sinyalkartuntv,sinyalkartuntv,0.0025693350471556,0.0025693350471556,1,0,0.6958,1.0,0.0,0.0,1.0,Non-Buzzer
skepticaladhit,skepticaladhit,skepticaladhit,0.0013671967899426,0.0013671967899426,1,0,0.3999,1.0,1.0,0.0,1.0,Non-Buzzer
skrrttttttskrtt,skrrttttttskrtt,skrrttttttskrtt,0.0025008569937199,0.0025008569937199,1,0,0.5186,1.0,0.0,0.0,1.0,Non-Buzzer
slavoury,slavoury,slavoury,0.0079407393932342,0.0079407393932342,1,0,0.5186,1.0,0.0,0.0,1.0,Non-Buzzer
sn_0_z_,sn_0_z_,sn_0_z_,0.0038658583071082,0.0033175055868923,2,0,0.4973,0.5,2.0,0.0,1.0,Non-Buzzer
someeothrthing,someeothrthing,someeothrthing,0.0019806770142167,0.0019806770142167,1,0,0.3747,1.0,0.0,0.0,1.0,Non-Buzzer
soulsinders,soulsinders,soulsinders,0.0020601900760084,0.0020601900760084,1,0,0.3174,1.0,0.0,0.0,1.0,Non-Buzzer
sripraba95,sripraba95,sripraba95,0.0020418502390384,0.0020418502390384,1,0,0.442,1.0,1.0,0.0,1.0,Non-Buzzer
ssigitpermana98,ssigitpermana98,ssigitpermana98,0.8981512784957886,0.8981512784957886,1,1,0.6144,1.0,1.0,0.0,1.0,Buzzer
sssssidiq,sssssidiq,sssssidiq,0.0655146315693855,0.0655146315693855,1,0,0.3968,1.0,0.0,0.0,1.0,Non-Buzzer
stamped_e,stamped_e,stamped_e,0.0016631734324619,0.0016631734324619,1,0,0.2767,1.0,1.0,0.0,1.0,Non-Buzzer
stefanyreza2000,stefanyreza2000,stefanyreza2000,0.9961446523666382,0.9961446523666382,1,1,0.6334,1.0,0.0,0.0,1.0,Buzzer
stelleturu,stelleturu,stelleturu,0.016353752464056,0.016353752464056,1,0,0.7087,1.0,0.0,0.0,1.0,Non-Buzzer
steven20260934,steven20260934,steven20260934,0.0063746124505996,0.0063347155228257,2,0,0.4323,1.0,0.0,0.0,2.0,Non-Buzzer
stristy_,stristy_,stristy_,0.0026032656896859,0.0026032656896859,1,0,0.405,1.0,0.0,0.0,1.0,Non-Buzzer
suirets,suirets,suirets,0.0202173646539449,0.0113615719601511,3,0,0.5767,0.6666666666666666,3.0,0.0,2.0,Non-Buzzer
sulistia2323,sulistia2323,sulistia2323,0.0017749614780768,0.0017749614780768,1,0,0.3918,1.0,0.0,0.0,1.0,Non-Buzzer
sunshin53314704,sunshin53314704,sunshin53314704,0.9880996346473694,0.9880996346473694,1,1,0.48,1.0,0.0,0.0,1.0,Buzzer
supernovatuna,supernovatuna,supernovatuna,0.0066577517427504,0.0066577517427504,1,0,0.4833,1.0,0.0,0.0,1.0,Non-Buzzer
susahberaq,susahberaq,susahberaq,0.0016444213688373,0.0016444213688373,1,0,0.4317,1.0,0.0,0.0,1.0,Non-Buzzer
sutaduatiga,sutaduatiga,sutaduatiga,0.003142534289509,0.002375048585236,2,0,0.5884,0.5,1.0,0.0,1.0,Non-Buzzer
suwmade,suwmade,suwmade,0.0008857601787894,0.0008857601787894,1,0,0.0,1.0,0.0,0.0,1.0,Non-Buzzer
swtpty,swtpty,swtpty,0.0176293607801198,0.0176293607801198,1,0,0.6335,1.0,0.0,0.0,1.0,Non-Buzzer
syizuril,syizuril,syizuril,0.0011184285394847,0.0011184285394847,1,0,0.2538,1.0,1.0,0.0,1.0,Non-Buzzer
tahuangkasa,tahuangkasa,tahuangkasa,0.0019773449748754,0.0019773449748754,1,0,0.4158,1.0,1.0,0.0,1.0,Non-Buzzer
tapdibdab,tapdibdab,tapdibdab,0.0014955014921724,0.0014955014921724,1,0,0.0,1.0,0.0,0.0,1.0,Non-Buzzer
tauvik1212,tauvik1212,tauvik1212,0.9126027822494508,0.8279263973236084,2,1,0.7368,0.5,1.0,0.0,1.0,Buzzer
tekarok007,tekarok007,tekarok007,0.0054880590178072,0.003619534894824,3,0,0.4895,0.6666666666666666,0.0,1.0,2.0,Non-Buzzer
tenderousy,tenderousy,tenderousy,0.0038983353879302,0.0038983353879302,1,0,0.3968,1.0,0.0,0.0,1.0,Non-Buzzer
tetsurowifeeyy,tetsurowifeeyy,tetsurowifeeyy,0.0007979353540576,0.0007979353540576,1,0,0.3294,1.0,0.0,0.0,1.0,Non-Buzzer
textcbnkuningan,textcbnkuningan,textcbnkuningan,0.0067586568184196,0.0067586568184196,1,0,0.0,1.0,0.0,0.0,1.0,Non-Buzzer
thefallenpea,thefallenpea,thefallenpea,0.0030893865041434,0.0030893865041434,1,0,0.4091,1.0,1.0,0.0,1.0,Non-Buzzer
theycallmee_G,theycallmee_G,theycallmee_G,0.0122217573225498,0.0122217573225498,1,0,1.0,1.0,1.0,0.0,1.0,Non-Buzzer
thisisgnarly2,thisisgnarly2,thisisgnarly2,0.0011703294003382,0.0011703294003382,1,0,0.7171,1.0,0.0,0.0,1.0,Non-Buzzer
thl1eo,thl1eo,thl1eo,0.0011619759025052,0.0011619759025052,1,0,0.6023,1.0,0.0,0.0,1.0,Non-Buzzer
thmsky,thmsky,thmsky,0.0036641436163336,0.0036641436163336,1,0,0.4199,1.0,1.0,0.0,1.0,Non-Buzzer
tigor_na70,tigor_na70,tigor_na70,0.0330963172018528,0.0330963172018528,1,0,0.4263,1.0,0.0,0.0,1.0,Non-Buzzer
tilehopper,tilehopper,tilehopper,0.0303985755890607,0.013367848470807,5,0,0.7025,0.6,2.0,3.0,3.0,Non-Buzzer
tioammar,tioammar,tioammar,0.0010140631347894,0.0010140631347894,1,0,0.4049,1.0,0.0,0.0,1.0,Non-Buzzer
tizaki09,tizaki09,tizaki09,0.0026663749013096,0.0026663749013096,1,0,0.4081,1.0,0.0,0.0,1.0,Non-Buzzer
tokyomotret,tokyomotret,tokyomotret,0.0012927405769005,0.0012927405769005,1,0,0.0,1.0,0.0,0.0,1.0,Non-Buzzer
tondatona,tondatona,tondatona,0.001813652110286,0.001813652110286,1,0,0.3713,1.0,1.0,0.0,1.0,Non-Buzzer
toshimema,toshimema,toshimema,0.002863545436412,0.002863545436412,1,0,0.6958,1.0,0.0,0.0,1.0,Non-Buzzer
trancenote,trancenote,trancenote,0.0010996520286425,0.0010996520286425,1,0,0.7799,1.0,0.0,0.0,1.0,Non-Buzzer
trelrANartsA,trelrANartsA,trelrANartsA,0.0058477148413658,0.0058477148413658,1,0,0.3363,1.0,1.0,0.0,1.0,Non-Buzzer
trickymindful,trickymindful,trickymindful,0.0011749644763767,0.0011749644763767,1,0,0.3936,1.0,0.0,0.0,1.0,Non-Buzzer
triedhi888,triedhi888,triedhi888,0.917649745941162,0.917649745941162,1,1,0.4519,1.0,0.0,0.0,1.0,Buzzer
tsanyqudsi,tsanyqudsi,tsanyqudsi,0.1564772576093673,0.1564772576093673,1,0,0.4057,1.0,1.0,0.0,1.0,Non-Buzzer
tsngnugadhm,tsngnugadhm,tsngnugadhm,0.0122217573225498,0.0122217573225498,1,0,1.0,1.0,1.0,0.0,1.0,Non-Buzzer
uchihagaming321,uchihagaming321,uchihagaming321,0.7187232971191406,0.7187232971191406,1,0,0.4132,1.0,0.0,0.0,1.0,Non-Buzzer
unicornxback,unicornxback,unicornxback,0.006654217839241,0.006654217839241,1,0,0.3881,1.0,0.0,0.0,1.0,Non-Buzzer
uray_z,uray_z,uray_z,0.0033973064273595,0.0033973064273595,1,0,0.3408,1.0,0.0,0.0,1.0,Non-Buzzer
verstalie,verstalie,verstalie,0.001381630427204,0.001381630427204,1,0,0.4553,1.0,0.0,0.0,1.0,Non-Buzzer
vevelynnnn,vevelynnnn,vevelynnnn,0.0080797122791409,0.0080797122791409,1,0,0.4475,1.0,0.0,0.0,1.0,Non-Buzzer
vicyrchm,vicyrchm,vicyrchm,0.0022581750527024,0.0022581750527024,1,0,0.333,1.0,1.0,0.0,1.0,Non-Buzzer
wWinecell,wWinecell,wWinecell,0.0016327245393767,0.0016327245393767,1,0,0.4656,1.0,1.0,0.0,1.0,Non-Buzzer
wandgerer,wandgerer,wandgerer,0.0017756603192538,0.0017756603192538,1,0,0.353,1.0,0.0,0.0,1.0,Non-Buzzer
wekimiler,wekimiler,wekimiler,0.0010196164948865,0.0010196164948865,1,0,0.0,1.0,0.0,0.0,1.0,Non-Buzzer
weslibravo,weslibravo,weslibravo,0.0008697219891473,0.0008697219891473,1,0,0.3184,1.0,1.0,0.0,1.0,Non-Buzzer
wh0isHanna,wh0isHanna,wh0isHanna,0.0013472486753016,0.0013472486753016,1,0,0.7111,1.0,0.0,0.0,1.0,Non-Buzzer
whereisnono,whereisnono,whereisnono,0.0025010649114847,0.0025010649114847,1,0,0.3661,1.0,0.0,0.0,1.0,Non-Buzzer
wibi_januar,wibi_januar,wibi_januar,0.021479994058609,0.021479994058609,1,0,0.5246,1.0,1.0,0.0,1.0,Non-Buzzer
wijayawilliam31,wijayawilliam31,wijayawilliam31,0.8599098324775696,0.4373232126235962,2,1,0.7933,0.5,2.0,1.0,1.0,Buzzer
wildanfird15,wildanfird15,wildanfird15,0.0293046347796916,0.0173252262175083,2,0,0.3753,1.0,2.0,0.0,2.0,Non-Buzzer
wongkongenekok,wongkongenekok,wongkongenekok,0.0106353880837559,0.0061632092110812,2,0,0.666,1.0,2.0,0.0,2.0,Non-Buzzer
wonvoyager,wonvoyager,wonvoyager,0.0203790217638015,0.0203790217638015,1,0,0.6022,1.0,0.0,0.0,1.0,Non-Buzzer
woodyinhow,woodyinhow,woodyinhow,0.0009072060929611,0.0009072060929611,1,0,0.3314,1.0,0.0,0.0,1.0,Non-Buzzer
wordfangs,wordfangs,wordfangs,0.0017862243112176,0.0017862243112176,1,0,0.3846,1.0,0.0,5.0,1.0,Non-Buzzer
x48sxK,x48sxK,x48sxK,0.0009464184986427,0.0009464184986427,1,0,0.3166,1.0,0.0,0.0,1.0,Non-Buzzer
xathrya,xathrya,xathrya,0.0019807759672403,0.0016420489409938,2,0,0.3146,1.0,0.0,0.0,2.0,Non-Buzzer
xenoshroomer,xenoshroomer,xenoshroomer,0.0022454517893493,0.0022454517893493,1,0,0.2863,1.0,0.0,0.0,1.0,Non-Buzzer
xnopzx,xnopzx,xnopzx,0.0012484340695664,0.0012484340695664,1,0,0.3673,1.0,1.0,0.0,1.0,Non-Buzzer
xx6riku,xx6riku,xx6riku,0.0132277123630046,0.0132277123630046,1,0,0.5653,1.0,0.0,0.0,1.0,Non-Buzzer
xxmryyx,xxmryyx,xxmryyx,0.0215866453945636,0.0215866453945636,1,0,1.0,1.0,0.0,0.0,1.0,Non-Buzzer
ya2nk_dheophe,ya2nk_dheophe,ya2nk_dheophe,0.001397582469508,0.001397582469508,1,0,0.4841,1.0,1.0,0.0,1.0,Non-Buzzer
yani09842577669,yani09842577669,yani09842577669,0.9926310777664183,0.9902925491333008,2,2,0.7017,1.0,1.0,0.0,2.0,Buzzer
yayyahyn,yayyahyn,yayyahyn,0.0015108451480045,0.0015108451480045,1,0,0.2697,1.0,1.0,0.0,1.0,Non-Buzzer
yeojinwibu,yeojinwibu,yeojinwibu,0.1818046122789383,0.1818046122789383,1,0,0.629,1.0,0.0,0.0,1.0,Non-Buzzer
yo__di,yo__di,yo__di,0.0143279824405908,0.0143279824405908,1,0,0.6117,1.0,1.0,0.0,1.0,Non-Buzzer
yolaisabella,yolaisabella,yolaisabella,0.9921452403068542,0.9921452403068542,1,1,0.5668,1.0,0.0,0.0,1.0,Buzzer
yorha_y0,yorha_y0,yorha_y0,0.0091498754918575,0.0091498754918575,1,0,0.4947,1.0,1.0,0.0,1.0,Non-Buzzer
yoruisnightt,yoruisnightt,yoruisnightt,0.0026078061200678,0.0026078061200678,1,0,0.5232,1.0,1.0,0.0,1.0,Non-Buzzer
yossaa_,yossaa_,yossaa_,0.0009921488817781,0.0009921488817781,1,0,0.3882,1.0,0.0,0.0,1.0,Non-Buzzer
yourlulllaby,yourlulllaby,yourlulllaby,0.004534191917628,0.004534191917628,1,0,0.6113,1.0,0.0,0.0,1.0,Non-Buzzer
yourpadawann,yourpadawann,yourpadawann,0.0012903399765491,0.0012903399765491,1,0,0.0,1.0,1.0,0.0,1.0,Non-Buzzer
yourwin0na,yourwin0na,yourwin0na,0.0008138232515193,0.0008138232515193,1,0,0.3546,1.0,0.0,0.0,1.0,Non-Buzzer
yousuffer_why,yousuffer_why,yousuffer_why,0.830736517906189,0.830736517906189,1,0,0.4943,1.0,1.0,0.0,1.0,Non-Buzzer
yudisdn,yudisdn,yudisdn,0.0011277447920292,0.0011277447920292,1,0,0.5763,1.0,0.0,0.0,1.0,Non-Buzzer
yudsky,yudsky,yudsky,0.0038727393839508,0.0026056503411382,2,0,0.3925,0.5,1.0,1.0,1.0,Non-Buzzer
yuka_riza,yuka_riza,yuka_riza,0.9965311884880066,0.9965311884880066,1,1,0.6551,1.0,0.0,0.0,1.0,Buzzer
yurayurei,yurayurei,yurayurei,0.0015743679832667,0.0015743679832667,1,0,0.3069,1.0,1.0,0.0,1.0,Non-Buzzer
z___vyi,z___vyi,z___vyi,0.0274308249354362,0.0274308249354362,1,0,0.6021,1.0,0.0,0.0,1.0,Non-Buzzer
zai25452114159,zai25452114159,zai25452114159,0.1813170462846756,0.1813170462846756,1,0,0.6052,1.0,1.0,0.0,1.0,Non-Buzzer
zakisemma,zakisemma,zakisemma,0.1499786376953125,0.1499786376953125,1,0,0.5419,1.0,0.0,0.0,1.0,Non-Buzzer
zerothenforcer,zerothenforcer,zerothenforcer,0.0148134957998991,0.0081783877685666,2,0,0.371,0.5,1.0,0.0,1.0,Non-Buzzer
zzaysmine,zzaysmine,zzaysmine,0.0450362898409366,0.0450362898409366,1,0,0.4303,1.0,1.0,0.0,1.0,Non-Buzzer
zzz25k,zzz25k,zzz25k,0.0023428916465491,0.0023428916465491,1,0,0.3221,1.0,1.0,0.0,1.0,Non-Buzzer
kurawa,kurawa,kurawa,0.0,0.0,0,0,,,,,,Non-Buzzer
kemgelapan,kemgelapan,kemgelapan,0.0,0.0,0,0,,,,,,Non-Buzzer
RRDelusi,RRDelusi,RRDelusi,0.0,0.0,0,0,,,,,,Non-Buzzer
rayrestufauzi,rayrestufauzi,rayrestufauzi,0.0,0.0,0,0,,,,,,Non-Buzzer
virtualballers,virtualballers,virtualballers,0.0,0.0,0,0,,,,,,Non-Buzzer
kemkomdigi,kemkomdigi,kemkomdigi,0.0,0.0,0,0,,,,,,Non-Buzzer
aniblogsan52394,aniblogsan52394,aniblogsan52394,0.0,0.0,0,0,,,,,,Non-Buzzer
AkbarFahroby,AkbarFahroby,AkbarFahroby,0.0,0.0,0,0,,,,,,Non-Buzzer
emyr_za1,emyr_za1,emyr_za1,0.0,0.0,0,0,,,,,,Non-Buzzer
TanahUmbiJalar,TanahUmbiJalar,TanahUmbiJalar,0.0,0.0,0,0,,,,,,Non-Buzzer
iPoopBased,iPoopBased,iPoopBased,0.0,0.0,0,0,,,,,,Non-Buzzer
Gastra80099514,Gastra80099514,Gastra80099514,0.0,0.0,0,0,,,,,,Non-Buzzer
R35_AH47,R35_AH47,R35_AH47,0.0,0.0,0,0,,,,,,Non-Buzzer
mridho_17,mridho_17,mridho_17,0.0,0.0,0,0,,,,,,Non-Buzzer
rahmatnf,rahmatnf,rahmatnf,0.0,0.0,0,0,,,,,,Non-Buzzer
alsjournall,alsjournall,alsjournall,0.0,0.0,0,0,,,,,,Non-Buzzer
anon54980,anon54980,anon54980,0.0,0.0,0,0,,,,,,Non-Buzzer
awaasaurus,awaasaurus,awaasaurus,0.0,0.0,0,0,,,,,,Non-Buzzer
rich8606,rich8606,rich8606,0.0,0.0,0,0,,,,,,Non-Buzzer
ezash,ezash,ezash,0.0,0.0,0,0,,,,,,Non-Buzzer
livingcitysim,livingcitysim,livingcitysim,0.0,0.0,0,0,,,,,,Non-Buzzer
PlaymenID,PlaymenID,PlaymenID,0.0,0.0,0,0,,,,,,Non-Buzzer
haisayahaisa,haisayahaisa,haisayahaisa,0.0,0.0,0,0,,,,,,Non-Buzzer
maiemi51alt,maiemi51alt,maiemi51alt,0.0,0.0,0,0,,,,,,Non-Buzzer
safenetvoice,safenetvoice,safenetvoice,0.0,0.0,0,0,,,,,,Non-Buzzer
toshibatv_id,toshibatv_id,toshibatv_id,0.0,0.0,0,0,,,,,,Non-Buzzer
Diana0911097595,Diana0911097595,Diana0911097595,0.0,0.0,0,0,,,,,,Non-Buzzer
gacchand,gacchand,gacchand,0.0,0.0,0,0,,,,,,Non-Buzzer
Kemenkomdigi_id,Kemenkomdigi_id,Kemenkomdigi_id,0.0,0.0,0,0,,,,,,Non-Buzzer
gibran_tweet,gibran_tweet,gibran_tweet,0.0,0.0,0,0,,,,,,Non-Buzzer
AZulfajrin,AZulfajrin,AZulfajrin,0.0,0.0,0,0,,,,,,Non-Buzzer
BK_Satellite,BK_Satellite,BK_Satellite,0.0,0.0,0,0,,,,,,Non-Buzzer
WisnuKumoro,WisnuKumoro,WisnuKumoro,0.0,0.0,0,0,,,,,,Non-Buzzer
RosemaryFrie124,RosemaryFrie124,RosemaryFrie124,0.0,0.0,0,0,,,,,,Non-Buzzer
reruzensky,reruzensky,reruzensky,0.0,0.0,0,0,,,,,,Non-Buzzer
RanggaWidigda,RanggaWidigda,RanggaWidigda,0.0,0.0,0,0,,,,,,Non-Buzzer
junwatu,junwatu,junwatu,0.0,0.0,0,0,,,,,,Non-Buzzer
magicallovewrds,magicallovewrds,magicallovewrds,0.0,0.0,0,0,,,,,,Non-Buzzer
buruhdesyain,buruhdesyain,buruhdesyain,0.0,0.0,0,0,,,,,,Non-Buzzer
KariSharl,KariSharl,KariSharl,0.0,0.0,0,0,,,,,,Non-Buzzer
mediterariaa_,mediterariaa_,mediterariaa_,0.0,0.0,0,0,,,,,,Non-Buzzer
mmaryasir,mmaryasir,mmaryasir,0.0,0.0,0,0,,,,,,Non-Buzzer
viyushiwinko,viyushiwinko,viyushiwinko,0.0,0.0,0,0,,,,,,Non-Buzzer
rongrongarts,rongrongarts,rongrongarts,0.0,0.0,0,0,,,,,,Non-Buzzer
VRchama,VRchama,VRchama,0.0,0.0,0,0,,,,,,Non-Buzzer
therottenladyy,therottenladyy,therottenladyy,0.0,0.0,0,0,,,,,,Non-Buzzer
uknonjones,uknonjones,uknonjones,0.0,0.0,0,0,,,,,,Non-Buzzer
ElaineCelestia,ElaineCelestia,ElaineCelestia,0.0,0.0,0,0,,,,,,Non-Buzzer
dombajantanMU,dombajantanMU,dombajantanMU,0.0,0.0,0,0,,,,,,Non-Buzzer
AMAZlNGNATURE,AMAZlNGNATURE,AMAZlNGNATURE,0.0,0.0,0,0,,,,,,Non-Buzzer
memefess,memefess,memefess,0.0,0.0,0,0,,,,,,Non-Buzzer
Vulpeex,Vulpeex,Vulpeex,0.0,0.0,0,0,,,,,,Non-Buzzer
ChiyaChloe,ChiyaChloe,ChiyaChloe,0.0,0.0,0,0,,,,,,Non-Buzzer
hxg_diluc,hxg_diluc,hxg_diluc,0.0,0.0,0,0,,,,,,Non-Buzzer
LexEx73,LexEx73,LexEx73,0.0,0.0,0,0,,,,,,Non-Buzzer
Uzzzzz222,Uzzzzz222,Uzzzzz222,0.0,0.0,0,0,,,,,,Non-Buzzer
anamoelya,anamoelya,anamoelya,0.0,0.0,0,0,,,,,,Non-Buzzer
PHN316,PHN316,PHN316,0.0,0.0,0,0,,,,,,Non-Buzzer
soundofyaps,soundofyaps,soundofyaps,0.0,0.0,0,0,,,,,,Non-Buzzer
kulukuluez,kulukuluez,kulukuluez,0.0,0.0,0,0,,,,,,Non-Buzzer
katanyajoko,katanyajoko,katanyajoko,0.0,0.0,0,0,,,,,,Non-Buzzer
AADGPodcast,AADGPodcast,AADGPodcast,0.0,0.0,0,0,,,,,,Non-Buzzer
cqlumbina_,cqlumbina_,cqlumbina_,0.0,0.0,0,0,,,,,,Non-Buzzer
GenshinUniverse,GenshinUniverse,GenshinUniverse,0.0,0.0,0,0,,,,,,Non-Buzzer
lazy21,lazy21,lazy21,0.0,0.0,0,0,,,,,,Non-Buzzer
LambeResing,LambeResing,LambeResing,0.0,0.0,0,0,,,,,,Non-Buzzer
geppienon,geppienon,geppienon,0.0,0.0,0,0,,,,,,Non-Buzzer
bLxCoffee,bLxCoffee,bLxCoffee,0.0,0.0,0,0,,,,,,Non-Buzzer
hupgupta,hupgupta,hupgupta,0.0,0.0,0,0,,,,,,Non-Buzzer
dutampreg,dutampreg,dutampreg,0.0,0.0,0,0,,,,,,Non-Buzzer
sugondese6666,sugondese6666,sugondese6666,0.0,0.0,0,0,,,,,,Non-Buzzer
_AmandaBrownies,_AmandaBrownies,_AmandaBrownies,0.0,0.0,0,0,,,,,,Non-Buzzer
deezfezaa,deezfezaa,deezfezaa,0.0,0.0,0,0,,,,,,Non-Buzzer
bearnotber,bearnotber,bearnotber,0.0,0.0,0,0,,,,,,Non-Buzzer
HarrisCainee,HarrisCainee,HarrisCainee,0.0,0.0,0,0,,,,,,Non-Buzzer
Vyschl1,Vyschl1,Vyschl1,0.0,0.0,0,0,,,,,,Non-Buzzer
AlizarinBlue,AlizarinBlue,AlizarinBlue,0.0,0.0,0,0,,,,,,Non-Buzzer
urbanaiben,urbanaiben,urbanaiben,0.0,0.0,0,0,,,,,,Non-Buzzer
Syndarrr03,Syndarrr03,Syndarrr03,0.0,0.0,0,0,,,,,,Non-Buzzer
radityaris,radityaris,radityaris,0.0,0.0,0,0,,,,,,Non-Buzzer
MiskinTV_,MiskinTV_,MiskinTV_,0.0,0.0,0,0,,,,,,Non-Buzzer
UGM_FESS,UGM_FESS,UGM_FESS,0.0,0.0,0,0,,,,,,Non-Buzzer
KrowThornes,KrowThornes,KrowThornes,0.0,0.0,0,0,,,,,,Non-Buzzer
zidnyman,zidnyman,zidnyman,0.0,0.0,0,0,,,,,,Non-Buzzer
gagahmei,gagahmei,gagahmei,0.0,0.0,0,0,,,,,,Non-Buzzer
No1Real0,No1Real0,No1Real0,0.0,0.0,0,0,,,,,,Non-Buzzer
f1speed_indo,f1speed_indo,f1speed_indo,0.0,0.0,0,0,,,,,,Non-Buzzer
nurfaishal9,nurfaishal9,nurfaishal9,0.0,0.0,0,0,,,,,,Non-Buzzer
AimyuuNao,AimyuuNao,AimyuuNao,0.0,0.0,0,0,,,,,,Non-Buzzer
reynoldtyb,reynoldtyb,reynoldtyb,0.0,0.0,0,0,,,,,,Non-Buzzer
RWWReborn,RWWReborn,RWWReborn,0.0,0.0,0,0,,,,,,Non-Buzzer
Steam,Steam,Steam,0.0,0.0,0,0,,,,,,Non-Buzzer
TheGameVerse,TheGameVerse,TheGameVerse,0.0,0.0,0,0,,,,,,Non-Buzzer
Analyst_V2,Analyst_V2,Analyst_V2,0.0,0.0,0,0,,,,,,Non-Buzzer
onnowpurbo,onnowpurbo,onnowpurbo,0.0,0.0,0,0,,,,,,Non-Buzzer
ZonaKitten,ZonaKitten,ZonaKitten,0.0,0.0,0,0,,,,,,Non-Buzzer
vyyouna,vyyouna,vyyouna,0.0,0.0,0,0,,,,,,Non-Buzzer
ZhugeEX,ZhugeEX,ZhugeEX,0.0,0.0,0,0,,,,,,Non-Buzzer
Ervain2,Ervain2,Ervain2,0.0,0.0,0,0,,,,,,Non-Buzzer
Quinny_hrly,Quinny_hrly,Quinny_hrly,0.0,0.0,0,0,,,,,,Non-Buzzer
nadsthenut,nadsthenut,nadsthenut,0.0,0.0,0,0,,,,,,Non-Buzzer
cozywithnicky,cozywithnicky,cozywithnicky,0.0,0.0,0,0,,,,,,Non-Buzzer
alijaya,alijaya,alijaya,0.0,0.0,0,0,,,,,,Non-Buzzer
Gotoants,Gotoants,Gotoants,0.0,0.0,0,0,,,,,,Non-Buzzer
cebmerut,cebmerut,cebmerut,0.0,0.0,0,0,,,,,,Non-Buzzer
ItsukaRedSama,ItsukaRedSama,ItsukaRedSama,0.0,0.0,0,0,,,,,,Non-Buzzer
relltarded,relltarded,relltarded,0.0,0.0,0,0,,,,,,Non-Buzzer
zanatul_91,zanatul_91,zanatul_91,0.0,0.0,0,0,,,,,,Non-Buzzer
tempodotco,tempodotco,tempodotco,0.0,0.0,0,0,,,,,,Non-Buzzer
animetrends,animetrends,animetrends,0.0,0.0,0,0,,,,,,Non-Buzzer
kyohamaru,kyohamaru,kyohamaru,0.0,0.0,0,0,,,,,,Non-Buzzer
akudansibd93535,akudansibd93535,akudansibd93535,0.0,0.0,0,0,,,,,,Non-Buzzer
moulanapanji,moulanapanji,moulanapanji,0.0,0.0,0,0,,,,,,Non-Buzzer
TheMechaXDude,TheMechaXDude,TheMechaXDude,0.0,0.0,0,0,,,,,,Non-Buzzer
subtly8263,subtly8263,subtly8263,0.0,0.0,0,0,,,,,,Non-Buzzer
luckyn00bs,luckyn00bs,luckyn00bs,0.0,0.0,0,0,,,,,,Non-Buzzer
alterozas,alterozas,alterozas,0.0,0.0,0,0,,,,,,Non-Buzzer
ARSIPAJA,ARSIPAJA,ARSIPAJA,0.0,0.0,0,0,,,,,,Non-Buzzer
Kuroshka_id,Kuroshka_id,Kuroshka_id,0.0,0.0,0,0,,,,,,Non-Buzzer
emcd_io,emcd_io,emcd_io,0.0,0.0,0,0,,,,,,Non-Buzzer
GodotYT,GodotYT,GodotYT,0.0,0.0,0,0,,,,,,Non-Buzzer
som00in,som00in,som00in,0.0,0.0,0,0,,,,,,Non-Buzzer
patarnotstar,patarnotstar,patarnotstar,0.0,0.0,0,0,,,,,,Non-Buzzer
storieselk,storieselk,storieselk,0.0,0.0,0,0,,,,,,Non-Buzzer
Puspen_PKI,Puspen_PKI,Puspen_PKI,0.0,0.0,0,0,,,,,,Non-Buzzer
Kadrunbagsat,Kadrunbagsat,Kadrunbagsat,0.0,0.0,0,0,,,,,,Non-Buzzer
awarman06,awarman06,awarman06,0.0,0.0,0,0,,,,,,Non-Buzzer
RickFilmsTwo,RickFilmsTwo,RickFilmsTwo,0.0,0.0,0,0,,,,,,Non-Buzzer
txtdrgame,txtdrgame,txtdrgame,0.0,0.0,0,0,,,,,,Non-Buzzer
affectio_seeker,affectio_seeker,affectio_seeker,0.0,0.0,0,0,,,,,,Non-Buzzer
selalumautauu,selalumautauu,selalumautauu,0.0,0.0,0,0,,,,,,Non-Buzzer
RahmanSuwi6198,RahmanSuwi6198,RahmanSuwi6198,0.0,0.0,0,0,,,,,,Non-Buzzer
MoRifky,MoRifky,MoRifky,0.0,0.0,0,0,,,,,,Non-Buzzer
BosPurwa,BosPurwa,BosPurwa,0.0,0.0,0,0,,,,,,Non-Buzzer
royyannn,royyannn,royyannn,0.0,0.0,0,0,,,,,,Non-Buzzer
ankbwn,ankbwn,ankbwn,0.0,0.0,0,0,,,,,,Non-Buzzer
agarpac,agarpac,agarpac,0.0,0.0,0,0,,,,,,Non-Buzzer
rizki33new,rizki33new,rizki33new,0.0,0.0,0,0,,,,,,Non-Buzzer
thejjkimm,thejjkimm,thejjkimm,0.0,0.0,0,0,,,,,,Non-Buzzer
tanyakanrl,tanyakanrl,tanyakanrl,0.0,0.0,0,0,,,,,,Non-Buzzer
Alf90596480,Alf90596480,Alf90596480,0.0,0.0,0,0,,,,,,Non-Buzzer
72labs,72labs,72labs,0.0,0.0,0,0,,,,,,Non-Buzzer
elbrutico_555,elbrutico_555,elbrutico_555,0.0,0.0,0,0,,,,,,Non-Buzzer
sunsetJhesus,sunsetJhesus,sunsetJhesus,0.0,0.0,0,0,,,,,,Non-Buzzer
Rujakkks262598,Rujakkks262598,Rujakkks262598,0.0,0.0,0,0,,,,,,Non-Buzzer
XxEscAltF4,XxEscAltF4,XxEscAltF4,0.0,0.0,0,0,,,,,,Non-Buzzer
aniesbaswedan,aniesbaswedan,aniesbaswedan,0.0,0.0,0,0,,,,,,Non-Buzzer
