Id,Label,max_buzzer_prob,mean_buzzer_prob,n_tweets,n_buzzer_tweets,binary_label_gephi,sna_out_deg_max,sna_in_deg_max,content_dup_score_max,temporal_burst_score_max,in_degree,out_degree,degree_centrality,betweenness_centrality,closeness_centrality,pagerank,eigenvector_centrality
00w011,00w011,0.034741390496492386,0.018459122627973557,2,0,Non-Buzzer,2.0,0.0,0.6597,1.0,0.0,0.0,0.0,0.0,0.0,0.0,0.0
01nm2_,01nm2_,0.7786880135536194,0.7786880135536194,1,0,Non-Buzzer,0.0,0.0,0.771,1.0,0.0,0.0,0.0,0.0,0.0,0.0,0.0
0p_py,0p_py,0.15344327688217163,0.1053590178489685,2,0,Non-Buzzer,0.0,0.0,1.0,0.5,0.0,0.0,0.0,0.0,0.0,0.0,0.0
0xfrsmln,0xfrsmln,0.00436449283733964,0.00436449283733964,1,0,Non-Buzzer,1.0,0.0,0.3849,1.0,0.0,0.0,0.0,0.0,0.0,0.0,0.0
101107mma,101107mma,0.002624369924888015,0.002624369924888015,1,0,Non-Buzzer,1.0,0.0,0.2627,1.0,0.0,0.0,0.0,0.0,0.0,0.0,0.0
13_zae,13_zae,0.005252823233604431,0.005252823233604431,1,0,Non-Buzzer,0.0,0.0,0.3214,1.0,0.0,0.0,0.0,0.0,0.0,0.0,0.0
15sketsa,15sketsa,0.696821391582489,0.696821391582489,1,0,Non-Buzzer,0.0,0.0,0.8293,1.0,0.0,0.0,0.0,0.0,0.0,0.0,0.0
1RONiC_,1RONiC_,0.020285693928599358,0.020285693928599358,1,0,Non-Buzzer,1.0,0.0,0.2817,1.0,0.0,0.0,0.0,0.0,0.0,0.0,0.0
1ladytypeofguy,1ladytypeofguy,0.0015169574180617929,0.0015169574180617929,1,0,Non-Buzzer,0.0,0.0,0.3641,1.0,0.0,0.0,0.0,0.0,0.0,0.0,0.0
1q5_nungha,1q5_nungha,0.00217237020842731,0.00217237020842731,1,0,Non-Buzzer,1.0,0.0,0.4337,1.0,0.0,0.0,0.0,0.0,0.0,0.0,0.0
3000inuniverse,3000inuniverse,0.020471852272748947,0.020471852272748947,1,0,Non-Buzzer,0.0,0.0,0.5555,1.0,0.0,0.0,0.0,0.0,0.0,0.0,0.0
386_hana,386_hana,0.0011792313307523727,0.0011792313307523727,1,0,Non-Buzzer,0.0,0.0,0.4726,1.0,0.0,0.0,0.0,0.0,0.0,0.0,0.0
4wallsnet,4wallsnet,0.0008138232515193522,0.0008138232515193522,1,0,Non-Buzzer,0.0,0.0,0.3351,1.0,0.0,0.0,0.0,0.0,0.0,0.0,0.0
5adnile8,5adnile8,0.26966652274131775,0.13835375010967255,2,0,Non-Buzzer,2.0,1.0,0.6108,0.5,0.0,0.0,0.0,0.0,0.0,0.0,0.0
8120_DAF,8120_DAF,0.017636779695749283,0.017636779695749283,1,0,Non-Buzzer,0.0,0.0,0.6978,1.0,0.0,0.0,0.0,0.0,0.0,0.0,0.0
8issleekest,8issleekest,0.0015579521423205733,0.0015579521423205733,1,0,Non-Buzzer,1.0,0.0,0.378,1.0,0.0,0.0,0.0,0.0,0.0,0.0,0.0
8isul,8isul,0.002313842298462987,0.002313842298462987,1,0,Non-Buzzer,0.0,0.0,0.351,1.0,0.0,0.0,0.0,0.0,0.0,0.0,0.0
99propaganda,99propaganda,0.8787309527397156,0.8787309527397156,1,1,Buzzer,0.0,0.0,0.3804,1.0,0.0,0.0,0.0,0.0,0.0,0.0,0.0
A11Kiky,A11Kiky,0.0025258834939450026,0.0025258834939450026,1,0,Non-Buzzer,0.0,0.0,0.3713,1.0,0.0,0.0,0.0,0.0,0.0,0.0,0.0
AHROOMEE,AHROOMEE,0.051257263869047165,0.034630510956048965,3,0,Non-Buzzer,0.0,0.0,0.3898,1.0,0.0,0.0,0.0,0.0,0.0,0.0,0.0
ALZgamin,ALZgamin,0.0009559663594700396,0.0009559663594700396,1,0,Non-Buzzer,0.0,0.0,0.359,1.0,0.0,0.0,0.0,0.0,0.0,0.0,0.0
AbcDef38782297,AbcDef38782297,0.9970313310623169,0.9970313310623169,1,1,Buzzer,0.0,0.0,0.5746,1.0,0.0,0.0,0.0,0.0,0.0,0.0,0.0
AbyanMakarim,AbyanMakarim,0.002908055204898119,0.002908055204898119,1,0,Non-Buzzer,0.0,0.0,0.307,1.0,0.0,0.0,0.0,0.0,0.0,0.0,0.0
AchmadUmar17,AchmadUmar17,0.0023472479078918695,0.0023472479078918695,1,0,Non-Buzzer,1.0,0.0,0.3533,1.0,0.0,0.0,0.0,0.0,0.0,0.0,0.0
AdhietyaTh33187,AdhietyaTh33187,0.9369701147079468,0.4748617112636566,2,1,Buzzer,0.0,0.0,0.7368,1.0,0.0,0.0,0.0,0.0,0.0,0.0,0.0
Adiety333,Adiety333,0.9988075494766235,0.8341727256774902,6,5,Buzzer,5.0,0.0,0.6536,0.8333333333333334,0.0,4.0,0.07017543859649122,0.0,0.0,0.010576251904360826,0.00016700366286787798
AdityaPrasetyo_,AdityaPrasetyo_,0.001215521595440805,0.001215521595440805,1,0,Non-Buzzer,0.0,0.0,0.7313,1.0,0.0,0.0,0.0,0.0,0.0,0.0,0.0
AkuilaOpo,AkuilaOpo,0.029942207038402557,0.029942207038402557,1,0,Non-Buzzer,1.0,0.0,1.0,1.0,0.0,0.0,0.0,0.0,0.0,0.0,0.0
AkunNomerRandom,AkunNomerRandom,0.0010440587066113949,0.0010440587066113949,1,0,Non-Buzzer,1.0,0.0,0.4107,1.0,0.0,0.0,0.0,0.0,0.0,0.0,0.0
Al38819917,Al38819917,0.0016762255690991879,0.001608218066394329,2,0,Non-Buzzer,2.0,0.0,0.3118,0.5,0.0,0.0,0.0,0.0,0.0,0.0,0.0
AlFD_Fajarid,AlFD_Fajarid,0.035743676126003265,0.035743676126003265,1,0,Non-Buzzer,0.0,0.0,0.4819,1.0,0.0,0.0,0.0,0.0,0.0,0.0,0.0
Al_Khuarizmi,Al_Khuarizmi,0.0047695217654109,0.0047695217654109,1,0,Non-Buzzer,1.0,0.0,0.3792,1.0,0.0,0.0,0.0,0.0,0.0,0.0,0.0
Albert2844,Albert2844,0.008654346689581871,0.007635048124939203,2,0,Non-Buzzer,1.0,0.0,1.0,1.0,0.0,0.0,0.0,0.0,0.0,0.0,0.0
Alex_Brigz,Alex_Brigz,0.18395332992076874,0.11027533560991287,3,0,Non-Buzzer,3.0,1.0,0.628,1.0,0.0,0.0,0.0,0.0,0.0,0.0,0.0
Alfiatunisah,Alfiatunisah,0.9042736887931824,0.9042736887931824,1,1,Buzzer,0.0,0.0,0.3762,1.0,0.0,0.0,0.0,0.0,0.0,0.0,0.0
AlinGibroez,AlinGibroez,0.9979089498519897,0.9858288764953613,6,6,Buzzer,5.0,0.0,1.0,0.8333333333333334,0.0,5.0,0.08771929824561403,0.0,0.0,0.010576251904360826,0.00016700366286787798
Alizazaina94321,Alizazaina94321,0.9973331689834595,0.9834144711494446,6,6,Buzzer,5.0,0.0,0.5851,1.0,0.0,5.0,0.08771929824561403,0.0,0.0,0.010576251904360826,0.00016700366286787798
Alvaro734877,Alvaro734877,0.9966078996658325,0.9861946105957031,4,4,Buzzer,4.0,0.0,0.8778,1.0,0.0,4.0,0.07017543859649122,0.0,0.0,0.010576251904360826,0.00016700366286787798
AlxndrieJeremia,AlxndrieJeremia,0.001316266250796616,0.001316266250796616,1,0,Non-Buzzer,0.0,0.0,0.3162,1.0,0.0,0.0,0.0,0.0,0.0,0.0,0.0
Andiiian,Andiiian,0.002260870998725295,0.002260870998725295,1,0,Non-Buzzer,0.0,0.0,0.266,1.0,0.0,0.0,0.0,0.0,0.0,0.0,0.0
AndiniPutr79305,AndiniPutr79305,0.007127297576516867,0.007127297576516867,1,0,Non-Buzzer,0.0,0.0,0.3866,1.0,0.0,0.0,0.0,0.0,0.0,0.0,0.0
Andradeva001,Andradeva001,0.029332125559449196,0.029332125559449196,1,0,Non-Buzzer,1.0,0.0,1.0,1.0,0.0,0.0,0.0,0.0,0.0,0.0,0.0
AneshMadyantara,AneshMadyantara,0.014544175006449223,0.008003918454051018,2,0,Non-Buzzer,1.0,0.0,0.7955,0.5,0.0,0.0,0.0,0.0,0.0,0.0,0.0
Angelina_S_S,Angelina_S_S,0.002132419031113386,0.0021145010832697153,2,0,Non-Buzzer,0.0,0.0,0.4337,0.5,0.0,0.0,0.0,0.0,0.0,0.0,0.0
AnimindoNet,AnimindoNet,0.2875075340270996,0.14493319392204285,2,0,Non-Buzzer,0.0,0.0,0.4881,0.5,0.0,0.0,0.0,0.0,0.0,0.0,0.0
AoOkami5,AoOkami5,0.002955146599560976,0.002955146599560976,1,0,Non-Buzzer,1.0,0.0,0.5225,1.0,0.0,0.0,0.0,0.0,0.0,0.0,0.0
Apanjelio,Apanjelio,0.012306424789130688,0.012306424789130688,1,0,Non-Buzzer,0.0,0.0,0.4953,1.0,0.0,0.0,0.0,0.0,0.0,0.0,0.0
Aprilia_wiji,Aprilia_wiji,0.001171005074866116,0.001171005074866116,1,0,Non-Buzzer,0.0,0.0,0.511,1.0,0.0,0.0,0.0,0.0,0.0,0.0,0.0
Arachnic_,Arachnic_,0.003789003472775221,0.003789003472775221,1,0,Non-Buzzer,0.0,0.0,0.4199,1.0,0.0,0.0,0.0,0.0,0.0,0.0,0.0
Arazoors,Arazoors,0.00911439023911953,0.00911439023911953,1,0,Non-Buzzer,1.0,0.0,0.6389,1.0,0.0,0.0,0.0,0.0,0.0,0.0,0.0
AriefPurs,AriefPurs,0.001510384026914835,0.001510384026914835,1,0,Non-Buzzer,0.0,0.0,0.2514,1.0,0.0,0.0,0.0,0.0,0.0,0.0,0.0
Arii765,Arii765,0.0043267253786325455,0.0029212525114417076,2,0,Non-Buzzer,1.0,2.0,0.413,0.5,0.0,0.0,0.0,0.0,0.0,0.0,0.0
Arkanwoilah,Arkanwoilah,0.04003145918250084,0.04003145918250084,1,0,Non-Buzzer,0.0,0.0,1.0,1.0,0.0,0.0,0.0,0.0,0.0,0.0,0.0
Asep_Shelby,Asep_Shelby,0.002292499179020524,0.002292499179020524,1,0,Non-Buzzer,1.0,0.0,0.2976,1.0,0.0,0.0,0.0,0.0,0.0,0.0,0.0
AsthiSagitta,AsthiSagitta,0.018536429852247238,0.018536429852247238,1,0,Non-Buzzer,0.0,0.0,0.4491,1.0,0.0,0.0,0.0,0.0,0.0,0.0,0.0
AthallahriqMS,AthallahriqMS,0.0025077322497963905,0.0025077322497963905,1,0,Non-Buzzer,1.0,1.0,0.6157,1.0,0.0,0.0,0.0,0.0,0.0,0.0,0.0
AtsuMaru_o7,AtsuMaru_o7,0.0011358524207025766,0.0011358524207025766,1,0,Non-Buzzer,0.0,0.0,0.6987,1.0,0.0,0.0,0.0,0.0,0.0,0.0,0.0
AudhikaH68309,AudhikaH68309,0.0008459995733574033,0.0008459995733574033,1,0,Non-Buzzer,0.0,0.0,0.2657,1.0,0.0,0.0,0.0,0.0,0.0,0.0,0.0
AzaelKyoukoCh,AzaelKyoukoCh,0.004108828958123922,0.004108828958123922,1,0,Non-Buzzer,0.0,0.0,0.4447,1.0,0.0,0.0,0.0,0.0,0.0,0.0,0.0
Bagus_Media7,Bagus_Media7,0.9773518443107605,0.5730338096618652,2,1,Buzzer,1.0,0.0,1.0,1.0,0.0,0.0,0.0,0.0,0.0,0.0,0.0
Baliho821,Baliho821,0.8856715559959412,0.8856715559959412,1,1,Buzzer,1.0,0.0,0.3557,1.0,0.0,1.0,0.017543859649122806,0.0,0.0,0.010576251904360826,0.00016700366286787798
Bambang65635601,Bambang65635601,0.9724962711334229,0.9724962711334229,1,1,Buzzer,0.0,0.0,0.5986,1.0,0.0,0.0,0.0,0.0,0.0,0.0,0.0
Barri_2410,Barri_2410,0.013679636642336845,0.013679636642336845,1,0,Non-Buzzer,1.0,0.0,0.4697,1.0,0.0,0.0,0.0,0.0,0.0,0.0,0.0
BatasAir,BatasAir,0.002651258371770382,0.002651258371770382,1,0,Non-Buzzer,1.0,0.0,0.8368,1.0,0.0,0.0,0.0,0.0,0.0,0.0,0.0
BauPity70gBalik,BauPity70gBalik,0.001532824942842126,0.001532824942842126,1,0,Non-Buzzer,0.0,0.0,0.4137,1.0,0.0,0.0,0.0,0.0,0.0,0.0,0.0
Bbiyaku,Bbiyaku,0.996589183807373,0.996589183807373,1,1,Buzzer,0.0,0.0,0.6551,1.0,0.0,0.0,0.0,0.0,0.0,0.0,0.0
Beckerzine,Beckerzine,0.0016318844864144921,0.0016318844864144921,1,0,Non-Buzzer,1.0,0.0,0.4041,1.0,0.0,0.0,0.0,0.0,0.0,0.0,0.0
BerhakProtes,BerhakProtes,0.0007979353540576994,0.0007979353540576994,1,0,Non-Buzzer,0.0,0.0,0.3274,1.0,0.0,0.0,0.0,0.0,0.0,0.0,0.0
Betspr,Betspr,0.001161975902505219,0.001161975902505219,1,0,Non-Buzzer,0.0,0.0,0.5624,1.0,0.0,0.0,0.0,0.0,0.0,0.0,0.0
BigABust7,BigABust7,0.0016313601518049836,0.0016313601518049836,1,0,Non-Buzzer,0.0,0.0,0.3572,1.0,0.0,0.0,0.0,0.0,0.0,0.0,0.0
BoGameDo,BoGameDo,0.0024798738304525614,0.0024798738304525614,1,0,Non-Buzzer,0.0,0.0,0.3607,1.0,0.0,0.0,0.0,0.0,0.0,0.0,0.0
BosRQ_,BosRQ_,0.8858451247215271,0.47131022810935974,3,1,Buzzer,0.0,0.0,0.5364,1.0,0.0,0.0,0.0,0.0,0.0,0.0,0.0
Bram_no3,Bram_no3,0.05283645913004875,0.021713251248002052,3,0,Non-Buzzer,3.0,5.0,0.7044,0.3333333333333333,0.0,0.0,0.0,0.0,0.0,0.0,0.0
BriantAditya,BriantAditya,0.004299275577068329,0.004299275577068329,1,0,Non-Buzzer,0.0,0.0,0.4638,1.0,0.0,0.0,0.0,0.0,0.0,0.0,0.0
BudiBukanIntel,BudiBukanIntel,0.008347765542566776,0.008347765542566776,1,0,Non-Buzzer,1.0,4.0,1.0,1.0,0.0,0.0,0.0,0.0,0.0,0.0,0.0
BukanKennyG,BukanKennyG,0.0016271447530016303,0.0016271447530016303,1,0,Non-Buzzer,0.0,0.0,0.3011,1.0,0.0,0.0,0.0,0.0,0.0,0.0,0.0
BurningCoffee0,BurningCoffee0,0.04453656077384949,0.028283679857850075,3,0,Non-Buzzer,3.0,1.0,0.5678,0.3333333333333333,0.0,0.0,0.0,0.0,0.0,0.0,0.0
BusterBorrr,BusterBorrr,0.0008866881253197789,0.0008866881253197789,1,0,Non-Buzzer,0.0,0.0,0.4033,1.0,0.0,0.0,0.0,0.0,0.0,0.0,0.0
CDWolfReal,CDWolfReal,0.0026688524521887302,0.0026688524521887302,1,0,Non-Buzzer,1.0,0.0,0.4756,1.0,0.0,0.0,0.0,0.0,0.0,0.0,0.0
CNNIndonesia,CNNIndonesia,0.4321346879005432,0.4321346879005432,1,0,Non-Buzzer,0.0,0.0,1.0,1.0,0.0,0.0,0.0,0.0,0.0,0.0,0.0
Cak_Alail,Cak_Alail,0.00126094208098948,0.00126094208098948,1,0,Non-Buzzer,0.0,0.0,0.4223,1.0,0.0,0.0,0.0,0.0,0.0,0.0,0.0
CakraKjaerbye,CakraKjaerbye,0.004913353826850653,0.002931383205577731,2,0,Non-Buzzer,0.0,0.0,0.4475,1.0,0.0,0.0,0.0,0.0,0.0,0.0,0.0
Cameliatty,Cameliatty,0.0014309597900137305,0.0014309597900137305,1,0,Non-Buzzer,1.0,0.0,0.3449,1.0,0.0,0.0,0.0,0.0,0.0,0.0,0.0
Capt_Gizmodon,Capt_Gizmodon,0.003496869234368205,0.003496869234368205,1,0,Non-Buzzer,1.0,0.0,0.2676,1.0,0.0,0.0,0.0,0.0,0.0,0.0,0.0
CekrekPaklek,CekrekPaklek,0.0009409496560692787,0.0009409496560692787,1,0,Non-Buzzer,1.0,0.0,0.4094,1.0,0.0,0.0,0.0,0.0,0.0,0.0,0.0
Chichi_X_Mune,Chichi_X_Mune,0.001290882588364184,0.001290882588364184,1,0,Non-Buzzer,0.0,0.0,0.3544,1.0,0.0,0.0,0.0,0.0,0.0,0.0,0.0
ChouSenka,ChouSenka,0.10269331932067871,0.10269331932067871,1,0,Non-Buzzer,1.0,3.0,0.4437,1.0,0.0,0.0,0.0,0.0,0.0,0.0,0.0
Christyandi_R,Christyandi_R,0.0017000812804326415,0.0017000812804326415,1,0,Non-Buzzer,1.0,1.0,0.3528,1.0,0.0,0.0,0.0,0.0,0.0,0.0,0.0
Claey_simpuru,Claey_simpuru,0.004338217433542013,0.004338217433542013,1,0,Non-Buzzer,1.0,0.0,0.2807,1.0,0.0,0.0,0.0,0.0,0.0,0.0,0.0
Claudio_sigit,Claudio_sigit,0.0021883691661059856,0.0021883691661059856,1,0,Non-Buzzer,1.0,0.0,0.7352,1.0,0.0,0.0,0.0,0.0,0.0,0.0,0.0
CorySakti28011,CorySakti28011,0.0011277447920292616,0.0011277447920292616,1,0,Non-Buzzer,0.0,1.0,0.5678,1.0,0.0,0.0,0.0,0.0,0.0,0.0,0.0
CuntofMadrid,CuntofMadrid,0.012767148204147816,0.010338042862713337,2,0,Non-Buzzer,1.0,0.0,0.6987,0.5,0.0,0.0,0.0,0.0,0.0,0.0,0.0
Cyanbluuu_,Cyanbluuu_,0.0008857601787894964,0.0008857601787894964,1,0,Non-Buzzer,0.0,0.0,0.0,1.0,0.0,0.0,0.0,0.0,0.0,0.0,0.0
Cyanpile007,Cyanpile007,0.0011277447920292616,0.0011277447920292616,1,0,Non-Buzzer,0.0,0.0,0.5653,1.0,0.0,0.0,0.0,0.0,0.0,0.0,0.0
Cyclops_Ray,Cyclops_Ray,0.005696217063814402,0.004071615636348724,3,0,Non-Buzzer,2.0,0.0,0.511,0.6666666666666666,0.0,0.0,0.0,0.0,0.0,0.0,0.0
DPanglewai15679,DPanglewai15679,0.0016535004833713174,0.0016535004833713174,1,0,Non-Buzzer,1.0,0.0,0.2856,1.0,0.0,0.0,0.0,0.0,0.0,0.0,0.0
DViolett_,DViolett_,0.026273367926478386,0.02260606735944748,2,0,Non-Buzzer,0.0,0.0,0.5888,1.0,0.0,0.0,0.0,0.0,0.0,0.0,0.0
Dadangsutrisn0,Dadangsutrisn0,0.9878655076026917,0.4962465763092041,2,1,Buzzer,2.0,0.0,0.4847,1.0,0.0,1.0,0.017543859649122806,0.0,0.0,0.010576251904360826,0.00016700366286787798
DaniSplatKing,DaniSplatKing,0.07570312172174454,0.04006192833185196,5,0,Non-Buzzer,3.0,0.0,0.3753,0.8,0.0,0.0,0.0,0.0,0.0,0.0,0.0
DaunBawang17,DaunBawang17,0.013247196562588215,0.013247196562588215,1,0,Non-Buzzer,1.0,0.0,0.4605,1.0,0.0,0.0,0.0,0.0,0.0,0.0,0.0
DazzZulia,DazzZulia,0.9960880279541016,0.7374567985534668,4,3,Buzzer,3.0,0.0,0.783,0.5,0.0,2.0,0.03508771929824561,0.0,0.0,0.010576251904360826,0.00016700366286787798
Deewwiiiii,Deewwiiiii,0.9978387951850891,0.8848347663879395,10,9,Buzzer,9.0,0.0,1.0,0.7,0.0,8.0,0.14035087719298245,0.0,0.0,0.010576251904360826,0.00016700366286787798
Delazdukedom,Delazdukedom,0.0018232412403449416,0.0018232412403449416,1,0,Non-Buzzer,1.0,0.0,0.3182,1.0,0.0,0.0,0.0,0.0,0.0,0.0,0.0
DimasRamdhan_,DimasRamdhan_,0.0023273949045687914,0.0023273949045687914,1,0,Non-Buzzer,0.0,1.0,0.2764,1.0,0.0,0.0,0.0,0.0,0.0,0.0,0.0
DinaPur468,DinaPur468,0.9808551669120789,0.9072771072387695,2,1,Buzzer,1.0,0.0,0.6324,1.0,0.0,0.0,0.0,0.0,0.0,0.0,0.0
DokoMadeMo,DokoMadeMo,0.9307681918144226,0.9307681918144226,1,1,Buzzer,0.0,0.0,1.0,1.0,0.0,0.0,0.0,0.0,0.0,0.0,0.0
DokutahLianSyah,DokutahLianSyah,0.19018948078155518,0.045026086270809174,5,0,Non-Buzzer,2.0,0.0,0.8302,0.4,0.0,0.0,0.0,0.0,0.0,0.0,0.0
Duren___,Duren___,0.0016357945278286934,0.0016357945278286934,1,0,Non-Buzzer,0.0,0.0,0.4619,1.0,0.0,0.0,0.0,0.0,0.0,0.0,0.0
Echwazz,Echwazz,0.0007972277817316353,0.0007972277817316353,1,0,Non-Buzzer,0.0,0.0,0.3063,1.0,0.0,0.0,0.0,0.0,0.0,0.0,0.0
Ekokucayy,Ekokucayy,0.0013149625156074762,0.0013149625156074762,1,0,Non-Buzzer,1.0,0.0,0.5972,1.0,0.0,0.0,0.0,0.0,0.0,0.0,0.0
EliasSanSan,EliasSanSan,0.010008461773395538,0.007053945679217577,6,0,Non-Buzzer,1.0,1.0,0.3772,0.6666666666666666,0.0,0.0,0.0,0.0,0.0,0.0,0.0
EmbyGarvail,EmbyGarvail,0.006514553911983967,0.006514553911983967,1,0,Non-Buzzer,0.0,0.0,0.4278,1.0,0.0,0.0,0.0,0.0,0.0,0.0,0.0
EmilleMaiki,EmilleMaiki,0.0011975020170211792,0.0011975020170211792,1,0,Non-Buzzer,0.0,0.0,0.3395,1.0,0.0,0.0,0.0,0.0,0.0,0.0,0.0
Emmeliachr59881,Emmeliachr59881,0.9914087653160095,0.9388453960418701,2,2,Buzzer,1.0,0.0,0.6666,0.5,0.0,1.0,0.017543859649122806,0.0,0.0,0.010576251904360826,0.00016700366286787798
EmpireTimu23003,EmpireTimu23003,0.0008674745331518352,0.0008674745331518352,1,0,Non-Buzzer,1.0,0.0,0.2462,1.0,0.0,0.0,0.0,0.0,0.0,0.0,0.0
EndiD21883,EndiD21883,0.9979144930839539,0.993810772895813,2,2,Buzzer,1.0,0.0,0.7017,1.0,0.0,1.0,0.017543859649122806,0.0,0.0,0.010576251904360826,0.00016700366286787798
ErvinBalboa089,ErvinBalboa089,0.03523581475019455,0.03523581475019455,1,0,Non-Buzzer,1.0,0.0,0.4898,1.0,0.0,0.0,0.0,0.0,0.0,0.0,0.0
EulaSimp69,EulaSimp69,0.008300640620291233,0.008300640620291233,1,0,Non-Buzzer,1.0,0.0,0.4332,1.0,0.0,0.0,0.0,0.0,0.0,0.0,0.0
EvyNurlaili,EvyNurlaili,0.9113509058952332,0.9113509058952332,1,1,Buzzer,0.0,0.0,1.0,1.0,0.0,0.0,0.0,0.0,0.0,0.0,0.0
Excyde_,Excyde_,0.012196039780974388,0.006682816427201033,2,0,Non-Buzzer,2.0,0.0,0.3316,1.0,0.0,0.0,0.0,0.0,0.0,0.0,0.0
Extra7399,Extra7399,0.9872465133666992,0.9872465133666992,1,1,Buzzer,0.0,0.0,0.604,1.0,0.0,0.0,0.0,0.0,0.0,0.0,0.0
FKRSM_,FKRSM_,0.022139742970466614,0.022139742970466614,1,0,Non-Buzzer,0.0,0.0,0.4762,1.0,0.0,0.0,0.0,0.0,0.0,0.0,0.0
FaeezEmpire,FaeezEmpire,0.022087015211582184,0.012571563944220543,2,0,Non-Buzzer,1.0,0.0,0.6978,0.5,0.0,0.0,0.0,0.0,0.0,0.0,0.0
FahrezaMahendr,FahrezaMahendr,0.01213112473487854,0.01213112473487854,1,0,Non-Buzzer,1.0,0.0,0.6335,1.0,0.0,0.0,0.0,0.0,0.0,0.0,0.0
FareyDonch501,FareyDonch501,0.008803782984614372,0.008803782984614372,1,0,Non-Buzzer,1.0,0.0,0.502,1.0,0.0,0.0,0.0,0.0,0.0,0.0,0.0
FarrelFranqois,FarrelFranqois,0.0018358572851866484,0.0018358572851866484,1,0,Non-Buzzer,1.0,0.0,0.2417,1.0,0.0,0.0,0.0,0.0,0.0,0.0,0.0
Fatiyazean,Fatiyazean,0.9968966245651245,0.6648826003074646,3,2,Buzzer,2.0,0.0,0.7423,0.6666666666666666,0.0,1.0,0.017543859649122806,0.0,0.0,0.010576251904360826,0.00016700366286787798
Ferdians789,Ferdians789,0.0036414912901818752,0.0036414912901818752,1,0,Non-Buzzer,0.0,0.0,0.282,1.0,0.0,0.0,0.0,0.0,0.0,0.0,0.0
FilekRhino45516,FilekRhino45516,0.6158434152603149,0.6158434152603149,1,0,Non-Buzzer,1.0,0.0,1.0,1.0,0.0,0.0,0.0,0.0,0.0,0.0,0.0
Firmandanny,Firmandanny,0.003975017461925745,0.003975017461925745,1,0,Non-Buzzer,0.0,0.0,0.3184,1.0,0.0,0.0,0.0,0.0,0.0,0.0,0.0
FitriyaniT15600,FitriyaniT15600,0.9947182536125183,0.9947182536125183,1,1,Buzzer,0.0,0.0,0.4592,1.0,0.0,0.0,0.0,0.0,0.0,0.0,0.0
Florestone16736,Florestone16736,0.9930481314659119,0.8768974542617798,2,1,Buzzer,1.0,0.0,1.0,1.0,0.0,0.0,0.0,0.0,0.0,0.0,0.0
FlwrmnShiragiku,FlwrmnShiragiku,0.03148170933127403,0.03148170933127403,1,0,Non-Buzzer,0.0,0.0,0.4715,1.0,0.0,0.0,0.0,0.0,0.0,0.0,0.0
GOALIATHH,GOALIATHH,0.0011966684833168983,0.0011966684833168983,1,0,Non-Buzzer,1.0,0.0,0.3012,1.0,0.0,0.0,0.0,0.0,0.0,0.0,0.0
GamerwkID,GamerwkID,0.009294597432017326,0.009294597432017326,1,0,Non-Buzzer,0.0,0.0,0.431,1.0,0.0,0.0,0.0,0.0,0.0,0.0,0.0
GemaShowIndo,GemaShowIndo,0.0020564054138958454,0.0016391804674640298,3,0,Non-Buzzer,1.0,4.0,0.456,0.6666666666666666,0.0,0.0,0.0,0.0,0.0,0.0,0.0
GhamerXYZ,GhamerXYZ,0.004093583207577467,0.004093583207577467,1,0,Non-Buzzer,1.0,0.0,0.4715,1.0,0.0,0.0,0.0,0.0,0.0,0.0,0.0
GhaneshRM,GhaneshRM,0.013659629970788956,0.013659629970788956,1,0,Non-Buzzer,1.0,0.0,0.6229,1.0,0.0,0.0,0.0,0.0,0.0,0.0,0.0
Gif_Said,Gif_Said,0.004182418808341026,0.0026875550393015146,2,0,Non-Buzzer,0.0,0.0,0.3336,0.5,0.0,0.0,0.0,0.0,0.0,0.0,0.0
Ginanadia67421,Ginanadia67421,0.9988254904747009,0.9685069918632507,4,4,Buzzer,3.0,0.0,0.7017,0.75,0.0,3.0,0.05263157894736842,0.0,0.0,0.010576251904360826,0.00016700366286787798
Giskaelvina,Giskaelvina,0.989859402179718,0.973206102848053,3,3,Buzzer,2.0,0.0,1.0,0.6666666666666666,0.0,2.0,0.03508771929824561,0.0,0.0,0.010576251904360826,0.00016700366286787798
GlazedLight,GlazedLight,0.0029188180342316628,0.0029188180342316628,1,0,Non-Buzzer,0.0,0.0,0.3746,1.0,0.0,0.0,0.0,0.0,0.0,0.0,0.0
GojoIrengg,GojoIrengg,0.032281212508678436,0.032281212508678436,1,0,Non-Buzzer,1.0,0.0,0.5657,1.0,0.0,0.0,0.0,0.0,0.0,0.0,0.0
Greywing20,Greywing20,0.006400639656931162,0.006400639656931162,1,0,Non-Buzzer,1.0,0.0,0.5446,1.0,0.0,0.0,0.0,0.0,0.0,0.0,0.0
H4ydon,H4ydon,0.002680400386452675,0.0019317310070618987,2,0,Non-Buzzer,0.0,0.0,0.2937,0.5,0.0,0.0,0.0,0.0,0.0,0.0,0.0
HGrezex,HGrezex,0.002288596937432885,0.002288596937432885,1,0,Non-Buzzer,1.0,0.0,0.3087,1.0,0.0,0.0,0.0,0.0,0.0,0.0,0.0
HSBITTA,HSBITTA,0.6223242282867432,0.6223242282867432,2,0,Non-Buzzer,0.0,0.0,1.0,1.0,0.0,0.0,0.0,0.0,0.0,0.0,0.0
HaYoYo86,HaYoYo86,0.027157751843333244,0.027157751843333244,1,0,Non-Buzzer,0.0,0.0,0.2681,1.0,0.0,0.0,0.0,0.0,0.0,0.0,0.0
HabibiFuad,HabibiFuad,0.002313842298462987,0.002313842298462987,1,0,Non-Buzzer,0.0,0.0,0.3403,1.0,0.0,0.0,0.0,0.0,0.0,0.0,0.0
HaniB1220,HaniB1220,0.008181348443031311,0.008181348443031311,1,0,Non-Buzzer,0.0,0.0,0.6019,1.0,0.0,0.0,0.0,0.0,0.0,0.0,0.0
HarishChengaiah,HarishChengaiah,0.0014870959566906095,0.0014870959566906095,1,0,Non-Buzzer,1.0,0.0,0.367,1.0,0.0,0.0,0.0,0.0,0.0,0.0,0.0
Harurowrr,Harurowrr,0.4651711583137512,0.4651711583137512,1,0,Non-Buzzer,1.0,0.0,0.4633,1.0,0.0,0.0,0.0,0.0,0.0,0.0,0.0
Hay_yatto9,Hay_yatto9,0.0025735581293702126,0.0025735581293702126,1,0,Non-Buzzer,0.0,0.0,0.3537,1.0,0.0,0.0,0.0,0.0,0.0,0.0,0.0
Hey_Ivan,Hey_Ivan,0.001906523946672678,0.001906523946672678,1,0,Non-Buzzer,0.0,0.0,0.3546,1.0,0.0,0.0,0.0,0.0,0.0,0.0,0.0
HilalBilal,HilalBilal,0.0015881116269156337,0.0015881116269156337,1,0,Non-Buzzer,1.0,0.0,0.3201,1.0,0.0,0.0,0.0,0.0,0.0,0.0,0.0
HlfBloodPr1nce,HlfBloodPr1nce,0.0025540227070450783,0.0025540227070450783,1,0,Non-Buzzer,0.0,0.0,0.3282,1.0,0.0,0.0,0.0,0.0,0.0,0.0,0.0
HollowMelody_1,HollowMelody_1,0.006604217924177647,0.006604217924177647,1,0,Non-Buzzer,0.0,0.0,0.4882,1.0,0.0,0.0,0.0,0.0,0.0,0.0,0.0
Homuboil7,Homuboil7,0.007213868200778961,0.007213868200778961,1,0,Non-Buzzer,1.0,0.0,0.4506,1.0,0.0,0.0,0.0,0.0,0.0,0.0,0.0
Hoomanine,Hoomanine,0.001785190892405808,0.001785190892405808,1,0,Non-Buzzer,0.0,0.0,0.3588,1.0,0.0,0.0,0.0,0.0,0.0,0.0,0.0
Howie3D,Howie3D,0.3163614869117737,0.1677011400461197,2,0,Non-Buzzer,0.0,0.0,0.4457,0.5,0.0,0.0,0.0,0.0,0.0,0.0,0.0
IBigbal,IBigbal,0.00158329913392663,0.00158329913392663,1,0,Non-Buzzer,0.0,0.0,0.4597,1.0,0.0,0.0,0.0,0.0,0.0,0.0,0.0
IKKIttebayo,IKKIttebayo,0.0026772664859890938,0.0026772664859890938,1,0,Non-Buzzer,1.0,0.0,0.4788,1.0,0.0,0.0,0.0,0.0,0.0,0.0,0.0
Iezhar7th,Iezhar7th,0.0009872640948742628,0.0009872640948742628,1,0,Non-Buzzer,0.0,0.0,0.3703,1.0,0.0,0.0,0.0,0.0,0.0,0.0,0.0
Ilhammlnn_,Ilhammlnn_,0.0011330314446240664,0.0011330314446240664,1,0,Non-Buzzer,0.0,0.0,0.776,1.0,0.0,0.0,0.0,0.0,0.0,0.0,0.0
Inara234,Inara234,0.9113509058952332,0.9113509058952332,1,1,Buzzer,0.0,0.0,1.0,1.0,0.0,0.0,0.0,0.0,0.0,0.0,0.0
Indie_S_Orilly,Indie_S_Orilly,0.06884225457906723,0.025198133662343025,4,0,Non-Buzzer,3.0,2.0,0.3871,0.5,0.0,0.0,0.0,0.0,0.0,0.0,0.0
InfoPublikIP,InfoPublikIP,0.9823503494262695,0.49247050285339355,2,1,Buzzer,0.0,0.0,0.5549,1.0,0.0,0.0,0.0,0.0,0.0,0.0,0.0
IntanAyuArimbi,IntanAyuArimbi,0.0009921484161168337,0.0009921484161168337,1,0,Non-Buzzer,0.0,0.0,0.4169,1.0,0.0,0.0,0.0,0.0,0.0,0.0,0.0
Internetsurver,Internetsurver,0.004716385621577501,0.004716385621577501,1,0,Non-Buzzer,1.0,0.0,0.432,1.0,0.0,0.0,0.0,0.0,0.0,0.0,0.0
Ioroiisme,Ioroiisme,0.0029819966293871403,0.002014588098973036,2,0,Non-Buzzer,0.0,0.0,0.2907,1.0,0.0,0.0,0.0,0.0,0.0,0.0,0.0
IraAsri325610,IraAsri325610,0.9833300709724426,0.49247974157333374,2,1,Buzzer,1.0,0.0,0.5658,0.5,0.0,0.0,0.0,0.0,0.0,0.0,0.0
IriandiBudyanto,IriandiBudyanto,0.001215521595440805,0.001215521595440805,1,0,Non-Buzzer,0.0,0.0,0.6592,1.0,0.0,0.0,0.0,0.0,0.0,0.0,0.0
ItsmeMauwi,ItsmeMauwi,0.0015303334221243858,0.0015303334221243858,1,0,Non-Buzzer,1.0,0.0,0.3186,1.0,0.0,0.0,0.0,0.0,0.0,0.0,0.0
IwanMuhRidwan,IwanMuhRidwan,0.0029123041313141584,0.0029123041313141584,1,0,Non-Buzzer,1.0,0.0,0.7671,1.0,0.0,0.0,0.0,0.0,0.0,0.0,0.0
IzumoSarut7893,IzumoSarut7893,0.012555629014968872,0.012555629014968872,1,0,Non-Buzzer,0.0,0.0,1.0,1.0,0.0,0.0,0.0,0.0,0.0,0.0,0.0
JackieNoboru,JackieNoboru,0.0012854039669036865,0.0012854039669036865,1,0,Non-Buzzer,1.0,0.0,0.6607,1.0,0.0,0.0,0.0,0.0,0.0,0.0,0.0
JancokAsu893230,JancokAsu893230,0.9987393021583557,0.99258953332901,6,6,Buzzer,5.0,0.0,1.0,0.8333333333333334,0.0,5.0,0.08771929824561403,0.0,0.0,0.010576251904360826,0.00016700366286787798
JauzaaATahar,JauzaaATahar,0.0009379431139677763,0.0009379431139677763,1,0,Non-Buzzer,0.0,0.0,0.2792,1.0,0.0,0.0,0.0,0.0,0.0,0.0,0.0
Jiraz13,Jiraz13,0.004176211077719927,0.004176211077719927,1,0,Non-Buzzer,1.0,0.0,0.6229,1.0,0.0,0.0,0.0,0.0,0.0,0.0,0.0
KEMO_HUNZ,KEMO_HUNZ,0.01552488375455141,0.009198370389640331,2,0,Non-Buzzer,2.0,0.0,0.2794,0.5,0.0,0.0,0.0,0.0,0.0,0.0,0.0
KEVINNGW808,KEVINNGW808,0.013789896853268147,0.013789896853268147,1,0,Non-Buzzer,0.0,0.0,0.4446,1.0,0.0,0.0,0.0,0.0,0.0,0.0,0.0
KRathalos97,KRathalos97,0.019735457375645638,0.019735457375645638,1,0,Non-Buzzer,1.0,0.0,0.3983,1.0,0.0,0.0,0.0,0.0,0.0,0.0,0.0
KacangWalnut,KacangWalnut,0.0011330314446240664,0.0011330314446240664,1,0,Non-Buzzer,0.0,0.0,0.7799,1.0,0.0,0.0,0.0,0.0,0.0,0.0,0.0
KalanaraDika,KalanaraDika,0.00817357562482357,0.00817357562482357,1,0,Non-Buzzer,0.0,0.0,0.2794,1.0,0.0,0.0,0.0,0.0,0.0,0.0,0.0
KasetMu25909,KasetMu25909,0.006234504748135805,0.006234504748135805,1,0,Non-Buzzer,1.0,0.0,0.7933,1.0,0.0,0.0,0.0,0.0,0.0,0.0,0.0
Kayn77159766,Kayn77159766,0.28442317247390747,0.28442317247390747,1,0,Non-Buzzer,1.0,0.0,0.714,1.0,0.0,0.0,0.0,0.0,0.0,0.0,0.0
KenapaGwWNI,KenapaGwWNI,0.0035334122367203236,0.0035334122367203236,1,0,Non-Buzzer,1.0,0.0,0.5509,1.0,0.0,0.0,0.0,0.0,0.0,0.0,0.0
KenapeAje,KenapeAje,0.006816215813159943,0.006816215813159943,1,0,Non-Buzzer,1.0,0.0,0.3759,1.0,0.0,0.0,0.0,0.0,0.0,0.0,0.0
Kentato_3,Kentato_3,0.0026697195135056973,0.0026697195135056973,1,0,Non-Buzzer,1.0,0.0,0.2388,1.0,0.0,0.0,0.0,0.0,0.0,0.0,0.0
KholiqArRazan,KholiqArRazan,0.005246879532933235,0.005246879532933235,1,0,Non-Buzzer,1.0,0.0,0.3529,1.0,0.0,0.0,0.0,0.0,0.0,0.0,0.0
KomariahKo26005,KomariahKo26005,0.9318886399269104,0.9318886399269104,1,1,Buzzer,0.0,0.0,1.0,1.0,0.0,0.0,0.0,0.0,0.0,0.0,0.0
Kotaro_4844,Kotaro_4844,0.023007238283753395,0.023007238283753395,1,0,Non-Buzzer,0.0,0.0,0.8577,1.0,0.0,0.0,0.0,0.0,0.0,0.0,0.0
KrispyWater5,KrispyWater5,0.0033324032556265593,0.0033324032556265593,1,0,Non-Buzzer,0.0,0.0,0.3036,1.0,0.0,0.0,0.0,0.0,0.0,0.0,0.0
Kritzkrieg__,Kritzkrieg__,0.0017698084702715278,0.0017698084702715278,1,0,Non-Buzzer,0.0,0.0,0.3294,1.0,0.0,0.0,0.0,0.0,0.0,0.0,0.0
KumekaGenzo77,KumekaGenzo77,0.19800220429897308,0.0675056129693985,9,0,Non-Buzzer,1.0,0.0,0.6653,1.0,0.0,0.0,0.0,0.0,0.0,0.0,0.0
Kunyah_renyah,Kunyah_renyah,0.01444576121866703,0.01444576121866703,1,0,Non-Buzzer,1.0,1.0,0.6662,1.0,0.0,0.0,0.0,0.0,0.0,0.0,0.0
KuppaKingu_,KuppaKingu_,0.00114056293386966,0.00114056293386966,1,0,Non-Buzzer,0.0,0.0,0.3382,1.0,0.0,0.0,0.0,0.0,0.0,0.0,0.0
Kurirputaw,Kurirputaw,0.0020483091939240694,0.0020483091939240694,1,0,Non-Buzzer,0.0,0.0,0.3879,1.0,0.0,0.0,0.0,0.0,0.0,0.0,0.0
KuroNoLace,KuroNoLace,0.0011817861814051867,0.0011817861814051867,1,0,Non-Buzzer,1.0,0.0,0.3949,1.0,0.0,0.0,0.0,0.0,0.0,0.0,0.0
KvnBhgs,KvnBhgs,0.0009373060893267393,0.0009373060893267393,1,0,Non-Buzzer,0.0,0.0,0.3239,1.0,0.0,0.0,0.0,0.0,0.0,0.0,0.0
Kyloren86166601,Kyloren86166601,0.008347765542566776,0.008347765542566776,1,0,Non-Buzzer,1.0,0.0,1.0,1.0,0.0,0.0,0.0,0.0,0.0,0.0,0.0
LXVCXXXLIXLVI,LXVCXXXLIXLVI,0.0017675487324595451,0.0017675487324595451,1,0,Non-Buzzer,1.0,0.0,0.3851,1.0,0.0,0.0,0.0,0.0,0.0,0.0,0.0
LazyrevilLeona,LazyrevilLeona,0.0008051900076679885,0.0008051900076679885,1,0,Non-Buzzer,1.0,0.0,0.3282,1.0,0.0,0.0,0.0,0.0,0.0,0.0,0.0
Leefan_arashi,Leefan_arashi,0.026868291199207306,0.026868291199207306,1,0,Non-Buzzer,0.0,0.0,0.4696,1.0,0.0,0.0,0.0,0.0,0.0,0.0,0.0
LewatTolJORR,LewatTolJORR,0.002331365365535021,0.002331365365535021,1,0,Non-Buzzer,0.0,0.0,0.3314,1.0,0.0,0.0,0.0,0.0,0.0,0.0,0.0
Lidik58,Lidik58,0.0009146669181063771,0.0008923022542148829,2,0,Non-Buzzer,1.0,0.0,0.4026,1.0,0.0,0.0,0.0,0.0,0.0,0.0,0.0
Lie_Detektor,Lie_Detektor,0.0011606219923123717,0.0011606219923123717,1,0,Non-Buzzer,1.0,0.0,0.3377,1.0,0.0,0.0,0.0,0.0,0.0,0.0,0.0
Lifanterra,Lifanterra,0.007389581762254238,0.007389581762254238,1,0,Non-Buzzer,0.0,0.0,1.0,1.0,0.0,0.0,0.0,0.0,0.0,0.0,0.0
Lipssszzz____,Lipssszzz____,0.24472124874591827,0.18925398588180542,2,0,Non-Buzzer,2.0,0.0,0.595,0.5,0.0,0.0,0.0,0.0,0.0,0.0,0.0
Lord_Mudcrab95,Lord_Mudcrab95,0.0014106056187301874,0.0014106056187301874,1,0,Non-Buzzer,1.0,1.0,0.4712,1.0,0.0,0.0,0.0,0.0,0.0,0.0,0.0
Lost_Ataraxia,Lost_Ataraxia,0.002504597185179591,0.002504597185179591,1,0,Non-Buzzer,0.0,0.0,0.3586,1.0,0.0,0.0,0.0,0.0,0.0,0.0,0.0
Luthfimbaihaqi,Luthfimbaihaqi,0.0031938019674271345,0.0031938019674271345,1,0,Non-Buzzer,1.0,0.0,0.2705,1.0,0.0,0.0,0.0,0.0,0.0,0.0,0.0
MFRcapture,MFRcapture,0.006829011254012585,0.005467931739985943,2,0,Non-Buzzer,2.0,0.0,0.336,1.0,0.0,0.0,0.0,0.0,0.0,0.0,0.0
MJRTiger123,MJRTiger123,0.0011353007284924388,0.0011353007284924388,1,0,Non-Buzzer,1.0,0.0,0.2955,1.0,0.0,0.0,0.0,0.0,0.0,0.0,0.0
MRidhonew16179,MRidhonew16179,0.998706579208374,0.9956958889961243,5,5,Buzzer,4.0,0.0,1.0,0.8,0.0,4.0,0.07017543859649122,0.0,0.0,0.010576251904360826,0.00016700366286787798
Mahisa_Aspartam,Mahisa_Aspartam,0.0017691674875095487,0.0017691674875095487,1,0,Non-Buzzer,0.0,0.0,0.2797,1.0,0.0,0.0,0.0,0.0,0.0,0.0,0.0
MangAgus_10,MangAgus_10,0.031222449615597725,0.031222449615597725,1,0,Non-Buzzer,1.0,3.0,0.4973,1.0,0.0,0.0,0.0,0.0,0.0,0.0,0.0
Marchelmar3,Marchelmar3,0.0014844501856714487,0.0014844501856714487,1,0,Non-Buzzer,0.0,0.0,0.388,1.0,0.0,0.0,0.0,0.0,0.0,0.0,0.0
MasJawaNinja,MasJawaNinja,0.5372166037559509,0.5372166037559509,1,0,Non-Buzzer,1.0,0.0,0.368,1.0,0.0,0.0,0.0,0.0,0.0,0.0,0.0
MengolianBeef,MengolianBeef,0.00243965070694685,0.0018004531739279628,2,0,Non-Buzzer,1.0,0.0,0.7982,1.0,0.0,0.0,0.0,0.0,0.0,0.0,0.0
MerahLarva,MerahLarva,0.0037929327227175236,0.0037929327227175236,1,0,Non-Buzzer,1.0,0.0,0.5076,1.0,0.0,0.0,0.0,0.0,0.0,0.0,0.0
Mercatman_,Mercatman_,0.00586054939776659,0.003927317913621664,2,0,Non-Buzzer,2.0,0.0,0.7171,0.5,0.0,0.0,0.0,0.0,0.0,0.0,0.0
MillastoElhart,MillastoElhart,0.0012452079681679606,0.0012452079681679606,1,0,Non-Buzzer,0.0,0.0,0.5482,1.0,0.0,0.0,0.0,0.0,0.0,0.0,0.0
Mirwanovich,Mirwanovich,0.008300562389194965,0.008300562389194965,1,0,Non-Buzzer,0.0,0.0,0.4444,1.0,0.0,0.0,0.0,0.0,0.0,0.0,0.0
MistharOzhima,MistharOzhima,0.001750859315507114,0.001750859315507114,1,0,Non-Buzzer,1.0,0.0,0.3656,1.0,0.0,0.0,0.0,0.0,0.0,0.0,0.0
MohQym68316,MohQym68316,0.9748122096061707,0.9748122096061707,1,1,Buzzer,0.0,0.0,0.8088,1.0,0.0,0.0,0.0,0.0,0.0,0.0,0.0
Mohha_haha,Mohha_haha,0.030698269605636597,0.030698269605636597,1,0,Non-Buzzer,1.0,0.0,0.7313,1.0,0.0,0.0,0.0,0.0,0.0,0.0,0.0
MrHighgrou79503,MrHighgrou79503,0.0012436001561582088,0.0012436001561582088,1,0,Non-Buzzer,1.0,1.0,0.6095,1.0,0.0,0.0,0.0,0.0,0.0,0.0,0.0
MuchBsyrry,MuchBsyrry,0.10443084686994553,0.05609803646802902,2,0,Non-Buzzer,0.0,0.0,0.3198,0.5,0.0,0.0,0.0,0.0,0.0,0.0,0.0
MyoKurt,MyoKurt,0.0011560528073459864,0.0011560528073459864,1,0,Non-Buzzer,1.0,0.0,0.625,1.0,0.0,0.0,0.0,0.0,0.0,0.0,0.0
NSaysInX,NSaysInX,0.009600307792425156,0.009600307792425156,1,0,Non-Buzzer,1.0,0.0,1.0,1.0,0.0,0.0,0.0,0.0,0.0,0.0,0.0
NUGreenFlag,NUGreenFlag,0.004212372470647097,0.004212372470647097,1,0,Non-Buzzer,1.0,0.0,0.531,1.0,0.0,0.0,0.0,0.0,0.0,0.0,0.0
NVT58232209,NVT58232209,0.010781205259263515,0.007215338759124279,2,0,Non-Buzzer,1.0,0.0,0.523,1.0,0.0,0.0,0.0,0.0,0.0,0.0,0.0
Naelep261,Naelep261,0.001713504083454609,0.001713504083454609,1,0,Non-Buzzer,1.0,0.0,0.3897,1.0,0.0,0.0,0.0,0.0,0.0,0.0,0.0
NavriW,NavriW,0.0029857985209673643,0.0029857985209673643,1,0,Non-Buzzer,0.0,0.0,0.3454,1.0,0.0,0.0,0.0,0.0,0.0,0.0,0.0
Neibiiru,Neibiiru,0.0032321526668965816,0.0032321526668965816,1,0,Non-Buzzer,0.0,0.0,0.3617,1.0,0.0,0.0,0.0,0.0,0.0,0.0,0.0
Neidhardtsensei,Neidhardtsensei,0.0008863182156346738,0.0008863182156346738,1,0,Non-Buzzer,1.0,0.0,0.2553,1.0,0.0,0.0,0.0,0.0,0.0,0.0,0.0
Neogen176,Neogen176,0.009645036421716213,0.006181422155350447,2,0,Non-Buzzer,1.0,0.0,0.351,1.0,0.0,0.0,0.0,0.0,0.0,0.0,0.0
Neoleone3,Neoleone3,0.00253130029886961,0.00253130029886961,1,0,Non-Buzzer,0.0,0.0,0.4007,1.0,0.0,0.0,0.0,0.0,0.0,0.0,0.0
NganjukSun23590,NganjukSun23590,0.9988170862197876,0.9978929758071899,5,5,Buzzer,4.0,0.0,0.8445,0.8,0.0,4.0,0.07017543859649122,0.0,0.0,0.010576251904360826,0.00016700366286787798
NicknationGames,NicknationGames,0.16409353911876678,0.16409353911876678,1,0,Non-Buzzer,0.0,1.0,0.7087,1.0,0.0,0.0,0.0,0.0,0.0,0.0,0.0
Nidech_E30,Nidech_E30,0.004045600071549416,0.004045600071549416,1,0,Non-Buzzer,1.0,0.0,0.4506,1.0,0.0,0.0,0.0,0.0,0.0,0.0,0.0
Nisarahman2327,Nisarahman2327,0.9972261786460876,0.9723921418190002,3,3,Buzzer,1.0,0.0,1.0,0.6666666666666666,0.0,1.0,0.017543859649122806,0.0,0.0,0.010576251904360826,0.00016700366286787798
Noireism,Noireism,0.0016516863834112883,0.0016516863834112883,1,0,Non-Buzzer,0.0,0.0,0.4597,1.0,0.0,0.0,0.0,0.0,0.0,0.0,0.0
NomerSi_ali,NomerSi_ali,0.01008536759763956,0.01008536759763956,1,0,Non-Buzzer,1.0,0.0,0.3657,1.0,0.0,0.0,0.0,0.0,0.0,0.0,0.0
NovendraKesuma,NovendraKesuma,0.0011969500919803977,0.0011969500919803977,1,0,Non-Buzzer,1.0,0.0,0.2139,1.0,0.0,0.0,0.0,0.0,0.0,0.0,0.0
NurdienAsslm,NurdienAsslm,0.001615574350580573,0.001615574350580573,1,0,Non-Buzzer,0.0,0.0,0.3778,1.0,0.0,0.0,0.0,0.0,0.0,0.0,0.0
Nymeryion,Nymeryion,0.0014398702187463641,0.0014398702187463641,1,0,Non-Buzzer,0.0,0.0,0.3611,1.0,0.0,0.0,0.0,0.0,0.0,0.0,0.0
ONarsen,ONarsen,0.08612604439258575,0.08612604439258575,1,0,Non-Buzzer,0.0,0.0,0.3469,1.0,0.0,0.0,0.0,0.0,0.0,0.0,0.0
ObiWan_Catnobi,ObiWan_Catnobi,0.010158690623939037,0.010158690623939037,1,0,Non-Buzzer,0.0,0.0,0.44,1.0,0.0,0.0,0.0,0.0,0.0,0.0,0.0
Official_Yanuar,Official_Yanuar,0.08215659111738205,0.08215659111738205,1,0,Non-Buzzer,1.0,0.0,0.4928,1.0,0.0,0.0,0.0,0.0,0.0,0.0,0.0
OpiniRakyatID,OpiniRakyatID,0.06263365596532822,0.03239094465970993,2,0,Non-Buzzer,2.0,0.0,0.7555,0.5,0.0,0.0,0.0,0.0,0.0,0.0,0.0
Orang_Tuwa,Orang_Tuwa,0.009582297876477242,0.009582297876477242,1,0,Non-Buzzer,0.0,0.0,0.625,1.0,0.0,0.0,0.0,0.0,0.0,0.0,0.0
OrbitSyndrome,OrbitSyndrome,0.005199593957513571,0.0036701164208352566,2,0,Non-Buzzer,2.0,0.0,0.4294,0.5,0.0,0.0,0.0,0.0,0.0,0.0,0.0
Otaku_Anime_Ind,Otaku_Anime_Ind,0.006324071437120438,0.006324071437120438,1,0,Non-Buzzer,0.0,4.0,0.4088,1.0,0.0,0.0,0.0,0.0,0.0,0.0,0.0
OxygenSunshinee,OxygenSunshinee,0.030600925907492638,0.017869658768177032,2,0,Non-Buzzer,0.0,0.0,0.5877,1.0,0.0,0.0,0.0,0.0,0.0,0.0,0.0
PCM56DAC,PCM56DAC,0.008861118927598,0.008861118927598,1,0,Non-Buzzer,1.0,0.0,0.528,1.0,0.0,0.0,0.0,0.0,0.0,0.0,0.0
PPopurii,PPopurii,0.8611599206924438,0.8611599206924438,1,1,Buzzer,0.0,0.0,1.0,1.0,0.0,0.0,0.0,0.0,0.0,0.0,0.0
Panathinatikos,Panathinatikos,0.006041374057531357,0.006041374057531357,1,0,Non-Buzzer,0.0,0.0,0.3321,1.0,0.0,0.0,0.0,0.0,0.0,0.0,0.0
ParkBowie,ParkBowie,0.13242973387241364,0.13242973387241364,1,0,Non-Buzzer,1.0,0.0,0.4226,1.0,0.0,0.0,0.0,0.0,0.0,0.0,0.0
PaulERS89,PaulERS89,0.021498505026102066,0.021498505026102066,1,0,Non-Buzzer,1.0,0.0,0.2616,1.0,0.0,0.0,0.0,0.0,0.0,0.0,0.0
Pintu_Macet,Pintu_Macet,0.0032120172400027514,0.0032120172400027514,1,0,Non-Buzzer,0.0,0.0,0.4278,1.0,0.0,0.0,0.0,0.0,0.0,0.0,0.0
Pirangunter21,Pirangunter21,0.0036032674834132195,0.0036032674834132195,1,0,Non-Buzzer,0.0,0.0,0.425,1.0,0.0,0.0,0.0,0.0,0.0,0.0,0.0
Pito35386217,Pito35386217,0.0022737181279808283,0.0022737181279808283,1,0,Non-Buzzer,1.0,0.0,0.3433,1.0,0.0,0.0,0.0,0.0,0.0,0.0,0.0
PseudoMonious,PseudoMonious,0.0015385155566036701,0.0015385155566036701,1,0,Non-Buzzer,0.0,0.0,0.3452,1.0,0.0,0.0,0.0,0.0,0.0,0.0,0.0
Psychelockes,Psychelockes,0.0034541029017418623,0.0034541029017418623,1,0,Non-Buzzer,0.0,0.0,0.2501,1.0,0.0,0.0,0.0,0.0,0.0,0.0,0.0
PutriRahma32820,PutriRahma32820,0.9990345239639282,0.9871862530708313,6,6,Buzzer,5.0,0.0,0.6709,0.8333333333333334,0.0,5.0,0.08771929824561403,0.0,0.0,0.010576251904360826,0.00016700366286787798
Qilogram2420,Qilogram2420,0.07074200361967087,0.07074200361967087,1,0,Non-Buzzer,0.0,0.0,1.0,1.0,0.0,0.0,0.0,0.0,0.0,0.0,0.0
R4ZESKY,R4ZESKY,0.0075884293764829636,0.0075884293764829636,1,0,Non-Buzzer,0.0,0.0,0.5641,1.0,0.0,0.0,0.0,0.0,0.0,0.0,0.0
Raaaxer,Raaaxer,0.017708400264382362,0.017708400264382362,1,0,Non-Buzzer,0.0,0.0,0.5888,1.0,0.0,0.0,0.0,0.0,0.0,0.0,0.0
Rafi09210,Rafi09210,0.01242656446993351,0.006189804058521986,3,0,Non-Buzzer,1.0,0.0,0.4164,0.3333333333333333,0.0,0.0,0.0,0.0,0.0,0.0,0.0
Rahman_Denim72,Rahman_Denim72,0.0012286583660170436,0.0012286583660170436,1,0,Non-Buzzer,0.0,0.0,0.4895,1.0,0.0,0.0,0.0,0.0,0.0,0.0,0.0
RaisShawer,RaisShawer,0.009065812453627586,0.005769434850662947,2,0,Non-Buzzer,2.0,0.0,0.4249,1.0,0.0,0.0,0.0,0.0,0.0,0.0,0.0
RaisaFAl1329,RaisaFAl1329,0.004523503128439188,0.004523503128439188,1,0,Non-Buzzer,1.0,0.0,0.3031,1.0,0.0,0.0,0.0,0.0,0.0,0.0,0.0
Ranti130920,Ranti130920,0.9987725615501404,0.7804502248764038,4,3,Buzzer,3.0,0.0,0.8088,0.75,0.0,2.0,0.03508771929824561,0.0,0.0,0.010576251904360826,0.00016700366286787798
RashkaLLC,RashkaLLC,0.02422093227505684,0.02422093227505684,1,0,Non-Buzzer,1.0,1.0,0.6226,1.0,0.0,0.0,0.0,0.0,0.0,0.0,0.0
RastianRizki,RastianRizki,0.0018339559901505709,0.0018339559901505709,1,0,Non-Buzzer,1.0,0.0,0.2915,1.0,0.0,0.0,0.0,0.0,0.0,0.0,0.0
Ravness_,Ravness_,0.001688504358753562,0.001688504358753562,1,0,Non-Buzzer,1.0,0.0,0.3684,1.0,0.0,0.0,0.0,0.0,0.0,0.0,0.0
Raza420691,Raza420691,0.01138980407267809,0.01138980407267809,1,0,Non-Buzzer,0.0,0.0,0.4929,1.0,0.0,0.0,0.0,0.0,0.0,0.0,0.0
Red_Rackham87,Red_Rackham87,0.003174806712195277,0.003174806712195277,1,0,Non-Buzzer,1.0,0.0,0.4041,1.0,0.0,0.0,0.0,0.0,0.0,0.0,0.0
Reejanuari,Reejanuari,0.9937852621078491,0.9937852621078491,1,1,Buzzer,0.0,0.0,0.7847,1.0,0.0,0.0,0.0,0.0,0.0,0.0,0.0
Rei_OnZ,Rei_OnZ,0.010303670540452003,0.006464138627052307,2,0,Non-Buzzer,1.0,0.0,0.5539,0.5,0.0,0.0,0.0,0.0,0.0,0.0,0.0
ReisaAmeli42101,ReisaAmeli42101,0.9640483856201172,0.9640483856201172,1,1,Buzzer,1.0,0.0,0.7113,1.0,0.0,1.0,0.017543859649122806,0.0,0.0,0.010576251904360826,0.00016700366286787798
Religuary,Religuary,0.0015833082143217325,0.0015833082143217325,1,0,Non-Buzzer,0.0,0.0,0.4312,1.0,0.0,0.0,0.0,0.0,0.0,0.0,0.0
RenoArifigar,RenoArifigar,0.0012829522602260113,0.0012829522602260113,1,0,Non-Buzzer,0.0,0.0,0.7955,1.0,0.0,0.0,0.0,0.0,0.0,0.0,0.0
Reonyree,Reonyree,0.9077605605125427,0.9077605605125427,1,1,Buzzer,0.0,0.0,1.0,1.0,0.0,0.0,0.0,0.0,0.0,0.0,0.0
Reshidayu,Reshidayu,0.0032221702858805656,0.0032221702858805656,1,0,Non-Buzzer,1.0,0.0,0.5146,1.0,0.0,0.0,0.0,0.0,0.0,0.0,0.0
RhendySpine,RhendySpine,0.002084496896713972,0.002084496896713972,1,0,Non-Buzzer,1.0,0.0,0.3367,1.0,0.0,0.0,0.0,0.0,0.0,0.0,0.0
RiRuPizza,RiRuPizza,0.0678984597325325,0.0678984597325325,1,0,Non-Buzzer,0.0,0.0,0.5208,1.0,0.0,0.0,0.0,0.0,0.0,0.0,0.0
Ridho262,Ridho262,0.0038783412892371416,0.0038783412892371416,1,0,Non-Buzzer,0.0,0.0,0.3114,1.0,0.0,0.0,0.0,0.0,0.0,0.0,0.0
Rifqyhazard,Rifqyhazard,0.006983690429478884,0.006983690429478884,1,0,Non-Buzzer,0.0,0.0,0.4928,1.0,0.0,0.0,0.0,0.0,0.0,0.0,0.0
Rikaa_key,Rikaa_key,0.03391062840819359,0.03391062840819359,1,0,Non-Buzzer,0.0,0.0,0.5137,1.0,0.0,0.0,0.0,0.0,0.0,0.0,0.0
Rinto_edy,Rinto_edy,0.005180963780730963,0.0034269762691110373,3,0,Non-Buzzer,2.0,1.0,0.3871,0.6666666666666666,0.0,0.0,0.0,0.0,0.0,0.0,0.0
RioCvn,RioCvn,0.001687273383140564,0.001687273383140564,1,0,Non-Buzzer,1.0,0.0,0.406,1.0,0.0,0.0,0.0,0.0,0.0,0.0,0.0
RizkiTomooo,RizkiTomooo,0.001213609823025763,0.001213609823025763,1,0,Non-Buzzer,1.0,0.0,0.7528,1.0,0.0,0.0,0.0,0.0,0.0,0.0,0.0
RizkyArdia29527,RizkyArdia29527,0.9932360053062439,0.9932360053062439,1,1,Buzzer,0.0,0.0,0.5896,1.0,0.0,0.0,0.0,0.0,0.0,0.0,0.0
RoadsidePleb,RoadsidePleb,0.0011797149199992418,0.0011797149199992418,1,0,Non-Buzzer,0.0,0.0,0.6965,1.0,0.0,0.0,0.0,0.0,0.0,0.0,0.0
RodzaAkbar_JpId,RodzaAkbar_JpId,0.059298884123563766,0.03926759958267212,2,0,Non-Buzzer,2.0,0.0,0.6603,0.5,0.0,0.0,0.0,0.0,0.0,0.0,0.0
RosyiYi,RosyiYi,0.006460780743509531,0.006460780743509531,1,0,Non-Buzzer,1.0,0.0,0.5878,1.0,0.0,0.0,0.0,0.0,0.0,0.0,0.0
RuuRirina,RuuRirina,0.02261287532746792,0.01304631493985653,2,0,Non-Buzzer,0.0,0.0,0.605,0.5,0.0,0.0,0.0,0.0,0.0,0.0,0.0
Ryand2727,Ryand2727,0.9182326197624207,0.9182326197624207,1,1,Buzzer,0.0,0.0,0.9539,1.0,0.0,0.0,0.0,0.0,0.0,0.0,0.0
SAHRY013,SAHRY013,0.012019768357276917,0.012019768357276917,1,0,Non-Buzzer,1.0,0.0,0.4866,1.0,0.0,0.0,0.0,0.0,0.0,0.0,0.0
SEAGamethetic,SEAGamethetic,0.002384383464232087,0.002384383464232087,1,0,Non-Buzzer,0.0,2.0,0.3827,1.0,0.0,0.0,0.0,0.0,0.0,0.0,0.0
SEdit2321840,SEdit2321840,0.000804475974291563,0.000804475974291563,1,0,Non-Buzzer,1.0,0.0,0.2886,1.0,0.0,0.0,0.0,0.0,0.0,0.0,0.0
SKspammer,SKspammer,0.0022333357483148575,0.0022333357483148575,1,0,Non-Buzzer,0.0,0.0,0.5238,1.0,0.0,0.0,0.0,0.0,0.0,0.0,0.0
SOLDIERB00y,SOLDIERB00y,0.005179022438824177,0.005179022438824177,1,0,Non-Buzzer,0.0,0.0,0.5034,1.0,0.0,0.0,0.0,0.0,0.0,0.0,0.0
SPayanadi,SPayanadi,0.9946566820144653,0.9946566820144653,1,1,Buzzer,0.0,0.0,0.5693,1.0,0.0,0.0,0.0,0.0,0.0,0.0,0.0
SabethAnge12086,SabethAnge12086,0.42299848794937134,0.42299848794937134,1,0,Non-Buzzer,0.0,0.0,0.5161,1.0,0.0,0.0,0.0,0.0,0.0,0.0,0.0
SageWoody46573,SageWoody46573,0.001874502981081605,0.001874502981081605,1,0,Non-Buzzer,0.0,0.0,0.44,1.0,0.0,0.0,0.0,0.0,0.0,0.0,0.0
SaintSpectra,SaintSpectra,0.014157663099467754,0.014157663099467754,1,0,Non-Buzzer,0.0,0.0,0.4434,1.0,0.0,0.0,0.0,0.0,0.0,0.0,0.0
Sanskertar,Sanskertar,0.0019241065019741654,0.0019241065019741654,1,0,Non-Buzzer,0.0,0.0,0.281,1.0,0.0,0.0,0.0,0.0,0.0,0.0,0.0
Segagoreng1107,Segagoreng1107,0.013749689795076847,0.013749689795076847,1,0,Non-Buzzer,1.0,0.0,0.5431,1.0,0.0,0.0,0.0,0.0,0.0,0.0,0.0
SenaRedo,SenaRedo,0.21619227528572083,0.10874839127063751,2,0,Non-Buzzer,0.0,0.0,0.4878,1.0,0.0,0.0,0.0,0.0,0.0,0.0,0.0
SerMorningstar,SerMorningstar,0.2512970566749573,0.2512970566749573,1,0,Non-Buzzer,0.0,0.0,0.3915,1.0,0.0,0.0,0.0,0.0,0.0,0.0,0.0
Serenz0_,Serenz0_,0.2265533208847046,0.2265533208847046,1,0,Non-Buzzer,0.0,0.0,0.4706,1.0,0.0,0.0,0.0,0.0,0.0,0.0,0.0
SetiawanGab,SetiawanGab,0.008839431218802929,0.008839431218802929,1,0,Non-Buzzer,1.0,0.0,0.0,1.0,0.0,0.0,0.0,0.0,0.0,0.0,0.0
SevensRoad77,SevensRoad77,0.003513285657390952,0.003513285657390952,1,0,Non-Buzzer,1.0,0.0,0.406,1.0,0.0,0.0,0.0,0.0,0.0,0.0,0.0
ShaniBudi,ShaniBudi,0.0029016039334237576,0.0029016039334237576,1,0,Non-Buzzer,0.0,2.0,0.4305,1.0,0.0,0.0,0.0,0.0,0.0,0.0,0.0
Shihan047,Shihan047,0.004332349635660648,0.0034224800765514374,2,0,Non-Buzzer,1.0,0.0,0.4107,1.0,0.0,0.0,0.0,0.0,0.0,0.0,0.0
Shikikan_Neko08,Shikikan_Neko08,0.0018490427173674107,0.0018490427173674107,1,0,Non-Buzzer,0.0,0.0,0.3113,1.0,0.0,0.0,0.0,0.0,0.0,0.0,0.0
ShinadeVT,ShinadeVT,0.043251655995845795,0.043251655995845795,1,0,Non-Buzzer,0.0,0.0,0.4183,1.0,0.0,0.0,0.0,0.0,0.0,0.0,0.0
Shirogatana_,Shirogatana_,0.0018635890446603298,0.0018635890446603298,1,0,Non-Buzzer,1.0,0.0,0.3599,1.0,0.0,0.0,0.0,0.0,0.0,0.0,0.0
ShoNakanoVtuber,ShoNakanoVtuber,0.6256678700447083,0.25964221358299255,3,0,Non-Buzzer,1.0,0.0,0.4556,0.6666666666666666,0.0,0.0,0.0,0.0,0.0,0.0,0.0
SidikHamdani96,SidikHamdani96,0.9683769345283508,0.9683769345283508,3,3,Buzzer,2.0,0.0,1.0,1.0,0.0,2.0,0.03508771929824561,0.0,0.0,0.010576251904360826,0.00016700366286787798
Siestice,Siestice,0.000797021493781358,0.000797021493781358,1,0,Non-Buzzer,1.0,0.0,0.3483,1.0,0.0,0.0,0.0,0.0,0.0,0.0,0.0
Sincan_cos,Sincan_cos,0.007373977918177843,0.007373977918177843,1,0,Non-Buzzer,0.0,0.0,0.4633,1.0,0.0,0.0,0.0,0.0,0.0,0.0,0.0
SircuTrito,SircuTrito,0.03219365328550339,0.01703527942299843,2,0,Non-Buzzer,0.0,0.0,0.3985,1.0,0.0,0.0,0.0,0.0,0.0,0.0,0.0
Skalteer,Skalteer,0.0008857601787894964,0.0008857601787894964,1,0,Non-Buzzer,0.0,0.0,0.0,1.0,0.0,0.0,0.0,0.0,0.0,0.0,0.0
SorajimaAnzu,SorajimaAnzu,0.0033853785134851933,0.002534258645027876,2,0,Non-Buzzer,0.0,0.0,0.3591,0.5,0.0,0.0,0.0,0.0,0.0,0.0,0.0
SoundOfYogi,SoundOfYogi,0.0008568806224502623,0.0008568806224502623,1,0,Non-Buzzer,0.0,0.0,0.2705,1.0,0.0,0.0,0.0,0.0,0.0,0.0,0.0
Sunoo_dFox,Sunoo_dFox,0.0799335390329361,0.02841217815876007,3,0,Non-Buzzer,2.0,0.0,0.5733,1.0,0.0,0.0,0.0,0.0,0.0,0.0,0.0
SuryanaAja13,SuryanaAja13,0.8139176964759827,0.7788440585136414,2,0,Non-Buzzer,2.0,0.0,0.4447,1.0,0.0,0.0,0.0,0.0,0.0,0.0,0.0
Syarp29,Syarp29,0.0019794097170233727,0.0019794097170233727,1,0,Non-Buzzer,1.0,0.0,0.2555,1.0,0.0,0.0,0.0,0.0,0.0,0.0,0.0
SylentSevenstar,SylentSevenstar,0.03104066103696823,0.01917962357401848,2,0,Non-Buzzer,2.0,1.0,0.502,0.5,0.0,0.0,0.0,0.0,0.0,0.0,0.0
TAdiwiguno,TAdiwiguno,0.0015303334221243858,0.0015303334221243858,1,0,Non-Buzzer,1.0,0.0,0.3231,1.0,0.0,0.0,0.0,0.0,0.0,0.0,0.0
TarantikaA93671,TarantikaA93671,0.1029939353466034,0.1029939353466034,1,0,Non-Buzzer,1.0,0.0,0.3812,1.0,0.0,0.0,0.0,0.0,0.0,0.0,0.0
Tessa44ut,Tessa44ut,0.9860070943832397,0.49409836530685425,2,1,Buzzer,1.0,0.0,0.4714,0.5,0.0,0.0,0.0,0.0,0.0,0.0,0.0
Tetrotir,Tetrotir,0.0072614955715835094,0.0072614955715835094,1,0,Non-Buzzer,0.0,0.0,0.3733,1.0,0.0,0.0,0.0,0.0,0.0,0.0,0.0
The_Discomafia,The_Discomafia,0.024414269253611565,0.01316180732101202,2,0,Non-Buzzer,2.0,0.0,0.3423,0.5,0.0,0.0,0.0,0.0,0.0,0.0,0.0
The_Takank,The_Takank,0.0013620586832985282,0.0013620586832985282,1,0,Non-Buzzer,1.0,0.0,0.3161,1.0,0.0,0.0,0.0,0.0,0.0,0.0,0.0
Thegood_fa,Thegood_fa,0.015498975291848183,0.015498975291848183,1,0,Non-Buzzer,1.0,0.0,0.6372,1.0,0.0,0.0,0.0,0.0,0.0,0.0,0.0
TirpitzRtx,TirpitzRtx,0.028263166546821594,0.028263166546821594,1,0,Non-Buzzer,1.0,1.0,1.0,1.0,0.0,0.0,0.0,0.0,0.0,0.0,0.0
TirtoID,TirtoID,0.0015607391251251101,0.0015607391251251101,1,0,Non-Buzzer,0.0,0.0,0.8111,1.0,0.0,0.0,0.0,0.0,0.0,0.0,0.0
TouriHaganashi,TouriHaganashi,0.0255065206438303,0.0255065206438303,1,0,Non-Buzzer,1.0,0.0,0.3704,1.0,0.0,0.0,0.0,0.0,0.0,0.0,0.0
Trixtar__,Trixtar__,0.002240076195448637,0.00171638373285532,2,0,Non-Buzzer,0.0,0.0,0.2822,0.5,0.0,0.0,0.0,0.0,0.0,0.0,0.0
Tsuraracchi,Tsuraracchi,0.005913224071264267,0.0049241892993450165,2,0,Non-Buzzer,0.0,0.0,0.5862,1.0,0.0,0.0,0.0,0.0,0.0,0.0,0.0
Turu748392,Turu748392,0.0021425813902169466,0.0021425813902169466,1,0,Non-Buzzer,1.0,0.0,0.3814,1.0,0.0,0.0,0.0,0.0,0.0,0.0,0.0
Undeirtale,Undeirtale,0.0023040352389216423,0.0023040352389216423,1,0,Non-Buzzer,0.0,0.0,0.2967,1.0,0.0,0.0,0.0,0.0,0.0,0.0,0.0
VDzuri,VDzuri,0.0009072060929611325,0.0009072060929611325,1,0,Non-Buzzer,0.0,0.0,0.3293,1.0,0.0,0.0,0.0,0.0,0.0,0.0,0.0
VGTimes,VGTimes,0.001739724539220333,0.001739724539220333,1,0,Non-Buzzer,0.0,0.0,0.2763,1.0,0.0,0.0,0.0,0.0,0.0,0.0,0.0
ValentinoJ15345,ValentinoJ15345,0.0012349208118394017,0.0012349208118394017,1,0,Non-Buzzer,1.0,0.0,0.4223,1.0,0.0,0.0,0.0,0.0,0.0,0.0,0.0
Vanour394663,Vanour394663,0.0018342355033382773,0.0018342355033382773,1,0,Non-Buzzer,0.0,0.0,0.4652,1.0,0.0,0.0,0.0,0.0,0.0,0.0,0.0
Vanverz,Vanverz,0.003463081317022443,0.003463081317022443,1,0,Non-Buzzer,0.0,0.0,0.4874,1.0,0.0,0.0,0.0,0.0,0.0,0.0,0.0
VelZeppelit,VelZeppelit,0.0010650184703990817,0.0010650184703990817,1,0,Non-Buzzer,0.0,0.0,0.3099,1.0,0.0,0.0,0.0,0.0,0.0,0.0,0.0
VinaAmelia33281,VinaAmelia33281,0.9986055493354797,0.9956526756286621,3,3,Buzzer,3.0,0.0,0.6895,1.0,0.0,3.0,0.05263157894736842,0.0,0.0,0.010576251904360826,0.00016700366286787798
VincDigiArt,VincDigiArt,0.01708463579416275,0.01708463579416275,1,0,Non-Buzzer,1.0,0.0,0.6226,1.0,0.0,0.0,0.0,0.0,0.0,0.0,0.0
Voxastros,Voxastros,0.0019774155225604773,0.0019774155225604773,1,0,Non-Buzzer,1.0,0.0,0.238,1.0,0.0,0.0,0.0,0.0,0.0,0.0,0.0
WahyuAdiguna,WahyuAdiguna,0.0017251609824597836,0.0017251609824597836,1,0,Non-Buzzer,1.0,0.0,0.4082,1.0,0.0,0.0,0.0,0.0,0.0,0.0,0.0
WahyuAr19799578,WahyuAr19799578,0.020975306630134583,0.020975306630134583,1,0,Non-Buzzer,1.0,0.0,0.467,1.0,0.0,0.0,0.0,0.0,0.0,0.0,0.0
Whl_27,Whl_27,0.0012943847104907036,0.0012943847104907036,1,0,Non-Buzzer,1.0,0.0,0.5232,1.0,0.0,0.0,0.0,0.0,0.0,0.0,0.0
WibuPsikopatDes,WibuPsikopatDes,0.15925060212612152,0.15925060212612152,1,0,Non-Buzzer,1.0,0.0,1.0,1.0,0.0,0.0,0.0,0.0,0.0,0.0,0.0
WitheredShulker,WitheredShulker,0.16401095688343048,0.16401095688343048,1,0,Non-Buzzer,0.0,0.0,0.4754,1.0,0.0,0.0,0.0,0.0,0.0,0.0,0.0
Xhareza,Xhareza,0.017315836623311043,0.017315836623311043,1,0,Non-Buzzer,0.0,0.0,0.5603,1.0,0.0,0.0,0.0,0.0,0.0,0.0,0.0
Y012KI,Y012KI,0.0014683755580335855,0.0014683755580335855,1,0,Non-Buzzer,1.0,0.0,0.4597,1.0,0.0,0.0,0.0,0.0,0.0,0.0,0.0
Yafie_A_Raihan,Yafie_A_Raihan,0.0021757620852440596,0.0021757620852440596,1,0,Non-Buzzer,0.0,0.0,0.3749,1.0,0.0,0.0,0.0,0.0,0.0,0.0,0.0
Yaitu12921776,Yaitu12921776,0.0008353887242265046,0.0008353887242265046,1,0,Non-Buzzer,0.0,0.0,0.3704,1.0,0.0,0.0,0.0,0.0,0.0,0.0,0.0
YinkoKaelandra,YinkoKaelandra,0.0029202490113675594,0.002403701189905405,3,0,Non-Buzzer,1.0,0.0,0.5903,0.6666666666666666,0.0,0.0,0.0,0.0,0.0,0.0,0.0
Youronlymeta,Youronlymeta,0.0008674745331518352,0.0008674745331518352,1,0,Non-Buzzer,1.0,0.0,0.0,1.0,0.0,0.0,0.0,0.0,0.0,0.0,0.0
YuriAndriyanto,YuriAndriyanto,0.00214340235106647,0.00214340235106647,1,0,Non-Buzzer,1.0,0.0,0.2572,1.0,0.0,0.0,0.0,0.0,0.0,0.0,0.0
YusrilEka411,YusrilEka411,0.2715842127799988,0.2715842127799988,1,0,Non-Buzzer,0.0,0.0,0.5419,1.0,0.0,0.0,0.0,0.0,0.0,0.0,0.0
Zahran31157,Zahran31157,0.004975426010787487,0.004975426010787487,1,0,Non-Buzzer,0.0,0.0,0.4162,1.0,0.0,0.0,0.0,0.0,0.0,0.0,0.0
ZaskiaZask2031,ZaskiaZask2031,0.9845716953277588,0.9810413122177124,2,2,Buzzer,1.0,0.0,0.5945,1.0,0.0,1.0,0.017543859649122806,0.0,0.0,0.010576251904360826,0.00016700366286787798
Zee_Takegami59,Zee_Takegami59,0.0027726225089281797,0.0027726225089281797,1,0,Non-Buzzer,0.0,0.0,0.5638,1.0,0.0,0.0,0.0,0.0,0.0,0.0,0.0
_16553,_16553,0.0015960002783685923,0.0015960002783685923,1,0,Non-Buzzer,0.0,0.0,0.4264,1.0,0.0,0.0,0.0,0.0,0.0,0.0,0.0
_RyanKu,_RyanKu,0.00122106506023556,0.00122106506023556,1,0,Non-Buzzer,1.0,1.0,0.3937,1.0,0.0,0.0,0.0,0.0,0.0,0.0,0.0
_ZyZ_Z,_ZyZ_Z,0.03498813137412071,0.03498813137412071,1,0,Non-Buzzer,0.0,0.0,1.0,1.0,0.0,0.0,0.0,0.0,0.0,0.0,0.0
_________judd,_________judd,0.0010844882344827056,0.0010844882344827056,1,0,Non-Buzzer,1.0,0.0,0.34,1.0,0.0,0.0,0.0,0.0,0.0,0.0,0.0
__byyyyyy,__byyyyyy,0.03784254938364029,0.03784254938364029,1,0,Non-Buzzer,0.0,0.0,0.8302,1.0,0.0,0.0,0.0,0.0,0.0,0.0,0.0
__hanaeruu,__hanaeruu,0.0019206501310691237,0.0019206501310691237,1,0,Non-Buzzer,0.0,0.0,0.2975,1.0,0.0,0.0,0.0,0.0,0.0,0.0,0.0
_aridean,_aridean,0.001215521595440805,0.001215521595440805,1,0,Non-Buzzer,0.0,0.0,0.7209,1.0,0.0,0.0,0.0,0.0,0.0,0.0,0.0
_hendrasusanto,_hendrasusanto,0.029036886990070343,0.011615647934377193,3,0,Non-Buzzer,1.0,1.0,0.3384,0.6666666666666666,0.0,0.0,0.0,0.0,0.0,0.0,0.0
_iorih,_iorih,0.0027189531829208136,0.0027189531829208136,1,0,Non-Buzzer,0.0,0.0,0.5778,1.0,0.0,0.0,0.0,0.0,0.0,0.0,0.0
_jrblaze,_jrblaze,0.0012015135725960135,0.0012015135725960135,1,0,Non-Buzzer,0.0,0.0,0.6121,1.0,0.0,0.0,0.0,0.0,0.0,0.0,0.0
_mabskuy,_mabskuy,0.0020995771046727896,0.0020995771046727896,1,0,Non-Buzzer,1.0,0.0,0.3367,1.0,0.0,0.0,0.0,0.0,0.0,0.0,0.0
_sennav,_sennav,0.013968044891953468,0.007633878383785486,2,0,Non-Buzzer,1.0,0.0,0.5156,0.5,0.0,0.0,0.0,0.0,0.0,0.0,0.0
abahgaming_,abahgaming_,0.002695058472454548,0.002695058472454548,1,0,Non-Buzzer,1.0,0.0,0.605,1.0,0.0,0.0,0.0,0.0,0.0,0.0,0.0
absoluthardbass,absoluthardbass,0.0015626364620402455,0.0015626364620402455,1,0,Non-Buzzer,0.0,0.0,0.4483,1.0,0.0,0.0,0.0,0.0,0.0,0.0,0.0
abyts_,abyts_,0.001055799308232963,0.001055799308232963,1,0,Non-Buzzer,0.0,0.0,0.4133,1.0,0.0,0.0,0.0,0.0,0.0,0.0,0.0
adangRP,adangRP,0.02404704876244068,0.02404704876244068,1,0,Non-Buzzer,0.0,0.0,0.5965,1.0,0.0,0.0,0.0,0.0,0.0,0.0,0.0
addiwick,addiwick,0.000949044362641871,0.000949044362641871,1,0,Non-Buzzer,0.0,0.0,0.3719,1.0,0.0,0.0,0.0,0.0,0.0,0.0,0.0
adi_wahyu35,adi_wahyu35,0.6956725716590881,0.6956725716590881,1,0,Non-Buzzer,0.0,0.0,0.2547,1.0,0.0,0.0,0.0,0.0,0.0,0.0,0.0
adityamnugraha,adityamnugraha,0.019363678991794586,0.019363678991794586,1,0,Non-Buzzer,0.0,0.0,0.0,1.0,0.0,0.0,0.0,0.0,0.0,0.0,0.0
adiyaadiya,adiyaadiya,0.004737688694149256,0.004737688694149256,1,0,Non-Buzzer,0.0,0.0,0.3083,1.0,0.0,0.0,0.0,0.0,0.0,0.0,0.0
adnbwta,adnbwta,0.00912544783204794,0.00912544783204794,1,0,Non-Buzzer,1.0,0.0,0.4619,1.0,0.0,0.0,0.0,0.0,0.0,0.0,0.0
adrianchakab13,adrianchakab13,0.003990293480455875,0.003990293480455875,1,0,Non-Buzzer,0.0,0.0,0.2616,1.0,0.0,0.0,0.0,0.0,0.0,0.0,0.0
adzumanga,adzumanga,0.01723172701895237,0.01723172701895237,1,0,Non-Buzzer,0.0,0.0,0.7798,1.0,0.0,0.0,0.0,0.0,0.0,0.0,0.0
ah_azamuddin,ah_azamuddin,0.0026363879442214966,0.0026363879442214966,1,0,Non-Buzzer,0.0,0.0,0.3467,1.0,0.0,0.0,0.0,0.0,0.0,0.0,0.0
ahmedfahrizal_,ahmedfahrizal_,0.03225286304950714,0.03225286304950714,1,0,Non-Buzzer,0.0,0.0,0.4189,1.0,0.0,0.0,0.0,0.0,0.0,0.0,0.0
akunsiyahutt,akunsiyahutt,0.008218538947403431,0.008218538947403431,1,0,Non-Buzzer,1.0,0.0,0.5306,1.0,0.0,0.0,0.0,0.0,0.0,0.0,0.0
albarmerik27,albarmerik27,0.003670225851237774,0.003670225851237774,1,0,Non-Buzzer,1.0,0.0,0.4606,1.0,0.0,0.0,0.0,0.0,0.0,0.0,0.0
aliffurqonasdya,aliffurqonasdya,0.0015833082143217325,0.0015833082143217325,1,0,Non-Buzzer,0.0,0.0,0.4298,1.0,0.0,0.0,0.0,0.0,0.0,0.0,0.0
allaamnaufal20,allaamnaufal20,0.0012484184699133039,0.0012484184699133039,1,0,Non-Buzzer,0.0,0.0,0.4653,1.0,0.0,0.0,0.0,0.0,0.0,0.0,0.0
allatonve,allatonve,0.00581288943067193,0.00581288943067193,1,0,Non-Buzzer,0.0,0.0,0.0,1.0,0.0,0.0,0.0,0.0,0.0,0.0,0.0
alverizki,alverizki,0.003260711906477809,0.003260711906477809,1,0,Non-Buzzer,1.0,0.0,0.4938,1.0,0.0,0.0,0.0,0.0,0.0,0.0,0.0
alwiiihasan,alwiiihasan,0.8996893167495728,0.7940068244934082,2,1,Buzzer,1.0,0.0,0.5799,0.5,0.0,0.0,0.0,0.0,0.0,0.0,0.0
ambaruw0,ambaruw0,0.0009773741476237774,0.0009773741476237774,1,0,Non-Buzzer,0.0,0.0,0.252,1.0,0.0,0.0,0.0,0.0,0.0,0.0,0.0
anda_winata,anda_winata,0.06233255937695503,0.032608360052108765,2,0,Non-Buzzer,1.0,1.0,0.6455,1.0,0.0,0.0,0.0,0.0,0.0,0.0,0.0
andikaGoGo86,andikaGoGo86,0.004200843162834644,0.004200843162834644,1,0,Non-Buzzer,0.0,0.0,0.2772,1.0,0.0,0.0,0.0,0.0,0.0,0.0,0.0
andybalala19,andybalala19,0.9988514184951782,0.7196579575538635,6,4,Buzzer,5.0,0.0,0.7314,0.6666666666666666,0.0,4.0,0.07017543859649122,0.0,0.0,0.010576251904360826,0.00016700366286787798
anggtakhsturia,anggtakhsturia,0.9666192531585693,0.9666192531585693,1,1,Buzzer,0.0,0.0,0.5799,1.0,0.0,0.0,0.0,0.0,0.0,0.0,0.0
annisanurf23196,annisanurf23196,0.990345299243927,0.990345299243927,1,1,Buzzer,0.0,0.0,0.6626,1.0,0.0,0.0,0.0,0.0,0.0,0.0,0.0
aomi__san,aomi__san,0.006104981992393732,0.006104981992393732,1,0,Non-Buzzer,1.0,0.0,0.0,1.0,0.0,0.0,0.0,0.0,0.0,0.0,0.0
ap398_,ap398_,0.05552602931857109,0.05552602931857109,1,0,Non-Buzzer,0.0,0.0,0.653,1.0,0.0,0.0,0.0,0.0,0.0,0.0,0.0
ar_saptra,ar_saptra,0.001161975902505219,0.001161975902505219,1,0,Non-Buzzer,0.0,0.0,0.5638,1.0,0.0,0.0,0.0,0.0,0.0,0.0,0.0
arcticmonsieur,arcticmonsieur,0.004204996395856142,0.004204996395856142,1,0,Non-Buzzer,0.0,0.0,0.4091,1.0,0.0,0.0,0.0,0.0,0.0,0.0,0.0
ardhikaluth28,ardhikaluth28,0.292778879404068,0.292778879404068,1,0,Non-Buzzer,1.0,0.0,0.4213,1.0,0.0,0.0,0.0,0.0,0.0,0.0,0.0
arekekesel,arekekesel,0.0018682790687307715,0.0018682790687307715,1,0,Non-Buzzer,0.0,0.0,0.386,1.0,0.0,0.0,0.0,0.0,0.0,0.0,0.0
aresterisk,aresterisk,0.0013816304272040725,0.0013816304272040725,1,0,Non-Buzzer,0.0,0.0,0.4553,1.0,0.0,0.0,0.0,0.0,0.0,0.0,0.0
ariesu__,ariesu__,0.003443936351686716,0.003443936351686716,1,0,Non-Buzzer,1.0,0.0,0.4258,1.0,0.0,0.0,0.0,0.0,0.0,0.0,0.0
ariomalv,ariomalv,0.004234932363033295,0.004234932363033295,1,0,Non-Buzzer,0.0,0.0,0.3137,1.0,0.0,0.0,0.0,0.0,0.0,0.0,0.0
arnoediad,arnoediad,0.019580353051424026,0.019580353051424026,1,0,Non-Buzzer,0.0,0.0,0.4016,1.0,0.0,0.0,0.0,0.0,0.0,0.0,0.0
arsiamalia,arsiamalia,0.9822924733161926,0.9822924733161926,1,1,Buzzer,0.0,0.0,0.4566,1.0,0.0,0.0,0.0,0.0,0.0,0.0,0.0
arubigoreng,arubigoreng,0.0013685452286154032,0.0013685452286154032,1,0,Non-Buzzer,0.0,0.0,0.388,1.0,0.0,0.0,0.0,0.0,0.0,0.0,0.0
aryabahar_,aryabahar_,0.004287751857191324,0.004287751857191324,1,0,Non-Buzzer,0.0,0.0,0.8306,1.0,0.0,0.0,0.0,0.0,0.0,0.0,0.0
aryankushh,aryankushh,0.0008473501657135785,0.0008473501657135785,1,0,Non-Buzzer,1.0,0.0,0.2702,1.0,0.0,0.0,0.0,0.0,0.0,0.0,0.0
asep2b,asep2b,0.9952802658081055,0.9943262934684753,2,2,Buzzer,1.0,0.0,0.5131,0.5,0.0,1.0,0.017543859649122806,0.0,0.0,0.010576251904360826,0.00016700366286787798
ashaabull,ashaabull,0.014947928488254547,0.014947928488254547,1,0,Non-Buzzer,0.0,0.0,0.7038,1.0,0.0,0.0,0.0,0.0,0.0,0.0,0.0
asheonlk,asheonlk,0.0030608519446104765,0.0030608519446104765,1,0,Non-Buzzer,1.0,0.0,0.265,1.0,0.0,0.0,0.0,0.0,0.0,0.0,0.0
asyi_i,asyi_i,0.004674557596445084,0.004674557596445084,1,0,Non-Buzzer,0.0,0.0,0.2781,1.0,0.0,0.0,0.0,0.0,0.0,0.0,0.0
atheon24,atheon24,0.0032588914036750793,0.0032588914036750793,1,0,Non-Buzzer,0.0,0.0,0.3447,1.0,0.0,0.0,0.0,0.0,0.0,0.0,0.0
awkwardsodium,awkwardsodium,0.003727484028786421,0.003727484028786421,1,0,Non-Buzzer,0.0,0.0,0.7209,1.0,0.0,0.0,0.0,0.0,0.0,0.0,0.0
ayoitsmoy,ayoitsmoy,0.9989238381385803,0.878030002117157,4,3,Buzzer,3.0,0.0,0.5994,0.75,0.0,2.0,0.03508771929824561,0.0,0.0,0.010576251904360826,0.00016700366286787798
azkiiofifteen96,azkiiofifteen96,0.003973598126322031,0.003973598126322031,1,0,Non-Buzzer,1.0,0.0,0.0,1.0,0.0,0.0,0.0,0.0,0.0,0.0,0.0
azmnesahi,azmnesahi,0.0025943592190742493,0.0025943592190742493,1,0,Non-Buzzer,0.0,0.0,0.4881,1.0,0.0,0.0,0.0,0.0,0.0,0.0,0.0
azosarchive,azosarchive,0.0013708834303542972,0.0013708834303542972,1,0,Non-Buzzer,0.0,0.0,0.3173,1.0,0.0,0.0,0.0,0.0,0.0,0.0,0.0
azraelcode,azraelcode,0.0029679788276553154,0.0029679788276553154,1,0,Non-Buzzer,0.0,0.0,0.4556,1.0,0.0,0.0,0.0,0.0,0.0,0.0,0.0
azurestasera,azurestasera,0.02131696790456772,0.012154880911111832,2,0,Non-Buzzer,0.0,0.0,0.4651,1.0,0.0,0.0,0.0,0.0,0.0,0.0,0.0
b0nnysidharta,b0nnysidharta,0.0011358524207025766,0.0011358524207025766,1,0,Non-Buzzer,0.0,0.0,0.7002,1.0,0.0,0.0,0.0,0.0,0.0,0.0,0.0
b3rsetubuh,b3rsetubuh,0.07133009284734726,0.07133009284734726,1,0,Non-Buzzer,0.0,0.0,0.3191,1.0,0.0,0.0,0.0,0.0,0.0,0.0,0.0
badakmeledak_,badakmeledak_,0.062129054218530655,0.032647956162691116,2,0,Non-Buzzer,0.0,8.0,0.4941,1.0,5.0,0.0,0.08771929824561403,0.0,0.08771929824561403,0.02278790200051833,0.1254197508137764
bananaefootball,bananaefootball,0.585833728313446,0.13833752274513245,7,0,Non-Buzzer,0.0,0.0,0.7978,1.0,0.0,0.0,0.0,0.0,0.0,0.0,0.0
bantalkusam_id,bantalkusam_id,0.9811136722564697,0.40170201659202576,3,1,Buzzer,0.0,0.0,0.4613,1.0,0.0,0.0,0.0,0.0,0.0,0.0,0.0
basemole,basemole,0.001161975902505219,0.001161975902505219,1,0,Non-Buzzer,0.0,0.0,0.6003,1.0,0.0,0.0,0.0,0.0,0.0,0.0,0.0
bayiajaib,bayiajaib,0.02362804301083088,0.013092969544231892,2,0,Non-Buzzer,1.0,1.0,0.5146,1.0,0.0,0.0,0.0,0.0,0.0,0.0,0.0
bayoeoe,bayoeoe,0.004339228849858046,0.004339228849858046,1,0,Non-Buzzer,1.0,0.0,0.0,1.0,0.0,0.0,0.0,0.0,0.0,0.0,0.0
bebasdotid,bebasdotid,0.0009207658004015684,0.0009207658004015684,1,0,Non-Buzzer,0.0,0.0,0.2562,1.0,0.0,0.0,0.0,0.0,0.0,0.0,0.0
bebeksnorkling,bebeksnorkling,0.002324738074094057,0.002324738074094057,1,0,Non-Buzzer,0.0,0.0,0.3733,1.0,0.0,0.0,0.0,0.0,0.0,0.0,0.0
biruwahidhan,biruwahidhan,0.0008051900076679885,0.0008051900076679885,1,0,Non-Buzzer,1.0,0.0,0.3227,1.0,0.0,0.0,0.0,0.0,0.0,0.0,0.0
black_k00k33,black_k00k33,0.03457404673099518,0.03457404673099518,1,0,Non-Buzzer,1.0,0.0,0.3652,1.0,0.0,0.0,0.0,0.0,0.0,0.0,0.0
bleubei,bleubei,0.006025843322277069,0.006025843322277069,1,0,Non-Buzzer,0.0,0.0,0.0,1.0,0.0,0.0,0.0,0.0,0.0,0.0,0.0
blurkaebi,blurkaebi,0.0010327213676646352,0.0010327213676646352,1,0,Non-Buzzer,1.0,0.0,1.0,1.0,0.0,0.0,0.0,0.0,0.0,0.0,0.0
bmawjy,bmawjy,0.20758776366710663,0.11203621327877045,2,0,Non-Buzzer,2.0,0.0,0.3555,1.0,0.0,0.0,0.0,0.0,0.0,0.0,0.0
bobbymenra,bobbymenra,0.9938947558403015,0.5066749453544617,2,1,Buzzer,1.0,0.0,0.4896,1.0,0.0,0.0,0.0,0.0,0.0,0.0,0.0
bobihart,bobihart,0.002187861129641533,0.002187861129641533,1,0,Non-Buzzer,1.0,0.0,0.2476,1.0,0.0,0.0,0.0,0.0,0.0,0.0,0.0
boiebe,boiebe,0.001903667114675045,0.001903667114675045,1,0,Non-Buzzer,0.0,0.0,0.2648,1.0,0.0,0.0,0.0,0.0,0.0,0.0,0.0
boihitori,boihitori,0.0011692418484017253,0.0011692418484017253,1,0,Non-Buzzer,1.0,0.0,0.2606,1.0,0.0,0.0,0.0,0.0,0.0,0.0,0.0
bonboninsegna,bonboninsegna,0.001937648979946971,0.001937648979946971,1,0,Non-Buzzer,1.0,0.0,0.3201,1.0,0.0,0.0,0.0,0.0,0.0,0.0,0.0
boy_qalam,boy_qalam,0.001636703498661518,0.001636703498661518,1,0,Non-Buzzer,1.0,0.0,0.4078,1.0,0.0,0.0,0.0,0.0,0.0,0.0,0.0
boyguling,boyguling,0.0017231223173439503,0.0017231223173439503,1,0,Non-Buzzer,0.0,0.0,0.4363,1.0,0.0,0.0,0.0,0.0,0.0,0.0,0.0
brandonsalim,brandonsalim,0.000871137366630137,0.000871137366630137,1,0,Non-Buzzer,1.0,1.0,0.4085,1.0,0.0,0.0,0.0,0.0,0.0,0.0,0.0
brendybossun,brendybossun,0.0010803522309288383,0.0010803522309288383,1,0,Non-Buzzer,1.0,0.0,0.3148,1.0,0.0,0.0,0.0,0.0,0.0,0.0,0.0
bsrebahan,bsrebahan,0.07509581744670868,0.07509581744670868,1,0,Non-Buzzer,1.0,0.0,0.3454,1.0,0.0,0.0,0.0,0.0,0.0,0.0,0.0
bttlen1x_,bttlen1x_,0.0035680432338267565,0.0035680432338267565,1,0,Non-Buzzer,0.0,0.0,0.2464,1.0,0.0,0.0,0.0,0.0,0.0,0.0,0.0
caelumphrince,caelumphrince,0.004668753128498793,0.004668753128498793,1,0,Non-Buzzer,0.0,0.0,0.2099,1.0,0.0,0.0,0.0,0.0,0.0,0.0,0.0
calvadozze,calvadozze,0.000797021493781358,0.000797021493781358,1,0,Non-Buzzer,1.0,0.0,0.3558,1.0,0.0,0.0,0.0,0.0,0.0,0.0,0.0
carapaklek,carapaklek,0.9984558820724487,0.9116652011871338,9,8,Buzzer,8.0,0.0,1.0,0.7777777777777778,0.0,7.0,0.12280701754385964,0.0,0.0,0.010576251904360826,0.00016700366286787798
cesyii_,cesyii_,0.002307591727003455,0.002307591727003455,1,0,Non-Buzzer,0.0,0.0,0.3719,1.0,0.0,0.0,0.0,0.0,0.0,0.0,0.0
chaaphrodite,chaaphrodite,0.028151120990514755,0.011197179555892944,3,0,Non-Buzzer,1.0,1.0,0.3896,0.6666666666666666,0.0,0.0,0.0,0.0,0.0,0.0,0.0
cherrya72836061,cherrya72836061,0.011491535231471062,0.0072366707026958466,2,0,Non-Buzzer,0.0,0.0,0.6303,1.0,0.0,0.0,0.0,0.0,0.0,0.0,0.0
chikxge,chikxge,0.0012068459764122963,0.0012068459764122963,1,0,Non-Buzzer,0.0,0.0,0.5657,1.0,0.0,0.0,0.0,0.0,0.0,0.0,0.0
choco_cookees,choco_cookees,0.0008051900076679885,0.0008051900076679885,1,0,Non-Buzzer,1.0,0.0,0.3274,1.0,0.0,0.0,0.0,0.0,0.0,0.0,0.0
chrissdhon,chrissdhon,0.012212377041578293,0.012212377041578293,1,0,Non-Buzzer,0.0,0.0,0.0,1.0,0.0,0.0,0.0,0.0,0.0,0.0,0.0
chudjawa,chudjawa,0.014159020967781544,0.014159020967781544,1,0,Non-Buzzer,0.0,0.0,0.714,1.0,0.0,0.0,0.0,0.0,0.0,0.0,0.0
chudvette,chudvette,0.006758656818419695,0.006758656818419695,1,0,Non-Buzzer,0.0,0.0,0.0,1.0,0.0,0.0,0.0,0.0,0.0,0.0,0.0
cipicipacipi,cipicipacipi,0.0008214347762987018,0.0008214347762987018,1,0,Non-Buzzer,0.0,0.0,0.3059,1.0,0.0,0.0,0.0,0.0,0.0,0.0,0.0
ckfoakas,ckfoakas,0.00255713053047657,0.0022395960986614227,2,0,Non-Buzzer,1.0,0.0,0.5638,1.0,0.0,0.0,0.0,0.0,0.0,0.0,0.0
clarniva,clarniva,0.0012479085708037019,0.0012479085708037019,1,0,Non-Buzzer,0.0,0.0,0.6095,1.0,0.0,0.0,0.0,0.0,0.0,0.0,0.0
clawhs02,clawhs02,0.009761104360222816,0.006182655226439238,3,0,Non-Buzzer,0.0,0.0,0.3656,1.0,0.0,0.0,0.0,0.0,0.0,0.0,0.0
cloplerr,cloplerr,0.0028164617251604795,0.0028164617251604795,1,0,Non-Buzzer,1.0,1.0,0.6214,1.0,0.0,0.0,0.0,0.0,0.0,0.0,0.0
cokudevu,cokudevu,0.0008857601787894964,0.0008857601787894964,1,0,Non-Buzzer,0.0,0.0,0.0,1.0,0.0,0.0,0.0,0.0,0.0,0.0,0.0
cookiesmaungga,cookiesmaungga,0.001874502981081605,0.001874502981081605,1,0,Non-Buzzer,0.0,0.0,0.4349,1.0,0.0,0.0,0.0,0.0,0.0,0.0,0.0
cryofantasia,cryofantasia,0.0032799369655549526,0.0032799369655549526,1,0,Non-Buzzer,1.0,12.0,0.3469,1.0,8.0,0.0,0.14035087719298245,0.0,0.14035087719298245,0.040479275890920034,0.2005713991043216
cryskabarchenow,cryskabarchenow,0.0012354025384411216,0.0012354025384411216,1,0,Non-Buzzer,0.0,0.0,0.3602,1.0,0.0,0.0,0.0,0.0,0.0,0.0,0.0
cucunyaopah,cucunyaopah,0.001186226960271597,0.001186226960271597,1,0,Non-Buzzer,1.0,0.0,0.653,1.0,0.0,0.0,0.0,0.0,0.0,0.0,0.0
curiousfangs_,curiousfangs_,0.005537343677133322,0.005537343677133322,1,0,Non-Buzzer,0.0,0.0,0.4472,1.0,0.0,0.0,0.0,0.0,0.0,0.0,0.0
cutadh,cutadh,0.001161975902505219,0.001161975902505219,1,0,Non-Buzzer,0.0,0.0,0.5921,1.0,0.0,0.0,0.0,0.0,0.0,0.0,0.0
cve20251202,cve20251202,0.0066167437471449375,0.006206435151398182,2,0,Non-Buzzer,1.0,3.0,0.4381,0.5,0.0,0.0,0.0,0.0,0.0,0.0,0.0
d1rrtbagg,d1rrtbagg,0.01772874966263771,0.01772874966263771,1,0,Non-Buzzer,0.0,0.0,0.6163,1.0,0.0,0.0,0.0,0.0,0.0,0.0,0.0
dabluewd,dabluewd,0.0024642832577228546,0.0024642832577228546,1,0,Non-Buzzer,0.0,0.0,0.5144,1.0,0.0,0.0,0.0,0.0,0.0,0.0,0.0
dadarjiwoo,dadarjiwoo,0.09166167676448822,0.09166167676448822,1,0,Non-Buzzer,0.0,0.0,0.7475,1.0,0.0,0.0,0.0,0.0,0.0,0.0,0.0
dadarkeju,dadarkeju,0.0035310557577759027,0.0035310557577759027,1,0,Non-Buzzer,0.0,0.0,0.3546,1.0,0.0,0.0,0.0,0.0,0.0,0.0,0.0
daejeong095,daejeong095,0.0012095528654754162,0.0012095528654754162,1,0,Non-Buzzer,1.0,0.0,0.5225,1.0,0.0,0.0,0.0,0.0,0.0,0.0,0.0
dafeennn,dafeennn,0.008590133860707283,0.007380758877843618,2,0,Non-Buzzer,0.0,0.0,0.5849,1.0,0.0,0.0,0.0,0.0,0.0,0.0,0.0
dandibudiman262,dandibudiman262,0.15909437835216522,0.15909437835216522,1,0,Non-Buzzer,1.0,0.0,0.4444,1.0,0.0,0.0,0.0,0.0,0.0,0.0,0.0
daniddarmawan15,daniddarmawan15,0.023614829406142235,0.023614829406142235,1,0,Non-Buzzer,0.0,0.0,0.6069,1.0,0.0,0.0,0.0,0.0,0.0,0.0,0.0
danrrrrrrr,danrrrrrrr,0.09856776148080826,0.09856776148080826,1,0,Non-Buzzer,0.0,0.0,1.0,1.0,0.0,0.0,0.0,0.0,0.0,0.0,0.0
dantexvergil999,dantexvergil999,0.7350360751152039,0.7350360751152039,1,0,Non-Buzzer,0.0,0.0,0.5071,1.0,0.0,0.0,0.0,0.0,0.0,0.0,0.0
dapa442,dapa442,0.9851861596107483,0.9851861596107483,1,1,Buzzer,0.0,0.0,0.5715,1.0,0.0,0.0,0.0,0.0,0.0,0.0,0.0
darangsc,darangsc,0.0022982812952250242,0.0022982812952250242,1,0,Non-Buzzer,0.0,0.0,0.3274,1.0,0.0,0.0,0.0,0.0,0.0,0.0,0.0
dayakdiluc,dayakdiluc,0.003944462165236473,0.003944462165236473,1,0,Non-Buzzer,0.0,0.0,0.4483,1.0,0.0,0.0,0.0,0.0,0.0,0.0,0.0
dazaaruu_,dazaaruu_,0.036537133157253265,0.036537133157253265,1,0,Non-Buzzer,0.0,0.0,0.2515,1.0,0.0,0.0,0.0,0.0,0.0,0.0,0.0
debugwithcare,debugwithcare,0.06363862752914429,0.06363862752914429,1,0,Non-Buzzer,1.0,0.0,0.5378,1.0,0.0,0.0,0.0,0.0,0.0,0.0,0.0
deburiaria,deburiaria,0.0011310703121125698,0.0011310703121125698,1,0,Non-Buzzer,0.0,0.0,0.3774,1.0,0.0,0.0,0.0,0.0,0.0,0.0,0.0
dedirmdani,dedirmdani,0.0025219302624464035,0.0025219302624464035,1,0,Non-Buzzer,0.0,0.0,0.3073,1.0,0.0,0.0,0.0,0.0,0.0,0.0,0.0
delik_store,delik_store,0.9723348617553711,0.9723348617553711,1,1,Buzzer,0.0,0.0,0.4159,1.0,0.0,0.0,0.0,0.0,0.0,0.0,0.0
dennyrd,dennyrd,0.019438134506344795,0.019438134506344795,1,0,Non-Buzzer,1.0,0.0,0.7528,1.0,0.0,0.0,0.0,0.0,0.0,0.0,0.0
detikinet,detikinet,0.9337286353111267,0.3138541877269745,3,1,Buzzer,0.0,0.0,1.0,0.3333333333333333,0.0,0.0,0.0,0.0,0.0,0.0,0.0
detikjatengcom,detikjatengcom,0.03322484716773033,0.03322484716773033,1,0,Non-Buzzer,0.0,0.0,0.5135,1.0,0.0,0.0,0.0,0.0,0.0,0.0,0.0
detoge,detoge,0.0012003330048173666,0.0012003330048173666,1,0,Non-Buzzer,0.0,0.0,0.5191,1.0,0.0,0.0,0.0,0.0,0.0,0.0,0.0
dh74169970,dh74169970,0.9981136322021484,0.9800161719322205,3,3,Buzzer,3.0,0.0,0.6324,1.0,0.0,3.0,0.05263157894736842,0.0,0.0,0.010576251904360826,0.00016700366286787798
dianasrirahay,dianasrirahay,0.8036391735076904,0.8036391735076904,1,0,Non-Buzzer,0.0,0.0,0.6019,1.0,0.0,0.0,0.0,0.0,0.0,0.0,0.0
dieformealice,dieformealice,0.026089318096637726,0.026089318096637726,1,0,Non-Buzzer,0.0,0.0,0.7798,1.0,0.0,0.0,0.0,0.0,0.0,0.0,0.0
dihydroxyestra,dihydroxyestra,0.0013696684036403894,0.0013696684036403894,1,0,Non-Buzzer,0.0,0.0,0.2803,1.0,0.0,0.0,0.0,0.0,0.0,0.0,0.0
dombolord,dombolord,0.028330981731414795,0.028330981731414795,1,0,Non-Buzzer,0.0,0.0,0.4878,1.0,0.0,0.0,0.0,0.0,0.0,0.0,0.0
donisuzaku,donisuzaku,0.00240723486058414,0.00240723486058414,1,0,Non-Buzzer,1.0,0.0,0.5587,1.0,0.0,0.0,0.0,0.0,0.0,0.0,0.0
doraemo1v,doraemo1v,0.000804118113592267,0.000804118113592267,1,0,Non-Buzzer,1.0,0.0,0.2543,1.0,0.0,0.0,0.0,0.0,0.0,0.0,0.0
dubaicuwicookie,dubaicuwicookie,0.0010317763080820441,0.0010317763080820441,1,0,Non-Buzzer,1.0,0.0,0.3782,1.0,0.0,0.0,0.0,0.0,0.0,0.0,0.0
dude_bukan,dude_bukan,0.36486315727233887,0.36486315727233887,1,0,Non-Buzzer,0.0,0.0,0.3596,1.0,0.0,0.0,0.0,0.0,0.0,0.0,0.0
dvrtlngi,dvrtlngi,0.9984583854675293,0.9978868365287781,4,4,Buzzer,3.0,0.0,0.7017,1.0,0.0,3.0,0.05263157894736842,0.0,0.0,0.010576251904360826,0.00016700366286787798
dvtrhx,dvtrhx,0.04642479121685028,0.04642479121685028,1,0,Non-Buzzer,1.0,0.0,0.5125,1.0,0.0,0.0,0.0,0.0,0.0,0.0,0.0
dwi_wahyu007,dwi_wahyu007,0.9757099747657776,0.9757099747657776,1,1,Buzzer,1.0,0.0,0.5062,1.0,0.0,1.0,0.017543859649122806,0.0,0.0,0.010576251904360826,0.00016700366286787798
dwxnda,dwxnda,0.0021424652077257633,0.0021424652077257633,1,0,Non-Buzzer,0.0,0.0,0.3572,1.0,0.0,0.0,0.0,0.0,0.0,0.0,0.0
earlyguilty,earlyguilty,0.0028767690528184175,0.0028767690528184175,1,0,Non-Buzzer,0.0,0.0,0.4172,1.0,0.0,0.0,0.0,0.0,0.0,0.0,0.0
eatalot23,eatalot23,0.0031954555306583643,0.0031954555306583643,1,0,Non-Buzzer,1.0,0.0,0.3496,1.0,0.0,0.0,0.0,0.0,0.0,0.0,0.0
ecco2kfarts,ecco2kfarts,0.0008214347762987018,0.0008214347762987018,1,0,Non-Buzzer,0.0,0.0,0.3099,1.0,0.0,0.0,0.0,0.0,0.0,0.0,0.0
eepytome,eepytome,0.0012015135725960135,0.0012015135725960135,1,0,Non-Buzzer,0.0,0.0,0.6121,1.0,0.0,0.0,0.0,0.0,0.0,0.0,0.0
eesu_ace,eesu_ace,0.002516091801226139,0.002516091801226139,1,0,Non-Buzzer,0.0,0.0,0.2211,1.0,0.0,0.0,0.0,0.0,0.0,0.0,0.0
efenerr,efenerr,0.002982088830322027,0.002982088830322027,1,0,Non-Buzzer,0.0,0.0,0.3668,1.0,0.0,0.0,0.0,0.0,0.0,0.0,0.0
effendiilham,effendiilham,0.0017969068139791489,0.0017969068139791489,1,0,Non-Buzzer,0.0,0.0,0.432,1.0,0.0,0.0,0.0,0.0,0.0,0.0,0.0
ekawicaksana,ekawicaksana,0.005915926303714514,0.005380235146731138,3,0,Non-Buzzer,1.0,8.0,0.4644,0.3333333333333333,0.0,0.0,0.0,0.0,0.0,0.0,0.0
eldidito,eldidito,0.0009973366977646947,0.0009973366977646947,1,0,Non-Buzzer,0.0,0.0,0.359,1.0,0.0,0.0,0.0,0.0,0.0,0.0,0.0
emptyspacerant,emptyspacerant,0.0015652887523174286,0.0015652887523174286,1,0,Non-Buzzer,0.0,0.0,0.3886,1.0,0.0,0.0,0.0,0.0,0.0,0.0,0.0
emulapor,emulapor,0.006733275484293699,0.006260698661208153,2,0,Non-Buzzer,0.0,0.0,0.6021,0.5,0.0,0.0,0.0,0.0,0.0,0.0,0.0
enilesram,enilesram,0.0020913579501211643,0.0020913579501211643,1,0,Non-Buzzer,1.0,0.0,0.2671,1.0,0.0,0.0,0.0,0.0,0.0,0.0,0.0
enjzuu,enjzuu,0.01004179660230875,0.01004179660230875,1,0,Non-Buzzer,0.0,0.0,0.5687,1.0,0.0,0.0,0.0,0.0,0.0,0.0,0.0
eonoeonoe,eonoeonoe,0.002374952659010887,0.001731047872453928,2,0,Non-Buzzer,0.0,0.0,0.4036,1.0,0.0,0.0,0.0,0.0,0.0,0.0,0.0
erwinhbr9us,erwinhbr9us,0.7212255597114563,0.7212255597114563,1,0,Non-Buzzer,0.0,0.0,0.3866,1.0,0.0,0.0,0.0,0.0,0.0,0.0,0.0
esbique_,esbique_,0.0035256221890449524,0.0035256221890449524,1,0,Non-Buzzer,1.0,0.0,0.3703,1.0,0.0,0.0,0.0,0.0,0.0,0.0,0.0
esp_sevens,esp_sevens,0.009972665458917618,0.009972665458917618,1,0,Non-Buzzer,0.0,0.0,0.4866,1.0,0.0,0.0,0.0,0.0,0.0,0.0,0.0
etisulastr17672,etisulastr17672,0.8532411456108093,0.8532411456108093,1,1,Buzzer,0.0,0.0,0.4181,1.0,0.0,0.0,0.0,0.0,0.0,0.0,0.0
exewriyan,exewriyan,0.0026904933620244265,0.0026904933620244265,1,0,Non-Buzzer,0.0,0.0,0.3269,1.0,0.0,0.0,0.0,0.0,0.0,0.0,0.0
fadhilnhaa,fadhilnhaa,0.009035239927470684,0.009035239927470684,1,0,Non-Buzzer,1.0,0.0,0.6668,1.0,0.0,0.0,0.0,0.0,0.0,0.0,0.0
fareasy96,fareasy96,0.04676695540547371,0.02071947045624256,5,0,Non-Buzzer,3.0,2.0,0.4357,0.4,0.0,0.0,0.0,0.0,0.0,0.0,0.0
farkiw_,farkiw_,0.0009294535266235471,0.0009294535266235471,1,0,Non-Buzzer,1.0,0.0,0.3754,1.0,0.0,0.0,0.0,0.0,0.0,0.0,0.0
fathanmsatria,fathanmsatria,0.0033211600966751575,0.0033211600966751575,1,0,Non-Buzzer,1.0,0.0,0.6662,1.0,0.0,0.0,0.0,0.0,0.0,0.0,0.0
fayn57,fayn57,0.0018885273020714521,0.0018885273020714521,1,0,Non-Buzzer,1.0,0.0,0.2241,1.0,0.0,0.0,0.0,0.0,0.0,0.0,0.0
feelingfluky,feelingfluky,0.004264942370355129,0.004264942370355129,1,0,Non-Buzzer,0.0,0.0,0.8368,1.0,0.0,0.0,0.0,0.0,0.0,0.0,0.0
feliscxtus,feliscxtus,0.014781303703784943,0.014781303703784943,1,0,Non-Buzzer,0.0,0.0,0.7725,1.0,0.0,0.0,0.0,0.0,0.0,0.0,0.0
feromonguy,feromonguy,0.002750248182564974,0.002750248182564974,1,0,Non-Buzzer,0.0,0.0,0.4797,1.0,0.0,0.0,0.0,0.0,0.0,0.0,0.0
ferrdihidayat,ferrdihidayat,0.005802391562610865,0.005802391562610865,1,0,Non-Buzzer,1.0,0.0,0.7287,1.0,0.0,0.0,0.0,0.0,0.0,0.0,0.0
ferryandka,ferryandka,0.0037922949995845556,0.0037922949995845556,1,0,Non-Buzzer,1.0,0.0,0.277,1.0,0.0,0.0,0.0,0.0,0.0,0.0,0.0
ferrykoto,ferrykoto,0.4639706611633301,0.23360194265842438,2,0,Non-Buzzer,0.0,23.0,1.0,0.5,0.0,0.0,0.0,0.0,0.0,0.0,0.0
fialamsyah,fialamsyah,0.0048326244577765465,0.0048326244577765465,1,0,Non-Buzzer,0.0,0.0,0.4221,1.0,0.0,0.0,0.0,0.0,0.0,0.0,0.0
fibraaaay,fibraaaay,0.008347765542566776,0.008347765542566776,1,0,Non-Buzzer,1.0,0.0,1.0,1.0,0.0,0.0,0.0,0.0,0.0,0.0,0.0
fireplayblaze,fireplayblaze,0.004823929164558649,0.004823929164558649,1,0,Non-Buzzer,0.0,0.0,0.4605,1.0,0.0,0.0,0.0,0.0,0.0,0.0,0.0
fizzzzyyyyyyy,fizzzzyyyyyyy,0.0021384432911872864,0.00209400849416852,2,0,Non-Buzzer,2.0,1.0,0.3844,0.5,0.0,0.0,0.0,0.0,0.0,0.0,0.0
fleurishism,fleurishism,0.014424439519643784,0.014424439519643784,1,0,Non-Buzzer,0.0,0.0,0.469,1.0,0.0,0.0,0.0,0.0,0.0,0.0,0.0
foolyyn,foolyyn,0.0029113725759088993,0.0029113725759088993,1,0,Non-Buzzer,0.0,0.0,0.628,1.0,0.0,0.0,0.0,0.0,0.0,0.0,0.0
foppy_7,foppy_7,0.0009716691565699875,0.0009716691565699875,1,0,Non-Buzzer,1.0,0.0,0.381,1.0,0.0,0.0,0.0,0.0,0.0,0.0,0.0
fragmentedraven,fragmentedraven,0.012555629014968872,0.012555629014968872,1,0,Non-Buzzer,0.0,0.0,1.0,1.0,0.0,0.0,0.0,0.0,0.0,0.0,0.0
fraviato,fraviato,0.8426336646080017,0.42491623759269714,2,0,Non-Buzzer,2.0,1.0,0.3312,0.5,0.0,0.0,0.0,0.0,0.0,0.0,0.0
fredywaw,fredywaw,0.023851530626416206,0.023851530626416206,1,0,Non-Buzzer,0.0,0.0,0.5522,1.0,0.0,0.0,0.0,0.0,0.0,0.0,0.0
freqtions,freqtions,0.0028488445095717907,0.0028488445095717907,1,0,Non-Buzzer,1.0,0.0,0.3962,1.0,0.0,0.0,0.0,0.0,0.0,0.0,0.0
freshsqueezeorg,freshsqueezeorg,0.6848065257072449,0.23963160812854767,3,0,Non-Buzzer,2.0,0.0,0.447,0.3333333333333333,0.0,0.0,0.0,0.0,0.0,0.0,0.0
fuckchmstry,fuckchmstry,0.36534518003463745,0.1308322250843048,3,0,Non-Buzzer,1.0,0.0,0.448,0.6666666666666666,0.0,0.0,0.0,0.0,0.0,0.0,0.0
futuretecnokrat,futuretecnokrat,0.05882866308093071,0.05882866308093071,1,0,Non-Buzzer,0.0,0.0,0.2637,1.0,0.0,0.0,0.0,0.0,0.0,0.0,0.0
g00dfella__,g00dfella__,0.0009277985664084554,0.0009277985664084554,1,0,Non-Buzzer,0.0,0.0,0.361,1.0,0.0,0.0,0.0,0.0,0.0,0.0,0.0
galih_dea,galih_dea,0.0023265823256224394,0.0023265823256224394,1,0,Non-Buzzer,0.0,0.0,0.3148,1.0,0.0,0.0,0.0,0.0,0.0,0.0,0.0
galtzarr,galtzarr,0.023504922166466713,0.012858296744525433,2,0,Non-Buzzer,0.0,0.0,0.4457,1.0,0.0,0.0,0.0,0.0,0.0,0.0,0.0
gaptekbet,gaptekbet,0.002139545511454344,0.002139545511454344,1,0,Non-Buzzer,0.0,0.0,0.3877,1.0,0.0,0.0,0.0,0.0,0.0,0.0,0.0
garmenputus,garmenputus,0.0012506585335358977,0.0012506585335358977,1,0,Non-Buzzer,0.0,0.0,0.5017,1.0,0.0,0.0,0.0,0.0,0.0,0.0,0.0
gbfonry,gbfonry,0.004124270286411047,0.004124270286411047,1,0,Non-Buzzer,1.0,0.0,0.0,1.0,0.0,0.0,0.0,0.0,0.0,0.0,0.0
geicilikechips,geicilikechips,0.002908013528212905,0.002908013528212905,1,0,Non-Buzzer,0.0,0.0,0.2774,1.0,0.0,0.0,0.0,0.0,0.0,0.0,0.0
gerbongbagasi,gerbongbagasi,0.34166547656059265,0.34166547656059265,1,0,Non-Buzzer,1.0,0.0,1.0,1.0,0.0,0.0,0.0,0.0,0.0,0.0,0.0
gillsevensense,gillsevensense,0.023146945983171463,0.023146945983171463,1,0,Non-Buzzer,0.0,0.0,0.6607,1.0,0.0,0.0,0.0,0.0,0.0,0.0,0.0
girumon16,girumon16,0.002153668086975813,0.002153668086975813,1,0,Non-Buzzer,0.0,0.0,0.7725,1.0,0.0,0.0,0.0,0.0,0.0,0.0,0.0
godbusycanihelp,godbusycanihelp,0.0013163471594452858,0.0013163471594452858,1,0,Non-Buzzer,0.0,0.0,0.6158,1.0,0.0,0.0,0.0,0.0,0.0,0.0,0.0
goeli3,goeli3,0.0013607563450932503,0.0013607563450932503,1,0,Non-Buzzer,0.0,0.0,0.3316,1.0,0.0,0.0,0.0,0.0,0.0,0.0,0.0
goldensunfyre,goldensunfyre,0.004036440048366785,0.004036440048366785,1,0,Non-Buzzer,0.0,0.0,0.4052,1.0,0.0,0.0,0.0,0.0,0.0,0.0,0.0
grieuver,grieuver,0.0034732476342469454,0.0034732476342469454,1,0,Non-Buzzer,0.0,0.0,0.4928,1.0,0.0,0.0,0.0,0.0,0.0,0.0,0.0
groflokash,groflokash,0.0014845782425254583,0.0014845782425254583,1,0,Non-Buzzer,0.0,0.0,0.3969,1.0,0.0,0.0,0.0,0.0,0.0,0.0,0.0
grok,grok,0.879378616809845,0.47936028242111206,2,1,Buzzer,2.0,0.0,0.5305,0.5,0.0,1.0,0.017543859649122806,0.0,0.0,0.010576251904360826,0.00016700366286787798
gungdala,gungdala,0.0010750520741567016,0.0010750520741567016,1,0,Non-Buzzer,0.0,0.0,0.3823,1.0,0.0,0.0,0.0,0.0,0.0,0.0,0.0
gunnersbald,gunnersbald,0.022380366921424866,0.0189653392881155,2,0,Non-Buzzer,0.0,0.0,0.5431,1.0,0.0,0.0,0.0,0.0,0.0,0.0,0.0
gusaaarrr,gusaaarrr,0.016376135870814323,0.016376135870814323,1,0,Non-Buzzer,1.0,0.0,0.531,1.0,0.0,0.0,0.0,0.0,0.0,0.0,0.0
gygaamerta,gygaamerta,0.008447348140180111,0.006222298368811607,2,0,Non-Buzzer,0.0,0.0,0.5047,0.5,0.0,0.0,0.0,0.0,0.0,0.0,0.0
hadehhalah,hadehhalah,0.001133434590883553,0.001133434590883553,1,0,Non-Buzzer,1.0,0.0,0.3712,1.0,0.0,0.0,0.0,0.0,0.0,0.0,0.0
haenetizen,haenetizen,0.000797021493781358,0.000797021493781358,1,0,Non-Buzzer,1.0,0.0,0.3362,1.0,0.0,0.0,0.0,0.0,0.0,0.0,0.0
hakeruuu,hakeruuu,0.2248888611793518,0.2248888611793518,1,0,Non-Buzzer,0.0,0.0,0.5763,1.0,0.0,0.0,0.0,0.0,0.0,0.0,0.0
hanadee_20,hanadee_20,0.021197907626628876,0.021197907626628876,1,0,Non-Buzzer,0.0,0.0,0.5877,1.0,0.0,0.0,0.0,0.0,0.0,0.0,0.0
harist_ixcents,harist_ixcents,0.016634084284305573,0.006148774176836014,4,0,Non-Buzzer,1.0,1.0,0.3701,0.5,0.0,0.0,0.0,0.0,0.0,0.0,0.0
haritstoteles_,haritstoteles_,0.0010448471875861287,0.0010448471875861287,1,0,Non-Buzzer,0.0,0.0,0.4049,1.0,0.0,0.0,0.0,0.0,0.0,0.0,0.0
hejokayang,hejokayang,0.0011483978014439344,0.0011483978014439344,1,0,Non-Buzzer,0.0,0.0,0.0,1.0,0.0,0.0,0.0,0.0,0.0,0.0,0.0
hhiimmeell,hhiimmeell,0.0008674745331518352,0.0008674745331518352,1,0,Non-Buzzer,1.0,0.0,0.0,1.0,0.0,0.0,0.0,0.0,0.0,0.0,0.0
hi_bagus,hi_bagus,0.0018380903638899326,0.0018380903638899326,1,0,Non-Buzzer,1.0,0.0,0.3518,1.0,0.0,0.0,0.0,0.0,0.0,0.0,0.0
hilizme,hilizme,0.0011676513822749257,0.0011676513822749257,1,0,Non-Buzzer,1.0,0.0,0.3296,1.0,0.0,0.0,0.0,0.0,0.0,0.0,0.0
hilyazu,hilyazu,0.99793940782547,0.5049821138381958,5,2,Buzzer,4.0,0.0,0.7613,0.8,0.0,1.0,0.017543859649122806,0.0,0.0,0.010576251904360826,0.00016700366286787798
hiseyyno,hiseyyno,0.018991220742464066,0.018991220742464066,1,0,Non-Buzzer,0.0,0.0,0.5726,1.0,0.0,0.0,0.0,0.0,0.0,0.0,0.0
hklrzki,hklrzki,0.005241737235337496,0.003076279303058982,2,0,Non-Buzzer,1.0,0.0,0.3828,1.0,0.0,0.0,0.0,0.0,0.0,0.0,0.0
honglungitis,honglungitis,0.009779853746294975,0.009779853746294975,1,0,Non-Buzzer,1.0,0.0,0.0,1.0,0.0,0.0,0.0,0.0,0.0,0.0,0.0
hosjou,hosjou,0.005455819424241781,0.005455819424241781,1,0,Non-Buzzer,0.0,0.0,0.2524,1.0,0.0,0.0,0.0,0.0,0.0,0.0,0.0
hotgamer132,hotgamer132,0.0029857985209673643,0.0029857985209673643,1,0,Non-Buzzer,0.0,0.0,0.3566,1.0,0.0,0.0,0.0,0.0,0.0,0.0,0.0
hrdbacot,hrdbacot,0.005829814821481705,0.005829814821481705,1,0,Non-Buzzer,1.0,0.0,0.3782,1.0,0.0,0.0,0.0,0.0,0.0,0.0,0.0
hrenyue,hrenyue,0.01908833160996437,0.01908833160996437,1,0,Non-Buzzer,0.0,0.0,0.6665,1.0,0.0,0.0,0.0,0.0,0.0,0.0,0.0
hydarnus,hydarnus,0.36658114194869995,0.19201456010341644,2,0,Non-Buzzer,0.0,0.0,0.5321,0.5,0.0,0.0,0.0,0.0,0.0,0.0,0.0
iSatrio,iSatrio,0.0009773741476237774,0.0009773741476237774,1,0,Non-Buzzer,0.0,0.0,0.2261,1.0,0.0,0.0,0.0,0.0,0.0,0.0,0.0
iam__stanis,iam__stanis,0.00558342132717371,0.00558342132717371,1,0,Non-Buzzer,0.0,0.0,0.6021,1.0,0.0,0.0,0.0,0.0,0.0,0.0,0.0
iambayu48,iambayu48,0.0026159759145230055,0.0026159759145230055,1,0,Non-Buzzer,1.0,0.0,0.3697,1.0,0.0,0.0,0.0,0.0,0.0,0.0,0.0
ianalvan95,ianalvan95,0.005567537620663643,0.005567537620663643,1,0,Non-Buzzer,1.0,0.0,0.4357,1.0,0.0,0.0,0.0,0.0,0.0,0.0,0.0
ianrswld,ianrswld,0.06894618272781372,0.03909158706665039,2,0,Non-Buzzer,1.0,0.0,0.4157,0.5,0.0,0.0,0.0,0.0,0.0,0.0,0.0
ibnukazuyal,ibnukazuyal,0.03969757631421089,0.02046765573322773,4,0,Non-Buzzer,2.0,0.0,0.4424,0.5,0.0,0.0,0.0,0.0,0.0,0.0,0.0
ichaciing,ichaciing,0.0789063572883606,0.0789063572883606,1,0,Non-Buzzer,0.0,0.0,0.3589,1.0,0.0,0.0,0.0,0.0,0.0,0.0,0.0
idlanyer_erdna,idlanyer_erdna,0.8159705400466919,0.8159705400466919,1,0,Non-Buzzer,0.0,0.0,0.435,1.0,0.0,0.0,0.0,0.0,0.0,0.0,0.0
ikaikuikok,ikaikuikok,0.9980656504631042,0.9429407119750977,3,3,Buzzer,2.0,0.0,0.5278,0.6666666666666666,0.0,2.0,0.03508771929824561,0.0,0.0,0.010576251904360826,0.00016700366286787798
ikanhane,ikanhane,0.0028572999872267246,0.0028572999872267246,1,0,Non-Buzzer,0.0,0.0,0.292,1.0,0.0,0.0,0.0,0.0,0.0,0.0,0.0
ikanterbang663,ikanterbang663,0.007036515977233648,0.007036515977233648,1,0,Non-Buzzer,0.0,0.0,0.4332,1.0,0.0,0.0,0.0,0.0,0.0,0.0,0.0
ilikeAK_47,ilikeAK_47,0.9771741032600403,0.9771741032600403,1,1,Buzzer,0.0,0.0,0.9376,1.0,0.0,0.0,0.0,0.0,0.0,0.0,0.0
imamanbru,imamanbru,0.0009866782929748297,0.0009866782929748297,1,0,Non-Buzzer,0.0,0.0,0.3896,1.0,0.0,0.0,0.0,0.0,0.0,0.0,0.0
impulsivelymee,impulsivelymee,0.0039474088698625565,0.0039474088698625565,1,0,Non-Buzzer,0.0,0.0,1.0,1.0,0.0,0.0,0.0,0.0,0.0,0.0,0.0
imthaitea,imthaitea,0.0009716691565699875,0.0009716691565699875,1,0,Non-Buzzer,1.0,0.0,0.3879,1.0,0.0,0.0,0.0,0.0,0.0,0.0,0.0
inabujank,inabujank,0.0013701936695724726,0.0013701936695724726,1,0,Non-Buzzer,0.0,0.0,0.9098,1.0,0.0,0.0,0.0,0.0,0.0,0.0,0.0
indahsarii54648,indahsarii54648,0.9986893534660339,0.515976071357727,4,2,Buzzer,3.0,0.0,0.7025,0.75,0.0,1.0,0.017543859649122806,0.0,0.0,0.010576251904360826,0.00016700366286787798
indomiegrgsate,indomiegrgsate,0.001542174955829978,0.001542174955829978,1,0,Non-Buzzer,1.0,0.0,0.2967,1.0,0.0,0.0,0.0,0.0,0.0,0.0,0.0
indonesiago_id,indonesiago_id,0.9778187274932861,0.48958706855773926,2,1,Buzzer,0.0,0.0,0.5965,1.0,0.0,0.0,0.0,0.0,0.0,0.0,0.0
inimahjapran,inimahjapran,0.08940736204385757,0.08940736204385757,1,0,Non-Buzzer,1.0,0.0,0.5353,1.0,0.0,0.0,0.0,0.0,0.0,0.0,0.0
istrinyanaga,istrinyanaga,0.03616825118660927,0.03616825118660927,1,0,Non-Buzzer,0.0,0.0,0.467,1.0,0.0,0.0,0.0,0.0,0.0,0.0,0.0
istriphainon5,istriphainon5,0.0015108451480045915,0.0015108451480045915,1,0,Non-Buzzer,1.0,0.0,0.2719,1.0,0.0,0.0,0.0,0.0,0.0,0.0,0.0
itsD_037,itsD_037,0.0015833082143217325,0.0015833082143217325,1,0,Non-Buzzer,0.0,0.0,0.4298,1.0,0.0,0.0,0.0,0.0,0.0,0.0,0.0
its_arleigh,its_arleigh,0.001715508522465825,0.001715508522465825,1,0,Non-Buzzer,1.0,0.0,0.447,1.0,0.0,0.0,0.0,0.0,0.0,0.0,0.0
its_me_zhafran,its_me_zhafran,0.0017514460487291217,0.0017514460487291217,1,0,Non-Buzzer,1.0,0.0,0.3634,1.0,0.0,0.0,0.0,0.0,0.0,0.0,0.0
itsfbpr89,itsfbpr89,0.001935781561769545,0.001935781561769545,1,0,Non-Buzzer,1.0,0.0,0.3384,1.0,0.0,0.0,0.0,0.0,0.0,0.0,0.0
itsgenky,itsgenky,0.04003145918250084,0.04003145918250084,1,0,Non-Buzzer,0.0,0.0,1.0,1.0,0.0,0.0,0.0,0.0,0.0,0.0,0.0
itskadeks,itskadeks,0.0008148001506924629,0.0008148001506924629,1,0,Non-Buzzer,0.0,0.0,0.2736,1.0,0.0,0.0,0.0,0.0,0.0,0.0,0.0
ivanws88,ivanws88,0.007668635807931423,0.007668635807931423,1,0,Non-Buzzer,1.0,0.0,0.5029,1.0,0.0,0.0,0.0,0.0,0.0,0.0,0.0
ivosdementia,ivosdementia,0.007173567079007626,0.007173567079007626,1,0,Non-Buzzer,0.0,0.0,0.455,1.0,0.0,0.0,0.0,0.0,0.0,0.0,0.0
j1mboo23,j1mboo23,0.0010764386970549822,0.0010764386970549822,1,0,Non-Buzzer,1.0,0.0,0.5855,1.0,0.0,0.0,0.0,0.0,0.0,0.0,0.0
jakasrinugraha4,jakasrinugraha4,0.0008857601787894964,0.0008857601787894964,1,0,Non-Buzzer,0.0,0.0,0.0,1.0,0.0,0.0,0.0,0.0,0.0,0.0,0.0
jamal8204,jamal8204,0.13763560354709625,0.13763560354709625,1,0,Non-Buzzer,1.0,0.0,0.3141,1.0,0.0,0.0,0.0,0.0,0.0,0.0,0.0
javafeedsss,javafeedsss,0.0040675001218914986,0.0036205884534865618,2,0,Non-Buzzer,2.0,0.0,0.4021,0.5,0.0,0.0,0.0,0.0,0.0,0.0,0.0
jawapos,jawapos,0.001640092465095222,0.001640092465095222,1,0,Non-Buzzer,0.0,0.0,0.3576,1.0,0.0,0.0,0.0,0.0,0.0,0.0,0.0
jayadiakbar_,jayadiakbar_,0.0010381403844803572,0.0010381403844803572,1,0,Non-Buzzer,0.0,0.0,0.3559,1.0,0.0,0.0,0.0,0.0,0.0,0.0,0.0
jeki_the_pirate,jeki_the_pirate,0.00941200740635395,0.00941200740635395,1,0,Non-Buzzer,0.0,0.0,0.3396,1.0,0.0,0.0,0.0,0.0,0.0,0.0,0.0
jimans_,jimans_,0.0011735220905393362,0.0011735220905393362,1,0,Non-Buzzer,0.0,0.0,0.347,1.0,0.0,0.0,0.0,0.0,0.0,0.0,0.0
jinowra,jinowra,0.0008857601787894964,0.0008857601787894964,1,0,Non-Buzzer,0.0,0.0,0.0,1.0,0.0,0.0,0.0,0.0,0.0,0.0,0.0
jneejin,jneejin,0.00330630736425519,0.00330630736425519,1,0,Non-Buzzer,0.0,0.0,1.0,1.0,0.0,0.0,0.0,0.0,0.0,0.0,0.0
joyminzip,joyminzip,0.021733105182647705,0.021733105182647705,1,0,Non-Buzzer,0.0,0.0,0.4806,1.0,0.0,0.0,0.0,0.0,0.0,0.0,0.0
kaikurogane25,kaikurogane25,0.004219290800392628,0.0029997900128364563,3,0,Non-Buzzer,0.0,0.0,0.4078,0.6666666666666666,0.0,0.0,0.0,0.0,0.0,0.0,0.0
kaitou_kicks,kaitou_kicks,0.0009122728952206671,0.0009122728952206671,1,0,Non-Buzzer,1.0,0.0,0.2364,1.0,0.0,0.0,0.0,0.0,0.0,0.0,0.0
kaiz_shikikan,kaiz_shikikan,0.0011330314446240664,0.0011330314446240664,1,0,Non-Buzzer,0.0,0.0,0.7982,1.0,0.0,0.0,0.0,0.0,0.0,0.0,0.0
kararynn,kararynn,0.001906807185150683,0.001906807185150683,1,0,Non-Buzzer,0.0,0.0,0.3069,1.0,0.0,0.0,0.0,0.0,0.0,0.0,0.0
karz_sept,karz_sept,0.020981047302484512,0.011568333953619003,2,0,Non-Buzzer,2.0,0.0,0.373,1.0,0.0,0.0,0.0,0.0,0.0,0.0,0.0
kazuugi,kazuugi,0.0015467022312805057,0.0015467022312805057,1,0,Non-Buzzer,0.0,0.0,0.4199,1.0,0.0,0.0,0.0,0.0,0.0,0.0,0.0
keisukeiblue,keisukeiblue,0.004570070654153824,0.004570070654153824,1,0,Non-Buzzer,1.0,0.0,0.2834,1.0,0.0,0.0,0.0,0.0,0.0,0.0,0.0
kejoraseruni,kejoraseruni,0.0024997531436383724,0.0024997531436383724,1,0,Non-Buzzer,0.0,0.0,0.4,1.0,0.0,0.0,0.0,0.0,0.0,0.0,0.0
kenarpramodana,kenarpramodana,0.011310857720673084,0.011310857720673084,1,0,Non-Buzzer,0.0,0.0,0.6158,1.0,0.0,0.0,0.0,0.0,0.0,0.0,0.0
kenjay_,kenjay_,0.0017571243224665523,0.0017571243224665523,1,0,Non-Buzzer,0.0,0.0,0.4139,1.0,0.0,0.0,0.0,0.0,0.0,0.0,0.0
kerissakti,kerissakti,0.18740445375442505,0.12693236768245697,3,0,Non-Buzzer,2.0,24.0,1.0,0.6666666666666666,12.0,0.0,0.21052631578947367,0.0,0.21052631578947367,0.05134240020958775,0.32582414625523026
kerjosurvey,kerjosurvey,0.9062095880508423,0.9062095880508423,1,1,Buzzer,0.0,0.0,0.9539,1.0,0.0,0.0,0.0,0.0,0.0,0.0,0.0
kevinabscratch,kevinabscratch,0.0009774924255907536,0.0009774924255907536,1,0,Non-Buzzer,1.0,0.0,0.0,1.0,0.0,0.0,0.0,0.0,0.0,0.0,0.0
kikkawa_kinji84,kikkawa_kinji84,0.003089261706918478,0.003089261706918478,1,0,Non-Buzzer,1.0,0.0,0.2794,1.0,0.0,0.0,0.0,0.0,0.0,0.0,0.0
kindahao,kindahao,0.0012424244778230786,0.0012424244778230786,1,0,Non-Buzzer,0.0,0.0,0.9098,1.0,0.0,0.0,0.0,0.0,0.0,0.0,0.0
klawd___,klawd___,0.0010947545524686575,0.0010947545524686575,1,0,Non-Buzzer,0.0,0.0,0.3882,1.0,0.0,0.0,0.0,0.0,0.0,0.0,0.0
knightmuro,knightmuro,0.026999391615390778,0.02169010601937771,2,0,Non-Buzzer,2.0,0.0,0.4865,0.5,0.0,0.0,0.0,0.0,0.0,0.0,0.0
koabenk,koabenk,0.0012068459764122963,0.0012068459764122963,1,0,Non-Buzzer,0.0,0.0,0.5687,1.0,0.0,0.0,0.0,0.0,0.0,0.0,0.0
kocakterus88,kocakterus88,0.002436605282127857,0.002436605282127857,1,0,Non-Buzzer,0.0,0.0,0.357,1.0,0.0,0.0,0.0,0.0,0.0,0.0,0.0
koounde,koounde,0.030644303187727928,0.030644303187727928,1,0,Non-Buzzer,0.0,0.0,0.3063,1.0,0.0,0.0,0.0,0.0,0.0,0.0,0.0
kopeyy,kopeyy,0.0008459995733574033,0.0008459995733574033,1,0,Non-Buzzer,0.0,0.0,0.2559,1.0,0.0,0.0,0.0,0.0,0.0,0.0,0.0
kopikasir,kopikasir,0.023007238283753395,0.023007238283753395,1,0,Non-Buzzer,0.0,0.0,0.8577,1.0,0.0,0.0,0.0,0.0,0.0,0.0,0.0
kopisusu73,kopisusu73,0.0026851859875023365,0.0026851859875023365,1,0,Non-Buzzer,0.0,0.0,0.7671,1.0,0.0,0.0,0.0,0.0,0.0,0.0,0.0
krisnaardis,krisnaardis,0.001161975902505219,0.001161975902505219,1,0,Non-Buzzer,0.0,0.0,0.5862,1.0,0.0,0.0,0.0,0.0,0.0,0.0,0.0
kuda_melenting,kuda_melenting,0.0021728023421019316,0.0021728023421019316,1,0,Non-Buzzer,0.0,0.0,0.3885,1.0,0.0,0.0,0.0,0.0,0.0,0.0,0.0
kukuhya,kukuhya,0.014726724475622177,0.014726724475622177,1,0,Non-Buzzer,0.0,28.0,0.4833,1.0,18.0,0.0,0.3157894736842105,0.0,0.3157894736842105,0.07561586420440392,0.4510768934061388
kurmiked,kurmiked,0.0011885642306879163,0.0011885642306879163,1,0,Non-Buzzer,1.0,0.0,0.5499,1.0,0.0,0.0,0.0,0.0,0.0,0.0,0.0
kusaritari,kusaritari,0.003335437271744013,0.003335437271744013,1,0,Non-Buzzer,1.0,0.0,0.5246,1.0,0.0,0.0,0.0,0.0,0.0,0.0,0.0
kyobiiii,kyobiiii,0.0012730712769553065,0.0012730712769553065,1,0,Non-Buzzer,0.0,0.0,0.4015,1.0,0.0,0.0,0.0,0.0,0.0,0.0,0.0
lalaskibo,lalaskibo,0.000797021493781358,0.000797021493781358,1,0,Non-Buzzer,1.0,0.0,0.3606,1.0,0.0,0.0,0.0,0.0,0.0,0.0,0.0
lancashire1878_,lancashire1878_,0.0010948871495202184,0.0010948871495202184,1,0,Non-Buzzer,1.0,1.0,0.3881,1.0,0.0,0.0,0.0,0.0,0.0,0.0,0.0
langitsenayan,langitsenayan,0.002314860699698329,0.002314860699698329,1,0,Non-Buzzer,0.0,0.0,0.4705,1.0,0.0,0.0,0.0,0.0,0.0,0.0,0.0
leonthecatto,leonthecatto,0.0069011119194328785,0.004428326617926359,2,0,Non-Buzzer,1.0,0.0,0.5475,0.5,0.0,0.0,0.0,0.0,0.0,0.0,0.0
lezmanaandhika,lezmanaandhika,0.010088015347719193,0.010088015347719193,1,0,Non-Buzzer,1.0,0.0,0.4308,1.0,0.0,0.0,0.0,0.0,0.0,0.0,0.0
lilwrenchz,lilwrenchz,0.0013991418527439237,0.0013991418527439237,1,0,Non-Buzzer,0.0,0.0,0.7111,1.0,0.0,0.0,0.0,0.0,0.0,0.0,0.0
lina_fajri737,lina_fajri737,0.8611599206924438,0.8611599206924438,1,1,Buzzer,0.0,0.0,1.0,1.0,0.0,0.0,0.0,0.0,0.0,0.0,0.0
luctvie,luctvie,0.0018187229288741946,0.0018187229288741946,2,0,Non-Buzzer,0.0,0.0,0.8165,0.5,0.0,0.0,0.0,0.0,0.0,0.0,0.0
madeltangapung,madeltangapung,0.005456937476992607,0.004488010890781879,2,0,Non-Buzzer,0.0,2.0,0.4817,0.5,0.0,0.0,0.0,0.0,0.0,0.0,0.0
madshiraa,madshiraa,0.0013685452286154032,0.0013685452286154032,1,0,Non-Buzzer,0.0,0.0,0.3831,1.0,0.0,0.0,0.0,0.0,0.0,0.0,0.0
makanindomie3,makanindomie3,0.005985536612570286,0.005985536612570286,1,0,Non-Buzzer,0.0,0.0,0.4305,1.0,0.0,0.0,0.0,0.0,0.0,0.0,0.0
makominato,makominato,0.001161975902505219,0.001161975902505219,1,0,Non-Buzzer,0.0,0.0,0.5778,1.0,0.0,0.0,0.0,0.0,0.0,0.0,0.0
mamank_garoxz,mamank_garoxz,0.0008674745331518352,0.0008674745331518352,1,0,Non-Buzzer,1.0,0.0,0.0,1.0,0.0,0.0,0.0,0.0,0.0,0.0,0.0
mamooarts,mamooarts,0.0018326900899410248,0.0018326900899410248,1,0,Non-Buzzer,0.0,0.0,0.3228,1.0,0.0,0.0,0.0,0.0,0.0,0.0,0.0
marcenalius,marcenalius,0.2536677420139313,0.2536677420139313,1,0,Non-Buzzer,1.0,0.0,0.4775,1.0,0.0,0.0,0.0,0.0,0.0,0.0,0.0
markucal,markucal,0.0011330314446240664,0.0011330314446240664,1,0,Non-Buzzer,0.0,0.0,0.776,1.0,0.0,0.0,0.0,0.0,0.0,0.0,0.0
martedws,martedws,0.03932160511612892,0.03932160511612892,1,0,Non-Buzzer,0.0,0.0,0.6124,1.0,0.0,0.0,0.0,0.0,0.0,0.0,0.0
marufin865168,marufin865168,0.9400002956390381,0.9400002956390381,1,1,Buzzer,0.0,0.0,0.9527,1.0,0.0,0.0,0.0,0.0,0.0,0.0,0.0
mas_ittou,mas_ittou,0.0021335575729608536,0.0021335575729608536,1,0,Non-Buzzer,0.0,0.0,0.2416,1.0,0.0,0.0,0.0,0.0,0.0,0.0,0.0
mas_panas70450,mas_panas70450,0.0018237655749544501,0.0018237655749544501,1,0,Non-Buzzer,0.0,0.0,0.338,1.0,0.0,0.0,0.0,0.0,0.0,0.0,0.0
masgah_,masgah_,0.8484617471694946,0.29185914993286133,3,0,Non-Buzzer,0.0,0.0,0.5364,0.6666666666666666,0.0,0.0,0.0,0.0,0.0,0.0,0.0
maulanazhrn,maulanazhrn,0.010910398326814175,0.010910398326814175,1,0,Non-Buzzer,0.0,0.0,0.4439,1.0,0.0,0.0,0.0,0.0,0.0,0.0,0.0
mediaindonesia,mediaindonesia,0.002500422764569521,0.002500422764569521,1,0,Non-Buzzer,0.0,0.0,0.4148,1.0,0.0,0.0,0.0,0.0,0.0,0.0,0.0
mefuri_k,mefuri_k,0.01750386506319046,0.01750386506319046,1,0,Non-Buzzer,0.0,0.0,0.4067,1.0,0.0,0.0,0.0,0.0,0.0,0.0,0.0
meimeiajadeh,meimeiajadeh,0.006453533656895161,0.0038707698695361614,2,0,Non-Buzzer,0.0,0.0,0.595,1.0,0.0,0.0,0.0,0.0,0.0,0.0,0.0
melekmedia,melekmedia,0.019282875582575798,0.009366999380290508,3,0,Non-Buzzer,0.0,0.0,0.4489,0.3333333333333333,0.0,0.0,0.0,0.0,0.0,0.0,0.0
melonacake,melonacake,0.008873158134520054,0.008873158134520054,1,0,Non-Buzzer,0.0,0.0,0.6679,1.0,0.0,0.0,0.0,0.0,0.0,0.0,0.0
mencaridaratan,mencaridaratan,0.028448188677430153,0.016221849247813225,2,0,Non-Buzzer,0.0,0.0,0.6022,1.0,0.0,0.0,0.0,0.0,0.0,0.0,0.0
mesheviksus2,mesheviksus2,0.0010611694306135178,0.0010611694306135178,1,0,Non-Buzzer,0.0,0.0,0.3395,1.0,0.0,0.0,0.0,0.0,0.0,0.0,0.0
mgyanm,mgyanm,0.0022533240262418985,0.0022533240262418985,1,0,Non-Buzzer,1.0,0.0,0.3463,1.0,0.0,0.0,0.0,0.0,0.0,0.0,0.0
mhn_ziziz,mhn_ziziz,0.002116227988153696,0.002116227988153696,1,0,Non-Buzzer,0.0,0.0,0.4754,1.0,0.0,0.0,0.0,0.0,0.0,0.0,0.0
mhuseinali,mhuseinali,0.0019133796449750662,0.0019133796449750662,1,0,Non-Buzzer,0.0,6.0,0.2464,1.0,0.0,0.0,0.0,0.0,0.0,0.0,0.0
minazuki_ame,minazuki_ame,0.0010196164948865771,0.0010196164948865771,1,0,Non-Buzzer,0.0,0.0,0.2231,1.0,0.0,0.0,0.0,0.0,0.0,0.0,0.0
mingdinkiw,mingdinkiw,0.0014923128765076399,0.0014923128765076399,1,0,Non-Buzzer,1.0,0.0,0.2786,1.0,0.0,0.0,0.0,0.0,0.0,0.0,0.0
mini_niwdir,mini_niwdir,0.004361249040812254,0.004361249040812254,1,0,Non-Buzzer,1.0,0.0,0.2742,1.0,0.0,0.0,0.0,0.0,0.0,0.0,0.0
mintozaki75,mintozaki75,0.9946485161781311,0.7226817011833191,3,1,Buzzer,2.0,0.0,0.5565,1.0,0.0,1.0,0.017543859649122806,0.0,0.0,0.010576251904360826,0.00016700366286787798
mirasupermii,mirasupermii,0.00272675184533,0.00272675184533,1,0,Non-Buzzer,0.0,0.0,0.5888,1.0,0.0,0.0,0.0,0.0,0.0,0.0,0.0
mirfan_16,mirfan_16,0.09835635125637054,0.09835635125637054,1,0,Non-Buzzer,1.0,0.0,0.4249,1.0,0.0,0.0,0.0,0.0,0.0,0.0,0.0
misterx_9945613,misterx_9945613,0.002547786571085453,0.0024869400076568127,2,0,Non-Buzzer,1.0,0.0,0.4057,1.0,0.0,0.0,0.0,0.0,0.0,0.0,0.0
miyoomiyoo7,miyoomiyoo7,0.010010536760091782,0.010010536760091782,1,0,Non-Buzzer,1.0,0.0,0.5047,1.0,0.0,0.0,0.0,0.0,0.0,0.0,0.0
mldlyc,mldlyc,0.013551519252359867,0.013551519252359867,1,0,Non-Buzzer,0.0,0.0,0.4907,1.0,0.0,0.0,0.0,0.0,0.0,0.0,0.0
mniirtjak,mniirtjak,0.9542719721794128,0.9542719721794128,1,1,Buzzer,0.0,0.0,1.0,1.0,0.0,0.0,0.0,0.0,0.0,0.0,0.0
mochf_,mochf_,0.2219427525997162,0.2219427525997162,1,0,Non-Buzzer,1.0,0.0,0.4475,1.0,0.0,0.0,0.0,0.0,0.0,0.0,0.0
mog_mediaa,mog_mediaa,0.0009245168184861541,0.0009245168184861541,1,0,Non-Buzzer,0.0,20.0,0.2555,1.0,11.0,0.0,0.19298245614035087,0.0,0.19298245614035087,0.04572354280338032,0.27572304739486697
monstreza,monstreza,0.0008051900076679885,0.0008051900076679885,1,0,Non-Buzzer,1.0,0.0,0.3173,1.0,0.0,0.0,0.0,0.0,0.0,0.0,0.0
morpiggg,morpiggg,0.0058564115315675735,0.0058564115315675735,1,0,Non-Buzzer,1.0,0.0,0.5562,1.0,0.0,0.0,0.0,0.0,0.0,0.0,0.0
mpandu_nky,mpandu_nky,0.9864250421524048,0.9553939700126648,2,2,Buzzer,2.0,0.0,0.3798,1.0,0.0,2.0,0.03508771929824561,0.0,0.0,0.010576251904360826,0.00016700366286787798
mrplent21,mrplent21,0.9932498931884766,0.9932498931884766,1,1,Buzzer,0.0,0.0,0.5709,1.0,0.0,0.0,0.0,0.0,0.0,0.0,0.0
msl1896,msl1896,0.0011692038970068097,0.0011692038970068097,1,0,Non-Buzzer,1.0,0.0,0.2969,1.0,0.0,0.0,0.0,0.0,0.0,0.0,0.0
mtiarasptika,mtiarasptika,0.01835269294679165,0.01835269294679165,1,0,Non-Buzzer,0.0,0.0,0.7266,1.0,0.0,0.0,0.0,0.0,0.0,0.0,0.0
mudha_asmara,mudha_asmara,0.0009657623595558107,0.0009657623595558107,1,0,Non-Buzzer,0.0,0.0,0.3215,1.0,0.0,0.0,0.0,0.0,0.0,0.0,0.0
myouiminskuy,myouiminskuy,0.0008857483044266701,0.0008857483044266701,1,0,Non-Buzzer,0.0,0.0,0.3633,1.0,0.0,0.0,0.0,0.0,0.0,0.0,0.0
myshawti,myshawti,0.00861644372344017,0.00861644372344017,1,0,Non-Buzzer,0.0,0.0,0.4279,1.0,0.0,0.0,0.0,0.0,0.0,0.0,0.0
naarawikuY,naarawikuY,0.004054455552250147,0.004054455552250147,1,0,Non-Buzzer,0.0,0.0,0.2618,1.0,0.0,0.0,0.0,0.0,0.0,0.0,0.0
nabawhy,nabawhy,0.0024724407121539116,0.0024724407121539116,1,0,Non-Buzzer,1.0,0.0,0.3668,1.0,0.0,0.0,0.0,0.0,0.0,0.0,0.0
naeraeirene,naeraeirene,0.0008051900076679885,0.0008051900076679885,1,0,Non-Buzzer,1.0,1.0,0.3295,1.0,0.0,0.0,0.0,0.0,0.0,0.0,0.0
nakanom42,nakanom42,0.006537715904414654,0.006537715904414654,1,0,Non-Buzzer,0.0,0.0,0.2305,1.0,0.0,0.0,0.0,0.0,0.0,0.0,0.0
nanovond,nanovond,0.009052966721355915,0.008440474048256874,2,0,Non-Buzzer,0.0,0.0,0.328,0.5,0.0,0.0,0.0,0.0,0.0,0.0,0.0
natsuhikoaki,natsuhikoaki,0.003374720923602581,0.003374720923602581,1,0,Non-Buzzer,0.0,0.0,0.4656,1.0,0.0,0.0,0.0,0.0,0.0,0.0,0.0
naufalfauzan,naufalfauzan,0.13696305453777313,0.13696305453777313,1,0,Non-Buzzer,0.0,0.0,0.5159,1.0,0.0,0.0,0.0,0.0,0.0,0.0,0.0
nd_haryo,nd_haryo,0.005095242522656918,0.005095242522656918,1,0,Non-Buzzer,1.0,1.0,0.4184,1.0,0.0,0.0,0.0,0.0,0.0,0.0,0.0
neitee,neitee,0.5840398073196411,0.29264965653419495,2,0,Non-Buzzer,1.0,0.0,0.3735,0.5,0.0,0.0,0.0,0.0,0.0,0.0,0.0
nenganchi,nenganchi,0.006731241475790739,0.006731241475790739,1,0,Non-Buzzer,1.0,0.0,0.3344,1.0,0.0,0.0,0.0,0.0,0.0,0.0,0.0
ngepetskuy,ngepetskuy,0.002168084029108286,0.002168084029108286,1,0,Non-Buzzer,0.0,0.0,0.3625,1.0,0.0,0.0,0.0,0.0,0.0,0.0,0.0
nhs_noctis,nhs_noctis,0.0010140631347894669,0.0010140631347894669,1,0,Non-Buzzer,0.0,0.0,0.4048,1.0,0.0,0.0,0.0,0.0,0.0,0.0,0.0
nikiritsu,nikiritsu,0.00993780791759491,0.00993780791759491,1,0,Non-Buzzer,0.0,0.0,0.5796,1.0,0.0,0.0,0.0,0.0,0.0,0.0,0.0
nikonikoknee_,nikonikoknee_,0.0048382459208369255,0.0048382459208369255,1,0,Non-Buzzer,1.0,0.0,0.5972,1.0,0.0,0.0,0.0,0.0,0.0,0.0,0.0
nipoonie,nipoonie,0.01971571333706379,0.010848244652152061,2,0,Non-Buzzer,0.0,0.0,0.6214,1.0,0.0,0.0,0.0,0.0,0.0,0.0,0.0
no_octis,no_octis,0.140452042222023,0.140452042222023,1,0,Non-Buzzer,0.0,0.0,0.5384,1.0,0.0,0.0,0.0,0.0,0.0,0.0,0.0
noircinder,noircinder,0.0011703294003382325,0.0011703294003382325,1,0,Non-Buzzer,0.0,0.0,0.6679,1.0,0.0,0.0,0.0,0.0,0.0,0.0,0.0
nomnom382,nomnom382,0.0018155513098463416,0.0018155513098463416,1,0,Non-Buzzer,1.0,0.0,0.3443,1.0,0.0,0.0,0.0,0.0,0.0,0.0,0.0
nonmicin_,nonmicin_,0.0952368676662445,0.0952368676662445,1,0,Non-Buzzer,1.0,0.0,0.2801,1.0,0.0,0.0,0.0,0.0,0.0,0.0,0.0
noone_n_nobody_,noone_n_nobody_,0.35717466473579407,0.18886160850524902,2,0,Non-Buzzer,2.0,0.0,0.6978,0.5,0.0,0.0,0.0,0.0,0.0,0.0,0.0
noviarguna72100,noviarguna72100,0.9977689981460571,0.7857537865638733,9,7,Buzzer,7.0,0.0,1.0,0.6666666666666666,0.0,5.0,0.08771929824561403,0.0,0.0,0.010576251904360826,0.00016700366286787798
novocannez,novocannez,0.0028652942273765802,0.0028652942273765802,1,0,Non-Buzzer,0.0,0.0,0.7287,1.0,0.0,0.0,0.0,0.0,0.0,0.0,0.0
nrlfadila_,nrlfadila_,0.8875885009765625,0.8875885009765625,1,1,Buzzer,0.0,0.0,0.4796,1.0,0.0,0.0,0.0,0.0,0.0,0.0,0.0
nuckyeah_,nuckyeah_,0.0012068459764122963,0.0012068459764122963,1,0,Non-Buzzer,0.0,0.0,0.5857,1.0,0.0,0.0,0.0,0.0,0.0,0.0,0.0
nurizkaf96,nurizkaf96,0.005469269119203091,0.005469269119203091,1,0,Non-Buzzer,0.0,0.0,0.3901,1.0,0.0,0.0,0.0,0.0,0.0,0.0,0.0
odeng9222,odeng9222,0.9926319122314453,0.9926319122314453,1,1,Buzzer,0.0,0.0,0.604,1.0,0.0,0.0,0.0,0.0,0.0,0.0,0.0
ogyw1n,ogyw1n,0.00264135655015707,0.00264135655015707,1,0,Non-Buzzer,0.0,0.0,0.2907,1.0,0.0,0.0,0.0,0.0,0.0,0.0,0.0
onyourtabs,onyourtabs,0.0019485580269247293,0.0019485580269247293,1,0,Non-Buzzer,1.0,0.0,0.3495,1.0,0.0,0.0,0.0,0.0,0.0,0.0,0.0
opusabiemanyu23,opusabiemanyu23,0.827705979347229,0.827705979347229,1,0,Non-Buzzer,0.0,0.0,0.7978,1.0,0.0,0.0,0.0,0.0,0.0,0.0,0.0
orang_ngumpet,orang_ngumpet,0.026865316554903984,0.026865316554903984,2,0,Non-Buzzer,1.0,0.0,1.0,0.5,0.0,0.0,0.0,0.0,0.0,0.0,0.0
orchaew,orchaew,0.007648103404790163,0.007648103404790163,1,0,Non-Buzzer,0.0,0.0,0.6389,1.0,0.0,0.0,0.0,0.0,0.0,0.0,0.0
orpheuskaze,orpheuskaze,0.0019079153425991535,0.0019079153425991535,1,0,Non-Buzzer,0.0,0.0,1.0,1.0,0.0,0.0,0.0,0.0,0.0,0.0,0.0
oscartotango,oscartotango,0.0011792313307523727,0.0011792313307523727,1,0,Non-Buzzer,0.0,0.0,0.4788,1.0,0.0,0.0,0.0,0.0,0.0,0.0,0.0
p0litrick,p0litrick,0.7669126391410828,0.29388657212257385,3,0,Non-Buzzer,2.0,0.0,0.7759,1.0,0.0,0.0,0.0,0.0,0.0,0.0,0.0
paijokuro169599,paijokuro169599,0.6158434152603149,0.6158434152603149,1,0,Non-Buzzer,1.0,0.0,1.0,1.0,0.0,0.0,0.0,0.0,0.0,0.0,0.0
pajakocak,pajakocak,0.0011741213966161013,0.0011741213966161013,1,0,Non-Buzzer,1.0,0.0,0.6146,1.0,0.0,0.0,0.0,0.0,0.0,0.0,0.0
pajarsidik_,pajarsidik_,0.012822058983147144,0.0074869198724627495,2,0,Non-Buzzer,1.0,0.0,0.4358,0.5,0.0,0.0,0.0,0.0,0.0,0.0,0.0
paling_anonim,paling_anonim,0.004306695889681578,0.004306695889681578,1,0,Non-Buzzer,1.0,0.0,0.4041,1.0,0.0,0.0,0.0,0.0,0.0,0.0,0.0
pathethickidd,pathethickidd,0.015376030467450619,0.008137138560414314,2,0,Non-Buzzer,0.0,0.0,0.6794,1.0,0.0,0.0,0.0,0.0,0.0,0.0,0.0
peter_parkour12,peter_parkour12,0.05731109157204628,0.02440054528415203,3,0,Non-Buzzer,0.0,0.0,0.628,1.0,0.0,0.0,0.0,0.0,0.0,0.0,0.0
phoquebylife,phoquebylife,0.004133393056690693,0.004133393056690693,1,0,Non-Buzzer,0.0,0.0,0.3652,1.0,0.0,0.0,0.0,0.0,0.0,0.0,0.0
pikachuasbun,pikachuasbun,0.0026319054886698723,0.0026319054886698723,1,0,Non-Buzzer,0.0,0.0,0.3557,1.0,0.0,0.0,0.0,0.0,0.0,0.0,0.0
pixelutep,pixelutep,0.003886386752128601,0.003886386752128601,1,0,Non-Buzzer,0.0,0.0,0.6333,1.0,0.0,0.0,0.0,0.0,0.0,0.0,0.0
pradeepk204,pradeepk204,0.0007979353540576994,0.0007979353540576994,1,0,Non-Buzzer,0.0,0.0,0.3209,1.0,0.0,0.0,0.0,0.0,0.0,0.0,0.0
pretzelsyy,pretzelsyy,0.0009249282884411514,0.0009249282884411514,1,0,Non-Buzzer,0.0,0.0,0.3108,1.0,0.0,0.0,0.0,0.0,0.0,0.0,0.0
purityringgu,purityringgu,0.08651807904243469,0.08651807904243469,1,0,Non-Buzzer,1.0,0.0,0.5988,1.0,0.0,0.0,0.0,0.0,0.0,0.0,0.0
purwarupa3,purwarupa3,0.0013504268135875463,0.0013504268135875463,1,0,Non-Buzzer,1.0,0.0,0.3052,1.0,0.0,0.0,0.0,0.0,0.0,0.0,0.0
quantaaa_,quantaaa_,0.005663808900862932,0.005663808900862932,1,0,Non-Buzzer,1.0,0.0,0.4447,1.0,0.0,0.0,0.0,0.0,0.0,0.0,0.0
quatrevightdix,quatrevightdix,0.0031896147411316633,0.0031896147411316633,1,0,Non-Buzzer,0.0,0.0,0.3109,1.0,0.0,0.0,0.0,0.0,0.0,0.0,0.0
quis_alexi15970,quis_alexi15970,0.0022475661244243383,0.0022475661244243383,1,0,Non-Buzzer,1.0,2.0,0.2863,1.0,0.0,0.0,0.0,0.0,0.0,0.0,0.0
r_oneand1,r_oneand1,0.0020948080345988274,0.0020948080345988274,1,0,Non-Buzzer,0.0,0.0,0.2892,1.0,0.0,0.0,0.0,0.0,0.0,0.0,0.0
racunserudotcom,racunserudotcom,0.996613085269928,0.5058037042617798,2,1,Buzzer,1.0,0.0,0.5896,0.5,0.0,0.0,0.0,0.0,0.0,0.0,0.0
rahayu49384,rahayu49384,0.9990552067756653,0.9922093749046326,6,6,Buzzer,5.0,0.0,0.6666,1.0,0.0,5.0,0.08771929824561403,0.0,0.0,0.010576251904360826,0.00016700366286787798
rahmi_syahid,rahmi_syahid,0.0025235957000404596,0.0025235957000404596,1,0,Non-Buzzer,0.0,0.0,0.7613,1.0,0.0,0.0,0.0,0.0,0.0,0.0,0.0
rajesh_maliwal,rajesh_maliwal,0.0017525427974760532,0.0017525427974760532,1,0,Non-Buzzer,1.0,0.0,0.381,1.0,0.0,0.0,0.0,0.0,0.0,0.0,0.0
ramagedd0n,ramagedd0n,0.009638397954404354,0.007834361866116524,2,0,Non-Buzzer,1.0,0.0,0.5796,0.5,0.0,0.0,0.0,0.0,0.0,0.0,0.0
ranggaprp,ranggaprp,0.0013078338233754039,0.0013078338233754039,1,0,Non-Buzzer,1.0,0.0,0.3909,1.0,0.0,0.0,0.0,0.0,0.0,0.0,0.0
ratihzatil1993,ratihzatil1993,0.6228443384170532,0.6228443384170532,1,0,Non-Buzzer,1.0,0.0,0.4237,1.0,0.0,0.0,0.0,0.0,0.0,0.0,0.0
rayestu,rayestu,0.09865344315767288,0.05210227519273758,2,0,Non-Buzzer,0.0,1.0,0.3715,0.5,0.0,0.0,0.0,0.0,0.0,0.0,0.0
rayzk46,rayzk46,0.0011470452882349491,0.0011470452882349491,1,0,Non-Buzzer,0.0,0.0,0.5177,1.0,0.0,0.0,0.0,0.0,0.0,0.0,0.0
rdagung_,rdagung_,0.001935781561769545,0.001935781561769545,1,0,Non-Buzzer,1.0,0.0,0.3415,1.0,0.0,0.0,0.0,0.0,0.0,0.0,0.0
refiandryy,refiandryy,0.9903240203857422,0.9903240203857422,1,1,Buzzer,0.0,0.0,0.7847,1.0,0.0,0.0,0.0,0.0,0.0,0.0,0.0
regredt,regredt,0.0029024744872003794,0.0029024744872003794,1,0,Non-Buzzer,0.0,0.0,0.4649,1.0,0.0,0.0,0.0,0.0,0.0,0.0,0.0
reiikooooooo,reiikooooooo,0.004472823813557625,0.004472823813557625,1,0,Non-Buzzer,0.0,0.0,0.3275,1.0,0.0,0.0,0.0,0.0,0.0,0.0,0.0
reinardstar,reinardstar,0.09950358420610428,0.056882403790950775,2,0,Non-Buzzer,0.0,0.0,0.7475,1.0,0.0,0.0,0.0,0.0,0.0,0.0,0.0
reinofmiracle,reinofmiracle,0.0038305961061269045,0.0038305961061269045,1,0,Non-Buzzer,0.0,0.0,0.327,1.0,0.0,0.0,0.0,0.0,0.0,0.0,0.0
rendrafrizal,rendrafrizal,0.005321172531694174,0.004052265547215939,2,0,Non-Buzzer,1.0,0.0,0.528,1.0,0.0,0.0,0.0,0.0,0.0,0.0,0.0
renggastoic,renggastoic,0.0015289774164557457,0.0015289774164557457,1,0,Non-Buzzer,1.0,0.0,0.304,1.0,0.0,0.0,0.0,0.0,0.0,0.0,0.0
reprimantum,reprimantum,0.0021857779938727617,0.0021857779938727617,1,0,Non-Buzzer,1.0,0.0,0.3423,1.0,0.0,0.0,0.0,0.0,0.0,0.0,0.0
rezatri07,rezatri07,0.019120486453175545,0.019120486453175545,1,0,Non-Buzzer,1.0,0.0,0.2783,1.0,0.0,0.0,0.0,0.0,0.0,0.0,0.0
rezimkeparatt,rezimkeparatt,0.0025145725812762976,0.0025145725812762976,1,0,Non-Buzzer,0.0,0.0,0.5269,1.0,0.0,0.0,0.0,0.0,0.0,0.0,0.0
ridwanadit,ridwanadit,0.0030249101109802723,0.0030249101109802723,1,0,Non-Buzzer,0.0,0.0,0.2975,1.0,0.0,0.0,0.0,0.0,0.0,0.0,0.0
rinimaulida008,rinimaulida008,0.997309684753418,0.9947659969329834,2,2,Buzzer,1.0,0.0,0.6822,1.0,0.0,1.0,0.017543859649122806,0.0,0.0,0.010576251904360826,0.00016700366286787798
risatonul,risatonul,0.0018012372311204672,0.0018012372311204672,1,0,Non-Buzzer,0.0,0.0,0.2432,1.0,0.0,0.0,0.0,0.0,0.0,0.0,0.0
riverbenderr,riverbenderr,0.0027485014870762825,0.0027485014870762825,1,0,Non-Buzzer,1.0,0.0,0.5137,1.0,0.0,0.0,0.0,0.0,0.0,0.0,0.0
riyoxreaper,riyoxreaper,0.04726802930235863,0.04726802930235863,1,0,Non-Buzzer,0.0,0.0,0.3394,1.0,0.0,0.0,0.0,0.0,0.0,0.0,0.0
rizaatta,rizaatta,0.0028454195708036423,0.0028454195708036423,1,0,Non-Buzzer,0.0,0.0,0.6978,1.0,0.0,0.0,0.0,0.0,0.0,0.0,0.0
rizkionalisme,rizkionalisme,0.012269247323274612,0.007029187399893999,2,0,Non-Buzzer,2.0,0.0,0.3886,1.0,0.0,0.0,0.0,0.0,0.0,0.0,0.0
rosyidsmile_net,rosyidsmile_net,0.04347974807024002,0.04347974807024002,1,0,Non-Buzzer,0.0,0.0,0.3969,1.0,0.0,0.0,0.0,0.0,0.0,0.0,0.0
rpr_zero2,rpr_zero2,0.003668808611109853,0.003668808611109853,1,0,Non-Buzzer,1.0,0.0,0.3648,1.0,0.0,0.0,0.0,0.0,0.0,0.0,0.0
rpramestaa12,rpramestaa12,0.9987543821334839,0.9930469393730164,6,6,Buzzer,5.0,0.0,0.7423,0.6666666666666666,0.0,5.0,0.08771929824561403,0.0,0.0,0.010576251904360826,0.00016700366286787798
ruangKoosongg,ruangKoosongg,0.0011703294003382325,0.0011703294003382325,1,0,Non-Buzzer,0.0,0.0,0.7352,1.0,0.0,0.0,0.0,0.0,0.0,0.0,0.0
rvbaharktik,rvbaharktik,0.0017892715986818075,0.0017892715986818075,1,0,Non-Buzzer,1.0,0.0,0.3712,1.0,0.0,0.0,0.0,0.0,0.0,0.0,0.0
ryoyabunap,ryoyabunap,0.01972292549908161,0.01972292549908161,1,0,Non-Buzzer,1.0,0.0,0.5624,1.0,0.0,0.0,0.0,0.0,0.0,0.0,0.0
rzyfzyfzyf,rzyfzyfzyf,0.001331730862148106,0.001331730862148106,1,0,Non-Buzzer,0.0,0.0,0.3747,1.0,0.0,0.0,0.0,0.0,0.0,0.0,0.0
safriearr,safriearr,0.0017636838601902127,0.0017636838601902127,1,0,Non-Buzzer,1.0,0.0,0.3656,1.0,0.0,0.0,0.0,0.0,0.0,0.0,0.0
salengkarden,salengkarden,0.07943106442689896,0.07943106442689896,1,0,Non-Buzzer,0.0,0.0,0.8346,1.0,0.0,0.0,0.0,0.0,0.0,0.0,0.0
salmontamago14,salmontamago14,0.000804475974291563,0.000804475974291563,1,0,Non-Buzzer,1.0,0.0,0.3121,1.0,0.0,0.0,0.0,0.0,0.0,0.0,0.0
samarotsaha,samarotsaha,0.0021735127083957195,0.0021735127083957195,1,0,Non-Buzzer,0.0,0.0,0.253,1.0,0.0,0.0,0.0,0.0,0.0,0.0,0.0
samminustakes,samminustakes,0.0023109589237719774,0.0023109589237719774,1,0,Non-Buzzer,1.0,0.0,0.5986,1.0,0.0,0.0,0.0,0.0,0.0,0.0,0.0
sarungwadymor,sarungwadymor,0.0012003330048173666,0.0012003330048173666,1,0,Non-Buzzer,0.0,0.0,0.5215,1.0,0.0,0.0,0.0,0.0,0.0,0.0,0.0
saxophonistkawe,saxophonistkawe,0.005778818856924772,0.005778818856924772,1,0,Non-Buzzer,0.0,0.0,0.5603,1.0,0.0,0.0,0.0,0.0,0.0,0.0,0.0
sbjagal74,sbjagal74,0.8934553861618042,0.8934553861618042,1,1,Buzzer,0.0,0.0,0.8281,1.0,0.0,0.0,0.0,0.0,0.0,0.0,0.0
scandal_dante,scandal_dante,0.0028218505904078484,0.0028218505904078484,1,0,Non-Buzzer,0.0,0.0,1.0,1.0,0.0,0.0,0.0,0.0,0.0,0.0,0.0
scr3t1y,scr3t1y,0.083305723965168,0.083305723965168,1,0,Non-Buzzer,1.0,0.0,0.3891,1.0,0.0,0.0,0.0,0.0,0.0,0.0,0.0
seigeenomeekata,seigeenomeekata,0.0036758380010724068,0.0036758380010724068,1,0,Non-Buzzer,0.0,0.0,0.3154,1.0,0.0,0.0,0.0,0.0,0.0,0.0,0.0
sekarksh,sekarksh,0.0008857601787894964,0.0008857601787894964,1,0,Non-Buzzer,0.0,0.0,0.0,1.0,0.0,0.0,0.0,0.0,0.0,0.0,0.0
selaluPromo09,selaluPromo09,0.0013210161123424768,0.0013210161123424768,1,0,Non-Buzzer,0.0,0.0,0.3994,1.0,0.0,0.0,0.0,0.0,0.0,0.0,0.0
sennzebub,sennzebub,0.0017164561431854963,0.0017164561431854963,1,0,Non-Buzzer,0.0,0.0,0.4521,1.0,0.0,0.0,0.0,0.0,0.0,0.0,0.0
sentriellesche,sentriellesche,0.006916770711541176,0.004456574562937021,2,0,Non-Buzzer,1.0,0.0,0.5061,0.5,0.0,0.0,0.0,0.0,0.0,0.0,0.0
septimberrr,septimberrr,0.0008221638272516429,0.0008221638272516429,1,0,Non-Buzzer,0.0,0.0,0.3202,1.0,0.0,0.0,0.0,0.0,0.0,0.0,0.0
serafioz,serafioz,0.0012345185969024897,0.0012345185969024897,1,0,Non-Buzzer,0.0,0.0,0.6668,1.0,0.0,0.0,0.0,0.0,0.0,0.0,0.0
setsundere,setsundere,0.8791864514350891,0.4431181848049164,2,1,Buzzer,0.0,0.0,0.3715,0.5,0.0,0.0,0.0,0.0,0.0,0.0,0.0
shimoneta1601,shimoneta1601,0.2442576289176941,0.2442576289176941,1,0,Non-Buzzer,1.0,0.0,0.3283,1.0,0.0,0.0,0.0,0.0,0.0,0.0,0.0
shirota280,shirota280,0.0011443729745224118,0.0011443729745224118,1,0,Non-Buzzer,1.0,0.0,0.5587,1.0,0.0,0.0,0.0,0.0,0.0,0.0,0.0
si4riNew,si4riNew,0.26668286323547363,0.26668286323547363,1,0,Non-Buzzer,1.0,0.0,0.3145,1.0,0.0,0.0,0.0,0.0,0.0,0.0,0.0
sikoom,sikoom,0.00200554053299129,0.00200554053299129,1,0,Non-Buzzer,0.0,0.0,0.2547,1.0,0.0,0.0,0.0,0.0,0.0,0.0,0.0
sinyalkartuntv,sinyalkartuntv,0.0025693350471556187,0.0025693350471556187,1,0,Non-Buzzer,0.0,0.0,0.6958,1.0,0.0,0.0,0.0,0.0,0.0,0.0,0.0
skepticaladhit,skepticaladhit,0.0013671967899426818,0.0013671967899426818,1,0,Non-Buzzer,1.0,0.0,0.3999,1.0,0.0,0.0,0.0,0.0,0.0,0.0,0.0
skrrttttttskrtt,skrrttttttskrtt,0.0025008569937199354,0.0025008569937199354,1,0,Non-Buzzer,0.0,0.0,0.5186,1.0,0.0,0.0,0.0,0.0,0.0,0.0,0.0
slavoury,slavoury,0.007940739393234253,0.007940739393234253,1,0,Non-Buzzer,0.0,0.0,0.5186,1.0,0.0,0.0,0.0,0.0,0.0,0.0,0.0
sn_0_z_,sn_0_z_,0.003865858307108283,0.0033175055868923664,2,0,Non-Buzzer,2.0,0.0,0.4973,0.5,0.0,0.0,0.0,0.0,0.0,0.0,0.0
someeothrthing,someeothrthing,0.0019806770142167807,0.0019806770142167807,1,0,Non-Buzzer,0.0,0.0,0.3747,1.0,0.0,0.0,0.0,0.0,0.0,0.0,0.0
soulsinders,soulsinders,0.002060190076008439,0.002060190076008439,1,0,Non-Buzzer,0.0,0.0,0.3174,1.0,0.0,0.0,0.0,0.0,0.0,0.0,0.0
sripraba95,sripraba95,0.0020418502390384674,0.0020418502390384674,1,0,Non-Buzzer,1.0,0.0,0.442,1.0,0.0,0.0,0.0,0.0,0.0,0.0,0.0
ssigitpermana98,ssigitpermana98,0.8981512784957886,0.8981512784957886,1,1,Buzzer,1.0,0.0,0.6144,1.0,0.0,1.0,0.017543859649122806,0.0,0.0,0.010576251904360826,0.00016700366286787798
sssssidiq,sssssidiq,0.06551463156938553,0.06551463156938553,1,0,Non-Buzzer,0.0,0.0,0.3968,1.0,0.0,0.0,0.0,0.0,0.0,0.0,0.0
stamped_e,stamped_e,0.0016631734324619174,0.0016631734324619174,1,0,Non-Buzzer,1.0,0.0,0.2767,1.0,0.0,0.0,0.0,0.0,0.0,0.0,0.0
stefanyreza2000,stefanyreza2000,0.9961446523666382,0.9961446523666382,1,1,Buzzer,0.0,0.0,0.6334,1.0,0.0,0.0,0.0,0.0,0.0,0.0,0.0
stelleturu,stelleturu,0.016353752464056015,0.016353752464056015,1,0,Non-Buzzer,0.0,0.0,0.7087,1.0,0.0,0.0,0.0,0.0,0.0,0.0,0.0
steven20260934,steven20260934,0.00637461245059967,0.006334715522825718,2,0,Non-Buzzer,0.0,0.0,0.4323,1.0,0.0,0.0,0.0,0.0,0.0,0.0,0.0
stristy_,stristy_,0.0026032656896859407,0.0026032656896859407,1,0,Non-Buzzer,0.0,0.0,0.405,1.0,0.0,0.0,0.0,0.0,0.0,0.0,0.0
suirets,suirets,0.02021736465394497,0.011361571960151196,3,0,Non-Buzzer,3.0,0.0,0.5767,0.6666666666666666,0.0,0.0,0.0,0.0,0.0,0.0,0.0
sulistia2323,sulistia2323,0.0017749614780768752,0.0017749614780768752,1,0,Non-Buzzer,0.0,0.0,0.3918,1.0,0.0,0.0,0.0,0.0,0.0,0.0,0.0
sunshin53314704,sunshin53314704,0.9880996346473694,0.9880996346473694,1,1,Buzzer,0.0,0.0,0.48,1.0,0.0,0.0,0.0,0.0,0.0,0.0,0.0
supernovatuna,supernovatuna,0.006657751742750406,0.006657751742750406,1,0,Non-Buzzer,0.0,0.0,0.4833,1.0,0.0,0.0,0.0,0.0,0.0,0.0,0.0
susahberaq,susahberaq,0.0016444213688373566,0.0016444213688373566,1,0,Non-Buzzer,0.0,0.0,0.4317,1.0,0.0,0.0,0.0,0.0,0.0,0.0,0.0
sutaduatiga,sutaduatiga,0.003142534289509058,0.0023750485852360725,2,0,Non-Buzzer,1.0,0.0,0.5884,0.5,0.0,0.0,0.0,0.0,0.0,0.0,0.0
suwmade,suwmade,0.0008857601787894964,0.0008857601787894964,1,0,Non-Buzzer,0.0,0.0,0.0,1.0,0.0,0.0,0.0,0.0,0.0,0.0,0.0
swtpty,swtpty,0.017629360780119896,0.017629360780119896,1,0,Non-Buzzer,0.0,0.0,0.6335,1.0,0.0,0.0,0.0,0.0,0.0,0.0,0.0
syizuril,syizuril,0.0011184285394847393,0.0011184285394847393,1,0,Non-Buzzer,1.0,0.0,0.2538,1.0,0.0,0.0,0.0,0.0,0.0,0.0,0.0
tahuangkasa,tahuangkasa,0.00197734497487545,0.00197734497487545,1,0,Non-Buzzer,1.0,0.0,0.4158,1.0,0.0,0.0,0.0,0.0,0.0,0.0,0.0
tapdibdab,tapdibdab,0.0014955014921724796,0.0014955014921724796,1,0,Non-Buzzer,0.0,0.0,0.0,1.0,0.0,0.0,0.0,0.0,0.0,0.0,0.0
tauvik1212,tauvik1212,0.9126027822494507,0.8279263973236084,2,1,Buzzer,1.0,0.0,0.7368,0.5,0.0,0.0,0.0,0.0,0.0,0.0,0.0
tekarok007,tekarok007,0.005488059017807245,0.003619534894824028,3,0,Non-Buzzer,0.0,1.0,0.4895,0.6666666666666666,0.0,0.0,0.0,0.0,0.0,0.0,0.0
tenderousy,tenderousy,0.003898335387930274,0.003898335387930274,1,0,Non-Buzzer,0.0,0.0,0.3968,1.0,0.0,0.0,0.0,0.0,0.0,0.0,0.0
tetsurowifeeyy,tetsurowifeeyy,0.0007979353540576994,0.0007979353540576994,1,0,Non-Buzzer,0.0,0.0,0.3294,1.0,0.0,0.0,0.0,0.0,0.0,0.0,0.0
textcbnkuningan,textcbnkuningan,0.006758656818419695,0.006758656818419695,1,0,Non-Buzzer,0.0,0.0,0.0,1.0,0.0,0.0,0.0,0.0,0.0,0.0,0.0
thefallenpea,thefallenpea,0.0030893865041434765,0.0030893865041434765,1,0,Non-Buzzer,1.0,0.0,0.4091,1.0,0.0,0.0,0.0,0.0,0.0,0.0,0.0
theycallmee_G,theycallmee_G,0.01222175732254982,0.01222175732254982,1,0,Non-Buzzer,1.0,0.0,1.0,1.0,0.0,0.0,0.0,0.0,0.0,0.0,0.0
thisisgnarly2,thisisgnarly2,0.0011703294003382325,0.0011703294003382325,1,0,Non-Buzzer,0.0,0.0,0.7171,1.0,0.0,0.0,0.0,0.0,0.0,0.0,0.0
thl1eo,thl1eo,0.001161975902505219,0.001161975902505219,1,0,Non-Buzzer,0.0,0.0,0.6023,1.0,0.0,0.0,0.0,0.0,0.0,0.0,0.0
thmsky,thmsky,0.003664143616333604,0.003664143616333604,1,0,Non-Buzzer,1.0,0.0,0.4199,1.0,0.0,0.0,0.0,0.0,0.0,0.0,0.0
tigor_na70,tigor_na70,0.0330963172018528,0.0330963172018528,1,0,Non-Buzzer,0.0,0.0,0.4263,1.0,0.0,0.0,0.0,0.0,0.0,0.0,0.0
tilehopper,tilehopper,0.030398575589060783,0.013367848470807076,5,0,Non-Buzzer,2.0,3.0,0.7025,0.6,0.0,0.0,0.0,0.0,0.0,0.0,0.0
tioammar,tioammar,0.0010140631347894669,0.0010140631347894669,1,0,Non-Buzzer,0.0,0.0,0.4049,1.0,0.0,0.0,0.0,0.0,0.0,0.0,0.0
tizaki09,tizaki09,0.0026663749013096094,0.0026663749013096094,1,0,Non-Buzzer,0.0,0.0,0.4081,1.0,0.0,0.0,0.0,0.0,0.0,0.0,0.0
tokyomotret,tokyomotret,0.0012927405769005418,0.0012927405769005418,1,0,Non-Buzzer,0.0,0.0,0.0,1.0,0.0,0.0,0.0,0.0,0.0,0.0,0.0
tondatona,tondatona,0.001813652110286057,0.001813652110286057,1,0,Non-Buzzer,1.0,0.0,0.3713,1.0,0.0,0.0,0.0,0.0,0.0,0.0,0.0
toshimema,toshimema,0.002863545436412096,0.002863545436412096,1,0,Non-Buzzer,0.0,0.0,0.6958,1.0,0.0,0.0,0.0,0.0,0.0,0.0,0.0
trancenote,trancenote,0.0010996520286425948,0.0010996520286425948,1,0,Non-Buzzer,0.0,0.0,0.7799,1.0,0.0,0.0,0.0,0.0,0.0,0.0,0.0
trelrANartsA,trelrANartsA,0.005847714841365814,0.005847714841365814,1,0,Non-Buzzer,1.0,0.0,0.3363,1.0,0.0,0.0,0.0,0.0,0.0,0.0,0.0
trickymindful,trickymindful,0.001174964476376772,0.001174964476376772,1,0,Non-Buzzer,0.0,0.0,0.3936,1.0,0.0,0.0,0.0,0.0,0.0,0.0,0.0
triedhi888,triedhi888,0.9176497459411621,0.9176497459411621,1,1,Buzzer,0.0,0.0,0.4519,1.0,0.0,0.0,0.0,0.0,0.0,0.0,0.0
tsanyqudsi,tsanyqudsi,0.15647725760936737,0.15647725760936737,1,0,Non-Buzzer,1.0,0.0,0.4057,1.0,0.0,0.0,0.0,0.0,0.0,0.0,0.0
tsngnugadhm,tsngnugadhm,0.01222175732254982,0.01222175732254982,1,0,Non-Buzzer,1.0,0.0,1.0,1.0,0.0,0.0,0.0,0.0,0.0,0.0,0.0
uchihagaming321,uchihagaming321,0.7187232971191406,0.7187232971191406,1,0,Non-Buzzer,0.0,0.0,0.4132,1.0,0.0,0.0,0.0,0.0,0.0,0.0,0.0
unicornxback,unicornxback,0.006654217839241028,0.006654217839241028,1,0,Non-Buzzer,0.0,0.0,0.3881,1.0,0.0,0.0,0.0,0.0,0.0,0.0,0.0
uray_z,uray_z,0.003397306427359581,0.003397306427359581,1,0,Non-Buzzer,0.0,0.0,0.3408,1.0,0.0,0.0,0.0,0.0,0.0,0.0,0.0
verstalie,verstalie,0.0013816304272040725,0.0013816304272040725,1,0,Non-Buzzer,0.0,0.0,0.4553,1.0,0.0,0.0,0.0,0.0,0.0,0.0,0.0
vevelynnnn,vevelynnnn,0.00807971227914095,0.00807971227914095,1,0,Non-Buzzer,0.0,0.0,0.4475,1.0,0.0,0.0,0.0,0.0,0.0,0.0,0.0
vicyrchm,vicyrchm,0.002258175052702427,0.002258175052702427,1,0,Non-Buzzer,1.0,0.0,0.333,1.0,0.0,0.0,0.0,0.0,0.0,0.0,0.0
wWinecell,wWinecell,0.0016327245393767953,0.0016327245393767953,1,0,Non-Buzzer,1.0,0.0,0.4656,1.0,0.0,0.0,0.0,0.0,0.0,0.0,0.0
wandgerer,wandgerer,0.0017756603192538023,0.0017756603192538023,1,0,Non-Buzzer,0.0,0.0,0.353,1.0,0.0,0.0,0.0,0.0,0.0,0.0,0.0
wekimiler,wekimiler,0.0010196164948865771,0.0010196164948865771,1,0,Non-Buzzer,0.0,0.0,0.0,1.0,0.0,0.0,0.0,0.0,0.0,0.0,0.0
weslibravo,weslibravo,0.0008697219891473651,0.0008697219891473651,1,0,Non-Buzzer,1.0,0.0,0.3184,1.0,0.0,0.0,0.0,0.0,0.0,0.0,0.0
wh0isHanna,wh0isHanna,0.001347248675301671,0.001347248675301671,1,0,Non-Buzzer,0.0,0.0,0.7111,1.0,0.0,0.0,0.0,0.0,0.0,0.0,0.0
whereisnono,whereisnono,0.0025010649114847183,0.0025010649114847183,1,0,Non-Buzzer,0.0,0.0,0.3661,1.0,0.0,0.0,0.0,0.0,0.0,0.0,0.0
wibi_januar,wibi_januar,0.02147999405860901,0.02147999405860901,1,0,Non-Buzzer,1.0,0.0,0.5246,1.0,0.0,0.0,0.0,0.0,0.0,0.0,0.0
wijayawilliam31,wijayawilliam31,0.8599098324775696,0.4373232126235962,2,1,Buzzer,2.0,1.0,0.7933,0.5,0.0,1.0,0.017543859649122806,0.0,0.0,0.010576251904360826,0.00016700366286787798
wildanfird15,wildanfird15,0.029304634779691696,0.017325226217508316,2,0,Non-Buzzer,2.0,0.0,0.3753,1.0,0.0,0.0,0.0,0.0,0.0,0.0,0.0
wongkongenekok,wongkongenekok,0.01063538808375597,0.006163209211081266,2,0,Non-Buzzer,2.0,0.0,0.666,1.0,0.0,0.0,0.0,0.0,0.0,0.0,0.0
wonvoyager,wonvoyager,0.020379021763801575,0.020379021763801575,1,0,Non-Buzzer,0.0,0.0,0.6022,1.0,0.0,0.0,0.0,0.0,0.0,0.0,0.0
woodyinhow,woodyinhow,0.0009072060929611325,0.0009072060929611325,1,0,Non-Buzzer,0.0,0.0,0.3314,1.0,0.0,0.0,0.0,0.0,0.0,0.0,0.0
wordfangs,wordfangs,0.0017862243112176657,0.0017862243112176657,1,0,Non-Buzzer,0.0,5.0,0.3846,1.0,0.0,0.0,0.0,0.0,0.0,0.0,0.0
x48sxK,x48sxK,0.0009464184986427426,0.0009464184986427426,1,0,Non-Buzzer,0.0,0.0,0.3166,1.0,0.0,0.0,0.0,0.0,0.0,0.0,0.0
xathrya,xathrya,0.0019807759672403336,0.0016420489409938455,2,0,Non-Buzzer,0.0,0.0,0.3146,1.0,0.0,0.0,0.0,0.0,0.0,0.0,0.0
xenoshroomer,xenoshroomer,0.0022454517893493176,0.0022454517893493176,1,0,Non-Buzzer,0.0,0.0,0.2863,1.0,0.0,0.0,0.0,0.0,0.0,0.0,0.0
xnopzx,xnopzx,0.0012484340695664287,0.0012484340695664287,1,0,Non-Buzzer,1.0,0.0,0.3673,1.0,0.0,0.0,0.0,0.0,0.0,0.0,0.0
xx6riku,xx6riku,0.013227712363004684,0.013227712363004684,1,0,Non-Buzzer,0.0,0.0,0.5653,1.0,0.0,0.0,0.0,0.0,0.0,0.0,0.0
xxmryyx,xxmryyx,0.021586645394563675,0.021586645394563675,1,0,Non-Buzzer,0.0,0.0,1.0,1.0,0.0,0.0,0.0,0.0,0.0,0.0,0.0
ya2nk_dheophe,ya2nk_dheophe,0.0013975824695080519,0.0013975824695080519,1,0,Non-Buzzer,1.0,0.0,0.4841,1.0,0.0,0.0,0.0,0.0,0.0,0.0,0.0
yani09842577669,yani09842577669,0.9926310777664185,0.9902925491333008,2,2,Buzzer,1.0,0.0,0.7017,1.0,0.0,1.0,0.017543859649122806,0.0,0.0,0.010576251904360826,0.00016700366286787798
yayyahyn,yayyahyn,0.0015108451480045915,0.0015108451480045915,1,0,Non-Buzzer,1.0,0.0,0.2697,1.0,0.0,0.0,0.0,0.0,0.0,0.0,0.0
yeojinwibu,yeojinwibu,0.1818046122789383,0.1818046122789383,1,0,Non-Buzzer,0.0,0.0,0.629,1.0,0.0,0.0,0.0,0.0,0.0,0.0,0.0
yo__di,yo__di,0.014327982440590858,0.014327982440590858,1,0,Non-Buzzer,1.0,0.0,0.6117,1.0,0.0,0.0,0.0,0.0,0.0,0.0,0.0
yolaisabella,yolaisabella,0.9921452403068542,0.9921452403068542,1,1,Buzzer,0.0,0.0,0.5668,1.0,0.0,0.0,0.0,0.0,0.0,0.0,0.0
yorha_y0,yorha_y0,0.009149875491857529,0.009149875491857529,1,0,Non-Buzzer,1.0,0.0,0.4947,1.0,0.0,0.0,0.0,0.0,0.0,0.0,0.0
yoruisnightt,yoruisnightt,0.002607806120067835,0.002607806120067835,1,0,Non-Buzzer,1.0,0.0,0.5232,1.0,0.0,0.0,0.0,0.0,0.0,0.0,0.0
yossaa_,yossaa_,0.000992148881778121,0.000992148881778121,1,0,Non-Buzzer,0.0,0.0,0.3882,1.0,0.0,0.0,0.0,0.0,0.0,0.0,0.0
yourlulllaby,yourlulllaby,0.00453419191762805,0.00453419191762805,1,0,Non-Buzzer,0.0,0.0,0.6113,1.0,0.0,0.0,0.0,0.0,0.0,0.0,0.0
yourpadawann,yourpadawann,0.0012903399765491486,0.0012903399765491486,1,0,Non-Buzzer,1.0,0.0,0.0,1.0,0.0,0.0,0.0,0.0,0.0,0.0,0.0
yourwin0na,yourwin0na,0.0008138232515193522,0.0008138232515193522,1,0,Non-Buzzer,0.0,0.0,0.3546,1.0,0.0,0.0,0.0,0.0,0.0,0.0,0.0
yousuffer_why,yousuffer_why,0.830736517906189,0.830736517906189,1,0,Non-Buzzer,1.0,0.0,0.4943,1.0,0.0,0.0,0.0,0.0,0.0,0.0,0.0
yudisdn,yudisdn,0.0011277447920292616,0.0011277447920292616,1,0,Non-Buzzer,0.0,0.0,0.5763,1.0,0.0,0.0,0.0,0.0,0.0,0.0,0.0
yudsky,yudsky,0.0038727393839508295,0.0026056503411382437,2,0,Non-Buzzer,1.0,1.0,0.3925,0.5,0.0,0.0,0.0,0.0,0.0,0.0,0.0
yuka_riza,yuka_riza,0.9965311884880066,0.9965311884880066,1,1,Buzzer,0.0,0.0,0.6551,1.0,0.0,0.0,0.0,0.0,0.0,0.0,0.0
yurayurei,yurayurei,0.0015743679832667112,0.0015743679832667112,1,0,Non-Buzzer,1.0,0.0,0.3069,1.0,0.0,0.0,0.0,0.0,0.0,0.0,0.0
z___vyi,z___vyi,0.02743082493543625,0.02743082493543625,1,0,Non-Buzzer,0.0,0.0,0.6021,1.0,0.0,0.0,0.0,0.0,0.0,0.0,0.0
zai25452114159,zai25452114159,0.1813170462846756,0.1813170462846756,1,0,Non-Buzzer,1.0,0.0,0.6052,1.0,0.0,0.0,0.0,0.0,0.0,0.0,0.0
zakisemma,zakisemma,0.1499786376953125,0.1499786376953125,1,0,Non-Buzzer,0.0,0.0,0.5419,1.0,0.0,0.0,0.0,0.0,0.0,0.0,0.0
zerothenforcer,zerothenforcer,0.014813495799899101,0.008178387768566608,2,0,Non-Buzzer,1.0,0.0,0.371,0.5,0.0,0.0,0.0,0.0,0.0,0.0,0.0
zzaysmine,zzaysmine,0.04503628984093666,0.04503628984093666,1,0,Non-Buzzer,1.0,0.0,0.4303,1.0,0.0,0.0,0.0,0.0,0.0,0.0,0.0
zzz25k,zzz25k,0.0023428916465491056,0.0023428916465491056,1,0,Non-Buzzer,1.0,0.0,0.3221,1.0,0.0,0.0,0.0,0.0,0.0,0.0,0.0
kurawa,kurawa,0.0,0.0,0,0,Non-Buzzer,,,,,1.0,0.0,0.017543859649122806,0.0,0.017543859649122806,0.019566423754292732,0.025217553093049575
kemgelapan,kemgelapan,0.0,0.0,0,0,Non-Buzzer,,,,,0.0,0.0,0.0,0.0,0.0,0.0,0.0
RRDelusi,RRDelusi,0.0,0.0,0,0,Non-Buzzer,,,,,20.0,0.0,0.3508771929824561,0.0,0.3508771929824561,0.08415652746183923,0.501177992266499
rayrestufauzi,rayrestufauzi,0.0,0.0,0,0,Non-Buzzer,,,,,17.0,0.0,0.2982456140350877,0.0,0.2982456140350877,0.047746331469614996,0.42602634397595723
virtualballers,virtualballers,0.0,0.0,0,0,Non-Buzzer,,,,,0.0,0.0,0.0,0.0,0.0,0.0,0.0
kemkomdigi,kemkomdigi,0.0,0.0,0,0,Non-Buzzer,,,,,0.0,0.0,0.0,0.0,0.0,0.0,0.0
aniblogsan52394,aniblogsan52394,0.0,0.0,0,0,Non-Buzzer,,,,,0.0,0.0,0.0,0.0,0.0,0.0,0.0
AkbarFahroby,AkbarFahroby,0.0,0.0,0,0,Non-Buzzer,,,,,0.0,0.0,0.0,0.0,0.0,0.0,0.0
emyr_za1,emyr_za1,0.0,0.0,0,0,Non-Buzzer,,,,,0.0,0.0,0.0,0.0,0.0,0.0,0.0
TanahUmbiJalar,TanahUmbiJalar,0.0,0.0,0,0,Non-Buzzer,,,,,0.0,0.0,0.0,0.0,0.0,0.0,0.0
iPoopBased,iPoopBased,0.0,0.0,0,0,Non-Buzzer,,,,,1.0,0.0,0.017543859649122806,0.0,0.017543859649122806,0.011700023385602314,0.025217553093049575
Gastra80099514,Gastra80099514,0.0,0.0,0,0,Non-Buzzer,,,,,0.0,0.0,0.0,0.0,0.0,0.0,0.0
R35_AH47,R35_AH47,0.0,0.0,0,0,Non-Buzzer,,,,,0.0,0.0,0.0,0.0,0.0,0.0,0.0
mridho_17,mridho_17,0.0,0.0,0,0,Non-Buzzer,,,,,0.0,0.0,0.0,0.0,0.0,0.0,0.0
rahmatnf,rahmatnf,0.0,0.0,0,0,Non-Buzzer,,,,,0.0,0.0,0.0,0.0,0.0,0.0,0.0
alsjournall,alsjournall,0.0,0.0,0,0,Non-Buzzer,,,,,0.0,0.0,0.0,0.0,0.0,0.0,0.0
anon54980,anon54980,0.0,0.0,0,0,Non-Buzzer,,,,,0.0,0.0,0.0,0.0,0.0,0.0,0.0
awaasaurus,awaasaurus,0.0,0.0,0,0,Non-Buzzer,,,,,0.0,0.0,0.0,0.0,0.0,0.0,0.0
rich8606,rich8606,0.0,0.0,0,0,Non-Buzzer,,,,,0.0,0.0,0.0,0.0,0.0,0.0,0.0
ezash,ezash,0.0,0.0,0,0,Non-Buzzer,,,,,5.0,0.0,0.08771929824561403,0.0,0.08771929824561403,0.02278790200051833,0.1254197508137764
livingcitysim,livingcitysim,0.0,0.0,0,0,Non-Buzzer,,,,,0.0,0.0,0.0,0.0,0.0,0.0,0.0
PlaymenID,PlaymenID,0.0,0.0,0,0,Non-Buzzer,,,,,0.0,0.0,0.0,0.0,0.0,0.0,0.0
haisayahaisa,haisayahaisa,0.0,0.0,0,0,Non-Buzzer,,,,,0.0,0.0,0.0,0.0,0.0,0.0,0.0
maiemi51alt,maiemi51alt,0.0,0.0,0,0,Non-Buzzer,,,,,0.0,0.0,0.0,0.0,0.0,0.0,0.0
safenetvoice,safenetvoice,0.0,0.0,0,0,Non-Buzzer,,,,,0.0,0.0,0.0,0.0,0.0,0.0,0.0
toshibatv_id,toshibatv_id,0.0,0.0,0,0,Non-Buzzer,,,,,0.0,0.0,0.0,0.0,0.0,0.0,0.0
Diana0911097595,Diana0911097595,0.0,0.0,0,0,Non-Buzzer,,,,,0.0,0.0,0.0,0.0,0.0,0.0,0.0
gacchand,gacchand,0.0,0.0,0,0,Non-Buzzer,,,,,0.0,0.0,0.0,0.0,0.0,0.0,0.0
Kemenkomdigi_id,Kemenkomdigi_id,0.0,0.0,0,0,Non-Buzzer,,,,,0.0,0.0,0.0,0.0,0.0,0.0,0.0
gibran_tweet,gibran_tweet,0.0,0.0,0,0,Non-Buzzer,,,,,0.0,0.0,0.0,0.0,0.0,0.0,0.0
AZulfajrin,AZulfajrin,0.0,0.0,0,0,Non-Buzzer,,,,,0.0,0.0,0.0,0.0,0.0,0.0,0.0
BK_Satellite,BK_Satellite,0.0,0.0,0,0,Non-Buzzer,,,,,0.0,0.0,0.0,0.0,0.0,0.0,0.0
WisnuKumoro,WisnuKumoro,0.0,0.0,0,0,Non-Buzzer,,,,,0.0,0.0,0.0,0.0,0.0,0.0,0.0
RosemaryFrie124,RosemaryFrie124,0.0,0.0,0,0,Non-Buzzer,,,,,0.0,0.0,0.0,0.0,0.0,0.0,0.0
reruzensky,reruzensky,0.0,0.0,0,0,Non-Buzzer,,,,,0.0,0.0,0.0,0.0,0.0,0.0,0.0
RanggaWidigda,RanggaWidigda,0.0,0.0,0,0,Non-Buzzer,,,,,0.0,0.0,0.0,0.0,0.0,0.0,0.0
junwatu,junwatu,0.0,0.0,0,0,Non-Buzzer,,,,,12.0,0.0,0.21052631578947367,0.0,0.21052631578947367,0.05403945176456733,0.32582414625523026
magicallovewrds,magicallovewrds,0.0,0.0,0,0,Non-Buzzer,,,,,0.0,0.0,0.0,0.0,0.0,0.0,0.0
buruhdesyain,buruhdesyain,0.0,0.0,0,0,Non-Buzzer,,,,,0.0,0.0,0.0,0.0,0.0,0.0,0.0
KariSharl,KariSharl,0.0,0.0,0,0,Non-Buzzer,,,,,0.0,0.0,0.0,0.0,0.0,0.0,0.0
mediterariaa_,mediterariaa_,0.0,0.0,0,0,Non-Buzzer,,,,,0.0,0.0,0.0,0.0,0.0,0.0,0.0
mmaryasir,mmaryasir,0.0,0.0,0,0,Non-Buzzer,,,,,0.0,0.0,0.0,0.0,0.0,0.0,0.0
viyushiwinko,viyushiwinko,0.0,0.0,0,0,Non-Buzzer,,,,,0.0,0.0,0.0,0.0,0.0,0.0,0.0
rongrongarts,rongrongarts,0.0,0.0,0,0,Non-Buzzer,,,,,0.0,0.0,0.0,0.0,0.0,0.0,0.0
VRchama,VRchama,0.0,0.0,0,0,Non-Buzzer,,,,,0.0,0.0,0.0,0.0,0.0,0.0,0.0
therottenladyy,therottenladyy,0.0,0.0,0,0,Non-Buzzer,,,,,0.0,0.0,0.0,0.0,0.0,0.0,0.0
uknonjones,uknonjones,0.0,0.0,0,0,Non-Buzzer,,,,,0.0,0.0,0.0,0.0,0.0,0.0,0.0
ElaineCelestia,ElaineCelestia,0.0,0.0,0,0,Non-Buzzer,,,,,0.0,0.0,0.0,0.0,0.0,0.0,0.0
dombajantanMU,dombajantanMU,0.0,0.0,0,0,Non-Buzzer,,,,,0.0,0.0,0.0,0.0,0.0,0.0,0.0
AMAZlNGNATURE,AMAZlNGNATURE,0.0,0.0,0,0,Non-Buzzer,,,,,0.0,0.0,0.0,0.0,0.0,0.0,0.0
memefess,memefess,0.0,0.0,0,0,Non-Buzzer,,,,,0.0,0.0,0.0,0.0,0.0,0.0,0.0
Vulpeex,Vulpeex,0.0,0.0,0,0,Non-Buzzer,,,,,0.0,0.0,0.0,0.0,0.0,0.0,0.0
ChiyaChloe,ChiyaChloe,0.0,0.0,0,0,Non-Buzzer,,,,,0.0,0.0,0.0,0.0,0.0,0.0,0.0
hxg_diluc,hxg_diluc,0.0,0.0,0,0,Non-Buzzer,,,,,0.0,0.0,0.0,0.0,0.0,0.0,0.0
LexEx73,LexEx73,0.0,0.0,0,0,Non-Buzzer,,,,,0.0,0.0,0.0,0.0,0.0,0.0,0.0
Uzzzzz222,Uzzzzz222,0.0,0.0,0,0,Non-Buzzer,,,,,0.0,0.0,0.0,0.0,0.0,0.0,0.0
anamoelya,anamoelya,0.0,0.0,0,0,Non-Buzzer,,,,,0.0,0.0,0.0,0.0,0.0,0.0,0.0
PHN316,PHN316,0.0,0.0,0,0,Non-Buzzer,,,,,1.0,0.0,0.017543859649122806,0.0,0.017543859649122806,0.015071337829326778,0.025217553093049575
soundofyaps,soundofyaps,0.0,0.0,0,0,Non-Buzzer,,,,,0.0,0.0,0.0,0.0,0.0,0.0,0.0
kulukuluez,kulukuluez,0.0,0.0,0,0,Non-Buzzer,,,,,0.0,0.0,0.0,0.0,0.0,0.0,0.0
katanyajoko,katanyajoko,0.0,0.0,0,0,Non-Buzzer,,,,,0.0,0.0,0.0,0.0,0.0,0.0,0.0
AADGPodcast,AADGPodcast,0.0,0.0,0,0,Non-Buzzer,,,,,1.0,0.0,0.017543859649122806,0.0,0.017543859649122806,0.015071337829326778,0.025217553093049575
cqlumbina_,cqlumbina_,0.0,0.0,0,0,Non-Buzzer,,,,,0.0,0.0,0.0,0.0,0.0,0.0,0.0
GenshinUniverse,GenshinUniverse,0.0,0.0,0,0,Non-Buzzer,,,,,0.0,0.0,0.0,0.0,0.0,0.0,0.0
lazy21,lazy21,0.0,0.0,0,0,Non-Buzzer,,,,,0.0,0.0,0.0,0.0,0.0,0.0,0.0
LambeResing,LambeResing,0.0,0.0,0,0,Non-Buzzer,,,,,0.0,0.0,0.0,0.0,0.0,0.0,0.0
geppienon,geppienon,0.0,0.0,0,0,Non-Buzzer,,,,,0.0,0.0,0.0,0.0,0.0,0.0,0.0
bLxCoffee,bLxCoffee,0.0,0.0,0,0,Non-Buzzer,,,,,0.0,0.0,0.0,0.0,0.0,0.0,0.0
hupgupta,hupgupta,0.0,0.0,0,0,Non-Buzzer,,,,,0.0,0.0,0.0,0.0,0.0,0.0,0.0
dutampreg,dutampreg,0.0,0.0,0,0,Non-Buzzer,,,,,0.0,0.0,0.0,0.0,0.0,0.0,0.0
sugondese6666,sugondese6666,0.0,0.0,0,0,Non-Buzzer,,,,,0.0,0.0,0.0,0.0,0.0,0.0,0.0
_AmandaBrownies,_AmandaBrownies,0.0,0.0,0,0,Non-Buzzer,,,,,0.0,0.0,0.0,0.0,0.0,0.0,0.0
deezfezaa,deezfezaa,0.0,0.0,0,0,Non-Buzzer,,,,,0.0,0.0,0.0,0.0,0.0,0.0,0.0
bearnotber,bearnotber,0.0,0.0,0,0,Non-Buzzer,,,,,0.0,0.0,0.0,0.0,0.0,0.0,0.0
HarrisCainee,HarrisCainee,0.0,0.0,0,0,Non-Buzzer,,,,,0.0,0.0,0.0,0.0,0.0,0.0,0.0
Vyschl1,Vyschl1,0.0,0.0,0,0,Non-Buzzer,,,,,0.0,0.0,0.0,0.0,0.0,0.0,0.0
AlizarinBlue,AlizarinBlue,0.0,0.0,0,0,Non-Buzzer,,,,,0.0,0.0,0.0,0.0,0.0,0.0,0.0
urbanaiben,urbanaiben,0.0,0.0,0,0,Non-Buzzer,,,,,0.0,0.0,0.0,0.0,0.0,0.0,0.0
Syndarrr03,Syndarrr03,0.0,0.0,0,0,Non-Buzzer,,,,,0.0,0.0,0.0,0.0,0.0,0.0,0.0
radityaris,radityaris,0.0,0.0,0,0,Non-Buzzer,,,,,0.0,0.0,0.0,0.0,0.0,0.0,0.0
MiskinTV_,MiskinTV_,0.0,0.0,0,0,Non-Buzzer,,,,,0.0,0.0,0.0,0.0,0.0,0.0,0.0
UGM_FESS,UGM_FESS,0.0,0.0,0,0,Non-Buzzer,,,,,0.0,0.0,0.0,0.0,0.0,0.0,0.0
KrowThornes,KrowThornes,0.0,0.0,0,0,Non-Buzzer,,,,,0.0,0.0,0.0,0.0,0.0,0.0,0.0
zidnyman,zidnyman,0.0,0.0,0,0,Non-Buzzer,,,,,0.0,0.0,0.0,0.0,0.0,0.0,0.0
gagahmei,gagahmei,0.0,0.0,0,0,Non-Buzzer,,,,,0.0,0.0,0.0,0.0,0.0,0.0,0.0
No1Real0,No1Real0,0.0,0.0,0,0,Non-Buzzer,,,,,0.0,0.0,0.0,0.0,0.0,0.0,0.0
f1speed_indo,f1speed_indo,0.0,0.0,0,0,Non-Buzzer,,,,,0.0,0.0,0.0,0.0,0.0,0.0,0.0
nurfaishal9,nurfaishal9,0.0,0.0,0,0,Non-Buzzer,,,,,0.0,0.0,0.0,0.0,0.0,0.0,0.0
AimyuuNao,AimyuuNao,0.0,0.0,0,0,Non-Buzzer,,,,,0.0,0.0,0.0,0.0,0.0,0.0,0.0
reynoldtyb,reynoldtyb,0.0,0.0,0,0,Non-Buzzer,,,,,0.0,0.0,0.0,0.0,0.0,0.0,0.0
RWWReborn,RWWReborn,0.0,0.0,0,0,Non-Buzzer,,,,,0.0,0.0,0.0,0.0,0.0,0.0,0.0
Steam,Steam,0.0,0.0,0,0,Non-Buzzer,,,,,0.0,0.0,0.0,0.0,0.0,0.0,0.0
TheGameVerse,TheGameVerse,0.0,0.0,0,0,Non-Buzzer,,,,,0.0,0.0,0.0,0.0,0.0,0.0,0.0
Analyst_V2,Analyst_V2,0.0,0.0,0,0,Non-Buzzer,,,,,0.0,0.0,0.0,0.0,0.0,0.0,0.0
onnowpurbo,onnowpurbo,0.0,0.0,0,0,Non-Buzzer,,,,,0.0,0.0,0.0,0.0,0.0,0.0,0.0
ZonaKitten,ZonaKitten,0.0,0.0,0,0,Non-Buzzer,,,,,1.0,0.0,0.017543859649122806,0.0,0.017543859649122806,0.019566423754292732,0.025217553093049575
vyyouna,vyyouna,0.0,0.0,0,0,Non-Buzzer,,,,,0.0,0.0,0.0,0.0,0.0,0.0,0.0
ZhugeEX,ZhugeEX,0.0,0.0,0,0,Non-Buzzer,,,,,0.0,0.0,0.0,0.0,0.0,0.0,0.0
Ervain2,Ervain2,0.0,0.0,0,0,Non-Buzzer,,,,,0.0,0.0,0.0,0.0,0.0,0.0,0.0
Quinny_hrly,Quinny_hrly,0.0,0.0,0,0,Non-Buzzer,,,,,0.0,0.0,0.0,0.0,0.0,0.0,0.0
nadsthenut,nadsthenut,0.0,0.0,0,0,Non-Buzzer,,,,,0.0,0.0,0.0,0.0,0.0,0.0,0.0
cozywithnicky,cozywithnicky,0.0,0.0,0,0,Non-Buzzer,,,,,0.0,0.0,0.0,0.0,0.0,0.0,0.0
alijaya,alijaya,0.0,0.0,0,0,Non-Buzzer,,,,,0.0,0.0,0.0,0.0,0.0,0.0,0.0
Gotoants,Gotoants,0.0,0.0,0,0,Non-Buzzer,,,,,0.0,0.0,0.0,0.0,0.0,0.0,0.0
cebmerut,cebmerut,0.0,0.0,0,0,Non-Buzzer,,,,,0.0,0.0,0.0,0.0,0.0,0.0,0.0
ItsukaRedSama,ItsukaRedSama,0.0,0.0,0,0,Non-Buzzer,,,,,0.0,0.0,0.0,0.0,0.0,0.0,0.0
relltarded,relltarded,0.0,0.0,0,0,Non-Buzzer,,,,,0.0,0.0,0.0,0.0,0.0,0.0,0.0
zanatul_91,zanatul_91,0.0,0.0,0,0,Non-Buzzer,,,,,0.0,0.0,0.0,0.0,0.0,0.0,0.0
tempodotco,tempodotco,0.0,0.0,0,0,Non-Buzzer,,,,,0.0,0.0,0.0,0.0,0.0,0.0,0.0
animetrends,animetrends,0.0,0.0,0,0,Non-Buzzer,,,,,0.0,0.0,0.0,0.0,0.0,0.0,0.0
kyohamaru,kyohamaru,0.0,0.0,0,0,Non-Buzzer,,,,,0.0,0.0,0.0,0.0,0.0,0.0,0.0
akudansibd93535,akudansibd93535,0.0,0.0,0,0,Non-Buzzer,,,,,0.0,0.0,0.0,0.0,0.0,0.0,0.0
moulanapanji,moulanapanji,0.0,0.0,0,0,Non-Buzzer,,,,,0.0,0.0,0.0,0.0,0.0,0.0,0.0
TheMechaXDude,TheMechaXDude,0.0,0.0,0,0,Non-Buzzer,,,,,0.0,0.0,0.0,0.0,0.0,0.0,0.0
subtly8263,subtly8263,0.0,0.0,0,0,Non-Buzzer,,,,,0.0,0.0,0.0,0.0,0.0,0.0,0.0
luckyn00bs,luckyn00bs,0.0,0.0,0,0,Non-Buzzer,,,,,0.0,0.0,0.0,0.0,0.0,0.0,0.0
alterozas,alterozas,0.0,0.0,0,0,Non-Buzzer,,,,,0.0,0.0,0.0,0.0,0.0,0.0,0.0
ARSIPAJA,ARSIPAJA,0.0,0.0,0,0,Non-Buzzer,,,,,0.0,0.0,0.0,0.0,0.0,0.0,0.0
Kuroshka_id,Kuroshka_id,0.0,0.0,0,0,Non-Buzzer,,,,,0.0,0.0,0.0,0.0,0.0,0.0,0.0
emcd_io,emcd_io,0.0,0.0,0,0,Non-Buzzer,,,,,0.0,0.0,0.0,0.0,0.0,0.0,0.0
GodotYT,GodotYT,0.0,0.0,0,0,Non-Buzzer,,,,,0.0,0.0,0.0,0.0,0.0,0.0,0.0
som00in,som00in,0.0,0.0,0,0,Non-Buzzer,,,,,0.0,0.0,0.0,0.0,0.0,0.0,0.0
patarnotstar,patarnotstar,0.0,0.0,0,0,Non-Buzzer,,,,,0.0,0.0,0.0,0.0,0.0,0.0,0.0
storieselk,storieselk,0.0,0.0,0,0,Non-Buzzer,,,,,0.0,0.0,0.0,0.0,0.0,0.0,0.0
Puspen_PKI,Puspen_PKI,0.0,0.0,0,0,Non-Buzzer,,,,,0.0,0.0,0.0,0.0,0.0,0.0,0.0
Kadrunbagsat,Kadrunbagsat,0.0,0.0,0,0,Non-Buzzer,,,,,0.0,0.0,0.0,0.0,0.0,0.0,0.0
awarman06,awarman06,0.0,0.0,0,0,Non-Buzzer,,,,,0.0,0.0,0.0,0.0,0.0,0.0,0.0
RickFilmsTwo,RickFilmsTwo,0.0,0.0,0,0,Non-Buzzer,,,,,0.0,0.0,0.0,0.0,0.0,0.0,0.0
txtdrgame,txtdrgame,0.0,0.0,0,0,Non-Buzzer,,,,,0.0,0.0,0.0,0.0,0.0,0.0,0.0
affectio_seeker,affectio_seeker,0.0,0.0,0,0,Non-Buzzer,,,,,0.0,0.0,0.0,0.0,0.0,0.0,0.0
selalumautauu,selalumautauu,0.0,0.0,0,0,Non-Buzzer,,,,,0.0,0.0,0.0,0.0,0.0,0.0,0.0
RahmanSuwi6198,RahmanSuwi6198,0.0,0.0,0,0,Non-Buzzer,,,,,0.0,0.0,0.0,0.0,0.0,0.0,0.0
MoRifky,MoRifky,0.0,0.0,0,0,Non-Buzzer,,,,,1.0,0.0,0.017543859649122806,0.0,0.017543859649122806,0.019566423754292732,0.025217553093049575
BosPurwa,BosPurwa,0.0,0.0,0,0,Non-Buzzer,,,,,0.0,0.0,0.0,0.0,0.0,0.0,0.0
royyannn,royyannn,0.0,0.0,0,0,Non-Buzzer,,,,,0.0,0.0,0.0,0.0,0.0,0.0,0.0
ankbwn,ankbwn,0.0,0.0,0,0,Non-Buzzer,,,,,0.0,0.0,0.0,0.0,0.0,0.0,0.0
agarpac,agarpac,0.0,0.0,0,0,Non-Buzzer,,,,,0.0,0.0,0.0,0.0,0.0,0.0,0.0
rizki33new,rizki33new,0.0,0.0,0,0,Non-Buzzer,,,,,0.0,0.0,0.0,0.0,0.0,0.0,0.0
thejjkimm,thejjkimm,0.0,0.0,0,0,Non-Buzzer,,,,,0.0,0.0,0.0,0.0,0.0,0.0,0.0
tanyakanrl,tanyakanrl,0.0,0.0,0,0,Non-Buzzer,,,,,0.0,0.0,0.0,0.0,0.0,0.0,0.0
Alf90596480,Alf90596480,0.0,0.0,0,0,Non-Buzzer,,,,,0.0,0.0,0.0,0.0,0.0,0.0,0.0
72labs,72labs,0.0,0.0,0,0,Non-Buzzer,,,,,0.0,0.0,0.0,0.0,0.0,0.0,0.0
elbrutico_555,elbrutico_555,0.0,0.0,0,0,Non-Buzzer,,,,,0.0,0.0,0.0,0.0,0.0,0.0,0.0
sunsetJhesus,sunsetJhesus,0.0,0.0,0,0,Non-Buzzer,,,,,0.0,0.0,0.0,0.0,0.0,0.0,0.0
Rujakkks262598,Rujakkks262598,0.0,0.0,0,0,Non-Buzzer,,,,,0.0,0.0,0.0,0.0,0.0,0.0,0.0
XxEscAltF4,XxEscAltF4,0.0,0.0,0,0,Non-Buzzer,,,,,0.0,0.0,0.0,0.0,0.0,0.0,0.0
aniesbaswedan,aniesbaswedan,0.0,0.0,0,0,Non-Buzzer,,,,,0.0,0.0,0.0,0.0,0.0,0.0,0.0
